Employee ID,StartDate,Title,BusinessUnit,EmployeeStatus,EmployeeType,PayZone,EmployeeClassificationType,DepartmentType,Division,DOB,State,GenderCode,RaceDesc,MaritalDesc,Performance Score,Current Employee Rating,Survey Date,Engagement Score,Satisfaction Score,Work-Life Balance Score,Training Date,Training Program Name,Training Type,Training Outcome,Training Duration(Days),Training Cost,Age,TrainingSuccess,CostPerTrainingDay,OverallSatisfactionIndex
3427,2019-09-20,Production Technician I,CCDR,Active,Contract,Zone C,Temporary,Production,Finance & Accounting,1969-07-10,MA,Female,White,Widowed,Fully Meets,4,2023-01-14,1,2,3,2023-07-15,Leadership Development,Internal,Failed,2,606.11,50,0,288.62380952380954,2.0
3428,2023-02-11,Production Technician I,EW,Active,Contract,Zone A,Part-Time,Production,Aerial,1965-08-30,MA,Male,Hispanic,Widowed,Fully Meets,3,2022-09-09,2,1,5,2022-09-12,Customer Service,External,Incomplete,4,673.02,58,0,164.15121951219513,2.6666666666666665
3429,2018-12-10,Area Sales Manager,PL,Active,Full-Time,Zone B,Part-Time,Sales,General - Sga,1991-06-10,MA,Male,Hispanic,Widowed,Fully Meets,4,2023-05-27,1,2,1,2022-08-13,Leadership Development,External,Failed,2,413.28,27,0,196.79999999999998,1.3333333333333333
3430,2021-06-21,Area Sales Manager,CCDR,Active,Contract,Zone A,Full-Time,Sales,Finance & Accounting,1998-04-04,ND,Male,Other,Single,Fully Meets,2,2023-06-16,5,5,4,2022-12-15,Project Management,External,Completed,3,663.78,23,1,214.12258064516126,4.666666666666667
3431,2019-06-29,Area Sales Manager,TNS,Active,Contract,Zone A,Temporary,Sales,General - Con,1969-08-29,FL,Female,Other,Married,Fully Meets,3,2022-11-25,2,5,3,2023-07-13,Technical Skills,External,Failed,5,399.03,50,0,78.24117647058823,3.3333333333333335
3432,2020-01-17,Area Sales Manager,BPC,Active,Contract,Zone B,Full-Time,Sales,Field Operations,1949-03-04,CT,Male,Black,Married,Fully Meets,3,2022-12-12,2,3,5,2023-04-18,Project Management,Internal,Passed,2,820.33,71,1,390.6333333333333,3.3333333333333335
3433,2022-04-06,Area Sales Manager,WBL,Active,Full-Time,Zone B,Temporary,Sales,General - Eng,1942-01-07,CA,Female,Hispanic,Divorced,Exceeds,4,2023-03-25,1,5,2,2022-08-06,Customer Service,External,Passed,5,295.08,80,1,57.858823529411765,2.6666666666666665
3434,2020-11-06,Area Sales Manager,CCDR,Active,Contract,Zone C,Full-Time,Sales,Engineers,1957-07-03,OR,Female,White,Divorced,Fully Meets,2,2023-04-21,1,4,2,2022-10-07,Leadership Development,Internal,Passed,3,790.15,63,1,254.88709677419354,2.3333333333333335
3435,2018-08-18,Area Sales Manager,NEL,Active,Contract,Zone B,Part-Time,Sales,Executive,1974-05-15,TX,Male,Black,Widowed,Exceeds,3,2022-09-12,4,3,3,2023-07-19,Customer Service,Internal,Passed,3,798.4,44,1,257.5483870967742,3.3333333333333335
3436,2022-01-21,Area Sales Manager,BPC,Active,Part-Time,Zone B,Temporary,Sales,Engineers,1949-11-11,TX,Male,Asian,Widowed,Fully Meets,5,2023-07-30,5,5,2,2023-04-09,Leadership Development,Internal,Failed,5,192.61,73,0,37.76666666666667,4.0
3437,2023-08-04,Area Sales Manager,SVG,Active,Contract,Zone B,Temporary,Sales,Field Operations,1964-01-26,IN,Female,Other,Single,Fully Meets,5,2022-10-15,3,2,5,2022-10-20,Technical Skills,Internal,Failed,1,455.68,59,0,414.25454545454545,3.3333333333333335
3438,2018-08-10,Area Sales Manager,MSC,Active,Full-Time,Zone C,Temporary,Sales,General - Con,1948-06-04,GA,Female,Asian,Married,Fully Meets,3,2022-10-28,4,2,5,2022-10-05,Technical Skills,Internal,Failed,2,208.17,70,0,99.12857142857142,3.6666666666666665
3439,2022-05-25,Area Sales Manager,EW,Active,Full-Time,Zone A,Temporary,Sales,Splicing,1981-11-24,CO,Male,Other,Single,Fully Meets,3,2022-10-30,1,2,5,2023-03-09,Technical Skills,External,Incomplete,1,421.07,41,0,382.79090909090905,2.6666666666666665
3440,2019-12-05,Area Sales Manager,CCDR,Active,Contract,Zone A,Full-Time,Sales,Finance & Accounting,1951-06-11,KY,Female,White,Divorced,Fully Meets,3,2022-09-24,1,4,5,2023-05-29,Communication Skills,External,Failed,1,649.03,68,0,590.0272727272727,3.3333333333333335
3441,2019-04-28,Area Sales Manager,BPC,Active,Part-Time,Zone A,Part-Time,Sales,General - Con,1989-11-21,NV,Male,Asian,Widowed,Exceeds,4,2022-10-30,4,2,5,2023-01-08,Project Management,Internal,Passed,4,450.2,30,1,109.8048780487805,3.6666666666666665
3442,2019-07-09,Area Sales Manager,PYZ,Active,Full-Time,Zone A,Full-Time,IT/IS,Field Operations,1952-11-24,MA,Male,Black,Single,Exceeds,2,2022-10-31,2,5,3,2023-03-06,Project Management,External,Failed,4,286.87,67,0,69.96829268292683,3.3333333333333335
3443,2021-04-05,Area Sales Manager,WBL,Active,Full-Time,Zone C,Part-Time,IT/IS,Project Management - Con,1994-08-04,KY,Male,Asian,Widowed,Fully Meets,3,2023-04-29,2,2,4,2023-02-18,Technical Skills,External,Failed,3,402.13,27,0,129.71935483870968,2.6666666666666665
3444,2021-11-28,Area Sales Manager,NEL,Active,Contract,Zone A,Part-Time,Sales,Engineers,1983-11-15,KY,Male,Other,Widowed,Fully Meets,3,2022-12-14,1,2,4,2022-11-02,Technical Skills,External,Failed,2,388.84,38,0,185.16190476190474,2.3333333333333335
3445,2021-01-16,Area Sales Manager,PL,Active,Contract,Zone C,Full-Time,Sales,Project Management - Con,1985-07-12,KY,Female,Other,Married,Exceeds,4,2023-07-05,4,5,2,2023-07-14,Project Management,External,Completed,2,879.64,36,1,418.87619047619046,3.6666666666666665
3446,2021-08-24,Area Sales Manager,BPC,Active,Part-Time,Zone A,Part-Time,Sales,Field Operations,1996-01-05,TX,Female,White,Divorced,Exceeds,2,2023-05-21,4,3,5,2022-12-11,Technical Skills,Internal,Failed,5,701.13,25,0,137.47647058823532,4.0
3450,2020-09-01,Area Sales Manager,MSC,Active,Contract,Zone C,Temporary,Sales,Field Operations,1994-11-08,CO,Male,Other,Single,Exceeds,2,2023-01-18,4,3,5,2023-01-12,Technical Skills,Internal,Completed,4,186.07,26,1,45.38292682926829,4.0
3451,2021-02-18,Area Sales Manager,TNS,Active,Contract,Zone C,Full-Time,Sales,General - Con,1968-01-15,CO,Male,Other,Divorced,Exceeds,3,2023-04-29,5,1,2,2023-03-22,Technical Skills,External,Completed,1,921.97,53,1,838.1545454545454,2.6666666666666665
3452,2022-11-08,Area Sales Manager,PYZ,Active,Part-Time,Zone A,Part-Time,Sales,General - Con,1947-07-01,IN,Male,Black,Divorced,Fully Meets,2,2023-01-19,5,5,2,2022-09-13,Customer Service,Internal,Failed,1,691.04,75,0,628.2181818181817,4.0
3453,2022-10-13,Area Sales Manager,WBL,Active,Contract,Zone C,Part-Time,Sales,Fielders,1982-07-04,MA,Male,White,Widowed,Fully Meets,4,2022-09-17,5,5,3,2022-08-25,Customer Service,External,Completed,5,964.44,40,1,189.1058823529412,4.333333333333333
3454,2022-09-11,Area Sales Manager,PYZ,Active,Full-Time,Zone C,Full-Time,IT/IS,General - Con,1970-01-29,KY,Male,Hispanic,Married,Needs Improvement,4,2023-03-14,4,4,2,2023-02-07,Communication Skills,Internal,Passed,3,184.9,52,1,59.645161290322584,3.3333333333333335
3455,2021-06-29,Area Sales Manager,WBL,Active,Full-Time,Zone C,Temporary,Sales,Project Management - Eng,1999-01-18,KY,Male,Other,Widowed,Exceeds,4,2022-12-08,2,1,1,2023-03-17,Project Management,External,Passed,1,220.41,22,1,200.37272727272725,1.3333333333333333
3456,2023-03-06,Area Sales Manager,NEL,Active,Full-Time,Zone A,Temporary,Sales,Field Operations,1946-09-25,KY,Female,Black,Divorced,Fully Meets,3,2023-03-30,4,3,4,2023-06-08,Technical Skills,External,Passed,2,336.82,77,1,160.3904761904762,3.6666666666666665
3457,2020-09-25,Area Sales Manager,PL,Active,Full-Time,Zone B,Temporary,Sales,Engineers,1947-08-23,KY,Female,White,Divorced,Needs Improvement,3,2023-04-21,5,1,4,2023-04-15,Customer Service,External,Completed,4,485.73,73,1,118.47073170731709,3.3333333333333335
3460,2020-02-19,Area Sales Manager,SVG,Active,Full-Time,Zone A,Full-Time,Sales,Aerial,1944-10-02,TX,Male,Asian,Married,Fully Meets,3,2022-11-16,4,3,3,2023-07-08,Communication Skills,External,Incomplete,5,919.52,76,0,180.2980392156863,3.3333333333333335
3462,2018-09-13,Area Sales Manager,MSC,Active,Contract,Zone A,Full-Time,Sales,Field Operations,1942-09-08,CO,Male,Hispanic,Divorced,Needs Improvement,3,2022-08-11,3,3,1,2023-07-19,Project Management,External,Completed,1,320.01,76,1,290.9181818181818,2.3333333333333335
3463,2020-04-30,Area Sales Manager,TNS,Active,Part-Time,Zone A,Temporary,Sales,Field Operations,1951-06-21,IN,Male,Hispanic,Single,Fully Meets,1,2022-09-18,4,3,4,2022-08-29,Technical Skills,Internal,Incomplete,4,926.19,69,0,225.90000000000003,3.6666666666666665
3464,2018-12-03,Area Sales Manager,PYZ,Active,Contract,Zone B,Full-Time,Sales,Shop (Fleet),1998-06-17,MA,Male,Black,Widowed,Needs Improvement,5,2022-12-29,2,5,3,2022-11-13,Customer Service,External,Passed,2,290.47,20,1,138.31904761904764,3.3333333333333335
3465,2021-11-08,Area Sales Manager,WBL,Active,Full-Time,Zone B,Full-Time,Sales,General - Con,1962-07-01,MA,Male,Asian,Divorced,Needs Improvement,3,2023-05-19,5,4,3,2023-06-04,Communication Skills,External,Incomplete,1,706.1,59,0,641.9090909090909,4.0
3466,2022-04-13,Area Sales Manager,PYZ,Active,Part-Time,Zone C,Full-Time,IT/IS,Aerial,1979-01-26,KY,Male,Other,Married,Exceeds,4,2023-04-08,1,3,4,2022-12-07,Customer Service,External,Passed,3,447.66,43,1,144.40645161290323,2.6666666666666665
3467,2020-05-06,Area Sales Manager,WBL,Active,Contract,Zone A,Part-Time,Sales,Fielders,1987-05-14,KY,Female,Asian,Divorced,Exceeds,1,2023-06-27,4,3,2,2023-02-24,Technical Skills,Internal,Incomplete,1,759.7,33,0,690.6363636363636,3.0
3468,2019-09-09,Area Sales Manager,NEL,Active,Contract,Zone B,Temporary,Sales,Wireline Construction,1998-04-26,KY,Female,Black,Single,Fully Meets,4,2023-05-02,3,1,3,2023-05-10,Customer Service,Internal,Completed,3,180.63,21,1,58.26774193548387,2.3333333333333335
3471,2020-02-29,Area Sales Manager,CCDR,Active,Part-Time,Zone C,Temporary,Sales,Field Operations,1967-03-01,TX,Male,Asian,Married,Fully Meets,4,2023-04-30,2,4,1,2023-03-23,Customer Service,External,Passed,3,109.98,53,1,35.47741935483871,2.3333333333333335
3472,2023-01-15,Area Sales Manager,SVG,Active,Contract,Zone C,Full-Time,Sales,Project Management - Con,1982-12-01,TX,Male,Other,Married,Exceeds,4,2023-07-26,5,5,4,2023-02-12,Technical Skills,External,Completed,5,537.24,41,1,105.34117647058824,4.666666666666667
3473,2023-06-29,Area Sales Manager,EW,Active,Part-Time,Zone A,Temporary,Sales,Shop (Fleet),1950-01-10,CO,Male,Hispanic,Widowed,Exceeds,2,2023-06-28,3,4,4,2022-12-06,Communication Skills,External,Failed,5,789.99,73,0,154.9,3.6666666666666665
3474,2020-03-09,Area Sales Manager,MSC,Active,Full-Time,Zone A,Temporary,Sales,Catv,1965-12-16,CO,Male,Other,Divorced,Fully Meets,2,2023-09-05,3,1,2,2022-09-01,Customer Service,External,Incomplete,5,155.51,55,0,30.492156862745098,2.0
3475,2021-09-21,Area Sales Manager,TNS,Active,Full-Time,Zone C,Temporary,Sales,General - Con,1957-12-25,IN,Male,Asian,Widowed,Fully Meets,2,2023-01-25,4,3,4,2022-11-02,Customer Service,Internal,Passed,2,648.76,64,1,308.93333333333334,3.6666666666666665
3476,2023-06-12,Area Sales Manager,PYZ,Active,Part-Time,Zone A,Temporary,Sales,Fielders,1945-06-20,MA,Male,Asian,Divorced,Needs Improvement,2,2023-03-03,5,5,3,2022-11-18,Leadership Development,Internal,Incomplete,4,533.5,78,0,130.1219512195122,4.333333333333333
3477,2019-04-07,Area Sales Manager,PYZ,Active,Part-Time,Zone A,Full-Time,IT/IS,Aerial,1969-03-12,KY,Female,Asian,Widowed,Needs Improvement,2,2022-05-12,1,2,1,2022-11-07,Leadership Development,External,Failed,5,429.48,50,0,84.21176470588236,1.3333333333333333
3478,2018-09-17,Area Sales Manager,WBL,Active,Full-Time,Zone C,Temporary,Sales,Wireline Construction,1957-10-10,KY,Female,Hispanic,Married,Fully Meets,2,2022-11-29,3,4,1,2022-10-05,Technical Skills,External,Incomplete,1,526.74,61,0,478.8545454545454,2.6666666666666665
3479,2022-08-02,Area Sales Manager,NEL,Active,Contract,Zone A,Part-Time,Sales,Project Management - Con,1962-05-17,TX,Female,Hispanic,Widowed,Fully Meets,2,2022-03-11,4,4,4,2023-01-18,Communication Skills,Internal,Passed,3,443.45,60,1,143.04838709677418,4.0
3483,2021-09-26,Area Sales Manager,SVG,Active,Part-Time,Zone B,Temporary,Sales,Project Management - Con,1964-06-19,CO,Male,Asian,Widowed,Fully Meets,1,2022-10-23,1,4,5,2022-08-10,Project Management,External,Passed,4,111.96,57,1,27.307317073170733,3.3333333333333335
3484,2018-08-29,Area Sales Manager,EW,Active,Part-Time,Zone B,Full-Time,Sales,General - Con,1995-07-18,CO,Male,Other,Single,Fully Meets,4,2022-09-16,1,2,4,2023-06-27,Project Management,External,Passed,1,795.7,23,1,723.3636363636364,2.3333333333333335
3485,2021-10-26,Area Sales Manager,MSC,Active,Contract,Zone C,Full-Time,Sales,Field Operations,1994-08-22,CO,Male,White,Widowed,Fully Meets,5,2023-07-05,2,1,3,2022-08-07,Customer Service,Internal,Passed,2,796.45,27,1,379.26190476190476,2.0
3486,2022-10-31,Area Sales Manager,TNS,Active,Part-Time,Zone C,Temporary,Sales,Fielders,1990-11-14,IN,Male,Other,Widowed,Fully Meets,4,2022-08-27,3,1,1,2023-07-23,Project Management,Internal,Completed,5,812.59,32,1,159.33137254901962,1.6666666666666667
3487,2023-03-15,Area Sales Manager,BPC,Active,Contract,Zone B,Part-Time,Sales,General - Sga,1994-01-02,KY,Female,Other,Divorced,Fully Meets,4,2022-09-23,5,4,1,2023-07-17,Project Management,External,Completed,5,132.97,29,1,26.072549019607845,3.3333333333333335
3488,2022-09-09,Area Sales Manager,CCDR,Active,Contract,Zone B,Full-Time,Sales,Wireline Construction,1997-12-11,KY,Female,Asian,Single,Fully Meets,2,2023-11-03,1,5,1,2022-09-20,Communication Skills,Internal,Completed,1,308.19,25,1,280.17272727272723,2.3333333333333335
3489,2022-03-04,Area Sales Manager,EW,Active,Part-Time,Zone A,Temporary,Sales,Field Operations,1953-02-05,TX,Female,Black,Divorced,Fully Meets,2,2022-03-12,2,4,5,2023-07-02,Project Management,Internal,Passed,1,131.41,69,1,119.46363636363635,3.6666666666666665
3490,2019-02-11,Area Sales Manager,MSC,Active,Part-Time,Zone A,Part-Time,Sales,General - Sga,1991-10-07,TX,Female,Hispanic,Divorced,Fully Meets,2,2022-12-10,5,3,2,2023-07-19,Technical Skills,Internal,Failed,3,389.59,28,0,125.67419354838708,3.3333333333333335
3491,2021-01-26,Area Sales Manager,NEL,Active,Contract,Zone B,Full-Time,Sales,Field Operations,1973-02-06,TX,Male,White,Widowed,Fully Meets,5,2022-10-09,3,4,5,2023-07-14,Project Management,Internal,Incomplete,3,442.56,48,0,142.76129032258063,4.0
3492,2019-11-26,Area Sales Manager,PL,Active,Full-Time,Zone C,Full-Time,Sales,General - Con,1993-08-01,CO,Male,Asian,Married,Fully Meets,1,2023-01-13,1,5,5,2022-09-06,Project Management,Internal,Incomplete,3,327.66,26,0,105.69677419354839,3.6666666666666665
3493,2019-07-15,Area Sales Manager,PYZ,Active,Full-Time,Zone C,Full-Time,Sales,Project Management - Con,1984-04-17,CO,Male,Asian,Widowed,Fully Meets,5,2023-02-04,3,1,5,2023-02-19,Project Management,Internal,Completed,3,400.95,35,1,129.33870967741936,3.0
3494,2020-06-18,Area Sales Manager,SVG,Active,Contract,Zone B,Full-Time,Sales,General - Con,1994-08-02,CO,Male,Black,Single,Fully Meets,4,2022-12-15,1,2,1,2023-02-11,Technical Skills,Internal,Completed,2,910.45,26,1,433.54761904761904,1.3333333333333333
3495,2023-06-22,Area Sales Manager,TNS,Active,Part-Time,Zone B,Temporary,Sales,Wireline Construction,1993-01-27,IN,Male,Other,Married,Fully Meets,4,2022-08-09,4,3,5,2022-12-21,Customer Service,External,Passed,1,701.55,30,1,637.7727272727271,4.0
3496,2021-12-02,Area Sales Manager,WBL,Active,Contract,Zone A,Part-Time,Sales,General - Sga,1964-09-19,CA,Male,Other,Widowed,Fully Meets,5,2022-12-26,1,3,2,2023-02-16,Project Management,Internal,Incomplete,1,806.87,57,0,733.5181818181818,2.0
3497,2021-12-08,Area Sales Manager,TNS,Active,Part-Time,Zone C,Temporary,Sales,Project Management - Con,1981-02-18,OR,Female,Hispanic,Widowed,Fully Meets,1,2022-09-18,2,3,4,2023-03-11,Communication Skills,Internal,Completed,2,184.21,40,1,87.71904761904761,3.0
3498,2023-04-26,Area Sales Manager,PYZ,Active,Full-Time,Zone A,Full-Time,Sales,General - Sga,1998-10-17,KY,Female,White,Widowed,Fully Meets,2,2023-06-19,3,3,4,2023-05-30,Project Management,External,Failed,1,208.43,25,0,189.48181818181817,3.3333333333333335
3499,2018-09-25,Area Sales Manager,WBL,Active,Part-Time,Zone C,Temporary,Sales,Field Operations,1971-01-16,KY,Female,Asian,Widowed,Fully Meets,5,2023-07-21,5,3,5,2023-01-30,Technical Skills,Internal,Incomplete,2,762.45,47,0,363.07142857142856,4.333333333333333
3500,2018-11-20,Area Sales Manager,NEL,Active,Full-Time,Zone B,Part-Time,Sales,Shop (Fleet),2000-02-25,TX,Female,White,Divorced,Fully Meets,1,2023-05-14,4,1,4,2023-06-15,Leadership Development,External,Incomplete,4,779.79,18,0,190.19268292682926,3.0
3502,2019-10-01,Area Sales Manager,BPC,Active,Full-Time,Zone C,Temporary,Sales,Splicing,1976-06-29,TX,Male,White,Married,Fully Meets,1,2023-04-24,5,3,5,2023-01-03,Customer Service,External,Incomplete,3,427.12,43,0,137.78064516129032,4.333333333333333
3503,2022-01-20,Area Sales Manager,CCDR,Active,Part-Time,Zone A,Temporary,Sales,Project Management - Con,1951-07-27,CO,Male,Other,Single,Fully Meets,4,2023-01-28,5,2,3,2023-02-20,Technical Skills,Internal,Completed,4,996.35,71,1,243.01219512195124,3.3333333333333335
3504,2021-10-10,Area Sales Manager,SVG,Active,Full-Time,Zone B,Part-Time,Sales,General - Con,1980-08-23,CO,Male,Hispanic,Married,Fully Meets,2,2023-04-20,3,4,3,2023-06-02,Communication Skills,Internal,Completed,5,963.23,41,1,188.8686274509804,3.3333333333333335
3505,2020-08-29,Area Sales Manager,EW,Active,Contract,Zone B,Temporary,Sales,Field Operations,1943-07-24,IN,Male,Hispanic,Widowed,Fully Meets,1,2022-10-11,4,3,2,2022-09-13,Leadership Development,Internal,Failed,5,260.97,77,0,51.170588235294126,3.0
3506,2019-08-27,Area Sales Manager,MSC,Active,Full-Time,Zone B,Temporary,Sales,Field Operations,1988-06-07,IN,Male,Other,Married,Fully Meets,2,2023-06-27,2,2,3,2023-05-21,Leadership Development,Internal,Completed,1,781.81,31,1,710.7363636363635,2.3333333333333335
3507,2021-02-25,Area Sales Manager,TNS,Active,Full-Time,Zone A,Full-Time,Sales,Project Management - Con,1973-03-24,CA,Male,White,Single,Fully Meets,4,2023-03-31,2,5,2,2023-05-25,Project Management,Internal,Passed,4,651.77,48,1,158.96829268292683,3.0
3508,2021-07-13,Area Sales Manager,CCDR,Active,Full-Time,Zone B,Part-Time,Sales,Aerial,1942-05-26,OR,Male,Asian,Single,Fully Meets,5,2023-04-17,1,5,4,2023-04-04,Communication Skills,External,Completed,1,568.22,79,1,516.5636363636363,3.3333333333333335
3509,2021-04-14,Area Sales Manager,BPC,Active,Part-Time,Zone C,Full-Time,Sales,General - Sga,1977-04-11,KY,Female,Black,Married,Fully Meets,2,2022-03-12,4,5,2,2023-03-04,Leadership Development,External,Completed,4,612.1,44,1,149.2926829268293,3.6666666666666665
3510,2020-02-10,Area Sales Manager,PYZ,Active,Part-Time,Zone A,Full-Time,Sales,General - Con,1956-10-17,KY,Female,Hispanic,Married,Fully Meets,2,2022-08-22,2,4,3,2022-10-27,Technical Skills,External,Completed,4,473.23,64,1,115.42195121951221,3.0
3511,2021-08-17,Area Sales Manager,WBL,Active,Part-Time,Zone B,Full-Time,Sales,Finance & Accounting,1997-02-18,KY,Female,Asian,Divorced,Fully Meets,4,2023-11-05,5,4,5,2023-04-07,Technical Skills,Internal,Completed,3,344.44,24,1,111.10967741935484,4.666666666666667
3514,2020-04-15,Area Sales Manager,BPC,Active,Full-Time,Zone B,Part-Time,Sales,Wireline Construction,1958-03-01,TX,Male,Asian,Married,Fully Meets,1,2022-08-25,2,1,1,2023-02-21,Leadership Development,Internal,Incomplete,3,975.46,62,0,314.6645161290323,1.3333333333333333
3516,2022-04-07,Area Sales Manager,SVG,Active,Contract,Zone B,Part-Time,Sales,Project Management - Con,1988-06-25,CO,Male,Asian,Divorced,Fully Meets,5,2022-11-15,2,3,5,2023-06-22,Technical Skills,Internal,Incomplete,1,570.42,34,0,518.5636363636363,3.3333333333333335
3517,2020-02-19,Area Sales Manager,EW,Active,Part-Time,Zone A,Part-Time,Sales,Splicing,1942-04-01,IN,Male,Hispanic,Widowed,Fully Meets,4,2023-01-01,4,1,1,2022-09-17,Technical Skills,Internal,Failed,3,391.31,78,0,126.2290322580645,2.0
3518,2021-04-10,Area Sales Manager,MSC,Active,Contract,Zone B,Part-Time,Sales,General - Eng,1969-05-24,CA,Female,Hispanic,Married,Fully Meets,2,2023-05-13,4,2,5,2023-06-27,Customer Service,Internal,Completed,3,826.58,52,1,266.63870967741934,3.6666666666666665
3519,2021-12-19,Area Sales Manager,TNS,Active,Part-Time,Zone C,Temporary,Sales,Aerial,1951-03-28,CA,Male,Hispanic,Widowed,Fully Meets,2,2023-10-06,1,3,4,2022-12-11,Leadership Development,External,Incomplete,4,930.69,70,0,226.9975609756098,2.6666666666666665
3520,2020-12-13,Area Sales Manager,TNS,Active,Full-Time,Zone C,Temporary,Sales,Project Management - Con,1963-01-03,ND,Female,Black,Divorced,Fully Meets,1,2022-09-17,5,1,1,2022-09-11,Customer Service,External,Incomplete,1,607.93,57,0,552.6636363636363,2.3333333333333335
3521,2019-02-26,Area Sales Manager,WBL,Active,Contract,Zone C,Part-Time,Sales,General - Con,1949-04-16,KY,Female,Asian,Divorced,Fully Meets,4,2022-09-19,1,3,3,2023-02-28,Communication Skills,Internal,Incomplete,5,723.5,70,0,141.86274509803923,2.3333333333333335
3522,2020-03-02,Area Sales Manager,BPC,Active,Full-Time,Zone C,Part-Time,Sales,Splicing,1983-12-10,KY,Female,Other,Single,Fully Meets,1,2023-07-14,1,5,4,2023-05-05,Communication Skills,External,Completed,5,394.04,37,1,77.26274509803922,3.3333333333333335
3523,2021-06-25,Area Sales Manager,CCDR,Active,Full-Time,Zone A,Temporary,Sales,General - Con,1978-12-19,KY,Female,Other,Single,Fully Meets,2,2023-02-27,3,2,3,2023-07-10,Leadership Development,External,Incomplete,2,451.18,43,0,214.84761904761905,2.6666666666666665
3526,2022-09-15,Area Sales Manager,NEL,Active,Full-Time,Zone B,Full-Time,Sales,General - Con,1948-05-30,TX,Male,White,Widowed,Fully Meets,4,2023-01-28,1,5,3,2022-10-15,Customer Service,Internal,Passed,2,360.5,74,1,171.66666666666666,3.0
3527,2020-05-01,Area Sales Manager,PL,Active,Full-Time,Zone B,Temporary,Sales,Aerial,1974-10-15,CO,Male,Black,Married,Fully Meets,1,2023-02-27,1,3,2,2023-01-06,Project Management,Internal,Failed,4,396.28,46,0,96.65365853658537,2.0
3528,2022-10-13,Area Sales Manager,PYZ,Active,Full-Time,Zone C,Part-Time,Sales,Finance & Accounting,1991-12-13,CO,Male,Hispanic,Widowed,Fully Meets,2,2023-05-27,5,2,2,2023-03-02,Technical Skills,External,Passed,1,465.96,31,1,423.59999999999997,3.0
3529,2020-01-03,Area Sales Manager,SVG,Active,Part-Time,Zone C,Full-Time,Sales,Field Operations,1994-06-18,IN,Male,Hispanic,Single,Fully Meets,2,2023-07-15,2,3,4,2022-09-04,Project Management,Internal,Incomplete,1,515.56,26,0,468.69090909090903,3.0
3530,2019-11-13,Area Sales Manager,TNS,Active,Full-Time,Zone B,Part-Time,Sales,Field Operations,1993-06-16,CA,Female,Black,Widowed,Fully Meets,2,2022-11-27,1,2,5,2023-01-18,Customer Service,External,Passed,2,496.85,26,1,236.5952380952381,2.6666666666666665
3531,2023-06-17,Area Sales Manager,WBL,Active,Full-Time,Zone C,Full-Time,Sales,Project Management - Con,1943-05-18,CA,Male,Black,Divorced,Fully Meets,1,2023-02-24,2,4,4,2022-11-30,Leadership Development,External,Completed,3,629.46,80,1,203.05161290322582,3.3333333333333335
3532,2021-10-14,Area Sales Manager,EW,Active,Part-Time,Zone B,Full-Time,IT/IS,Wireless,1966-11-27,OR,Female,Black,Widowed,Fully Meets,1,2022-08-10,2,2,5,2023-05-02,Technical Skills,Internal,Failed,2,771.61,55,0,367.43333333333334,3.0
3533,2021-06-01,Area Sales Manager,MSC,Active,Contract,Zone B,Full-Time,Sales,General - Sga,1966-12-11,ND,Male,White,Married,Fully Meets,2,2023-08-01,2,5,2,2023-05-11,Leadership Development,Internal,Completed,4,418.4,55,1,102.04878048780488,3.0
3534,2018-09-14,Area Sales Manager,TNS,Active,Full-Time,Zone A,Full-Time,Sales,Engineers,1959-08-16,KY,Female,Asian,Single,Fully Meets,4,2023-04-14,4,3,2,2023-05-21,Customer Service,Internal,Completed,3,900.96,59,1,290.6322580645161,3.0
3535,2018-12-11,Area Sales Manager,PYZ,Active,Full-Time,Zone A,Temporary,Sales,Fielders,1994-02-02,KY,Female,Black,Single,Fully Meets,4,2022-01-11,1,5,1,2023-06-25,Technical Skills,External,Incomplete,1,936.96,24,0,851.7818181818182,2.3333333333333335
3536,2022-08-06,Area Sales Manager,WBL,Active,Contract,Zone C,Temporary,Sales,General - Sga,1989-02-01,GA,Female,Black,Single,Fully Meets,2,2022-09-10,1,2,4,2022-11-23,Leadership Development,External,Passed,5,269.03,33,1,52.75098039215686,2.3333333333333335
3539,2019-12-08,Area Sales Manager,BPC,Active,Full-Time,Zone C,Temporary,Sales,General - Con,1983-11-27,CO,Male,Hispanic,Single,Fully Meets,5,2023-06-02,3,3,4,2023-03-17,Project Management,External,Failed,4,234.77,36,0,57.2609756097561,3.3333333333333335
3540,2020-03-12,Area Sales Manager,CCDR,Active,Full-Time,Zone B,Part-Time,Sales,Splicing,1983-09-06,CO,Male,White,Widowed,Exceeds,4,2023-06-25,2,2,3,2022-10-26,Communication Skills,External,Incomplete,2,903.46,37,0,430.2190476190476,2.3333333333333335
3541,2020-04-06,Area Sales Manager,SVG,Active,Full-Time,Zone B,Full-Time,Sales,Field Operations,1991-10-27,IN,Male,Black,Married,Exceeds,2,2022-11-28,1,3,3,2023-05-22,Customer Service,External,Passed,4,380.3,29,1,92.75609756097562,2.3333333333333335
3542,2023-04-15,Area Sales Manager,EW,Active,Contract,Zone A,Temporary,Sales,Field Operations,1948-01-03,IN,Male,White,Married,Needs Improvement,1,2022-10-18,2,3,4,2022-08-22,Project Management,Internal,Failed,4,511.42,75,0,124.73658536585367,3.0
3543,2020-11-10,Area Sales Manager,MSC,Active,Part-Time,Zone A,Temporary,Sales,General - Con,1981-02-18,CA,Female,Black,Single,Fully Meets,2,2023-11-02,4,5,5,2023-05-21,Communication Skills,External,Passed,4,171.03,39,1,41.71463414634147,4.666666666666667
3544,2023-06-29,Area Sales Manager,TNS,Active,Contract,Zone A,Temporary,Sales,Aerial,2000-09-16,CA,Male,Asian,Single,Fully Meets,2,2022-09-14,3,5,3,2023-05-02,Leadership Development,External,Passed,3,842.93,23,1,271.9129032258064,3.6666666666666665
3545,2022-03-07,Area Sales Manager,EW,Active,Full-Time,Zone C,Temporary,IT/IS,Field Operations,1943-01-28,OR,Female,Black,Widowed,Fully Meets,1,2023-05-27,2,5,2,2023-05-04,Customer Service,External,Incomplete,5,581.12,79,0,113.9450980392157,3.0
3546,2021-07-31,Area Sales Manager,CCDR,Active,Full-Time,Zone B,Part-Time,Sales,General - Con,1980-07-14,ND,Male,Hispanic,Widowed,Exceeds,1,2023-10-05,2,5,5,2022-11-21,Project Management,External,Passed,4,426.45,41,1,104.01219512195122,4.0
3547,2022-01-20,Area Sales Manager,BPC,Active,Contract,Zone B,Full-Time,Sales,Project Management - Eng,1947-03-25,KY,Female,Other,Married,Needs Improvement,2,2022-12-24,2,4,2,2023-04-24,Technical Skills,External,Failed,4,805.05,75,0,196.35365853658539,2.6666666666666665
3548,2021-07-11,Area Sales Manager,WBL,Active,Part-Time,Zone A,Full-Time,Sales,General - Con,1964-01-25,KY,Female,White,Single,Fully Meets,1,2022-06-10,5,5,3,2022-08-16,Leadership Development,External,Passed,3,368.8,57,1,118.96774193548387,4.333333333333333
3549,2018-10-15,Area Sales Manager,TNS,Active,Full-Time,Zone C,Full-Time,Sales,Field Operations,1955-03-17,GA,Female,Black,Divorced,Fully Meets,2,2023-04-19,1,4,1,2022-11-02,Communication Skills,External,Failed,5,788.67,63,0,154.64117647058825,2.0
3551,2018-08-11,Area Sales Manager,PYZ,Active,Part-Time,Zone C,Part-Time,Sales,Engineers,1954-04-07,TX,Male,Black,Married,Needs Improvement,4,2023-03-06,4,4,3,2022-10-27,Communication Skills,External,Incomplete,1,570.13,64,0,518.3,3.6666666666666665
3552,2020-02-16,Area Sales Manager,PL,Active,Full-Time,Zone B,Full-Time,Sales,Field Operations,1942-11-08,CO,Male,White,Single,Needs Improvement,1,2022-10-14,3,4,2,2022-11-26,Leadership Development,External,Failed,4,480.87,78,0,117.28536585365855,3.0
3553,2020-01-20,Area Sales Manager,NEL,Active,Contract,Zone C,Temporary,Sales,Field Operations,1949-07-05,CO,Male,Black,Divorced,Fully Meets,4,2022-10-30,4,2,4,2022-12-11,Project Management,Internal,Incomplete,5,689.48,71,0,135.19215686274512,3.3333333333333335
3554,2019-03-31,Area Sales Manager,MSC,Active,Part-Time,Zone C,Temporary,Sales,People Services,1958-10-14,IN,Male,Asian,Widowed,Fully Meets,1,2023-07-06,2,1,2,2023-06-05,Project Management,Internal,Completed,4,283.33,61,1,69.10487804878049,1.6666666666666667
3555,2023-01-06,Area Sales Manager,EW,Active,Full-Time,Zone C,Temporary,Sales,General - Eng,1988-11-01,IN,Female,Hispanic,Widowed,Fully Meets,4,2023-01-13,2,5,1,2023-03-04,Leadership Development,External,Passed,4,566.12,35,1,138.07804878048782,2.6666666666666665
3556,2019-07-18,Area Sales Manager,CCDR,Active,Full-Time,Zone B,Temporary,Sales,Wireline Construction,1961-06-16,CA,Male,White,Single,Exceeds,2,2023-11-06,2,2,3,2023-02-11,Customer Service,Internal,Incomplete,1,513.92,58,0,467.19999999999993,2.3333333333333335
3557,2019-02-13,Area Sales Manager,BPC,Active,Part-Time,Zone C,Temporary,Sales,Field Operations,1960-06-06,MA,Male,Other,Single,Fully Meets,2,2023-04-20,4,5,2,2023-02-04,Project Management,External,Failed,1,210.38,59,0,191.25454545454542,3.6666666666666665
3558,2018-12-30,Production Technician I,MSC,Active,Part-Time,Zone A,Part-Time,Production,Yard (Material Handling),1959-04-06,MA,Female,Black,Single,Fully Meets,1,2022-05-10,2,5,3,2023-07-18,Technical Skills,Internal,Completed,1,941.54,59,1,855.9454545454545,3.3333333333333335
3559,2019-11-06,Production Technician I,NEL,Active,Part-Time,Zone C,Full-Time,Production,Field Operations,1991-11-18,MA,Male,White,Single,Fully Meets,2,2022-12-27,3,2,1,2022-11-30,Project Management,External,Failed,2,959.81,28,0,457.05238095238093,2.0
3560,2022-06-01,Production Technician I,MSC,Active,Contract,Zone C,Full-Time,Production,Field Operations,1954-02-18,MA,Female,Asian,Divorced,Exceeds,4,2023-09-01,2,4,5,2023-05-22,Technical Skills,External,Passed,1,738.92,68,1,671.7454545454544,3.6666666666666665
3561,2023-03-28,Production Technician II,BPC,Active,Part-Time,Zone C,Temporary,Production,General - Con,1959-01-31,MA,Female,White,Married,Fully Meets,5,2022-11-20,2,1,5,2022-09-07,Technical Skills,External,Failed,5,445.04,64,0,87.26274509803923,2.6666666666666665
3563,2019-01-01,Production Technician I,WBL,Active,Contract,Zone B,Full-Time,Production,Field Operations,1946-10-15,MA,Male,Black,Widowed,PIP,4,2023-01-31,4,1,3,2023-04-06,Leadership Development,External,Passed,4,886.9,73,1,216.31707317073173,2.6666666666666665
3564,2019-01-26,Production Technician II,SVG,Terminated,Full-Time,Zone C,Temporary,Production,Aerial,1994-07-11,MA,Female,White,Divorced,Fully Meets,1,2023-12-03,4,4,3,2022-12-10,Technical Skills,External,Incomplete,4,106.14,25,0,25.887804878048783,3.6666666666666665
3565,2021-09-11,Production Technician I,WBL,Active,Part-Time,Zone B,Full-Time,Production,General - Con,1968-10-05,MA,Male,Other,Divorced,Fully Meets,4,2022-09-29,5,5,5,2023-05-06,Project Management,External,Passed,4,684.35,53,1,166.91463414634148,5.0
3566,2021-09-26,Production Technician II,PL,Active,Part-Time,Zone A,Part-Time,Production,Aerial,1963-05-10,MA,Male,Black,Single,Fully Meets,2,2023-01-27,1,2,3,2022-09-05,Communication Skills,Internal,Failed,2,578.81,58,0,275.6238095238095,2.0
3567,2023-03-04,Production Technician I,EW,Active,Full-Time,Zone C,Full-Time,Production,General - Sga,1966-02-09,MA,Male,Asian,Widowed,Fully Meets,4,2023-04-08,2,3,2,2023-06-09,Customer Service,Internal,Completed,5,764.51,57,1,149.90392156862745,2.3333333333333335
3568,2023-07-11,Production Technician I,EW,Terminated,Full-Time,Zone B,Part-Time,Production,Field Operations,1974-08-12,MA,Male,Asian,Divorced,Fully Meets,2,2023-07-02,2,4,1,2022-08-23,Project Management,Internal,Incomplete,2,201.76,49,0,96.07619047619046,2.3333333333333335
3569,2019-02-09,Production Technician I,MSC,Active,Part-Time,Zone B,Temporary,Production,Catv,1995-07-19,MA,Female,Hispanic,Divorced,Fully Meets,2,2022-12-24,1,3,5,2022-11-09,Technical Skills,External,Incomplete,4,730.04,24,0,178.05853658536586,3.0
3570,2019-04-19,Production Technician II,TNS,Terminated,Full-Time,Zone B,Temporary,Production,Fielders,1974-11-23,MA,Female,Asian,Married,Fully Meets,1,2023-02-01,2,5,3,2023-03-29,Project Management,External,Failed,2,796.88,45,0,379.46666666666664,3.3333333333333335
3571,2022-07-07,Production Technician I,NEL,Terminated,Part-Time,Zone C,Full-Time,Production,Field Operations,1947-08-29,MA,Female,White,Widowed,Fully Meets,4,2022-11-23,4,1,5,2023-08-04,Project Management,External,Completed,3,834.44,75,1,269.1741935483871,3.3333333333333335
3572,2019-03-12,Production Technician I,WBL,Active,Contract,Zone A,Part-Time,Production,Fielders,1994-07-06,MA,Male,White,Single,Fully Meets,5,2022-05-12,5,5,5,2023-05-19,Leadership Development,Internal,Failed,5,569.17,25,0,111.60196078431373,5.0
3573,2020-03-09,Production Technician I,NEL,Active,Contract,Zone B,Full-Time,Production,Field Operations,1983-10-26,MA,Female,Asian,Divorced,Exceeds,4,2022-12-31,4,1,1,2022-10-06,Customer Service,Internal,Completed,4,386.07,37,1,94.16341463414635,2.0
3575,2021-04-28,Production Technician I,MSC,Terminated,Part-Time,Zone A,Temporary,Production,Field Operations,1987-05-03,MA,Male,Hispanic,Single,Exceeds,5,2023-06-26,5,1,5,2022-12-12,Technical Skills,Internal,Incomplete,3,583.21,34,0,188.13225806451612,3.6666666666666665
3576,2021-07-21,Production Technician II,PL,Active,Full-Time,Zone B,Full-Time,Production,Engineers,1992-04-26,MA,Female,Asian,Single,Exceeds,4,2023-03-23,2,3,3,2023-02-02,Project Management,External,Completed,5,398.65,29,1,78.16666666666667,2.6666666666666665
3577,2019-09-15,Production Technician I,BPC,Active,Part-Time,Zone C,Temporary,Production,Field Operations,1957-05-30,MA,Male,White,Widowed,Fully Meets,4,2022-08-14,5,4,5,2023-01-26,Communication Skills,Internal,Passed,5,931.46,62,1,182.63921568627453,4.666666666666667
3578,2019-05-04,Production Technician I,WBL,Active,Full-Time,Zone A,Temporary,Production,Field Operations,1957-05-30,MA,Male,Hispanic,Married,Exceeds,2,2022-10-14,1,4,2,2022-12-01,Project Management,External,Completed,5,115.06,62,1,22.56078431372549,2.3333333333333335
3579,2021-05-20,Production Technician II,BPC,Active,Full-Time,Zone C,Part-Time,Production,Field Operations,1946-11-15,MA,Female,Asian,Widowed,Needs Improvement,4,2023-04-27,5,3,3,2023-04-27,Communication Skills,External,Failed,2,199.82,75,0,95.15238095238095,3.6666666666666665
3580,2019-12-16,Production Technician I,PYZ,Active,Full-Time,Zone C,Full-Time,Production,Field Operations,1942-04-21,MA,Male,Other,Married,Fully Meets,4,2022-10-21,2,4,3,2022-11-04,Communication Skills,Internal,Failed,5,940.2,77,0,184.3529411764706,3.0
3581,2020-11-20,Production Technician I,SVG,Active,Full-Time,Zone A,Part-Time,Production,Wireline Construction,1943-08-03,MA,Male,Other,Divorced,Fully Meets,2,2022-08-29,3,4,4,2023-01-29,Communication Skills,External,Completed,1,122.07,77,1,110.97272727272725,3.6666666666666665
3582,2020-08-19,Production Technician I,TNS,Active,Part-Time,Zone B,Part-Time,Production,Yard (Material Handling),1968-09-08,MA,Male,Asian,Widowed,Fully Meets,4,2022-09-17,2,2,5,2022-09-09,Communication Skills,Internal,Completed,4,875.02,52,1,213.41951219512197,3.0
3583,2021-04-28,Production Technician I,WBL,Active,Full-Time,Zone C,Temporary,Production,Field Operations,1958-11-20,MA,Female,White,Married,Needs Improvement,4,2023-05-07,4,1,4,2023-03-18,Communication Skills,Internal,Incomplete,4,116.4,63,0,28.39024390243903,3.0
3584,2020-08-14,Production Technician I,BPC,Active,Contract,Zone C,Full-Time,Production,Field Operations,1987-07-11,MA,Female,Other,Married,Fully Meets,4,2023-05-28,2,2,5,2022-12-15,Technical Skills,External,Passed,5,341.78,33,1,67.0156862745098,3.0
3585,2021-12-22,Production Technician I,CCDR,Active,Full-Time,Zone A,Full-Time,Production,Yard (Material Handling),1992-07-16,MA,Female,Black,Divorced,Fully Meets,4,2023-12-01,1,2,3,2023-02-14,Communication Skills,Internal,Completed,4,107.48,29,1,26.214634146341467,2.0
3586,2019-02-01,Production Technician I,EW,Active,Part-Time,Zone B,Full-Time,Production,People Services,2000-12-27,MA,Female,Hispanic,Single,Fully Meets,2,2023-01-31,4,2,4,2022-09-30,Communication Skills,External,Completed,1,502.7,19,1,456.99999999999994,3.3333333333333335
3587,2021-05-10,Production Technician I,MSC,Active,Full-Time,Zone B,Temporary,Production,General - Eng,1977-12-25,MA,Male,Other,Divorced,Fully Meets,2,2023-05-24,1,2,2,2023-03-22,Leadership Development,External,Completed,5,570.04,44,1,111.77254901960784,1.6666666666666667
3588,2019-06-25,Production Technician I,NEL,Active,Full-Time,Zone C,Full-Time,Production,Shop (Fleet),1972-08-03,MA,Male,Black,Widowed,Fully Meets,2,2023-10-05,4,2,1,2023-03-23,Communication Skills,External,Passed,1,538.83,47,1,489.8454545454545,2.3333333333333335
3589,2019-04-25,Production Technician I,PL,Active,Contract,Zone B,Temporary,Production,Field Operations,1951-02-08,MA,Male,White,Single,Fully Meets,1,2022-09-18,2,3,2,2023-01-07,Communication Skills,Internal,Incomplete,4,881.8,68,0,215.07317073170734,2.3333333333333335
3593,2020-05-30,Production Technician I,WBL,Active,Contract,Zone A,Full-Time,Production,General - Con,1949-11-11,MA,Male,Asian,Married,Fully Meets,1,2022-07-10,4,4,3,2023-06-15,Project Management,Internal,Incomplete,3,258.07,71,0,83.2483870967742,3.6666666666666665
3594,2018-12-11,Production Technician I,PYZ,Active,Part-Time,Zone B,Part-Time,Production,Field Operations,1968-03-14,MA,Male,Black,Married,Needs Improvement,1,2023-01-23,1,5,1,2023-05-05,Leadership Development,Internal,Passed,5,472.64,50,1,92.67450980392157,2.3333333333333335
3595,2020-09-22,Production Technician I,WBL,Active,Contract,Zone A,Temporary,Production,Engineers,1952-02-03,MA,Male,Other,Divorced,Fully Meets,1,2023-01-19,2,3,1,2023-02-21,Technical Skills,External,Passed,2,252.88,68,1,120.41904761904762,2.0
3596,2019-07-28,Production Technician I,NEL,Active,Part-Time,Zone C,Full-Time,Production,Splicing,1982-07-19,MA,Male,Other,Single,Needs Improvement,2,2022-10-19,4,3,4,2022-12-14,Technical Skills,Internal,Incomplete,2,289.68,37,0,137.94285714285715,3.6666666666666665
3598,2018-09-28,Production Technician II,SVG,Terminated,Part-Time,Zone A,Full-Time,Production,Project Management - Eng,1950-06-10,MA,Female,Other,Married,Needs Improvement,1,2023-01-07,2,5,4,2022-10-11,Technical Skills,Internal,Passed,3,373.87,68,1,120.6032258064516,3.6666666666666665
3599,2020-04-12,Production Technician II,TNS,Active,Part-Time,Zone A,Temporary,Production,General - Con,1950-03-31,MA,Female,White,Divorced,Fully Meets,2,2023-02-03,4,4,2,2023-03-02,Leadership Development,Internal,Completed,5,918.86,70,1,180.1686274509804,3.3333333333333335
3600,2022-11-01,Production Technician II,WBL,Active,Contract,Zone B,Temporary,Production,Field Operations,1949-07-10,MA,Female,White,Single,Fully Meets,2,2023-04-07,2,1,4,2022-11-01,Leadership Development,Internal,Passed,4,299.7,73,1,73.09756097560975,2.3333333333333335
3601,2022-11-21,Production Technician II,BPC,Active,Part-Time,Zone B,Full-Time,Production,Wireline Construction,1966-07-22,MA,Female,White,Married,Fully Meets,5,2022-01-09,1,1,2,2023-01-03,Project Management,External,Completed,1,865.58,56,1,786.8909090909091,1.3333333333333333
3602,2021-04-11,Production Technician II,CCDR,Terminated,Full-Time,Zone B,Part-Time,Production,Engineers,1994-12-10,MA,Female,Hispanic,Married,Fully Meets,5,2023-04-08,3,3,3,2023-04-09,Technical Skills,External,Incomplete,1,632.59,27,0,575.0818181818182,3.0
3603,2018-11-29,Production Technician II,EW,Terminated,Full-Time,Zone A,Part-Time,Production,Field Operations,1977-02-15,MA,Female,White,Married,Fully Meets,2,2022-08-10,5,1,3,2022-10-02,Technical Skills,External,Incomplete,3,680.48,41,0,219.50967741935483,3.0
3604,2019-01-16,Production Technician II,MSC,Active,Part-Time,Zone B,Full-Time,Production,Field Operations,1948-09-03,MA,Female,Hispanic,Divorced,Needs Improvement,4,2022-12-15,3,5,4,2023-03-23,Project Management,External,Failed,3,287.71,71,0,92.80967741935483,4.0
3605,2019-09-18,Production Technician I,CCDR,Active,Contract,Zone C,Temporary,Production,Engineers,1943-08-25,MA,Male,Other,Divorced,Fully Meets,4,2023-09-07,5,1,3,2022-11-17,Communication Skills,External,Passed,2,102.92,76,1,49.009523809523806,3.0
3606,2019-08-01,Production Technician I,SVG,Terminated,Part-Time,Zone C,Full-Time,Production,Billable Consultants,1965-03-13,MA,Male,Other,Divorced,Fully Meets,3,2023-03-27,3,5,1,2022-10-31,Project Management,Internal,Passed,2,255.6,54,1,121.71428571428571,3.0
3607,2019-06-18,Production Technician I,EW,Active,Full-Time,Zone A,Full-Time,Production,Project Management - Con,1976-03-08,MA,Male,Other,Married,Fully Meets,5,2023-07-18,2,4,1,2023-05-04,Customer Service,External,Passed,4,321.91,43,1,78.51463414634148,2.3333333333333335
3608,2019-02-13,Production Technician I,MSC,Active,Full-Time,Zone C,Part-Time,Production,Field Operations,1979-06-07,MA,Male,Other,Married,Fully Meets,3,2023-12-01,1,3,1,2023-03-14,Project Management,External,Completed,3,834.12,40,1,269.0709677419355,1.6666666666666667
3609,2021-06-02,Production Technician I,TNS,Active,Contract,Zone B,Full-Time,Production,Shop (Fleet),1993-09-06,MA,Female,Other,Widowed,Fully Meets,3,2022-05-11,2,2,4,2022-09-23,Customer Service,Internal,Passed,4,273.88,28,1,66.80000000000001,2.6666666666666665
3610,2018-10-11,Production Technician I,PYZ,Active,Part-Time,Zone C,Full-Time,Production,Field Operations,1973-07-04,MA,Female,Other,Single,Fully Meets,3,2022-12-14,4,5,5,2023-02-15,Customer Service,Internal,Incomplete,4,217.57,45,0,53.06585365853659,4.666666666666667
3611,2021-03-09,Production Technician I,WBL,Active,Contract,Zone C,Full-Time,Production,Project Management - Con,1952-01-20,MA,Female,Hispanic,Married,Fully Meets,2,2022-09-16,2,3,4,2023-01-07,Customer Service,Internal,Completed,1,482.09,69,1,438.2636363636363,3.0
3612,2022-01-23,Production Technician I,NEL,Active,Contract,Zone A,Part-Time,Production,Field Operations,1984-12-25,MA,Male,Black,Single,PIP,4,2023-07-07,5,3,3,2023-07-03,Leadership Development,External,Failed,2,614.11,38,0,292.43333333333334,3.6666666666666665
3613,2019-02-24,Production Technician I,PL,Active,Contract,Zone B,Part-Time,Production,Field Operations,1973-06-14,MA,Male,Asian,Married,Exceeds,1,2022-10-13,1,5,2,2022-10-08,Customer Service,Internal,Incomplete,1,354.22,46,0,322.0181818181818,2.6666666666666665
3614,2020-01-08,Production Technician I,BPC,Active,Contract,Zone B,Temporary,Production,Project Management - Con,1973-08-31,MA,Male,White,Married,Fully Meets,2,2023-04-07,4,5,1,2023-06-04,Leadership Development,External,Passed,3,868.85,47,1,280.2741935483871,3.3333333333333335
3616,2022-02-12,Production Technician I,SVG,Active,Contract,Zone C,Full-Time,Production,General - Con,1981-03-24,MA,Female,Hispanic,Married,Fully Meets,4,2023-04-08,1,1,1,2023-01-30,Customer Service,Internal,Incomplete,4,134.93,41,0,32.90975609756098,1.0
3617,2023-02-01,Production Technician I,EW,Active,Full-Time,Zone C,Full-Time,Production,Wireline Construction,1961-02-18,MA,Female,Hispanic,Married,Fully Meets,1,2023-02-26,2,3,3,2023-04-09,Customer Service,Internal,Completed,5,531.1,62,1,104.1372549019608,2.6666666666666665
3618,2023-02-04,Production Technician I,MSC,Active,Part-Time,Zone B,Temporary,Production,Splicing,1944-05-05,MA,Male,Black,Married,Fully Meets,3,2022-06-12,3,4,5,2022-12-26,Leadership Development,External,Passed,3,609.3,79,1,196.54838709677418,4.0
3619,2023-03-23,Production Technician I,TNS,Active,Full-Time,Zone A,Full-Time,Production,General - Con,1984-03-17,MA,Male,Asian,Married,Fully Meets,3,2023-04-30,1,5,2,2022-11-10,Project Management,Internal,Passed,2,656.68,39,1,312.7047619047619,2.6666666666666665
3620,2023-03-22,Production Technician I,PYZ,Active,Part-Time,Zone A,Temporary,Production,General - Eng,1994-12-10,MA,Male,Hispanic,Married,Fully Meets,2,2022-08-29,1,2,2,2022-12-20,Technical Skills,Internal,Completed,3,654.22,29,1,211.03870967741935,1.6666666666666667
3621,2018-11-28,Production Technician I,WBL,Active,Contract,Zone A,Full-Time,Production,Wireless,1997-09-09,MA,Male,White,Married,Fully Meets,2,2023-06-23,2,3,2,2023-07-15,Leadership Development,External,Passed,3,879.89,21,1,283.8354838709677,2.3333333333333335
3622,2020-07-09,Production Technician II,SVG,Active,Part-Time,Zone A,Temporary,Production,Field Operations,1995-10-16,MA,Female,Hispanic,Divorced,Fully Meets,3,2023-07-26,3,1,5,2023-05-11,Project Management,External,Completed,1,977.23,25,1,888.3909090909091,3.0
3623,2019-02-11,Production Technician II,EW,Active,Part-Time,Zone A,Full-Time,Production,Engineers,1958-04-25,MA,Female,Asian,Divorced,Fully Meets,3,2022-04-12,2,2,5,2023-08-03,Project Management,External,Completed,2,763.37,61,1,363.5095238095238,3.0
3624,2020-01-09,Production Technician II,MSC,Active,Part-Time,Zone B,Part-Time,Production,Technology / It,1996-04-02,MA,Female,Asian,Married,Fully Meets,4,2023-09-01,2,2,2,2023-04-05,Communication Skills,External,Passed,5,962.13,24,1,188.6529411764706,2.0
3625,2021-11-11,Production Technician II,TNS,Terminated,Contract,Zone B,Part-Time,Production,Engineers,1975-12-14,MA,Female,Asian,Single,Fully Meets,5,2022-08-28,5,2,4,2023-03-26,Technical Skills,External,Incomplete,2,617.27,46,0,293.93809523809523,3.6666666666666665
3626,2021-05-15,Production Technician II,PYZ,Active,Full-Time,Zone B,Temporary,Production,Field Operations,1993-10-28,MA,Female,Asian,Single,Fully Meets,2,2023-02-24,2,5,1,2022-09-25,Communication Skills,Internal,Failed,2,559.78,28,0,266.5619047619047,2.6666666666666665
3627,2019-08-21,Production Technician II,WBL,Terminated,Contract,Zone C,Full-Time,Production,Field Operations,1967-02-23,MA,Female,Black,Married,Fully Meets,3,2023-01-29,1,1,4,2022-08-30,Leadership Development,Internal,Incomplete,5,113.89,52,0,22.33137254901961,2.0
3628,2020-09-18,Production Technician II,NEL,Active,Contract,Zone B,Part-Time,Production,Engineers,1946-01-27,MA,Female,Hispanic,Married,Fully Meets,3,2023-05-27,4,3,1,2022-09-25,Leadership Development,Internal,Incomplete,4,858.62,74,0,209.41951219512197,2.6666666666666665
3629,2022-08-27,Production Technician I,NEL,Terminated,Contract,Zone B,Full-Time,Production,Field Operations,1983-11-26,MA,Male,Black,Divorced,Fully Meets,5,2022-11-18,2,4,4,2023-07-30,Technical Skills,Internal,Incomplete,1,343.76,39,0,312.5090909090909,3.3333333333333335
3630,2019-02-23,Production Technician I,MSC,Active,Contract,Zone B,Full-Time,Production,Field Operations,1965-07-05,MA,Male,Other,Widowed,Fully Meets,5,2022-10-19,5,3,2,2022-09-24,Technical Skills,Internal,Failed,5,507.58,54,0,99.52549019607844,3.3333333333333335
3631,2022-08-08,Production Technician I,EW,Active,Contract,Zone C,Full-Time,Production,Wireline Construction,1947-04-28,MA,Male,Other,Divorced,Fully Meets,3,2023-10-02,4,1,5,2023-04-10,Customer Service,Internal,Completed,1,691.12,75,1,628.290909090909,3.3333333333333335
3632,2022-09-24,Production Technician I,CCDR,Active,Contract,Zone C,Full-Time,Production,Field Operations,1945-03-10,MA,Male,Asian,Married,Fully Meets,3,2023-02-27,3,4,5,2023-06-23,Technical Skills,Internal,Completed,2,174.85,77,1,83.26190476190476,4.0
3633,2022-03-21,Production Technician I,BPC,Active,Contract,Zone B,Temporary,Production,Aerial,1987-03-24,MA,Female,Hispanic,Single,Fully Meets,5,2022-04-11,4,4,4,2022-12-01,Communication Skills,Internal,Incomplete,3,699.39,35,0,225.60967741935482,4.0
3634,2023-06-23,Production Technician I,PYZ,Active,Part-Time,Zone B,Full-Time,Production,General - Sga,1962-04-26,MA,Female,Other,Married,Fully Meets,5,2023-06-25,2,5,2,2022-09-15,Technical Skills,External,Incomplete,3,254.68,61,0,82.15483870967742,3.0
3635,2020-10-26,Production Technician I,WBL,Active,Part-Time,Zone C,Part-Time,Production,Yard (Material Handling),1978-12-03,MA,Female,Hispanic,Single,Fully Meets,4,2022-07-10,1,5,4,2023-06-13,Technical Skills,External,Failed,2,534.55,42,0,254.547619047619,3.3333333333333335
3636,2020-01-29,Production Technician I,NEL,Active,Contract,Zone B,Temporary,Production,Catv,1982-03-13,MA,Male,Asian,Divorced,Fully Meets,3,2022-08-12,3,5,3,2022-08-26,Communication Skills,External,Passed,3,795.72,38,1,256.68387096774194,3.6666666666666665
3637,2022-04-23,Production Technician I,PL,Active,Full-Time,Zone C,Full-Time,Production,Aerial,1995-04-17,MA,Male,Asian,Divorced,Fully Meets,3,2023-07-05,2,1,3,2023-03-21,Project Management,External,Completed,4,977.23,27,1,238.3487804878049,2.0
3638,2023-06-15,Production Technician I,BPC,Active,Full-Time,Zone C,Part-Time,Production,Field Operations,1978-10-12,MA,Male,Hispanic,Single,Fully Meets,3,2023-05-15,4,5,1,2023-01-01,Customer Service,Internal,Completed,3,370.79,45,1,119.60967741935484,3.3333333333333335
3640,2023-01-07,Production Technician I,SVG,Active,Contract,Zone A,Temporary,Production,Field Operations,2000-09-21,MA,Female,Asian,Divorced,Fully Meets,3,2023-07-25,2,1,2,2023-01-31,Communication Skills,External,Passed,1,699.48,23,1,635.8909090909091,1.6666666666666667
3643,2020-04-16,Production Technician I,TNS,Active,Full-Time,Zone A,Full-Time,Production,Catv,1961-03-22,MA,Male,Asian,Single,Fully Meets,3,2023-06-18,1,5,3,2023-03-27,Leadership Development,Internal,Completed,4,712.43,59,1,173.76341463414636,3.0
3644,2022-06-16,Production Technician I,PYZ,Active,Part-Time,Zone B,Full-Time,Production,Field Operations,1986-06-24,MA,Male,Black,Married,Fully Meets,3,2022-11-11,4,4,4,2023-02-06,Technical Skills,Internal,Incomplete,1,504.66,36,0,458.78181818181815,4.0
3645,2019-07-22,Production Technician I,WBL,Active,Part-Time,Zone C,Full-Time,Production,General - Con,1977-09-16,MA,Male,Asian,Single,Fully Meets,3,2023-08-06,1,3,3,2023-05-06,Leadership Development,External,Incomplete,5,398.36,42,0,78.10980392156864,2.3333333333333335
3646,2023-04-22,Production Technician II,SVG,Active,Part-Time,Zone A,Full-Time,Production,Splicing,1968-01-01,MA,Female,Hispanic,Widowed,Fully Meets,3,2023-07-30,5,4,4,2023-07-22,Communication Skills,External,Failed,4,533.61,55,0,130.14878048780488,4.333333333333333
3647,2020-12-28,Production Technician II,EW,Terminated,Part-Time,Zone A,Part-Time,Production,Engineers,1966-07-24,MA,Female,Black,Single,Fully Meets,3,2022-12-28,2,4,4,2022-08-10,Technical Skills,Internal,Completed,4,199.55,54,1,48.67073170731708,3.3333333333333335
3648,2022-02-23,Production Technician II,MSC,Active,Contract,Zone A,Full-Time,Production,Aerial,1948-06-27,MA,Female,Other,Divorced,Exceeds,4,2022-09-28,3,3,5,2023-02-26,Leadership Development,Internal,Completed,2,325.78,74,1,155.13333333333333,3.6666666666666665
3649,2022-08-13,Production Technician II,TNS,Active,Contract,Zone A,Part-Time,Production,Field Operations,1968-06-06,MA,Female,White,Married,Exceeds,4,2022-08-09,1,2,2,2022-12-18,Leadership Development,External,Completed,4,336.33,54,1,82.03170731707317,1.6666666666666667
3650,2019-10-03,Production Technician II,PYZ,Terminated,Full-Time,Zone B,Part-Time,Production,Field Operations,1991-12-25,MA,Female,White,Divorced,Fully Meets,3,2023-06-30,3,2,4,2023-01-09,Communication Skills,External,Passed,4,242.71,28,1,59.19756097560976,3.0
3651,2019-10-14,Production Technician II,WBL,Active,Full-Time,Zone C,Full-Time,Production,General - Con,1991-01-19,MA,Female,White,Single,Fully Meets,3,2022-10-25,1,4,1,2023-05-14,Leadership Development,Internal,Failed,4,651.28,28,0,158.84878048780487,2.0
3652,2019-08-30,Production Technician I,NEL,Terminated,Part-Time,Zone C,Part-Time,Production,Field Operations,1946-08-16,MA,Male,Other,Married,Fully Meets,3,2022-01-09,1,5,2,2023-01-31,Communication Skills,External,Incomplete,3,962.45,73,0,310.4677419354839,2.6666666666666665
3653,2021-02-04,Production Technician I,PL,Terminated,Contract,Zone B,Part-Time,Production,General - Con,1995-06-29,MA,Male,Asian,Widowed,Exceeds,3,2023-05-31,4,4,3,2023-01-20,Customer Service,External,Failed,1,791.72,26,0,719.7454545454545,3.6666666666666665
3654,2022-11-23,Production Technician I,PYZ,Active,Part-Time,Zone A,Part-Time,Production,Aerial,1995-03-30,MA,Male,Asian,Divorced,Exceeds,4,2023-02-01,2,4,1,2023-04-11,Project Management,Internal,Incomplete,4,553.86,27,0,135.0878048780488,2.3333333333333335
3655,2023-02-25,Production Technician I,SVG,Active,Part-Time,Zone C,Full-Time,Production,Engineers,1998-10-20,MA,Male,Asian,Married,Fully Meets,3,2023-05-04,1,5,1,2023-01-04,Technical Skills,External,Passed,1,735.72,25,1,668.8363636363636,2.3333333333333335
3656,2019-12-15,Production Technician I,TNS,Active,Part-Time,Zone B,Part-Time,Production,Underground,2001-04-14,MA,Male,Hispanic,Divorced,Exceeds,5,2022-11-14,5,3,2,2023-06-14,Project Management,Internal,Failed,4,867.03,18,0,211.47073170731707,3.3333333333333335
3657,2021-08-29,Production Technician I,WBL,Active,Part-Time,Zone C,Full-Time,Production,General - Con,1992-04-03,MA,Female,Black,Single,Fully Meets,4,2023-03-26,4,2,4,2023-05-26,Project Management,External,Incomplete,1,710.14,29,0,645.5818181818181,3.3333333333333335
3658,2022-11-04,Production Technician I,BPC,Active,Part-Time,Zone C,Temporary,Production,Project Management - Con,1966-11-25,MA,Female,Black,Divorced,Fully Meets,3,2023-02-08,5,4,2,2022-08-18,Leadership Development,External,Incomplete,2,799.88,56,0,380.8952380952381,3.6666666666666665
3659,2019-10-02,Production Technician I,CCDR,Active,Full-Time,Zone A,Part-Time,Production,Field Operations,1989-10-30,MA,Male,Other,Divorced,Exceeds,1,2022-08-26,3,1,5,2023-01-27,Leadership Development,External,Passed,5,242.87,30,1,47.62156862745098,3.0
3660,2019-05-24,Production Technician I,EW,Active,Full-Time,Zone A,Full-Time,Production,Field Operations,1974-06-21,MA,Male,Hispanic,Single,Exceeds,3,2022-08-30,3,2,4,2023-05-19,Leadership Development,Internal,Passed,4,849.77,45,1,207.26097560975612,3.0
3661,2022-02-28,Production Technician I,MSC,Active,Contract,Zone C,Temporary,Production,Executive,1952-05-22,MA,Male,Asian,Married,Fully Meets,3,2023-06-07,3,2,5,2023-05-06,Customer Service,External,Passed,2,471.5,70,1,224.52380952380952,3.3333333333333335
3662,2023-06-13,Production Technician I,NEL,Active,Full-Time,Zone B,Temporary,Production,Wireline Construction,1973-04-18,MA,Male,Other,Married,Exceeds,2,2023-07-14,3,5,3,2023-05-20,Customer Service,Internal,Passed,1,535.93,50,1,487.20909090909083,3.6666666666666665
3665,2019-11-22,Production Technician I,SVG,Active,Full-Time,Zone B,Temporary,Production,Field Operations,1985-03-30,MA,Male,Asian,Married,Fully Meets,3,2023-02-03,5,2,1,2023-01-09,Project Management,Internal,Passed,3,752.33,34,1,242.68709677419355,2.6666666666666665
3666,2022-04-29,Production Technician I,TNS,Active,Full-Time,Zone A,Full-Time,Production,Field Operations,1956-05-19,MA,Male,Hispanic,Single,Fully Meets,3,2023-04-26,5,2,1,2023-08-02,Project Management,Internal,Completed,3,343.52,66,1,110.81290322580644,2.6666666666666665
3667,2022-12-11,Production Technician I,WBL,Active,Part-Time,Zone B,Temporary,Production,Billable Consultants,1998-08-23,MA,Male,Black,Single,Fully Meets,3,2022-11-18,1,1,2,2023-02-03,Leadership Development,Internal,Completed,3,860.31,24,1,277.51935483870966,1.3333333333333333
3668,2023-08-06,Production Technician I,BPC,Active,Full-Time,Zone C,Full-Time,Production,Underground,1996-05-24,MA,Male,Asian,Widowed,Needs Improvement,3,2023-06-29,1,5,1,2022-11-28,Customer Service,External,Completed,4,265.55,27,1,64.76829268292684,2.3333333333333335
3669,2020-03-28,Production Technician I,CCDR,Terminated,Contract,Zone A,Temporary,Production,Finance & Accounting,1967-01-16,MA,Male,Black,Widowed,Fully Meets,3,2023-11-04,4,2,4,2023-08-03,Project Management,Internal,Completed,1,183.85,53,1,167.13636363636363,3.3333333333333335
3670,2022-08-11,Production Technician II,SVG,Active,Full-Time,Zone A,Full-Time,Production,Billable Consultants,1969-01-17,MA,Female,Hispanic,Widowed,Needs Improvement,3,2022-08-16,2,2,3,2022-09-25,Project Management,External,Completed,5,942.09,53,1,184.72352941176473,2.3333333333333335
3671,2023-01-26,Production Technician II,EW,Terminated,Part-Time,Zone A,Temporary,Production,Splicing,1989-12-29,MA,Female,Asian,Divorced,Needs Improvement,3,2023-10-01,3,4,5,2023-01-20,Communication Skills,External,Passed,4,381.94,34,1,93.15609756097562,4.0
3672,2019-01-14,Production Technician II,MSC,Active,Part-Time,Zone A,Full-Time,Production,General - Con,1991-02-24,MA,Female,Asian,Divorced,Fully Meets,3,2022-11-30,3,2,4,2022-08-29,Project Management,External,Failed,1,358.73,28,0,326.1181818181818,3.0
3673,2022-06-11,Production Technician II,TNS,Terminated,Full-Time,Zone B,Temporary,Production,People Services,1973-02-19,MA,Female,Other,Widowed,Fully Meets,3,2023-08-06,3,3,1,2023-03-21,Customer Service,External,Passed,3,578.02,49,1,186.458064516129,2.3333333333333335
3674,2020-06-25,Production Technician II,BPC,Terminated,Part-Time,Zone C,Part-Time,Production,Engineers,1996-01-05,MA,Female,Other,Single,Fully Meets,3,2023-02-04,4,4,3,2022-11-08,Project Management,Internal,Completed,2,223.29,24,1,106.32857142857142,3.6666666666666665
3675,2020-06-08,Production Technician II,CCDR,Active,Full-Time,Zone C,Full-Time,Production,Engineers,1952-08-28,MA,Female,Hispanic,Divorced,Fully Meets,3,2023-05-05,5,3,2,2022-09-07,Customer Service,Internal,Passed,5,992.37,68,1,194.58235294117648,3.3333333333333335
3676,2018-08-29,Production Technician I,BPC,Active,Contract,Zone B,Part-Time,Production,Yard (Material Handling),1993-11-29,MA,Male,Black,Divorced,Fully Meets,3,2022-07-09,3,4,1,2023-02-10,Customer Service,Internal,Failed,5,113.48,25,0,22.250980392156865,2.6666666666666665
3677,2022-10-01,Production Technician I,CCDR,Active,Full-Time,Zone A,Full-Time,Production,Field Operations,1960-04-02,MA,Male,Hispanic,Single,Fully Meets,3,2023-07-25,3,5,5,2022-10-05,Leadership Development,External,Incomplete,4,882.2,62,0,215.17073170731712,4.333333333333333
3678,2021-07-22,Production Technician I,SVG,Active,Full-Time,Zone A,Full-Time,Production,General - Eng,1999-05-24,MA,Male,Asian,Single,Fully Meets,3,2022-11-20,3,4,4,2022-09-06,Customer Service,Internal,Incomplete,2,288.16,22,0,137.21904761904761,3.6666666666666665
3679,2019-12-14,Production Technician I,EW,Active,Full-Time,Zone A,Full-Time,Production,Engineers,1989-07-16,MA,Male,Asian,Divorced,Fully Meets,3,2022-10-26,4,2,5,2023-01-16,Leadership Development,External,Completed,1,815.52,30,1,741.3818181818181,3.6666666666666665
3680,2020-03-27,Production Technician I,MSC,Active,Part-Time,Zone B,Full-Time,Production,Underground,1985-09-14,MA,Female,Other,Divorced,Fully Meets,3,2023-04-23,3,2,3,2023-05-15,Leadership Development,Internal,Completed,4,461.06,35,1,112.45365853658538,2.6666666666666665
3681,2021-11-25,Production Technician I,TNS,Active,Part-Time,Zone B,Temporary,Production,Engineers,1976-03-17,MA,Female,Black,Widowed,Fully Meets,3,2022-08-13,5,2,5,2023-03-22,Customer Service,External,Incomplete,2,580.16,45,0,276.26666666666665,4.0
3682,2023-07-08,Production Technician I,PYZ,Active,Full-Time,Zone C,Temporary,Production,Field Operations,1943-04-28,MA,Female,Black,Single,Fully Meets,4,2023-07-30,3,3,3,2022-10-17,Communication Skills,External,Incomplete,3,336.69,80,0,108.60967741935484,3.0
3683,2021-11-02,Production Technician I,WBL,Active,Part-Time,Zone C,Temporary,Production,Finance & Accounting,1956-06-01,MA,Male,Other,Divorced,Fully Meets,3,2022-10-25,2,1,5,2022-12-28,Project Management,Internal,Completed,1,990.69,65,1,900.6272727272727,2.6666666666666665
3684,2019-12-01,Production Technician I,NEL,Active,Contract,Zone C,Part-Time,Production,Field Operations,1954-03-08,MA,Male,Hispanic,Widowed,Fully Meets,3,2023-04-16,5,5,3,2022-10-29,Communication Skills,Internal,Completed,2,939.39,65,1,447.3285714285714,4.333333333333333
3685,2022-08-16,Production Technician I,PL,Active,Full-Time,Zone C,Full-Time,Production,Project Management - Con,1986-06-22,MA,Male,Asian,Widowed,Fully Meets,3,2023-03-01,4,3,4,2023-01-06,Leadership Development,External,Passed,1,941.12,36,1,855.5636363636363,3.6666666666666665
3687,2019-05-17,Production Technician I,CCDR,Active,Part-Time,Zone B,Temporary,Production,Field Operations,1944-08-20,MA,Female,White,Divorced,Exceeds,1,2022-02-09,2,4,5,2022-12-26,Customer Service,External,Incomplete,3,614.53,75,0,198.23548387096773,3.6666666666666665
3689,2021-07-16,Production Technician I,EW,Active,Contract,Zone A,Temporary,Production,Field Operations,1960-12-29,MA,Male,Asian,Married,Exceeds,3,2022-08-17,4,4,3,2023-02-25,Communication Skills,External,Passed,1,734.94,61,1,668.1272727272727,3.6666666666666665
3690,2020-08-04,Production Technician I,MSC,Active,Part-Time,Zone A,Temporary,Production,Yard (Material Handling),1950-11-14,MA,Male,White,Single,Needs Improvement,3,2023-05-31,4,3,5,2023-04-03,Technical Skills,Internal,Completed,5,589.5,70,1,115.58823529411765,4.0
3691,2020-11-23,Production Technician I,TNS,Active,Part-Time,Zone C,Full-Time,Production,Finance & Accounting,1993-03-01,MA,Male,Asian,Single,Needs Improvement,1,2022-07-12,1,1,5,2023-03-06,Leadership Development,Internal,Completed,3,311.28,27,1,100.41290322580645,2.3333333333333335
3692,2019-11-11,Production Technician I,PYZ,Active,Full-Time,Zone B,Part-Time,Production,Aerial,1979-12-15,MA,Male,Black,Widowed,Needs Improvement,3,2023-02-17,4,5,3,2023-03-29,Technical Skills,Internal,Passed,5,671.88,40,1,131.74117647058824,4.0
3693,2019-05-20,Production Technician II,SVG,Active,Part-Time,Zone B,Temporary,Production,Project Management - Con,1977-01-08,MA,Female,White,Married,Exceeds,2,2023-09-04,3,1,1,2023-01-24,Project Management,External,Completed,1,861.5,42,1,783.1818181818181,1.6666666666666667
3694,2019-11-05,Production Technician II,EW,Terminated,Full-Time,Zone A,Part-Time,Production,Field Operations,1961-11-03,MA,Female,Hispanic,Married,PIP,4,2023-03-20,3,3,5,2023-05-19,Leadership Development,External,Completed,2,649.18,58,1,309.13333333333327,3.6666666666666665
3695,2018-09-20,Production Technician II,MSC,Terminated,Contract,Zone C,Temporary,Production,Catv,1989-11-28,MA,Female,Hispanic,Divorced,PIP,4,2022-08-28,1,1,4,2023-01-08,Project Management,External,Failed,4,492.2,29,0,120.04878048780489,2.0
3696,2020-09-02,Production Technician II,TNS,Terminated,Contract,Zone B,Part-Time,Production,Wireless,1989-07-10,MA,Female,Hispanic,Widowed,PIP,3,2022-01-12,2,1,2,2023-01-13,Technical Skills,Internal,Passed,2,299.59,31,1,142.66190476190474,1.6666666666666667
3697,2020-06-28,Production Technician II,PYZ,Active,Full-Time,Zone A,Part-Time,Production,Field Operations,1992-12-26,MA,Female,Other,Single,PIP,4,2023-07-20,3,4,1,2023-04-24,Technical Skills,Internal,Failed,2,982.33,28,0,467.7761904761905,2.6666666666666665
3698,2023-03-22,Production Technician II,WBL,Active,Full-Time,Zone A,Full-Time,Production,Catv,1984-12-06,MA,Female,Hispanic,Married,PIP,3,2023-01-19,2,5,4,2022-12-24,Leadership Development,External,Passed,2,830.36,39,1,395.4095238095238,3.6666666666666665
3699,2022-08-30,Production Technician I,PYZ,Terminated,Part-Time,Zone B,Temporary,Production,Engineers,1977-01-31,MA,Male,Asian,Divorced,PIP,2,2023-06-21,2,4,3,2022-08-19,Customer Service,External,Passed,1,973.34,45,1,884.8545454545454,3.0
3700,2019-10-24,Production Technician I,PL,Active,Part-Time,Zone A,Temporary,Production,Wireline Construction,1988-12-04,MA,Male,Hispanic,Divorced,PIP,1,2023-01-18,4,1,1,2023-02-25,Project Management,Internal,Failed,4,667.34,31,0,162.7658536585366,2.0
3701,2019-11-09,Production Technician I,NEL,Active,Part-Time,Zone B,Temporary,Production,Shop (Fleet),1948-06-20,MA,Male,Other,Single,PIP,2,2023-10-06,4,1,4,2022-08-21,Communication Skills,Internal,Failed,4,480.17,71,0,117.11463414634147,3.0
3702,2019-07-13,Production Technician I,MSC,Active,Part-Time,Zone C,Part-Time,Production,Aerial,1976-04-22,MA,Male,Asian,Single,Exceeds,3,2023-02-24,2,4,1,2023-02-15,Leadership Development,External,Failed,3,346.28,43,0,111.7032258064516,2.3333333333333335
3703,2020-08-31,Production Technician I,EW,Active,Part-Time,Zone A,Part-Time,Production,Engineers,1951-02-15,MA,Female,White,Widowed,Exceeds,4,2023-02-06,5,5,5,2022-12-27,Communication Skills,External,Completed,3,121.45,69,1,39.17741935483871,5.0
3704,2019-01-25,Production Technician I,CCDR,Active,Full-Time,Zone C,Part-Time,Production,Field Operations,1976-05-02,MA,Female,Asian,Married,Exceeds,5,2023-07-07,2,4,5,2022-10-07,Technical Skills,External,Incomplete,2,669.3,43,0,318.71428571428567,3.6666666666666665
3705,2020-11-21,Production Technician I,BPC,Active,Full-Time,Zone A,Part-Time,Production,General - Sga,1967-05-27,MA,Female,White,Single,Exceeds,3,2023-05-25,3,1,4,2023-04-17,Technical Skills,Internal,Completed,5,983.59,53,1,192.8607843137255,2.6666666666666665
3706,2019-09-23,Production Technician I,WBL,Active,Full-Time,Zone B,Part-Time,Production,Field Operations,1974-08-11,MA,Male,White,Divorced,Exceeds,3,2023-07-17,2,1,4,2023-06-07,Customer Service,Internal,Completed,1,304.9,45,1,277.18181818181813,2.3333333333333335
3707,2022-12-11,Production Technician I,TNS,Active,Contract,Zone B,Temporary,Production,Engineers,1995-01-12,MA,Male,Asian,Divorced,Exceeds,3,2023-03-24,3,2,4,2022-12-24,Leadership Development,External,Passed,3,778.72,27,1,251.2,3.0
3708,2020-08-21,Production Technician I,SVG,Active,Full-Time,Zone C,Part-Time,Production,Fielders,1974-02-19,MA,Male,Black,Married,Exceeds,4,2022-08-21,5,5,2,2023-01-03,Customer Service,External,Passed,4,136.15,46,1,33.207317073170735,4.0
3709,2019-02-04,Production Technician I,PYZ,Active,Full-Time,Zone C,Part-Time,Production,Splicing,1969-09-18,MA,Male,Black,Divorced,Exceeds,5,2023-08-05,3,5,3,2023-04-07,Leadership Development,Internal,Incomplete,4,339.84,50,0,82.88780487804878,3.6666666666666665
3710,2021-10-29,Production Technician I,PL,Active,Full-Time,Zone C,Part-Time,Production,Aerial,1960-10-16,MA,Female,Hispanic,Single,Exceeds,1,2023-02-28,5,5,3,2023-06-02,Leadership Development,External,Completed,1,791.78,61,1,719.8,4.333333333333333
3711,2021-07-17,Production Technician I,NEL,Active,Part-Time,Zone A,Temporary,Production,Finance & Accounting,1981-03-01,MA,Female,Black,Single,Needs Improvement,1,2022-12-14,4,3,3,2022-10-19,Leadership Development,External,Incomplete,5,853.26,40,0,167.30588235294118,3.3333333333333335
3713,2020-07-21,Production Technician I,EW,Active,Full-Time,Zone B,Temporary,Production,General - Sga,1985-10-04,MA,Male,Hispanic,Widowed,Fully Meets,3,2022-10-30,3,4,1,2023-05-17,Customer Service,External,Incomplete,5,235.82,35,0,46.23921568627451,2.6666666666666665
3714,2020-01-19,Production Technician I,CCDR,Active,Full-Time,Zone B,Part-Time,Production,Field Operations,1965-04-19,MA,Male,White,Married,Fully Meets,4,2023-07-21,3,5,2,2023-05-18,Leadership Development,Internal,Passed,5,448.57,55,1,87.95490196078431,3.3333333333333335
3715,2021-09-12,Production Technician I,BPC,Active,Contract,Zone A,Full-Time,Production,Project Management - Con,1976-05-03,MA,Male,Black,Widowed,Fully Meets,4,2023-05-20,1,1,4,2023-01-11,Leadership Development,External,Incomplete,3,572.56,45,0,184.69677419354835,2.0
3716,2022-07-31,Production Technician II,SVG,Terminated,Full-Time,Zone A,Full-Time,Production,General - Con,1993-06-27,MA,Female,Black,Married,Fully Meets,1,2022-11-19,5,3,3,2023-03-07,Project Management,Internal,Incomplete,4,959.78,29,0,234.09268292682927,3.6666666666666665
3717,2023-05-18,Production Technician II,EW,Active,Contract,Zone B,Full-Time,Production,Field Operations,1992-07-11,MA,Female,Asian,Married,Fully Meets,2,2023-01-01,4,1,3,2022-08-22,Communication Skills,External,Passed,3,363.02,31,1,117.1032258064516,2.6666666666666665
3718,2021-05-25,Production Technician II,MSC,Terminated,Contract,Zone C,Temporary,Production,Field Operations,1946-09-15,MA,Female,Other,Married,Fully Meets,4,2022-05-10,1,1,3,2023-05-02,Communication Skills,Internal,Completed,2,325.7,75,1,155.09523809523807,1.6666666666666667
3719,2022-07-22,Production Technician II,TNS,Active,Contract,Zone B,Full-Time,Production,Underground,1947-08-07,MA,Female,Hispanic,Divorced,Fully Meets,3,2022-11-27,1,2,1,2022-10-08,Project Management,Internal,Incomplete,3,727.75,75,0,234.75806451612902,1.3333333333333333
3720,2019-05-23,Production Technician II,PYZ,Active,Part-Time,Zone B,Full-Time,Production,Field Operations,1958-12-18,MA,Female,White,Single,Fully Meets,3,2023-05-15,2,1,5,2022-09-23,Project Management,Internal,Passed,2,845.21,61,1,402.4809523809524,2.6666666666666665
3721,2020-02-12,Production Technician I,NEL,Active,Full-Time,Zone B,Full-Time,Production,Fielders,1960-03-24,MA,Male,Black,Widowed,Fully Meets,2,2023-07-02,5,4,5,2022-12-22,Technical Skills,External,Incomplete,4,327.82,60,0,79.95609756097562,4.666666666666667
3722,2020-02-16,Production Technician I,PL,Terminated,Part-Time,Zone B,Full-Time,Production,Field Operations,1947-08-31,MA,Male,White,Married,Fully Meets,2,2023-01-06,1,5,5,2023-01-15,Communication Skills,Internal,Passed,1,512.55,73,1,465.9545454545454,3.6666666666666665
3723,2022-04-29,Production Technician I,BPC,Terminated,Full-Time,Zone A,Temporary,Production,Wireline Construction,1972-08-30,MA,Male,Asian,Married,Fully Meets,3,2023-06-18,2,1,4,2022-09-06,Communication Skills,Internal,Completed,1,457.17,50,1,415.60909090909087,2.3333333333333335
3724,2019-10-10,Production Technician I,CCDR,Terminated,Part-Time,Zone C,Temporary,Production,Field Operations,1969-11-25,MA,Male,Asian,Divorced,Fully Meets,4,2023-04-02,1,2,5,2023-06-28,Communication Skills,Internal,Incomplete,4,573.33,50,0,139.8365853658537,2.6666666666666665
3725,2019-04-07,Production Technician I,SVG,Active,Contract,Zone B,Part-Time,Production,Aerial,1955-08-21,MA,Male,Asian,Widowed,Fully Meets,1,2023-05-17,4,3,3,2023-05-23,Customer Service,External,Failed,3,135.18,64,0,43.60645161290323,3.3333333333333335
3726,2020-07-13,Production Technician I,EW,Active,Contract,Zone A,Full-Time,Production,General - Con,1995-07-25,MA,Female,Other,Married,Fully Meets,4,2022-01-10,1,4,1,2023-01-13,Communication Skills,External,Failed,3,911.12,25,0,293.9096774193548,2.0
3727,2021-08-26,Production Technician I,MSC,Active,Part-Time,Zone C,Temporary,Production,Field Operations,1945-01-15,MA,Female,Other,Divorced,Fully Meets,3,2022-11-10,1,2,5,2023-05-02,Project Management,Internal,Incomplete,5,693.8,76,0,136.0392156862745,2.6666666666666665
3728,2021-12-23,Production Technician I,TNS,Active,Contract,Zone A,Part-Time,Production,Splicing,1967-07-02,MA,Male,Hispanic,Divorced,Fully Meets,5,2023-04-18,5,1,2,2023-07-10,Customer Service,Internal,Completed,5,419.79,54,1,82.31176470588237,2.6666666666666665
3729,2022-12-08,Production Technician I,BPC,Active,Contract,Zone B,Part-Time,Production,Wireline Construction,1943-01-01,MA,Male,Other,Divorced,Fully Meets,3,2023-03-19,4,5,3,2022-12-12,Customer Service,External,Failed,1,693.56,79,0,630.5090909090908,4.0
3730,2022-01-18,Production Technician I,CCDR,Active,Contract,Zone B,Temporary,Production,Fielders,1965-08-12,MA,Male,Black,Widowed,Fully Meets,4,2023-02-20,4,5,5,2022-08-29,Leadership Development,External,Incomplete,1,161.47,57,0,146.79090909090908,4.666666666666667
3731,2020-02-28,Production Technician I,EW,Active,Part-Time,Zone B,Part-Time,Production,Field Operations,1998-04-07,MA,Male,Hispanic,Single,Fully Meets,3,2023-11-04,2,4,1,2023-05-02,Project Management,External,Passed,5,773.63,22,1,151.6921568627451,2.3333333333333335
3732,2020-05-31,Production Technician I,MSC,Active,Part-Time,Zone B,Part-Time,Production,Field Operations,1954-03-07,MA,Male,Black,Widowed,Fully Meets,5,2022-12-12,3,4,4,2022-12-09,Technical Skills,Internal,Incomplete,5,695.42,66,0,136.35686274509803,3.6666666666666665
3734,2019-03-07,Production Technician I,PL,Active,Full-Time,Zone C,Temporary,Production,Technology / It,1964-07-21,MA,Male,White,Divorced,Fully Meets,3,2023-07-31,4,5,2,2023-03-05,Communication Skills,Internal,Failed,2,702.69,55,0,334.6142857142857,3.6666666666666665
3735,2019-05-29,Production Technician I,PYZ,Active,Contract,Zone C,Temporary,Production,Wireless,1963-11-07,MA,Male,White,Married,Fully Meets,1,2023-03-02,4,4,4,2022-10-25,Technical Skills,External,Failed,1,473.1,56,0,430.09090909090907,4.0
3736,2020-10-18,Production Technician I,SVG,Active,Full-Time,Zone A,Part-Time,Production,Wireline Construction,1976-02-07,MA,Male,Other,Married,Fully Meets,2,2022-09-14,3,1,3,2022-10-25,Project Management,Internal,Incomplete,2,119.82,44,0,57.05714285714285,2.3333333333333335
3737,2018-11-19,Production Technician I,TNS,Active,Part-Time,Zone B,Part-Time,Production,People Services,1946-11-12,MA,Male,Hispanic,Divorced,Fully Meets,5,2022-09-09,2,5,1,2022-11-17,Customer Service,External,Failed,1,157.8,72,0,143.45454545454547,2.6666666666666665
3738,2022-04-15,Production Technician II,SVG,Terminated,Full-Time,Zone A,Temporary,Production,General - Con,2000-03-09,MA,Female,Hispanic,Widowed,Fully Meets,3,2022-09-19,3,3,5,2022-09-01,Technical Skills,Internal,Completed,3,791.98,22,1,255.4774193548387,3.6666666666666665
3739,2018-08-24,Production Technician II,EW,Terminated,Full-Time,Zone B,Temporary,Production,Field Operations,1951-09-03,MA,Female,Asian,Divorced,Fully Meets,3,2023-05-23,1,3,4,2022-08-19,Customer Service,External,Incomplete,5,752.97,67,0,147.64117647058825,2.6666666666666665
3740,2022-10-15,Production Technician II,MSC,Terminated,Full-Time,Zone C,Part-Time,Production,People Services,2001-05-24,MA,Female,Other,Single,Fully Meets,4,2023-06-23,2,2,4,2022-09-11,Leadership Development,External,Completed,5,916.21,21,1,179.64901960784314,2.6666666666666665
3741,2023-02-27,Production Technician II,TNS,Terminated,Full-Time,Zone A,Temporary,Production,Field Operations,1948-09-14,MA,Female,Hispanic,Widowed,Fully Meets,1,2022-01-09,2,5,4,2022-10-05,Project Management,External,Completed,2,751.04,75,1,357.6380952380952,3.6666666666666665
3742,2021-09-22,Production Technician II,PYZ,Active,Contract,Zone A,Temporary,Production,Field Operations,1981-12-09,MA,Female,Asian,Married,Fully Meets,2,2023-07-01,2,1,1,2023-04-22,Communication Skills,Internal,Passed,3,620.63,40,1,200.2032258064516,1.3333333333333333
3743,2020-05-30,Production Technician I,WBL,Active,Contract,Zone A,Part-Time,Production,General - Con,1950-09-13,MA,Male,Black,Married,Fully Meets,2,2022-11-08,2,1,3,2022-11-17,Leadership Development,Internal,Passed,3,439.3,70,1,141.70967741935485,2.0
3744,2020-09-11,Production Technician I,NEL,Active,Part-Time,Zone B,Full-Time,Production,Aerial,1964-12-22,MA,Female,Asian,Widowed,Fully Meets,5,2022-05-09,4,3,2,2023-05-23,Communication Skills,Internal,Completed,1,716.39,56,1,651.2636363636364,3.0
3745,2019-05-31,Production Technician I,PL,Terminated,Full-Time,Zone C,Full-Time,Production,General - Con,1978-07-20,MA,Male,Asian,Single,Fully Meets,4,2023-01-13,5,4,4,2022-10-11,Technical Skills,External,Failed,5,300.33,41,0,58.88823529411765,4.333333333333333
3746,2020-07-13,Production Technician I,BPC,Active,Part-Time,Zone B,Full-Time,Production,Shop (Fleet),1969-08-21,MA,Male,Black,Widowed,Fully Meets,3,2022-06-11,2,1,5,2023-02-22,Project Management,Internal,Passed,3,337.15,51,1,108.75806451612902,2.6666666666666665
3747,2021-09-09,Production Technician I,CCDR,Terminated,Part-Time,Zone C,Temporary,Production,Technology / It,1944-02-17,MA,Male,Black,Widowed,Fully Meets,2,2023-04-26,2,5,5,2022-10-18,Leadership Development,External,Failed,5,725.6,77,0,142.27450980392157,4.0
3748,2019-04-06,Production Technician I,SVG,Active,Full-Time,Zone C,Part-Time,Production,General - Con,1969-08-20,MA,Male,Other,Married,Fully Meets,1,2022-11-18,4,1,3,2022-12-23,Customer Service,Internal,Failed,5,588.88,50,0,115.46666666666667,2.6666666666666665
3749,2021-02-16,Production Technician I,EW,Active,Full-Time,Zone A,Full-Time,Production,Project Management - Eng,1985-02-05,MA,Female,Other,Married,Fully Meets,4,2023-01-04,1,3,3,2022-09-28,Technical Skills,External,Passed,4,742.98,36,1,181.2146341463415,2.3333333333333335
3750,2020-02-17,Production Technician I,MSC,Active,Full-Time,Zone C,Part-Time,Production,Engineers,1955-02-16,MA,Male,Black,Single,Fully Meets,1,2022-07-12,4,1,5,2022-09-27,Project Management,External,Passed,5,283.05,65,1,55.50000000000001,3.3333333333333335
3751,2021-10-15,Production Technician I,TNS,Active,Contract,Zone A,Full-Time,Production,Aerial,1972-12-24,MA,Male,Other,Single,Fully Meets,3,2023-05-04,1,1,4,2022-11-10,Customer Service,Internal,Incomplete,4,511.13,49,0,124.66585365853659,2.0
3752,2022-07-06,Production Technician I,PYZ,Active,Full-Time,Zone A,Temporary,Production,Engineers,1954-12-10,MA,Male,White,Divorced,Fully Meets,2,2023-04-08,3,1,5,2023-05-31,Communication Skills,Internal,Completed,1,158.86,68,1,144.4181818181818,3.0
3753,2019-03-05,Production Technician I,WBL,Active,Part-Time,Zone B,Part-Time,Production,Project Management - Eng,1959-09-29,MA,Male,White,Single,Fully Meets,4,2023-02-23,1,3,2,2022-09-19,Project Management,External,Failed,1,741.95,60,0,674.5,2.0
3754,2020-06-02,Production Technician I,NEL,Active,Full-Time,Zone C,Full-Time,Production,Project Management - Con,1978-05-31,MA,Male,Black,Married,Fully Meets,1,2023-04-23,3,3,5,2023-03-08,Technical Skills,External,Incomplete,4,132.52,42,0,32.3219512195122,3.6666666666666665
3756,2021-05-24,Production Technician I,BPC,Active,Full-Time,Zone A,Temporary,Production,Field Operations,1944-01-06,MA,Female,Hispanic,Married,Fully Meets,3,2022-11-23,1,5,3,2023-03-27,Technical Skills,External,Failed,4,521.51,77,0,127.19756097560976,3.0
3758,2022-11-16,Production Technician I,SVG,Terminated,Contract,Zone A,Temporary,Production,Engineers,1946-12-20,MA,Male,Other,Divorced,Fully Meets,3,2022-04-10,2,1,1,2023-01-16,Leadership Development,Internal,Failed,4,917.17,76,0,223.70000000000002,1.3333333333333333
3759,2022-05-01,Production Technician I,EW,Active,Contract,Zone B,Full-Time,Production,Yard (Material Handling),1958-10-21,MA,Male,Black,Married,Fully Meets,1,2022-11-28,3,4,1,2022-08-11,Project Management,Internal,Completed,2,790.71,64,1,376.5285714285714,2.6666666666666665
3760,2021-08-24,Production Technician I,MSC,Active,Full-Time,Zone A,Part-Time,Production,General - Con,1960-12-02,MA,Male,Other,Widowed,Fully Meets,3,2022-10-28,4,3,1,2022-11-28,Technical Skills,External,Passed,1,680.48,61,1,618.6181818181818,2.6666666666666665
3761,2023-06-22,Production Technician II,CCDR,Active,Contract,Zone A,Full-Time,Production,General - Sga,1987-11-23,MA,Female,Black,Married,Fully Meets,1,2023-05-30,2,4,1,2022-08-18,Customer Service,External,Failed,1,947.57,36,0,861.4272727272727,2.3333333333333335
3762,2020-07-18,Production Technician II,SVG,Active,Part-Time,Zone B,Temporary,Production,Engineers,1949-11-05,MA,Female,Black,Divorced,Fully Meets,2,2022-06-08,2,1,1,2023-06-15,Project Management,Internal,Failed,2,594.61,71,0,283.14761904761906,1.3333333333333333
3763,2023-01-12,Production Technician II,EW,Terminated,Full-Time,Zone B,Full-Time,Production,Finance & Accounting,1950-06-25,MA,Female,White,Widowed,Fully Meets,3,2023-09-07,3,2,5,2022-11-13,Technical Skills,External,Incomplete,1,775.59,73,0,705.0818181818181,3.3333333333333335
3764,2022-02-16,Production Technician II,MSC,Active,Full-Time,Zone B,Temporary,Production,General - Sga,1995-12-13,MA,Female,Black,Single,Fully Meets,3,2023-11-07,2,1,5,2022-08-30,Communication Skills,External,Incomplete,2,239.16,27,0,113.88571428571429,2.6666666666666665
3765,2022-09-02,Production Technician II,TNS,Active,Part-Time,Zone A,Temporary,Production,Yard (Material Handling),1969-06-30,MA,Female,Hispanic,Widowed,Fully Meets,3,2023-02-01,1,1,2,2022-11-25,Customer Service,Internal,Completed,5,275.94,53,1,54.10588235294118,1.3333333333333333
3766,2019-02-02,Production Technician II,PYZ,Active,Part-Time,Zone A,Part-Time,Production,Yard (Material Handling),1943-10-03,MA,Female,Black,Widowed,Fully Meets,3,2023-12-05,4,4,5,2023-03-27,Technical Skills,Internal,Incomplete,4,466.32,76,0,113.73658536585367,4.333333333333333
3767,2021-08-26,Production Technician I,TNS,Terminated,Full-Time,Zone B,Part-Time,Production,General - Con,1993-07-03,MA,Female,Black,Divorced,Fully Meets,2,2023-09-07,2,5,3,2022-10-12,Leadership Development,Internal,Completed,4,840.46,28,1,204.99024390243906,3.3333333333333335
3768,2020-12-31,Production Technician I,SVG,Active,Contract,Zone B,Full-Time,Production,Catv,1991-05-30,MA,Female,Black,Divorced,Fully Meets,4,2023-01-27,2,4,1,2023-01-04,Leadership Development,Internal,Completed,3,145.76,29,1,47.019354838709674,2.3333333333333335
3769,2020-12-12,Production Technician I,PYZ,Active,Full-Time,Zone A,Full-Time,Production,Fielders,1952-11-21,MA,Male,Asian,Married,Fully Meets,3,2022-09-25,3,5,3,2022-10-12,Project Management,Internal,Incomplete,2,647.7,68,0,308.42857142857144,3.6666666666666665
3770,2022-01-13,Production Technician I,PL,Terminated,Contract,Zone B,Temporary,Production,Aerial,1995-01-26,MA,Male,Asian,Married,Fully Meets,3,2023-06-05,1,3,3,2023-07-05,Project Management,Internal,Incomplete,2,536.2,27,0,255.33333333333334,2.3333333333333335
3771,2021-01-24,Production Technician I,NEL,Terminated,Part-Time,Zone B,Temporary,Production,General - Con,1981-09-20,MA,Male,Asian,Married,Fully Meets,3,2022-09-25,2,2,4,2023-03-26,Communication Skills,Internal,Incomplete,5,769.97,40,0,150.9745098039216,2.6666666666666665
3772,2022-02-08,Production Technician I,MSC,Active,Full-Time,Zone A,Temporary,Production,Engineers,1966-05-02,MA,Female,Asian,Divorced,Fully Meets,3,2022-10-09,2,5,1,2023-01-01,Communication Skills,External,Completed,1,894.66,56,1,813.3272727272727,2.6666666666666665
3773,2020-10-11,Production Technician I,EW,Terminated,Part-Time,Zone A,Temporary,Production,Engineers,1972-05-16,MA,Female,Hispanic,Divorced,Fully Meets,3,2022-10-16,1,5,2,2022-11-15,Project Management,External,Failed,2,374.02,48,0,178.1047619047619,2.6666666666666665
3774,2019-06-20,Production Technician I,CCDR,Active,Part-Time,Zone B,Full-Time,Production,Engineers,1998-06-04,MA,Male,Black,Single,Fully Meets,3,2023-11-04,5,3,1,2023-02-04,Leadership Development,Internal,Passed,5,569.42,21,1,111.65098039215687,3.0
3775,2021-07-13,Production Technician I,BPC,Active,Contract,Zone B,Part-Time,Production,Field Operations,1980-10-15,MA,Male,Other,Widowed,Fully Meets,3,2023-04-15,2,1,3,2022-11-14,Customer Service,Internal,Completed,1,172.82,41,1,157.1090909090909,2.0
3776,2021-10-14,Production Technician I,WBL,Active,Contract,Zone A,Full-Time,Production,General - Eng,1980-04-28,MA,Male,Black,Married,Fully Meets,3,2022-12-13,4,1,5,2023-02-05,Project Management,Internal,Completed,4,585.84,41,1,142.8878048780488,3.3333333333333335
3777,2021-11-09,Production Technician I,TNS,Active,Contract,Zone C,Temporary,Production,Aerial,1966-03-21,MA,Male,Black,Single,Fully Meets,3,2022-10-28,4,3,2,2022-10-13,Project Management,External,Completed,1,759.38,55,1,690.3454545454545,3.0
3778,2023-04-02,Production Technician I,SVG,Active,Full-Time,Zone A,Full-Time,Production,Wireline Construction,1992-09-02,MA,Male,Other,Married,Fully Meets,3,2023-06-02,1,5,3,2022-09-13,Customer Service,Internal,Completed,5,341.74,31,1,67.00784313725491,3.0
3782,2019-03-09,Production Technician I,MSC,Terminated,Full-Time,Zone B,Temporary,Production,Field Operations,1984-09-25,MA,Male,Asian,Widowed,Fully Meets,3,2023-07-19,1,5,1,2022-12-11,Technical Skills,Internal,Passed,5,506.4,35,1,99.29411764705883,2.3333333333333335
3783,2020-05-09,Production Technician I,EW,Active,Contract,Zone A,Full-Time,Production,Fielders,1962-11-04,MA,Male,Asian,Divorced,Fully Meets,3,2023-07-03,3,4,3,2023-01-25,Technical Skills,External,Completed,5,851.24,58,1,166.90980392156865,3.3333333333333335
3784,2022-08-14,Production Technician I,CCDR,Active,Contract,Zone A,Temporary,Production,Splicing,1998-03-14,MA,Female,White,Single,Fully Meets,3,2023-04-03,3,3,2,2022-10-12,Communication Skills,Internal,Completed,2,671.12,24,1,319.5809523809524,2.6666666666666665
3785,2022-01-18,Production Technician II,PL,Active,Contract,Zone C,Temporary,Production,Project Management - Con,1977-10-20,MA,Female,Black,Divorced,Fully Meets,3,2023-05-05,3,2,2,2022-10-01,Project Management,External,Passed,1,257.8,45,1,234.36363636363635,2.3333333333333335
3786,2021-06-22,Production Technician II,PYZ,Terminated,Full-Time,Zone A,Part-Time,Production,Field Operations,1962-10-06,MA,Female,Black,Divorced,Fully Meets,3,2022-12-29,3,4,2,2023-04-17,Leadership Development,External,Failed,4,280.06,59,0,68.30731707317074,3.0
3787,2023-01-19,Production Technician II,SVG,Terminated,Full-Time,Zone C,Part-Time,Production,General - Sga,1972-08-29,MA,Female,White,Widowed,Fully Meets,3,2023-06-03,1,2,1,2023-04-26,Project Management,External,Passed,4,140.03,51,1,34.15365853658537,1.3333333333333333
3788,2023-05-17,Production Technician II,TNS,Terminated,Part-Time,Zone A,Full-Time,Production,Field Operations,1976-06-09,MA,Female,Black,Married,Fully Meets,3,2023-05-05,3,4,2,2023-03-21,Customer Service,External,Completed,2,796.95,47,1,379.5,3.0
3789,2020-06-07,Production Technician II,WBL,Active,Contract,Zone A,Part-Time,Production,Wireline Construction,1977-05-25,MA,Female,Other,Widowed,Fully Meets,3,2022-09-25,3,1,4,2022-10-26,Technical Skills,External,Incomplete,1,997.38,43,0,906.7090909090908,2.6666666666666665
3790,2023-07-07,Production Technician II,PYZ,Active,Full-Time,Zone A,Temporary,Production,Yard (Material Handling),1962-11-12,MA,Female,Hispanic,Single,Fully Meets,3,2023-07-31,3,2,1,2023-03-18,Communication Skills,External,Completed,2,676.95,61,1,322.3571428571429,2.0
3791,2020-03-28,Production Technician I,WBL,Active,Full-Time,Zone B,Full-Time,Production,Finance & Accounting,1978-02-02,MA,Female,Asian,Divorced,Fully Meets,3,2022-07-09,4,1,1,2023-02-12,Leadership Development,External,Failed,2,348.89,42,0,166.13809523809522,2.0
3792,2019-05-23,Production Technician I,NEL,Active,Part-Time,Zone C,Full-Time,Production,Engineers,1998-08-06,MA,Male,White,Married,Fully Meets,3,2022-09-25,2,2,2,2022-09-09,Project Management,External,Passed,1,385.62,21,1,350.56363636363636,2.0
3793,2019-04-20,Production Technician I,PL,Active,Full-Time,Zone B,Full-Time,Production,General - Con,1952-01-15,MA,Male,Asian,Married,Fully Meets,3,2023-05-15,2,3,3,2022-11-24,Project Management,Internal,Completed,2,552.67,67,1,263.17619047619047,2.6666666666666665
3794,2018-09-09,Production Technician I,BPC,Active,Contract,Zone A,Full-Time,Production,General - Con,1996-01-20,MA,Male,Asian,Widowed,Fully Meets,5,2022-05-12,1,1,3,2023-04-17,Communication Skills,External,Failed,2,645.11,22,0,307.1952380952381,1.6666666666666667
3795,2022-07-14,Production Technician I,CCDR,Active,Part-Time,Zone A,Part-Time,Production,General - Sga,1989-01-08,MA,Male,White,Divorced,Exceeds,3,2022-09-29,4,3,2,2023-01-25,Project Management,External,Passed,1,954.02,33,1,867.290909090909,3.0
3796,2019-04-17,Production Technician I,SVG,Active,Contract,Zone A,Part-Time,Production,General - Con,1964-08-27,MA,Female,Hispanic,Married,Exceeds,3,2023-06-28,1,5,2,2023-07-03,Technical Skills,External,Incomplete,5,255.74,55,0,50.14509803921569,2.6666666666666665
3797,2020-05-15,Production Technician I,EW,Active,Contract,Zone A,Full-Time,Production,Catv,1975-06-26,MA,Female,Black,Married,Fully Meets,3,2022-03-09,3,4,2,2023-03-09,Technical Skills,External,Completed,2,279.38,45,1,133.03809523809522,3.0
3798,2020-04-04,Production Technician I,MSC,Active,Full-Time,Zone C,Full-Time,Production,General - Con,1961-12-21,MA,Male,Other,Widowed,Fully Meets,3,2022-08-11,1,1,1,2022-08-22,Project Management,External,Passed,5,303.44,59,1,59.498039215686276,1.0
3799,2022-10-15,Production Technician I,TNS,Active,Full-Time,Zone A,Temporary,Production,Executive,1964-11-24,MA,Male,Hispanic,Single,Exceeds,3,2022-12-24,3,1,3,2022-08-07,Communication Skills,Internal,Incomplete,4,809.38,58,0,197.409756097561,2.3333333333333335
3800,2019-07-11,Production Technician I,PYZ,Active,Contract,Zone C,Part-Time,Production,General - Sga,1950-09-12,MA,Male,Other,Married,Fully Meets,3,2022-08-12,5,3,5,2022-10-14,Customer Service,Internal,Completed,4,886.12,69,1,216.1268292682927,4.333333333333333
3801,2019-10-02,Production Technician I,WBL,Active,Contract,Zone C,Temporary,Production,Field Operations,1948-01-18,MA,Female,Hispanic,Single,Fully Meets,3,2022-11-27,2,1,4,2023-04-01,Leadership Development,External,Incomplete,2,125.88,71,0,59.942857142857136,2.3333333333333335
3802,2021-03-04,Production Technician I,NEL,Active,Full-Time,Zone A,Full-Time,Production,Field Operations,1947-03-28,MA,Male,White,Divorced,Fully Meets,3,2023-09-01,3,3,5,2023-01-24,Leadership Development,Internal,Passed,1,493.72,74,1,448.8363636363636,3.6666666666666665
3804,2019-05-15,Production Technician I,BPC,Active,Full-Time,Zone C,Part-Time,Production,General - Con,1978-09-26,MA,Female,Hispanic,Single,Fully Meets,3,2023-07-03,3,2,2,2023-02-15,Customer Service,External,Incomplete,4,414.55,41,0,101.10975609756099,2.3333333333333335
3805,2022-04-28,Production Technician I,CCDR,Active,Full-Time,Zone B,Part-Time,Production,General - Con,1982-04-23,MA,Male,Other,Divorced,Fully Meets,3,2022-12-31,2,5,2,2022-08-31,Communication Skills,External,Incomplete,1,391.88,40,0,356.2545454545454,3.0
3806,2021-09-23,Production Technician I,SVG,Active,Contract,Zone C,Temporary,Production,Field Operations,1974-01-09,MA,Male,Other,Married,Fully Meets,3,2023-03-13,4,1,5,2022-09-09,Customer Service,External,Passed,4,600.64,47,1,146.49756097560976,3.3333333333333335
3807,2021-09-15,Production Technician I,EW,Active,Contract,Zone C,Temporary,Production,Project Management - Con,1964-05-16,MA,Male,Asian,Single,Fully Meets,3,2022-08-17,4,5,4,2023-03-26,Communication Skills,External,Passed,1,997.74,57,1,907.0363636363636,4.333333333333333
3808,2019-04-27,IT Support,PYZ,Active,Contract,Zone B,Full-Time,IT/IS,General - Sga,1948-01-16,MA,Female,White,Widowed,Fully Meets,3,2023-01-27,5,4,4,2023-01-25,Technical Skills,External,Passed,4,254.26,71,1,62.014634146341464,4.333333333333333
3809,2019-10-06,Network Engineer,TNS,Active,Part-Time,Zone B,Part-Time,IT/IS,Field Operations,2001-01-20,MA,Male,Hispanic,Single,Fully Meets,3,2022-04-09,3,1,5,2022-10-21,Technical Skills,External,Incomplete,3,786.62,18,0,253.7483870967742,3.0
3810,2020-02-16,Sr. Network Engineer,PL,Active,Full-Time,Zone A,Temporary,IT/IS,General - Sga,1959-10-10,CT,Female,Black,Single,Fully Meets,3,2022-12-22,3,3,1,2022-12-21,Communication Skills,External,Completed,3,189.7,61,1,61.19354838709677,2.3333333333333335
3811,2022-05-14,Sr. Network Engineer,PL,Active,Part-Time,Zone B,Temporary,IT/IS,Fielders,1958-11-03,CT,Male,Hispanic,Widowed,Fully Meets,3,2023-05-18,1,1,1,2023-05-15,Technical Skills,External,Completed,2,484.02,64,1,230.48571428571427,1.0
3812,2019-02-13,Sr. Network Engineer,BPC,Active,Contract,Zone B,Full-Time,IT/IS,General - Eng,1985-05-24,MA,Female,Hispanic,Single,Fully Meets,3,2023-11-01,3,3,1,2023-06-02,Communication Skills,Internal,Failed,5,299.74,34,0,58.77254901960785,2.3333333333333335
3813,2022-08-24,IT Support,SVG,Active,Part-Time,Zone A,Part-Time,IT/IS,Engineers,1955-02-25,MA,Male,Hispanic,Widowed,Fully Meets,3,2023-06-06,2,3,4,2023-07-21,Technical Skills,Internal,Failed,1,169.79,67,0,154.35454545454544,3.0
3815,2021-03-26,Network Engineer,SVG,Active,Contract,Zone C,Part-Time,IT/IS,Project Management - Con,1984-05-26,MA,Male,White,Divorced,Fully Meets,3,2023-02-23,1,5,3,2023-02-05,Project Management,Internal,Failed,1,910.09,37,0,827.3545454545455,3.0
3816,2021-05-01,IT Support,WBL,Active,Full-Time,Zone A,Temporary,IT/IS,Field Operations,1956-10-08,MA,Male,Hispanic,Single,Fully Meets,3,2022-12-26,1,1,5,2022-12-20,Communication Skills,External,Passed,5,912.1,65,1,178.843137254902,2.3333333333333335
3817,2021-10-10,IT Support,CCDR,Active,Part-Time,Zone A,Full-Time,IT/IS,General - Con,1978-01-01,MA,Female,Black,Single,Needs Improvement,3,2023-06-24,3,3,1,2023-03-07,Customer Service,Internal,Incomplete,4,456.65,43,0,111.3780487804878,2.3333333333333335
3818,2020-01-02,Network Engineer,CCDR,Active,Part-Time,Zone A,Part-Time,IT/IS,Wireless,1950-06-15,MA,Male,Asian,Single,Fully Meets,3,2023-01-28,1,1,3,2022-11-07,Leadership Development,External,Incomplete,4,313.5,70,0,76.46341463414635,1.6666666666666667
3819,2020-01-20,Network Engineer,MSC,Active,Full-Time,Zone B,Part-Time,IT/IS,Aerial,1957-11-26,MA,Female,Asian,Single,Fully Meets,3,2023-01-07,4,1,1,2022-12-29,Leadership Development,Internal,Incomplete,3,906.45,63,0,292.40322580645164,2.0
3820,2018-08-11,Network Engineer,EW,Active,Contract,Zone C,Full-Time,IT/IS,General - Con,1976-09-29,MA,Female,Other,Divorced,Fully Meets,3,2023-07-26,1,3,4,2022-08-19,Project Management,External,Incomplete,2,333.8,42,0,158.95238095238096,2.6666666666666665
3821,2021-12-18,Sr. Network Engineer,TNS,Active,Contract,Zone A,Temporary,IT/IS,Field Operations,1981-03-04,MA,Male,White,Single,Fully Meets,3,2022-05-12,5,4,4,2022-11-30,Project Management,External,Passed,2,866.63,40,1,412.68095238095236,4.333333333333333
3822,2019-09-24,Network Engineer,WBL,Active,Full-Time,Zone B,Part-Time,Executive Office,General - Con,1975-09-18,MA,Male,Hispanic,Divorced,Fully Meets,3,2023-03-23,4,4,5,2022-12-08,Technical Skills,Internal,Incomplete,5,357.58,44,0,70.11372549019607,4.333333333333333
3823,2022-10-17,Network Engineer,TNS,Active,Full-Time,Zone A,Temporary,Executive Office,Shop (Fleet),1987-08-24,MA,Male,White,Single,Needs Improvement,3,2022-11-16,5,4,1,2022-09-21,Communication Skills,External,Completed,4,516.9,35,1,126.07317073170732,3.3333333333333335
3824,2020-01-07,IT Support,SVG,Active,Contract,Zone C,Full-Time,IT/IS,General - Sga,1948-11-21,MA,Male,Black,Single,Fully Meets,3,2023-02-13,4,4,5,2022-10-18,Leadership Development,Internal,Completed,5,200.23,72,1,39.26078431372549,4.333333333333333
3825,2022-11-05,IT Support,PYZ,Active,Full-Time,Zone A,Part-Time,IT/IS,Field Operations,1998-05-23,MA,Male,Black,Married,Fully Meets,3,2022-12-22,4,4,2,2022-09-24,Leadership Development,Internal,Completed,1,728.77,24,1,662.5181818181818,3.3333333333333335
3826,2023-04-26,IT Support,PL,Active,Part-Time,Zone B,Full-Time,IT/IS,Field Operations,2001-11-04,MA,Male,Asian,Divorced,Fully Meets,3,2022-11-17,2,1,3,2022-11-21,Communication Skills,Internal,Completed,4,286.12,22,1,69.78536585365855,2.0
3827,2019-05-29,IT Support,NEL,Active,Part-Time,Zone B,Part-Time,IT/IS,General - Eng,1992-09-24,MA,Male,Asian,Widowed,Fully Meets,3,2022-12-25,3,3,4,2023-02-01,Communication Skills,Internal,Failed,5,997.15,27,0,195.51960784313727,3.3333333333333335
3828,2019-09-12,Sr. Network Engineer,PL,Active,Part-Time,Zone A,Full-Time,IT/IS,Aerial,1990-10-28,MA,Male,Black,Divorced,Fully Meets,3,2023-02-21,2,5,1,2023-06-13,Leadership Development,External,Failed,2,984.63,29,0,468.87142857142857,2.6666666666666665
3829,2019-01-27,Sr. Network Engineer,BPC,Active,Part-Time,Zone C,Full-Time,IT/IS,Project Management - Con,1956-12-03,MA,Male,Other,Married,Exceeds,3,2022-10-30,3,2,1,2022-10-24,Project Management,External,Incomplete,5,233.67,63,0,45.81764705882353,2.0
3830,2019-08-20,Principal Data Architect,CCDR,Active,Part-Time,Zone C,Temporary,IT/IS,Field Operations,1947-05-30,CT,Male,White,Widowed,PIP,3,2022-12-28,1,1,3,2023-03-15,Technical Skills,Internal,Completed,3,142.42,72,1,45.941935483870964,1.6666666666666667
3831,2018-09-14,Enterprise Architect,SVG,Active,Part-Time,Zone C,Part-Time,IT/IS,Field Operations,1950-07-03,CT,Female,Hispanic,Divorced,Needs Improvement,3,2023-05-19,3,2,5,2023-03-22,Project Management,Internal,Failed,2,784.73,68,0,373.68095238095236,3.3333333333333335
3833,2022-01-26,Network Engineer,PYZ,Active,Full-Time,Zone A,Part-Time,Executive Office,Field Operations,1953-12-05,MA,Male,Asian,Single,PIP,3,2023-04-02,3,5,2,2023-06-23,Leadership Development,External,Completed,2,409.16,69,1,194.83809523809524,3.3333333333333335
3834,2019-05-10,Network Engineer,WBL,Active,Contract,Zone C,Part-Time,Executive Office,Field Operations,1961-11-07,MA,Male,Hispanic,Married,Fully Meets,3,2023-01-25,3,5,5,2023-01-04,Technical Skills,External,Passed,1,700.53,58,1,636.8454545454545,4.333333333333333
3835,2019-01-02,IT Support,NEL,Active,Part-Time,Zone B,Part-Time,IT/IS,Yard (Material Handling),1993-11-10,MA,Male,Hispanic,Divorced,Fully Meets,3,2022-01-10,5,3,1,2022-11-05,Customer Service,External,Failed,3,439.63,26,0,141.81612903225806,3.0
3836,2021-08-13,IT Support,PL,Active,Contract,Zone A,Temporary,IT/IS,General - Con,1946-12-01,MA,Male,Black,Single,Fully Meets,3,2023-04-03,2,3,5,2023-04-29,Technical Skills,External,Incomplete,3,830.78,75,0,267.9935483870968,3.3333333333333335
3837,2022-10-02,IT Support,BPC,Active,Part-Time,Zone A,Part-Time,IT/IS,Finance & Accounting,1956-08-27,MA,Male,Other,Single,PIP,3,2022-10-15,5,3,1,2023-02-22,Communication Skills,Internal,Failed,3,320.34,66,0,103.33548387096774,3.0
3838,2018-12-17,IT Support,CCDR,Active,Part-Time,Zone A,Full-Time,IT/IS,Field Operations,1979-08-14,MA,Female,Asian,Single,PIP,3,2022-05-12,1,1,2,2023-04-19,Communication Skills,Internal,Failed,2,510.23,39,0,242.96666666666667,1.3333333333333333
3839,2021-10-11,Sr. Network Engineer,PL,Active,Contract,Zone B,Part-Time,IT/IS,General - Con,2000-09-27,MA,Male,Hispanic,Divorced,PIP,3,2023-04-04,3,3,4,2023-06-12,Communication Skills,External,Failed,4,403.0,21,0,98.29268292682927,3.3333333333333335
3840,2023-04-01,Sr. Network Engineer,BPC,Active,Part-Time,Zone B,Full-Time,IT/IS,Field Operations,1969-10-25,MA,Male,Hispanic,Single,Fully Meets,3,2023-03-02,1,5,4,2022-11-06,Technical Skills,External,Failed,4,170.61,54,0,41.612195121951224,3.3333333333333335
3841,2021-03-20,Principal Data Architect,CCDR,Active,Full-Time,Zone C,Full-Time,IT/IS,Wireline Construction,1970-06-17,CT,Male,Asian,Single,Fully Meets,3,2023-05-18,5,4,4,2023-01-24,Customer Service,External,Passed,4,872.91,51,1,212.9048780487805,4.333333333333333
3844,2021-06-10,Network Engineer,PYZ,Active,Part-Time,Zone C,Temporary,Executive Office,General - Con,1961-02-06,MA,Male,White,Single,PIP,3,2023-01-02,3,2,5,2023-07-09,Project Management,External,Failed,5,603.67,60,0,118.36666666666666,3.3333333333333335
3845,2019-08-25,Network Engineer,WBL,Active,Contract,Zone A,Full-Time,Executive Office,Field Operations,1969-10-08,MA,Male,Hispanic,Single,PIP,3,2023-05-08,4,5,3,2022-08-17,Project Management,Internal,Passed,5,546.24,50,1,107.10588235294118,4.0
3846,2020-05-04,IT Support,NEL,Active,Contract,Zone C,Full-Time,IT/IS,Wireline Construction,1975-10-08,MA,Male,Asian,Single,Fully Meets,3,2023-01-27,4,5,1,2023-04-11,Leadership Development,Internal,Incomplete,4,607.97,45,0,148.28536585365856,3.3333333333333335
3847,2019-02-24,IT Support,PL,Active,Part-Time,Zone B,Temporary,IT/IS,Field Operations,1998-06-09,MA,Male,Hispanic,Single,Fully Meets,3,2022-04-10,5,3,1,2023-03-28,Technical Skills,Internal,Completed,4,130.59,21,1,31.851219512195126,3.0
3848,2019-09-24,IT Support,BPC,Active,Full-Time,Zone C,Temporary,IT/IS,Field Operations,1996-08-18,MA,Male,Asian,Married,Fully Meets,3,2022-02-10,5,1,4,2022-11-18,Communication Skills,Internal,Incomplete,2,443.56,23,0,211.21904761904761,3.3333333333333335
3849,2021-02-13,IT Support,CCDR,Active,Contract,Zone A,Part-Time,IT/IS,General - Con,1979-01-21,MA,Female,White,Widowed,Fully Meets,3,2022-07-09,3,3,1,2023-03-15,Leadership Development,External,Passed,3,436.47,42,1,140.7967741935484,2.3333333333333335
3850,2020-01-05,Sr. Network Engineer,MSC,Active,Part-Time,Zone B,Temporary,IT/IS,Yard (Material Handling),1953-08-17,MA,Male,Hispanic,Single,Fully Meets,3,2022-10-15,1,3,5,2022-11-01,Communication Skills,Internal,Completed,1,355.75,67,1,323.4090909090909,3.0
3854,2019-06-06,Network Engineer,WBL,Active,Part-Time,Zone B,Temporary,Executive Office,Technology / It,1942-01-24,MA,Male,Black,Single,Fully Meets,3,2023-07-18,5,2,5,2022-10-17,Communication Skills,External,Incomplete,5,913.62,77,0,179.14117647058825,4.0
3855,2021-05-25,Network Engineer,WBL,Active,Part-Time,Zone B,Part-Time,Executive Office,People Services,1999-01-10,MA,Male,Other,Widowed,Fully Meets,3,2023-04-24,5,3,4,2022-10-02,Communication Skills,External,Passed,1,157.94,22,1,143.58181818181816,4.0
3856,2023-03-17,Network Engineer,TNS,Active,Part-Time,Zone C,Part-Time,Executive Office,Wireline Construction,1994-05-17,MA,Male,Other,Divorced,PIP,3,2023-01-17,5,1,4,2023-07-12,Technical Skills,External,Completed,4,527.6,29,1,128.6829268292683,3.3333333333333335
3857,2022-10-02,IT Support,SVG,Active,Contract,Zone B,Temporary,IT/IS,Fielders,1963-05-24,MA,Male,Black,Widowed,PIP,3,2022-09-18,1,1,2,2023-07-24,Leadership Development,External,Completed,1,601.2,59,1,546.5454545454545,1.3333333333333333
3858,2022-01-22,IT Support,PYZ,Active,Full-Time,Zone B,Full-Time,IT/IS,Engineers,1951-02-07,MA,Male,Other,Married,Fully Meets,3,2023-07-05,3,3,1,2023-06-13,Project Management,External,Failed,4,478.88,71,0,116.80000000000001,2.3333333333333335
3859,2019-11-29,IT Support,PL,Active,Full-Time,Zone B,Part-Time,IT/IS,Fielders,1992-04-20,MA,Female,Hispanic,Married,PIP,3,2023-02-08,1,2,5,2023-06-05,Communication Skills,External,Completed,1,838.69,27,1,762.4454545454545,2.6666666666666665
3860,2020-07-01,IT Support,NEL,Active,Contract,Zone B,Temporary,IT/IS,Catv,1996-04-01,MA,Female,Asian,Single,Fully Meets,3,2023-06-26,2,4,3,2022-10-10,Technical Skills,Internal,Completed,4,389.63,24,1,95.03170731707318,3.0
3861,2022-03-24,Sr. Network Engineer,PL,Active,Full-Time,Zone C,Part-Time,IT/IS,General - Con,1965-02-25,MA,Male,Other,Widowed,PIP,3,2023-07-19,3,1,5,2023-04-29,Project Management,Internal,Passed,1,911.36,57,1,828.5090909090909,3.0
3863,2019-06-07,Principal Data Architect,CCDR,Active,Contract,Zone A,Temporary,IT/IS,Aerial,1972-03-19,MA,Female,Other,Single,PIP,3,2022-11-23,4,2,1,2022-09-16,Leadership Development,Internal,Incomplete,5,274.98,47,0,53.91764705882353,2.3333333333333335
3865,2020-09-29,Network Engineer,MSC,Active,Part-Time,Zone C,Temporary,Production,Sales & Marketing,1963-03-10,MA,Male,Asian,Single,Needs Improvement,3,2023-05-26,1,4,3,2022-11-03,Project Management,External,Completed,2,399.26,57,1,190.1238095238095,2.6666666666666665
3866,2020-09-04,Network Engineer,TNS,Active,Contract,Zone A,Full-Time,Executive Office,Field Operations,1959-09-11,MA,Male,Other,Divorced,Fully Meets,3,2022-09-16,2,1,5,2022-12-04,Customer Service,Internal,Incomplete,4,993.08,61,0,242.2146341463415,2.6666666666666665
3867,2018-08-26,Network Engineer,PYZ,Active,Part-Time,Zone B,Full-Time,Executive Office,Catv,1986-10-21,MA,Male,Other,Widowed,Fully Meets,3,2022-10-31,5,3,3,2022-09-07,Communication Skills,External,Failed,4,540.57,32,0,131.84634146341466,3.6666666666666665
3868,2019-08-17,Network Engineer,WBL,Active,Contract,Zone A,Part-Time,IT/IS,Finance & Accounting,2000-03-23,MA,Male,Hispanic,Widowed,Fully Meets,3,2022-09-16,3,1,2,2022-09-27,Project Management,Internal,Completed,3,272.58,19,1,87.92903225806451,2.0
3869,2019-09-25,IT Support,NEL,Active,Full-Time,Zone A,Temporary,IT/IS,Field Operations,1977-10-06,MA,Male,Hispanic,Divorced,Fully Meets,3,2023-07-01,1,4,2,2023-03-19,Project Management,External,Completed,2,905.51,42,1,431.1952380952381,2.3333333333333335
3870,2023-03-11,IT Support,PL,Active,Contract,Zone B,Temporary,IT/IS,Project Management - Con,1966-11-23,MA,Male,Asian,Single,Fully Meets,3,2023-02-13,1,5,1,2023-03-10,Technical Skills,External,Completed,1,919.25,57,1,835.6818181818181,2.3333333333333335
3871,2022-12-15,IT Support,BPC,Active,Full-Time,Zone B,Full-Time,IT/IS,General - Con,1971-05-06,MA,Female,White,Widowed,Fully Meets,3,2023-07-15,4,5,2,2023-04-15,Technical Skills,External,Completed,5,979.98,51,1,192.1529411764706,3.6666666666666665
3872,2018-08-10,IT Support,CCDR,Active,Contract,Zone B,Part-Time,IT/IS,Engineers,1966-08-01,MA,Female,Asian,Single,Fully Meets,3,2022-08-15,5,5,3,2023-02-26,Communication Skills,Internal,Completed,3,499.86,52,1,161.24516129032259,4.333333333333333
3873,2022-03-04,Sr. Network Engineer,NEL,Active,Full-Time,Zone B,Part-Time,IT/IS,Executive,1972-10-27,MA,Male,Hispanic,Widowed,Fully Meets,3,2023-03-25,3,4,5,2023-03-10,Project Management,Internal,Completed,3,598.22,50,1,192.9741935483871,4.0
3874,2020-06-02,Sr. Network Engineer,PL,Active,Part-Time,Zone C,Part-Time,IT/IS,General - Con,1997-10-22,CT,Male,Hispanic,Married,Fully Meets,3,2022-01-10,4,4,5,2022-10-03,Project Management,External,Passed,2,421.93,23,1,200.9190476190476,4.333333333333333
3875,2021-06-29,Sr. Network Engineer,BPC,Active,Contract,Zone A,Temporary,IT/IS,Underground,1969-08-23,CT,Male,Asian,Divorced,Fully Meets,3,2023-02-02,5,5,1,2023-06-10,Leadership Development,External,Incomplete,2,860.22,52,0,409.62857142857143,3.6666666666666665
3876,2021-10-24,Principal Data Architect,CCDR,Active,Contract,Zone C,Temporary,IT/IS,General - Con,1954-05-30,MA,Female,Hispanic,Single,PIP,3,2022-07-11,3,2,5,2022-11-10,Leadership Development,External,Failed,1,946.23,67,0,860.2090909090908,3.3333333333333335
3877,2018-10-22,Network Engineer,MSC,Active,Part-Time,Zone A,Full-Time,Executive Office,General - Con,1976-01-21,MA,Male,Asian,Single,PIP,3,2023-06-30,3,3,4,2023-06-04,Communication Skills,External,Passed,1,888.55,42,1,807.7727272727271,3.3333333333333335
3878,2018-09-08,Network Engineer,TNS,Active,Contract,Zone B,Part-Time,Executive Office,Engineers,1967-02-18,MA,Male,Other,Divorced,Fully Meets,3,2023-02-23,4,4,1,2022-12-28,Customer Service,Internal,Passed,5,749.69,51,1,146.9980392156863,3.0
3879,2019-02-08,Network Engineer,PYZ,Active,Full-Time,Zone C,Part-Time,IT/IS,Field Operations,1996-01-13,MA,Male,Hispanic,Married,Fully Meets,3,2022-12-22,1,5,2,2023-04-11,Project Management,Internal,Incomplete,2,613.95,23,0,292.3571428571429,2.6666666666666665
3880,2021-03-29,Network Engineer,WBL,Active,Part-Time,Zone B,Temporary,IT/IS,General - Con,1973-05-15,MA,Male,Black,Single,Fully Meets,3,2022-09-18,4,3,1,2022-09-25,Communication Skills,Internal,Completed,3,934.92,48,1,301.5870967741935,2.6666666666666665
3881,2019-06-19,IT Support,NEL,Active,Part-Time,Zone B,Part-Time,IT/IS,Field Operations,1992-12-11,MA,Male,Other,Divorced,Fully Meets,3,2022-10-20,5,3,5,2022-10-25,Project Management,External,Failed,3,170.61,27,0,55.035483870967745,4.333333333333333
3882,2019-01-30,IT Support,PL,Active,Contract,Zone C,Part-Time,IT/IS,Wireless,1946-02-15,MA,Female,Asian,Married,Fully Meets,3,2022-09-19,5,3,3,2023-06-02,Customer Service,Internal,Completed,2,654.09,73,1,311.4714285714286,3.6666666666666665
3883,2022-05-06,IT Support,BPC,Active,Contract,Zone B,Full-Time,IT/IS,Field Operations,1991-06-16,MA,Female,White,Widowed,Fully Meets,3,2023-03-13,2,2,1,2023-07-05,Communication Skills,Internal,Incomplete,2,842.6,31,0,401.23809523809524,1.6666666666666667
3884,2019-02-02,IT Support,CCDR,Active,Full-Time,Zone B,Temporary,IT/IS,Engineers,1987-04-27,MA,Female,Black,Widowed,Fully Meets,3,2023-07-30,4,2,3,2022-09-17,Customer Service,External,Passed,1,789.88,32,1,718.0727272727272,3.0
3885,2021-12-08,Sr. Network Engineer,EW,Active,Full-Time,Zone B,Part-Time,IT/IS,Engineers,1948-10-21,CT,Female,Black,Single,Fully Meets,3,2023-07-30,5,5,5,2022-08-19,Communication Skills,External,Failed,2,324.81,73,0,154.67142857142858,5.0
3886,2018-10-12,Sr. Network Engineer,MSC,Active,Part-Time,Zone B,Temporary,IT/IS,Wireless,1977-06-12,CT,Male,Other,Single,Fully Meets,3,2022-08-30,5,2,5,2022-11-28,Technical Skills,External,Passed,4,298.1,41,1,72.70731707317074,4.0
3889,2022-09-05,Network Engineer,TNS,Active,Contract,Zone B,Part-Time,Executive Office,General - Con,1982-10-15,MA,Male,Black,Single,Fully Meets,3,2023-01-26,2,1,1,2023-08-02,Technical Skills,External,Incomplete,1,292.8,40,0,266.1818181818182,1.3333333333333333
3890,2022-07-19,Network Engineer,WBL,Active,Full-Time,Zone B,Temporary,IT/IS,General - Con,1999-08-20,MA,Male,Asian,Divorced,Fully Meets,3,2022-10-24,2,3,3,2023-01-08,Project Management,External,Completed,4,596.62,23,1,145.51707317073172,2.6666666666666665
3891,2022-05-26,Network Engineer,BPC,Active,Full-Time,Zone C,Temporary,IT/IS,Engineers,1960-04-07,MA,Male,Other,Single,Fully Meets,3,2023-06-07,3,2,2,2023-04-08,Leadership Development,External,Passed,5,774.74,62,1,151.90980392156865,2.3333333333333335
3892,2022-10-31,Network Engineer,CCDR,Active,Full-Time,Zone A,Full-Time,IT/IS,Engineers,1978-01-04,MA,Male,Hispanic,Divorced,Fully Meets,3,2023-11-07,5,4,2,2022-10-10,Technical Skills,External,Completed,5,894.59,44,1,175.40980392156865,3.6666666666666665
3893,2023-03-22,IT Support,EW,Active,Full-Time,Zone B,Part-Time,IT/IS,General - Con,1953-04-15,MA,Female,Asian,Married,Fully Meets,3,2023-01-26,3,1,2,2022-09-16,Leadership Development,External,Failed,1,242.36,70,0,220.3272727272727,2.0
3894,2023-05-29,IT Support,MSC,Active,Full-Time,Zone A,Full-Time,IT/IS,Aerial,1959-02-03,MA,Female,Black,Married,Fully Meets,3,2022-08-14,4,3,5,2022-12-02,Leadership Development,External,Failed,4,533.27,64,0,130.06585365853658,4.0
3895,2020-02-23,IT Support,NEL,Active,Full-Time,Zone C,Full-Time,IT/IS,Splicing,1943-05-16,MA,Female,Other,Single,Fully Meets,3,2023-07-16,2,1,2,2023-04-22,Technical Skills,External,Completed,1,983.77,77,1,894.3363636363636,1.6666666666666667
3896,2019-08-13,IT Support,PL,Active,Part-Time,Zone B,Temporary,IT/IS,Engineers,1980-11-20,MA,Female,Other,Widowed,Fully Meets,3,2023-02-14,5,3,1,2023-04-06,Technical Skills,Internal,Passed,4,293.64,39,1,71.61951219512196,3.0
3897,2019-03-25,Sr. Network Engineer,NEL,Active,Part-Time,Zone A,Part-Time,IT/IS,Aerial,1956-03-31,CT,Female,Black,Married,Fully Meets,3,2023-02-28,5,4,3,2023-08-04,Technical Skills,Internal,Incomplete,3,380.61,63,0,122.77741935483871,4.0
3900,2023-06-16,Principal Data Architect,CCDR,Active,Contract,Zone C,Full-Time,IT/IS,Field Operations,1995-09-26,MA,Female,Asian,Single,Fully Meets,3,2023-09-03,5,2,1,2023-05-02,Technical Skills,Internal,Passed,5,143.21,28,1,28.08039215686275,2.6666666666666665
3901,2021-06-18,Network Engineer,EW,Active,Part-Time,Zone A,Temporary,Executive Office,Project Management - Eng,1988-05-02,MA,Male,Hispanic,Single,Fully Meets,3,2023-10-07,1,2,5,2023-05-11,Customer Service,External,Failed,1,876.73,33,0,797.0272727272727,2.6666666666666665
3902,2023-05-22,Network Engineer,MSC,Active,Contract,Zone B,Temporary,Executive Office,Wireline Construction,1964-02-06,MA,Male,Black,Single,Fully Meets,3,2023-02-02,3,1,1,2023-01-11,Leadership Development,External,Failed,4,768.05,59,0,187.32926829268294,1.6666666666666667
3903,2019-05-14,Network Engineer,TNS,Active,Full-Time,Zone A,Full-Time,IT/IS,Field Operations,1993-07-21,MA,Male,Hispanic,Single,Fully Meets,3,2023-04-02,1,4,3,2023-06-01,Communication Skills,External,Incomplete,4,153.15,26,0,37.35365853658537,2.6666666666666665
3904,2020-12-27,Network Engineer,PYZ,Active,Contract,Zone A,Part-Time,IT/IS,Engineers,1970-03-03,MA,Male,Asian,Widowed,Fully Meets,3,2022-09-13,4,4,1,2023-06-17,Project Management,External,Passed,5,339.73,50,1,66.61372549019609,3.0
3905,2020-08-04,Network Engineer,WBL,Active,Full-Time,Zone A,Full-Time,IT/IS,Billable Consultants,1958-08-06,MA,Female,Black,Widowed,Fully Meets,3,2023-12-06,5,5,5,2022-12-18,Project Management,Internal,Failed,3,233.22,62,0,75.23225806451613,5.0
3906,2020-08-25,IT Support,NEL,Active,Contract,Zone C,Temporary,IT/IS,Wireline Construction,1975-05-09,MA,Female,Other,Married,Fully Meets,3,2023-01-18,3,2,4,2023-02-19,Project Management,Internal,Completed,2,735.44,45,1,350.20952380952383,3.0
3907,2022-02-24,IT Support,PL,Active,Full-Time,Zone A,Temporary,IT/IS,Engineers,1964-11-07,MA,Female,White,Married,Fully Meets,3,2023-07-03,3,2,5,2022-12-06,Technical Skills,External,Incomplete,3,281.7,58,0,90.87096774193547,3.3333333333333335
3908,2019-08-06,IT Support,BPC,Active,Part-Time,Zone C,Temporary,IT/IS,Splicing,1986-11-07,MA,Female,Black,Married,Needs Improvement,3,2022-12-25,2,5,3,2022-09-20,Project Management,External,Failed,1,489.69,33,0,445.17272727272723,3.3333333333333335
3909,2021-08-01,IT Support,CCDR,Active,Part-Time,Zone C,Part-Time,IT/IS,General - Eng,1944-05-26,MA,Female,Other,Married,Needs Improvement,3,2023-05-18,1,1,2,2023-01-04,Project Management,Internal,Failed,4,436.23,77,0,106.39756097560976,1.3333333333333333
3910,2022-07-13,Sr. Network Engineer,WBL,Active,Part-Time,Zone A,Part-Time,IT/IS,Wireless,1997-02-22,MA,Female,White,Widowed,Needs Improvement,3,2022-11-29,5,3,4,2023-05-07,Leadership Development,External,Incomplete,5,248.85,25,0,48.794117647058826,4.0
3911,2021-05-28,Sr. Network Engineer,NEL,Active,Full-Time,Zone A,Part-Time,IT/IS,Splicing,1950-07-29,CT,Male,White,Widowed,Fully Meets,3,2023-06-06,2,5,4,2022-09-09,Customer Service,External,Failed,5,395.22,71,0,77.49411764705883,3.6666666666666665
3914,2020-02-04,Network Engineer,SVG,Active,Contract,Zone C,Temporary,Executive Office,Engineers,1958-07-22,MA,Male,Other,Single,Exceeds,3,2023-03-15,3,5,3,2023-02-24,Leadership Development,Internal,Failed,1,559.86,62,0,508.96363636363634,3.6666666666666665
3915,2022-08-28,Network Engineer,TNS,Active,Contract,Zone B,Part-Time,IT/IS,Field Operations,1991-03-05,MA,Male,Other,Widowed,Fully Meets,3,2023-01-02,5,3,1,2023-04-01,Leadership Development,External,Completed,2,602.21,31,1,286.76666666666665,3.0
3916,2022-06-27,Network Engineer,WBL,Active,Part-Time,Zone C,Temporary,IT/IS,Project Management - Con,1964-05-25,MA,Male,Other,Widowed,Fully Meets,3,2023-03-22,1,3,1,2023-03-16,Communication Skills,External,Passed,4,343.6,58,1,83.8048780487805,1.6666666666666667
3917,2019-12-19,Network Engineer,PYZ,Active,Part-Time,Zone C,Full-Time,IT/IS,General - Con,1993-11-04,MA,Female,Black,Widowed,Exceeds,3,2022-09-24,3,1,4,2023-03-28,Project Management,Internal,Failed,3,328.89,26,0,106.09354838709676,2.6666666666666665
3918,2020-09-24,Network Engineer,WBL,Active,Contract,Zone A,Full-Time,IT/IS,Field Operations,1960-06-17,MA,Female,Asian,Widowed,Fully Meets,3,2023-05-30,3,3,5,2022-10-10,Communication Skills,External,Completed,3,701.83,60,1,226.3967741935484,3.6666666666666665
3919,2023-07-06,IT Support,NEL,Active,Contract,Zone C,Full-Time,IT/IS,Field Operations,1944-07-10,MA,Female,Asian,Divorced,Fully Meets,3,2023-02-05,3,3,2,2023-07-28,Customer Service,External,Completed,5,229.03,79,1,44.90784313725491,2.6666666666666665
3920,2021-04-11,IT Support,PL,Active,Full-Time,Zone A,Part-Time,IT/IS,Field Operations,1961-04-11,MA,Female,Other,Divorced,Fully Meets,3,2022-11-14,2,1,4,2023-06-04,Customer Service,Internal,Failed,3,809.39,60,0,261.09354838709675,2.3333333333333335
3921,2020-02-12,IT Support,BPC,Active,Contract,Zone A,Part-Time,IT/IS,Splicing,1943-11-30,MA,Female,Other,Married,Fully Meets,3,2023-06-30,4,3,2,2023-06-04,Customer Service,External,Completed,5,393.54,77,1,77.16470588235295,3.0
3922,2018-12-25,IT Support,CCDR,Active,Part-Time,Zone A,Full-Time,IT/IS,General - Con,1996-04-10,MA,Female,White,Widowed,Fully Meets,3,2023-02-15,5,3,1,2023-03-18,Communication Skills,External,Incomplete,1,629.74,22,0,572.4909090909091,3.0
3923,2021-12-25,Sr. Network Engineer,WBL,Active,Full-Time,Zone C,Part-Time,IT/IS,Aerial,1955-03-16,MA,Female,Hispanic,Single,Exceeds,3,2022-10-27,2,4,3,2022-12-27,Project Management,External,Failed,2,378.39,66,0,180.18571428571428,3.0
3924,2021-05-22,Sr. Network Engineer,NEL,Active,Full-Time,Zone B,Full-Time,IT/IS,General - Con,1993-04-27,CT,Male,Other,Widowed,Fully Meets,3,2022-07-11,2,4,5,2022-09-08,Customer Service,External,Passed,2,715.98,28,1,340.9428571428571,3.6666666666666665
3926,2019-02-27,Sr. Network Engineer,BPC,Active,Full-Time,Zone C,Full-Time,IT/IS,Wireless,1941-12-16,MA,Female,Hispanic,Single,Needs Improvement,3,2023-07-15,4,1,4,2023-07-25,Customer Service,Internal,Incomplete,2,449.35,78,0,213.97619047619048,3.0
3927,2020-03-01,Network Engineer,SVG,Active,Contract,Zone C,Temporary,Executive Office,Aerial,1982-12-10,MA,Male,Other,Single,Fully Meets,3,2023-04-05,5,4,1,2023-03-05,Customer Service,External,Completed,2,878.67,38,1,418.41428571428565,3.3333333333333335
3928,2021-01-27,Network Engineer,TNS,Active,Full-Time,Zone A,Temporary,IT/IS,General - Con,1956-11-07,MA,Male,White,Widowed,Fully Meets,3,2023-04-01,4,2,1,2022-09-11,Leadership Development,Internal,Failed,1,799.99,65,0,727.2636363636364,2.3333333333333335
3929,2023-06-18,Network Engineer,WBL,Active,Contract,Zone C,Part-Time,IT/IS,Wireline Construction,1977-04-20,MA,Female,Asian,Married,Fully Meets,3,2022-10-28,2,5,2,2023-07-11,Technical Skills,Internal,Failed,3,617.52,46,0,199.2,3.0
3930,2019-11-24,Network Engineer,BPC,Active,Contract,Zone A,Part-Time,IT/IS,General - Con,1984-09-04,MA,Female,Asian,Married,Fully Meets,3,2023-06-05,4,4,4,2023-05-30,Leadership Development,External,Failed,5,522.86,35,0,102.52156862745099,4.0
3931,2021-09-24,Network Engineer,CCDR,Active,Part-Time,Zone A,Temporary,IT/IS,Engineers,1960-06-26,MA,Male,Black,Widowed,Fully Meets,3,2022-09-30,2,1,5,2022-11-12,Customer Service,External,Failed,5,685.82,61,0,134.4745098039216,2.6666666666666665
3932,2022-08-17,IT Support,EW,Active,Contract,Zone B,Full-Time,IT/IS,General - Eng,1965-04-21,MA,Female,Black,Single,Fully Meets,3,2023-06-23,5,5,4,2023-02-27,Technical Skills,Internal,Completed,5,898.93,57,1,176.26078431372548,4.666666666666667
3933,2023-04-18,IT Support,MSC,Active,Contract,Zone A,Part-Time,IT/IS,Engineers,1967-08-21,MA,Female,White,Married,Fully Meets,3,2023-03-27,3,4,5,2022-08-23,Communication Skills,Internal,Incomplete,1,559.55,56,0,508.6818181818181,4.0
3934,2020-04-15,IT Support,NEL,Active,Full-Time,Zone C,Temporary,IT/IS,Executive,1979-03-01,MA,Female,Asian,Widowed,Fully Meets,3,2023-07-04,3,3,2,2023-02-16,Project Management,Internal,Completed,5,219.78,41,1,43.09411764705883,2.6666666666666665
3935,2020-12-25,IT Support,PL,Active,Full-Time,Zone C,Full-Time,IT/IS,Aerial,1993-11-16,MA,Male,White,Widowed,Fully Meets,3,2023-05-04,5,1,4,2023-07-16,Customer Service,Internal,Passed,5,223.6,27,1,43.84313725490196,3.3333333333333335
3936,2022-07-21,Enterprise Architect,MSC,Terminated,Full-Time,Zone B,Temporary,IT/IS,General - Sga,1998-06-27,CT,Male,Other,Widowed,Fully Meets,3,2023-03-25,5,3,4,2023-05-14,Communication Skills,Internal,Completed,4,283.29,24,1,69.09512195121953,4.0
3937,2022-11-04,Database Administrator,EW,Active,Contract,Zone C,Part-Time,IT/IS,Field Operations,1944-09-13,MA,Male,White,Widowed,Fully Meets,3,2022-11-21,1,3,1,2023-04-02,Communication Skills,Internal,Completed,2,935.28,78,1,445.37142857142857,1.6666666666666667
3938,2020-04-20,Data Analyst,BPC,Active,Part-Time,Zone B,Temporary,IT/IS,Field Operations,1955-05-28,MA,Female,Hispanic,Married,Fully Meets,3,2022-12-16,1,1,1,2023-07-30,Technical Skills,External,Completed,2,892.83,65,1,425.15714285714284,1.0
3939,2019-09-05,Data Analyst,CCDR,Active,Part-Time,Zone A,Part-Time,IT/IS,General - Con,1992-04-09,TX,Male,Black,Married,Fully Meets,3,2023-09-01,5,2,4,2023-05-18,Technical Skills,Internal,Passed,4,318.19,27,1,77.60731707317073,3.6666666666666665
3940,2019-08-11,Sr. DBA,EW,Active,Contract,Zone B,Full-Time,IT/IS,General - Con,1958-09-08,MA,Male,Other,Divorced,Fully Meets,3,2022-12-25,5,4,3,2022-08-11,Project Management,External,Failed,5,305.31,61,0,59.86470588235294,4.0
3941,2018-11-04,Data Analyst,BPC,Active,Full-Time,Zone B,Temporary,IT/IS,Field Operations,1985-08-30,MA,Male,White,Married,Fully Meets,3,2023-01-26,2,3,3,2022-09-13,Project Management,External,Incomplete,5,756.43,33,0,148.31960784313725,2.6666666666666665
3942,2018-11-04,Principal Data Architect,PYZ,Terminated,Contract,Zone B,Temporary,IT/IS,Catv,1951-04-09,MA,Female,Asian,Married,PIP,3,2023-02-02,3,4,1,2023-01-28,Customer Service,External,Completed,5,940.22,67,1,184.35686274509806,2.6666666666666665
3943,2019-07-27,Data Analyst,NEL,Terminated,Part-Time,Zone A,Part-Time,IT/IS,General - Eng,1971-04-08,MA,Male,Black,Single,Fully Meets,3,2022-06-08,5,2,2,2023-05-15,Communication Skills,External,Failed,3,282.37,48,0,91.08709677419354,3.0
3944,2020-12-21,Data Analyst,SVG,Active,Full-Time,Zone A,Full-Time,IT/IS,General - Sga,1997-05-07,MA,Female,White,Single,Fully Meets,3,2023-02-26,5,3,4,2022-08-19,Technical Skills,External,Completed,1,627.14,23,1,570.1272727272727,4.0
3945,2022-07-25,Data Analyst,MSC,Active,Full-Time,Zone C,Temporary,IT/IS,Engineers,1998-03-23,MA,Female,Black,Single,PIP,3,2023-03-01,4,4,2,2022-08-29,Communication Skills,External,Incomplete,2,864.5,24,0,411.66666666666663,3.3333333333333335
3946,2019-06-15,Database Administrator,NEL,Active,Contract,Zone A,Temporary,IT/IS,Shop (Fleet),1957-07-20,MA,Female,White,Married,Fully Meets,3,2023-07-23,1,3,4,2023-07-15,Leadership Development,External,Passed,4,981.64,62,1,239.42439024390245,2.6666666666666665
3947,2020-04-04,Database Administrator,EW,Terminated,Full-Time,Zone B,Full-Time,IT/IS,Field Operations,1996-03-12,MA,Female,Hispanic,Married,Fully Meets,3,2023-07-28,4,3,1,2023-01-14,Project Management,Internal,Failed,3,456.02,24,0,147.1032258064516,2.6666666666666665
3948,2023-02-03,Data Analyst,MSC,Terminated,Contract,Zone C,Full-Time,IT/IS,Aerial,1943-10-29,MA,Male,Hispanic,Married,Fully Meets,3,2023-10-03,4,4,2,2023-04-02,Leadership Development,External,Passed,5,350.68,80,1,68.7607843137255,3.3333333333333335
3950,2023-07-12,Database Administrator,CCDR,Active,Full-Time,Zone A,Part-Time,IT/IS,Fielders,1989-01-29,MA,Female,Hispanic,Widowed,Fully Meets,3,2022-10-18,2,3,5,2023-04-22,Technical Skills,Internal,Completed,2,119.24,34,1,56.78095238095238,3.3333333333333335
3951,2021-04-25,Database Administrator,MSC,Terminated,Contract,Zone A,Temporary,IT/IS,Wireline Construction,1961-07-09,MA,Female,Asian,Divorced,Fully Meets,3,2023-01-04,4,1,3,2023-04-08,Project Management,Internal,Completed,5,532.41,60,1,104.39411764705882,2.6666666666666665
3952,2021-03-13,Data Analyst,EW,Active,Full-Time,Zone A,Full-Time,IT/IS,Finance & Accounting,1950-01-11,MA,Male,Black,Single,Fully Meets,3,2022-12-13,1,4,1,2023-07-16,Project Management,External,Incomplete,5,625.95,71,0,122.73529411764707,2.0
3953,2021-08-16,Data Analyst,BPC,Active,Full-Time,Zone B,Full-Time,IT/IS,General - Eng,1965-02-22,MA,Female,White,Married,Fully Meets,3,2023-03-16,3,4,4,2023-05-31,Customer Service,Internal,Passed,2,779.08,56,1,370.9904761904762,3.6666666666666665
3954,2021-10-18,Database Administrator,CCDR,Active,Full-Time,Zone B,Temporary,IT/IS,General - Con,1946-11-11,MA,Female,Hispanic,Married,Fully Meets,3,2023-06-18,5,1,5,2023-05-11,Leadership Development,External,Completed,1,497.09,75,1,451.8999999999999,3.6666666666666665
3955,2020-02-16,Database Administrator,SVG,Active,Contract,Zone C,Full-Time,IT/IS,Project Management - Con,1998-10-28,MA,Female,Hispanic,Married,Fully Meets,3,2023-10-06,2,1,1,2023-03-14,Technical Skills,External,Failed,1,762.36,22,0,693.0545454545454,1.3333333333333333
3956,2019-08-07,Database Administrator,EW,Active,Contract,Zone A,Temporary,IT/IS,General - Sga,1997-02-01,TX,Female,Black,Widowed,Fully Meets,3,2022-09-26,4,5,2,2022-10-21,Customer Service,External,Failed,4,611.15,22,0,149.0609756097561,3.6666666666666665
3957,2022-01-03,Database Administrator,MSC,Active,Contract,Zone C,Temporary,IT/IS,Field Operations,1991-02-01,TX,Female,Other,Divorced,Fully Meets,3,2023-07-06,3,2,4,2023-06-22,Communication Skills,Internal,Passed,3,724.95,31,1,233.85483870967744,3.0
3958,2020-09-22,Database Administrator,TNS,Active,Part-Time,Zone C,Full-Time,IT/IS,Field Operations,1974-09-18,TX,Female,Hispanic,Married,PIP,3,2023-10-04,5,3,1,2022-12-21,Technical Skills,Internal,Completed,5,332.9,46,1,65.27450980392157,3.0
3959,2022-11-11,Data Architect,PYZ,Terminated,Part-Time,Zone A,Full-Time,IT/IS,General - Con,1988-08-20,TX,Male,Hispanic,Single,Fully Meets,3,2023-06-30,5,4,5,2023-01-30,Communication Skills,Internal,Incomplete,5,116.9,34,0,22.921568627450984,4.666666666666667
3960,2018-08-11,CIO,WBL,Active,Part-Time,Zone A,Full-Time,IT/IS,Field Operations,1947-05-04,TX,Male,White,Married,Fully Meets,3,2023-07-14,3,4,1,2023-03-19,Communication Skills,External,Completed,1,430.46,71,1,391.32727272727266,2.6666666666666665
3961,2023-03-31,BI Director,NEL,Active,Full-Time,Zone A,Full-Time,IT/IS,Aerial,1978-06-19,MA,Male,Black,Divorced,Fully Meets,3,2022-11-20,2,5,2,2023-02-05,Leadership Development,Internal,Passed,5,881.61,45,1,172.86470588235295,3.0
3962,2021-03-10,Sr. DBA,MSC,Active,Contract,Zone B,Part-Time,IT/IS,Aerial,1990-11-18,MA,Female,Hispanic,Divorced,Fully Meets,3,2023-05-30,4,3,3,2022-11-04,Customer Service,Internal,Failed,3,454.92,31,0,146.7483870967742,3.3333333333333335
3963,2019-08-30,Sr. Accountant,TNS,Active,Part-Time,Zone B,Temporary,IT/IS,Field Operations,1998-05-19,MA,Female,Black,Widowed,Fully Meets,3,2023-07-28,4,1,5,2023-04-15,Customer Service,External,Completed,2,381.88,21,1,181.84761904761905,3.3333333333333335
3965,2020-04-22,Software Engineering Manager,WBL,Active,Contract,Zone B,Part-Time,IT/IS,General - Con,1998-01-11,MA,Female,Other,Married,Fully Meets,3,2023-08-06,4,1,2,2023-06-20,Technical Skills,Internal,Completed,4,198.58,22,1,48.434146341463425,2.3333333333333335
3967,2018-12-03,Data Analyst,MSC,Active,Full-Time,Zone A,Temporary,IT/IS,Finance & Accounting,1955-07-19,MA,Female,Black,Married,Fully Meets,3,2023-05-01,5,3,4,2023-05-16,Customer Service,External,Failed,4,683.96,63,0,166.81951219512197,4.0
3968,2021-02-20,Data Analyst,NEL,Active,Contract,Zone B,Temporary,IT/IS,Engineers,1967-07-14,MA,Female,Other,Married,Fully Meets,3,2022-12-14,5,5,1,2022-12-02,Technical Skills,External,Completed,3,891.63,54,1,287.6225806451613,3.6666666666666665
3969,2021-01-17,Database Administrator,PL,Active,Contract,Zone A,Full-Time,IT/IS,Aerial,1966-06-18,MA,Female,Asian,Divorced,Exceeds,3,2022-09-08,4,5,2,2023-03-01,Technical Skills,Internal,Failed,4,701.87,55,0,171.1878048780488,3.6666666666666665
3970,2020-10-04,Database Administrator,PYZ,Active,Part-Time,Zone B,Full-Time,IT/IS,Field Operations,1950-08-11,MA,Female,Other,Married,Exceeds,3,2023-01-14,5,1,5,2023-02-25,Technical Skills,Internal,Incomplete,4,216.73,70,0,52.860975609756096,3.6666666666666665
3971,2021-01-29,Database Administrator,SVG,Active,Part-Time,Zone A,Temporary,IT/IS,General - Con,1958-10-31,TX,Female,Other,Widowed,Fully Meets,3,2023-03-23,3,3,2,2022-08-16,Project Management,External,Passed,5,482.47,63,1,94.60196078431373,2.6666666666666665
3972,2022-07-26,Database Administrator,TNS,Active,Part-Time,Zone B,Part-Time,IT/IS,General - Con,1955-07-06,TX,Female,Black,Divorced,Fully Meets,3,2022-10-29,5,4,1,2023-04-25,Leadership Development,External,Incomplete,5,853.57,67,0,167.36666666666667,3.3333333333333335
3973,2018-09-21,Database Administrator,WBL,Terminated,Part-Time,Zone C,Temporary,IT/IS,Field Operations,1973-05-22,TX,Female,Hispanic,Single,Exceeds,3,2022-08-17,3,2,1,2022-11-14,Leadership Development,Internal,Passed,1,202.97,45,1,184.5181818181818,2.0
3974,2018-12-25,Data Architect,BPC,Terminated,Part-Time,Zone C,Full-Time,IT/IS,General - Eng,1986-07-01,TX,Male,Other,Married,Exceeds,3,2023-04-04,4,5,1,2023-04-27,Communication Skills,Internal,Passed,1,487.4,32,1,443.090909090909,3.3333333333333335
3975,2020-11-03,CIO,CCDR,Terminated,Part-Time,Zone B,Temporary,IT/IS,Field Operations,1999-01-25,TX,Male,Asian,Single,Fully Meets,3,2022-11-27,1,4,3,2023-05-08,Leadership Development,External,Completed,2,669.81,21,1,318.9571428571428,2.6666666666666665
3976,2021-10-22,Sr. DBA,MSC,Active,Full-Time,Zone C,Temporary,IT/IS,Field Operations,1991-11-17,MA,Female,White,Divorced,Fully Meets,3,2023-04-25,4,5,1,2023-04-22,Leadership Development,Internal,Completed,1,645.02,30,1,586.3818181818181,3.3333333333333335
3977,2018-08-27,Sr. Accountant,TNS,Active,Full-Time,Zone A,Full-Time,IT/IS,Wireline Construction,1943-08-19,MA,Female,Black,Divorced,Fully Meets,3,2023-06-01,1,5,4,2022-10-13,Technical Skills,External,Completed,2,157.4,75,1,74.95238095238095,3.3333333333333335
3978,2020-07-12,Sr. Accountant,PYZ,Active,Part-Time,Zone B,Part-Time,IT/IS,General - Con,1980-04-26,MA,Male,Asian,Widowed,Fully Meets,3,2022-04-09,4,3,5,2023-05-15,Project Management,External,Failed,1,131.98,40,0,119.98181818181817,4.0
3980,2020-05-11,Data Analyst,PL,Active,Full-Time,Zone C,Full-Time,IT/IS,Project Management - Con,1975-02-12,MA,Female,White,Married,Exceeds,3,2022-03-10,4,2,5,2023-07-27,Communication Skills,External,Incomplete,1,695.56,45,0,632.3272727272727,3.6666666666666665
3981,2020-07-24,Data Analyst,BPC,Active,Full-Time,Zone A,Temporary,IT/IS,Field Operations,1960-07-02,MA,Female,Black,Divorced,Fully Meets,3,2022-10-31,1,2,4,2022-12-22,Communication Skills,External,Passed,2,869.96,60,1,414.26666666666665,2.3333333333333335
3982,2022-08-09,Database Administrator,CCDR,Active,Part-Time,Zone B,Part-Time,IT/IS,Aerial,1957-12-06,MA,Female,Other,Married,Needs Improvement,3,2022-09-10,1,1,1,2022-12-09,Technical Skills,Internal,Completed,1,189.91,65,1,172.64545454545453,1.0
3983,2022-06-12,Database Administrator,SVG,Active,Full-Time,Zone A,Full-Time,IT/IS,Field Operations,1964-12-04,MA,Female,Hispanic,Married,Exceeds,3,2022-03-12,4,3,1,2023-07-24,Project Management,External,Failed,5,407.96,58,0,79.9921568627451,2.6666666666666665
3984,2022-02-10,Database Administrator,EW,Active,Contract,Zone B,Full-Time,IT/IS,Wireline Construction,1963-07-23,TX,Female,Hispanic,Single,Fully Meets,3,2023-02-24,5,5,4,2022-08-07,Communication Skills,Internal,Incomplete,1,202.91,59,0,184.46363636363634,4.666666666666667
3985,2023-01-13,Database Administrator,MSC,Terminated,Part-Time,Zone A,Part-Time,IT/IS,People Services,1992-01-18,TX,Male,White,Widowed,Fully Meets,3,2022-09-28,5,4,2,2022-10-16,Communication Skills,Internal,Passed,4,956.95,31,1,233.40243902439028,3.6666666666666665
3986,2020-03-10,Database Administrator,TNS,Active,Part-Time,Zone A,Temporary,IT/IS,Catv,1972-11-27,TX,Female,Hispanic,Married,Fully Meets,3,2022-08-10,4,3,2,2022-10-15,Technical Skills,External,Passed,5,813.03,48,1,159.41764705882355,3.0
3987,2022-02-25,Data Architect,PYZ,Terminated,Full-Time,Zone A,Full-Time,IT/IS,Catv,1982-03-05,TX,Male,Other,Widowed,Exceeds,3,2022-12-22,5,4,1,2022-08-24,Project Management,External,Passed,1,962.54,40,1,875.0363636363635,3.3333333333333335
3989,2022-07-11,Sr. DBA,TNS,Active,Full-Time,Zone C,Part-Time,IT/IS,General - Con,1952-06-18,MA,Female,Asian,Widowed,Fully Meets,3,2023-04-26,2,1,1,2023-01-22,Communication Skills,Internal,Passed,5,866.51,70,1,169.90392156862745,1.3333333333333333
3991,2023-04-10,Sr. Accountant,BPC,Active,Contract,Zone B,Full-Time,IT/IS,Project Management - Con,1974-09-03,MA,Male,Black,Single,Fully Meets,3,2022-11-10,2,3,2,2022-09-19,Customer Service,Internal,Completed,4,716.52,49,1,174.76097560975612,2.3333333333333335
3992,2022-12-08,Data Analyst,SVG,Active,Part-Time,Zone A,Full-Time,IT/IS,General - Eng,1961-12-28,MA,Male,Black,Married,Fully Meets,3,2023-07-14,4,3,1,2022-09-13,Project Management,External,Completed,3,323.25,61,1,104.27419354838709,2.6666666666666665
3993,2022-06-22,Data Analyst,PYZ,Active,Contract,Zone C,Full-Time,IT/IS,Field Operations,1996-05-24,MA,Female,Asian,Married,Fully Meets,3,2022-10-16,3,4,4,2023-01-27,Communication Skills,Internal,Failed,2,229.0,26,0,109.04761904761904,3.6666666666666665
3994,2022-09-22,Data Analyst,PL,Active,Full-Time,Zone A,Full-Time,IT/IS,Field Operations,1987-08-02,MA,Female,Asian,Single,Fully Meets,3,2023-02-14,3,5,2,2023-02-11,Customer Service,Internal,Failed,1,861.91,35,0,783.5545454545454,3.3333333333333335
3995,2019-07-15,Database Administrator,NEL,Active,Full-Time,Zone A,Temporary,IT/IS,Wireline Construction,1946-08-12,MA,Female,Black,Widowed,Exceeds,3,2023-05-01,4,5,2,2022-12-23,Project Management,External,Incomplete,3,803.73,73,0,259.26774193548385,3.6666666666666665
3996,2021-09-01,Database Administrator,MSC,Active,Part-Time,Zone C,Full-Time,IT/IS,Catv,1999-11-29,MA,Female,White,Widowed,Fully Meets,3,2023-04-14,3,5,1,2023-01-09,Customer Service,Internal,Failed,2,808.51,22,0,385.0047619047619,3.0
3997,2019-07-16,Database Administrator,EW,Active,Contract,Zone A,Temporary,IT/IS,Engineers,1946-02-12,TX,Male,Black,Single,Needs Improvement,3,2022-10-09,2,4,1,2022-09-19,Project Management,External,Failed,4,629.16,73,0,153.45365853658538,2.3333333333333335
3998,2021-12-24,Database Administrator,CCDR,Terminated,Full-Time,Zone B,Full-Time,IT/IS,Yard (Material Handling),1971-01-22,TX,Female,Other,Married,Fully Meets,3,2023-02-22,5,5,2,2022-09-26,Customer Service,External,Completed,1,994.09,50,1,903.7181818181817,4.0
3999,2019-04-17,Database Administrator,BPC,Terminated,Full-Time,Zone B,Full-Time,IT/IS,Engineers,1943-01-02,TX,Male,Asian,Single,Exceeds,3,2022-02-10,5,4,2,2023-07-02,Leadership Development,Internal,Incomplete,5,477.78,76,0,93.68235294117648,3.6666666666666665
4000,2019-10-26,Data Architect,PYZ,Terminated,Contract,Zone C,Full-Time,IT/IS,Field Operations,1960-03-31,TX,Male,Black,Divorced,Fully Meets,3,2023-04-21,3,2,1,2022-10-06,Leadership Development,Internal,Completed,4,951.27,59,1,232.01707317073172,2.0
1001,2019-08-29,Software Engineer,BPC,Active,Part-Time,Zone A,Part-Time,Software Engineering,Engineers,1957-09-21,MA,Female,Black,Married,Fully Meets,3,2022-10-10,2,5,5,2022-09-21,Customer Service,Internal,Failed,4,510.83,62,0,124.59268292682927,4.0
1002,2022-12-12,Software Engineer,NEL,Active,Part-Time,Zone A,Temporary,Software Engineering,Catv,1950-08-07,MA,Female,Asian,Widowed,Fully Meets,3,2023-03-08,4,5,3,2023-07-19,Leadership Development,Internal,Failed,2,582.37,72,0,277.31904761904764,4.0
1003,2023-03-08,Software Engineer,WBL,Active,Contract,Zone A,Part-Time,Software Engineering,Field Operations,1973-11-23,MA,Female,White,Married,Fully Meets,3,2023-03-01,2,5,2,2023-02-24,Technical Skills,Internal,Incomplete,4,777.06,50,0,189.5268292682927,3.0
1004,2020-05-29,Software Engineer,PYZ,Active,Part-Time,Zone C,Part-Time,Software Engineering,Project Management - Con,1957-01-27,MA,Male,Black,Single,Fully Meets,3,2023-07-30,3,5,3,2023-01-12,Customer Service,Internal,Completed,2,824.3,63,1,392.52380952380946,3.6666666666666665
1005,2022-09-16,Software Engineer,SVG,Active,Full-Time,Zone B,Temporary,Software Engineering,Field Operations,1970-07-28,MA,Male,Black,Divorced,Fully Meets,3,2023-06-19,2,4,5,2023-05-12,Communication Skills,External,Passed,4,145.99,52,1,35.607317073170734,3.6666666666666665
1006,2021-08-15,Software Engineer,MSC,Active,Full-Time,Zone C,Part-Time,Software Engineering,Engineers,1959-02-19,MA,Female,White,Widowed,Fully Meets,3,2023-03-05,5,2,1,2023-05-08,Project Management,Internal,Failed,2,838.07,62,0,399.0809523809524,2.6666666666666665
1007,2020-10-25,Software Engineer,SVG,Terminated,Part-Time,Zone A,Part-Time,Software Engineering,General - Con,2000-03-18,MA,Male,Black,Widowed,Fully Meets,3,2023-07-18,2,1,5,2023-05-14,Leadership Development,External,Failed,2,667.32,20,0,317.7714285714286,2.6666666666666665
1008,2019-08-28,Software Engineer,BPC,Active,Contract,Zone B,Temporary,Software Engineering,General - Con,1981-12-21,MA,Female,Hispanic,Married,Fully Meets,3,2023-06-21,5,2,2,2023-08-02,Technical Skills,External,Incomplete,2,758.18,38,0,361.0380952380952,3.0
1009,2019-06-13,Software Engineer,NEL,Active,Part-Time,Zone C,Temporary,Software Engineering,General - Con,1987-01-03,MA,Female,Other,Single,Fully Meets,3,2023-06-06,2,5,1,2022-08-21,Customer Service,Internal,Incomplete,2,101.21,32,0,48.19523809523809,2.6666666666666665
1010,2021-01-12,Software Engineer,EW,Terminated,Part-Time,Zone C,Temporary,Software Engineering,Field Operations,1992-10-21,MA,Male,Hispanic,Divorced,Fully Meets,3,2022-09-15,2,4,2,2022-08-19,Communication Skills,External,Incomplete,5,332.25,29,0,65.14705882352942,2.6666666666666665
1011,2022-02-07,Software Engineer,MSC,Terminated,Contract,Zone A,Temporary,Software Engineering,General - Con,1948-02-22,MA,Male,Hispanic,Married,Fully Meets,3,2022-08-12,1,2,3,2022-11-06,Communication Skills,Internal,Completed,1,803.98,74,1,730.8909090909091,2.0
1012,2020-11-09,Software Engineer,TNS,Terminated,Contract,Zone A,Temporary,Software Engineering,General - Eng,1978-03-10,MA,Male,White,Single,Fully Meets,3,2023-01-13,3,5,4,2023-03-28,Technical Skills,External,Failed,3,887.08,42,0,286.15483870967745,4.0
1013,2020-05-13,Software Engineer,PYZ,Active,Part-Time,Zone B,Full-Time,Software Engineering,Engineers,1974-11-19,MA,Male,Asian,Single,Fully Meets,3,2022-12-13,5,4,3,2023-04-08,Project Management,External,Incomplete,2,657.85,46,0,313.26190476190476,4.0
1014,2022-12-31,Shared Services Manager,WBL,Active,Part-Time,Zone A,Full-Time,Software Engineering,Catv,1953-07-13,MA,Male,Other,Single,Fully Meets,3,2023-06-28,4,4,1,2023-02-21,Customer Service,External,Incomplete,2,895.49,69,0,426.4238095238095,3.0
1015,2018-12-03,Shared Services Manager,NEL,Active,Contract,Zone A,Part-Time,Software Engineering,People Services,1961-04-12,MA,Female,White,Married,Fully Meets,3,2023-11-07,1,1,3,2023-05-13,Leadership Development,External,Passed,1,539.0,57,1,489.99999999999994,1.6666666666666667
1016,2020-02-21,Senior BI Developer,PL,Active,Part-Time,Zone B,Part-Time,Admin Offices,Shop (Fleet),1956-08-03,MA,Female,White,Single,Fully Meets,3,2022-09-12,2,3,2,2023-04-30,Communication Skills,External,Completed,2,606.68,64,1,288.8952380952381,2.3333333333333335
1017,2020-09-07,Senior BI Developer,BPC,Active,Full-Time,Zone B,Full-Time,Admin Offices,Field Operations,1947-05-07,MA,Female,Black,Single,Fully Meets,3,2023-07-16,4,1,3,2022-11-14,Technical Skills,External,Passed,3,265.73,73,1,85.71935483870968,2.6666666666666665
1018,2020-06-19,Senior BI Developer,CCDR,Active,Part-Time,Zone A,Part-Time,Admin Offices,General - Con,1942-02-24,MA,Female,White,Married,Fully Meets,3,2023-06-21,4,1,4,2023-03-25,Project Management,Internal,Incomplete,2,673.29,78,0,320.6142857142857,3.0
1019,2022-10-14,Software Engineer,EW,Terminated,Full-Time,Zone A,Temporary,Software Engineering,Fielders,1978-11-28,MA,Male,Hispanic,Widowed,Fully Meets,3,2023-06-21,1,3,5,2022-10-26,Project Management,External,Passed,5,436.98,44,1,85.68235294117648,3.0
1020,2023-06-20,Software Engineer,MSC,Terminated,Contract,Zone C,Full-Time,Software Engineering,Field Operations,1990-12-20,MA,Female,Black,Widowed,Fully Meets,3,2023-01-08,2,1,2,2022-12-30,Technical Skills,External,Passed,4,578.58,33,1,141.11707317073174,1.6666666666666667
1021,2020-11-09,Software Engineer,TNS,Terminated,Full-Time,Zone C,Full-Time,Software Engineering,General - Eng,1989-01-25,MA,Male,Hispanic,Single,Fully Meets,3,2023-09-03,5,1,4,2023-03-10,Technical Skills,Internal,Failed,1,647.16,31,0,588.3272727272727,3.3333333333333335
1022,2022-09-19,Software Engineer,PYZ,Active,Part-Time,Zone A,Temporary,Software Engineering,Field Operations,1962-11-06,MA,Male,Black,Divorced,Fully Meets,3,2023-12-02,1,4,4,2023-01-12,Project Management,Internal,Failed,1,664.23,60,0,603.8454545454545,3.0
1023,2018-11-09,Shared Services Manager,WBL,Active,Contract,Zone C,Part-Time,Software Engineering,General - Con,1992-05-04,MA,Male,Hispanic,Divorced,Fully Meets,3,2023-01-17,4,4,3,2022-10-19,Project Management,Internal,Failed,4,893.07,26,0,217.82195121951221,3.6666666666666665
1024,2018-12-30,Shared Services Manager,NEL,Active,Contract,Zone A,Part-Time,Software Engineering,Fielders,1987-03-30,MA,Female,Other,Divorced,Fully Meets,3,2022-12-10,5,3,1,2022-10-11,Project Management,External,Completed,5,868.98,31,1,170.38823529411766,3.0
1025,2023-05-11,Senior BI Developer,PL,Active,Full-Time,Zone A,Temporary,Admin Offices,Field Operations,1960-11-13,MA,Female,Other,Divorced,Fully Meets,3,2023-01-24,4,1,4,2023-01-13,Project Management,Internal,Incomplete,5,761.95,63,0,149.40196078431376,3.0
1026,2022-11-03,Senior BI Developer,BPC,Active,Contract,Zone A,Part-Time,Admin Offices,Engineers,1950-07-11,MA,Female,Other,Widowed,Fully Meets,3,2022-09-10,5,2,5,2023-04-17,Communication Skills,External,Incomplete,4,431.57,72,0,105.2609756097561,4.0
1027,2020-06-14,Senior BI Developer,CCDR,Active,Part-Time,Zone A,Full-Time,Admin Offices,General - Con,1962-12-21,MA,Male,Other,Single,Fully Meets,3,2023-05-04,2,3,5,2023-03-16,Communication Skills,External,Incomplete,4,357.57,58,0,87.21219512195123,3.3333333333333335
1028,2019-10-15,Software Engineer,PYZ,Terminated,Full-Time,Zone C,Part-Time,Software Engineering,General - Con,2000-10-22,MA,Male,Asian,Single,Fully Meets,3,2023-03-26,5,5,4,2023-01-19,Technical Skills,Internal,Incomplete,3,804.06,19,0,259.3741935483871,4.666666666666667
1029,2020-04-28,Software Engineer,SVG,Active,Part-Time,Zone B,Part-Time,Software Engineering,Field Operations,1979-01-06,MA,Female,Asian,Divorced,Fully Meets,3,2022-07-11,3,5,4,2023-02-25,Project Management,Internal,Failed,5,729.41,41,0,143.021568627451,4.0
1030,2019-10-29,Software Engineer,TNS,Active,Contract,Zone C,Temporary,Software Engineering,Field Operations,1955-06-07,MA,Male,Black,Single,Fully Meets,3,2023-03-01,4,4,1,2023-01-04,Communication Skills,Internal,Completed,1,169.46,64,1,154.05454545454546,3.0
1031,2021-04-28,Software Engineer,WBL,Active,Part-Time,Zone B,Temporary,Software Engineering,General - Con,1972-10-29,MA,Male,White,Widowed,Fully Meets,3,2023-02-27,5,3,2,2022-12-26,Communication Skills,Internal,Failed,1,833.28,49,0,757.5272727272726,3.3333333333333335
1032,2022-04-19,Software Engineer,PYZ,Active,Full-Time,Zone C,Part-Time,Software Engineering,Aerial,1954-01-07,MA,Male,Asian,Widowed,Fully Meets,3,2023-05-22,5,4,4,2022-12-07,Technical Skills,External,Completed,3,482.23,68,1,155.55806451612904,4.333333333333333
1033,2023-03-28,Shared Services Manager,WBL,Active,Contract,Zone B,Full-Time,Software Engineering,Field Operations,1997-03-28,MA,Male,Other,Single,Fully Meets,3,2023-02-07,3,1,3,2023-06-20,Communication Skills,Internal,Incomplete,4,169.85,26,0,41.426829268292686,2.3333333333333335
1034,2019-05-06,Shared Services Manager,NEL,Active,Full-Time,Zone C,Part-Time,Software Engineering,Project Management - Con,1977-08-12,MA,Female,Black,Single,Fully Meets,3,2023-09-07,2,5,1,2022-11-10,Leadership Development,Internal,Failed,1,570.62,42,0,518.7454545454545,2.6666666666666665
1035,2020-10-13,Senior BI Developer,PL,Active,Full-Time,Zone A,Temporary,Admin Offices,Underground,1979-02-16,MA,Female,Asian,Divorced,Fully Meets,3,2023-07-19,1,5,5,2023-03-11,Communication Skills,Internal,Completed,2,724.14,41,1,344.8285714285714,3.6666666666666665
1036,2021-07-06,Senior BI Developer,BPC,Active,Part-Time,Zone A,Part-Time,Admin Offices,Field Operations,1993-08-08,MA,Male,Asian,Single,Fully Meets,3,2022-09-08,5,2,1,2022-12-10,Customer Service,External,Failed,3,305.98,28,0,98.70322580645161,2.6666666666666665
1037,2020-09-24,Software Engineer,CCDR,Terminated,Part-Time,Zone C,Full-Time,Software Engineering,Fielders,1993-07-27,MA,Male,Other,Widowed,Fully Meets,3,2022-11-25,5,1,4,2022-10-25,Leadership Development,Internal,Failed,2,646.76,27,0,307.9809523809524,3.3333333333333335
1038,2023-01-18,Software Engineer,SVG,Active,Contract,Zone B,Part-Time,Software Engineering,Field Operations,1971-04-05,MA,Male,Hispanic,Married,Fully Meets,3,2023-10-03,5,1,2,2023-07-28,Customer Service,External,Failed,2,516.89,52,0,246.13809523809522,2.6666666666666665
1039,2019-08-22,Software Engineer,EW,Terminated,Part-Time,Zone B,Part-Time,Software Engineering,Finance & Accounting,1982-11-17,MA,Female,Other,Widowed,Fully Meets,3,2022-03-12,2,4,5,2023-01-24,Customer Service,External,Passed,5,520.41,37,1,102.04117647058824,3.6666666666666665
1040,2019-07-25,Software Engineer,MSC,Terminated,Contract,Zone A,Part-Time,Software Engineering,Field Operations,1972-04-25,MA,Male,White,Divorced,Fully Meets,3,2022-09-27,5,3,1,2022-12-01,Technical Skills,Internal,Completed,5,712.84,47,1,139.77254901960785,3.0
1041,2019-11-11,Software Engineer,TNS,Terminated,Full-Time,Zone A,Full-Time,Software Engineering,Engineers,1976-04-11,MA,Male,White,Single,Fully Meets,3,2023-01-19,3,1,4,2023-03-07,Customer Service,Internal,Completed,3,871.12,43,1,281.0064516129032,2.6666666666666665
1042,2022-07-16,Software Engineer,PYZ,Active,Contract,Zone B,Temporary,Software Engineering,Field Operations,1942-08-18,MA,Male,Black,Widowed,Fully Meets,3,2023-02-17,1,3,4,2022-10-05,Project Management,Internal,Passed,1,228.11,80,1,207.37272727272727,2.6666666666666665
1043,2022-12-19,Shared Services Manager,WBL,Active,Full-Time,Zone C,Part-Time,Software Engineering,Splicing,1955-12-16,MA,Female,White,Married,Fully Meets,3,2023-02-25,1,1,3,2022-08-10,Communication Skills,External,Completed,2,289.93,67,1,138.06190476190477,1.6666666666666667
1044,2020-09-15,Shared Services Manager,NEL,Active,Contract,Zone A,Temporary,Software Engineering,Field Operations,1956-09-16,MA,Female,Hispanic,Divorced,Fully Meets,3,2022-11-26,2,4,5,2022-09-13,Technical Skills,External,Incomplete,4,920.78,64,0,224.58048780487806,3.6666666666666665
1045,2020-10-04,Senior BI Developer,PL,Active,Full-Time,Zone C,Temporary,Admin Offices,Catv,1963-10-06,MA,Female,Black,Single,Fully Meets,3,2022-08-08,1,4,1,2023-06-11,Customer Service,External,Completed,2,690.41,57,1,328.76666666666665,2.0
1046,2022-04-23,Software Engineer,CCDR,Terminated,Full-Time,Zone A,Temporary,Software Engineering,Underground,1962-11-17,MA,Male,White,Single,Fully Meets,3,2023-02-18,3,5,4,2023-07-28,Leadership Development,Internal,Failed,2,211.39,60,0,100.66190476190475,4.0
1047,2021-11-27,Software Engineer,SVG,Active,Contract,Zone A,Part-Time,Software Engineering,Field Operations,1947-11-24,MA,Female,Hispanic,Single,Fully Meets,3,2023-12-05,4,2,3,2022-11-27,Project Management,Internal,Passed,2,606.63,74,1,288.87142857142857,3.0
1048,2019-11-29,Software Engineer,EW,Active,Part-Time,Zone A,Temporary,Software Engineering,General - Con,1956-07-19,MA,Male,Asian,Widowed,Fully Meets,3,2022-10-19,3,1,4,2022-12-02,Leadership Development,Internal,Completed,5,503.99,63,1,98.82156862745099,2.6666666666666665
1049,2019-05-30,Software Engineer,MSC,Terminated,Part-Time,Zone B,Part-Time,Software Engineering,Field Operations,1954-09-26,MA,Male,White,Married,Fully Meets,3,2023-07-27,3,5,2,2022-11-20,Leadership Development,Internal,Completed,2,518.54,65,1,246.9238095238095,3.3333333333333335
1050,2020-11-23,Software Engineer,TNS,Active,Contract,Zone B,Temporary,Software Engineering,Finance & Accounting,1993-04-07,MA,Male,Black,Widowed,Fully Meets,3,2023-03-07,4,5,1,2023-08-03,Customer Service,Internal,Completed,1,846.43,27,1,769.4818181818181,3.3333333333333335
1051,2022-04-08,Software Engineer,PYZ,Active,Full-Time,Zone C,Part-Time,Software Engineering,Field Operations,1981-04-29,MA,Male,White,Divorced,Fully Meets,3,2023-01-01,2,4,5,2022-10-13,Leadership Development,Internal,Passed,3,572.94,41,1,184.8193548387097,3.6666666666666665
1052,2021-02-25,Shared Services Manager,WBL,Active,Contract,Zone B,Part-Time,Software Engineering,General - Con,1980-06-21,MA,Female,Hispanic,Single,Fully Meets,3,2022-11-19,1,4,4,2022-10-25,Communication Skills,Internal,Incomplete,4,234.76,41,0,57.25853658536585,3.0
1053,2019-03-13,Shared Services Manager,NEL,Active,Contract,Zone C,Full-Time,Software Engineering,Project Management - Con,1947-07-25,MA,Female,Hispanic,Divorced,Fully Meets,3,2022-12-10,2,1,4,2022-12-19,Communication Skills,External,Passed,4,704.7,72,1,171.87804878048783,2.3333333333333335
1054,2023-02-12,Software Engineer,PL,Active,Part-Time,Zone A,Full-Time,Software Engineering,Engineers,1993-10-05,MA,Male,White,Single,Fully Meets,3,2023-05-07,1,5,2,2022-11-04,Technical Skills,External,Failed,3,533.97,30,0,172.2483870967742,2.6666666666666665
1055,2018-09-08,Software Engineer,PYZ,Active,Contract,Zone C,Full-Time,Software Engineering,Field Operations,1995-11-24,MA,Female,White,Widowed,Fully Meets,3,2022-09-23,3,4,1,2022-11-15,Customer Service,Internal,Passed,2,125.7,23,1,59.857142857142854,2.6666666666666665
1056,2021-11-18,Software Engineer,SVG,Active,Contract,Zone C,Temporary,Software Engineering,Wireline Construction,1943-01-09,MA,Male,Hispanic,Widowed,Fully Meets,3,2023-01-17,4,2,2,2023-02-16,Leadership Development,Internal,Completed,2,442.06,78,1,210.5047619047619,2.6666666666666665
1057,2023-07-01,Software Engineer,TNS,Active,Full-Time,Zone A,Full-Time,Software Engineering,Wireline Construction,1998-10-27,MA,Male,Asian,Widowed,Fully Meets,3,2023-12-03,3,2,5,2022-10-23,Project Management,Internal,Failed,4,649.23,25,0,158.3487804878049,3.3333333333333335
1058,2022-04-18,Software Engineer,WBL,Active,Contract,Zone C,Temporary,Software Engineering,Billable Consultants,1942-03-13,MA,Male,Hispanic,Married,Fully Meets,3,2023-06-03,4,2,1,2023-04-01,Project Management,External,Incomplete,1,855.67,80,0,777.8818181818181,2.3333333333333335
1059,2023-04-29,Software Engineer,BPC,Active,Part-Time,Zone C,Full-Time,Software Engineering,Engineers,1974-05-23,MA,Female,Asian,Widowed,Fully Meets,3,2023-03-29,4,3,3,2022-09-16,Technical Skills,Internal,Incomplete,3,256.82,49,0,82.84516129032258,3.3333333333333335
1060,2018-10-10,Shared Services Manager,CCDR,Active,Part-Time,Zone B,Full-Time,Software Engineering,General - Con,1976-05-02,MA,Female,Black,Single,Fully Meets,3,2023-01-07,5,5,4,2022-09-06,Project Management,Internal,Completed,1,770.84,42,1,700.7636363636364,4.666666666666667
1061,2022-11-20,Shared Services Manager,EW,Active,Part-Time,Zone C,Part-Time,Software Engineering,General - Sga,1993-05-21,MA,Female,Other,Single,Fully Meets,3,2023-05-02,3,3,1,2023-08-01,Project Management,Internal,Incomplete,2,862.33,29,0,410.6333333333333,2.3333333333333335
1062,2019-05-18,Software Engineer,BPC,Terminated,Part-Time,Zone A,Part-Time,Software Engineering,Engineers,1969-03-11,MA,Male,Hispanic,Married,Fully Meets,3,2023-03-01,3,2,1,2022-11-27,Technical Skills,Internal,Failed,5,702.84,50,0,137.81176470588238,2.0
1063,2021-06-22,Software Engineer,CCDR,Active,Full-Time,Zone B,Temporary,Software Engineering,Aerial,1945-04-19,MA,Female,Black,Single,Fully Meets,3,2023-07-25,5,2,4,2022-10-15,Technical Skills,Internal,Completed,1,523.82,76,1,476.2,3.6666666666666665
1064,2022-03-30,Software Engineer,SVG,Terminated,Part-Time,Zone A,Part-Time,Software Engineering,Field Operations,1987-02-24,MA,Male,White,Divorced,Fully Meets,3,2022-12-14,5,4,4,2022-10-06,Leadership Development,External,Passed,1,819.86,35,1,745.3272727272727,4.333333333333333
1065,2018-08-28,Software Engineer,EW,Active,Contract,Zone C,Temporary,Software Engineering,Engineers,1995-06-26,MA,Male,Other,Widowed,Fully Meets,3,2023-01-20,5,3,4,2022-12-09,Technical Skills,External,Passed,4,486.01,23,1,118.53902439024391,4.0
1066,2021-12-27,Software Engineer,MSC,Active,Full-Time,Zone C,Temporary,Software Engineering,Catv,1981-04-23,MA,Male,Hispanic,Single,Fully Meets,3,2023-07-15,4,3,5,2023-06-14,Communication Skills,Internal,Completed,5,769.42,40,1,150.86666666666667,4.0
1067,2020-11-14,Software Engineer,TNS,Active,Part-Time,Zone A,Temporary,Software Engineering,Field Operations,1948-07-12,MA,Female,White,Married,Fully Meets,3,2023-10-06,3,2,5,2023-06-24,Project Management,External,Completed,5,857.65,72,1,168.16666666666669,3.3333333333333335
1068,2021-10-01,Software Engineer,PYZ,Active,Full-Time,Zone B,Part-Time,Software Engineering,Wireline Construction,1998-12-24,MA,Female,Black,Widowed,Fully Meets,3,2022-09-10,3,2,2,2022-11-06,Communication Skills,External,Completed,1,238.27,23,1,216.6090909090909,2.3333333333333335
1069,2018-10-13,Shared Services Manager,WBL,Active,Full-Time,Zone B,Part-Time,Software Engineering,General - Con,1975-09-13,MA,Female,Other,Widowed,Fully Meets,3,2023-04-02,3,1,2,2022-08-22,Communication Skills,Internal,Failed,5,886.06,43,0,173.7372549019608,2.0
1070,2018-12-15,Shared Services Manager,NEL,Active,Full-Time,Zone C,Temporary,Software Engineering,General - Sga,1998-04-11,MA,Male,Black,Married,Fully Meets,3,2023-05-03,3,1,2,2023-01-14,Technical Skills,Internal,Failed,1,943.8,20,0,857.9999999999999,2.0
1071,2019-03-28,Software Engineer,PL,Terminated,Contract,Zone A,Part-Time,Software Engineering,Field Operations,1968-06-23,MA,Male,Black,Married,Fully Meets,3,2023-05-15,1,2,2,2023-03-16,Communication Skills,Internal,Completed,5,234.26,51,1,45.93333333333334,1.6666666666666667
1072,2018-12-27,Software Engineer,BPC,Active,Part-Time,Zone C,Part-Time,Software Engineering,Field Operations,1977-01-20,MA,Female,Asian,Widowed,Fully Meets,3,2023-02-18,2,2,3,2023-05-19,Technical Skills,Internal,Passed,5,179.91,41,1,35.2764705882353,2.3333333333333335
1073,2019-05-11,Software Engineer,CCDR,Active,Full-Time,Zone A,Full-Time,Software Engineering,Field Operations,1998-09-24,MA,Male,White,Single,Fully Meets,3,2023-02-16,4,4,2,2022-10-03,Project Management,Internal,Failed,4,306.3,21,0,74.70731707317074,3.3333333333333335
1074,2021-02-19,Software Engineer,SVG,Terminated,Full-Time,Zone A,Temporary,Software Engineering,General - Con,1983-08-07,MA,Male,Asian,Divorced,Fully Meets,3,2023-10-02,3,4,1,2023-07-07,Project Management,Internal,Passed,5,103.42,38,1,20.278431372549022,2.6666666666666665
1075,2022-11-05,Software Engineer,EW,Active,Part-Time,Zone B,Full-Time,Software Engineering,Engineers,1968-04-23,MA,Male,Asian,Married,Fully Meets,3,2023-10-04,1,2,3,2023-05-16,Project Management,Internal,Passed,4,573.29,54,1,139.8268292682927,2.0
1076,2020-03-22,Software Engineer,MSC,Active,Contract,Zone C,Part-Time,Software Engineering,General - Eng,1943-01-28,MA,Female,White,Widowed,Fully Meets,3,2023-11-04,1,3,1,2022-11-07,Technical Skills,External,Incomplete,4,619.61,77,0,151.12439024390247,1.6666666666666667
1077,2019-02-02,Software Engineer,TNS,Active,Contract,Zone B,Temporary,Software Engineering,Wireless,1992-10-05,MA,Female,Black,Single,Fully Meets,3,2022-12-10,5,2,4,2022-12-21,Project Management,Internal,Incomplete,1,947.17,27,0,861.0636363636363,3.6666666666666665
1078,2020-02-24,Software Engineer,PYZ,Active,Contract,Zone C,Temporary,Software Engineering,Aerial,1997-03-19,MA,Female,Asian,Divorced,Fully Meets,3,2023-07-28,3,3,4,2023-03-24,Project Management,External,Passed,1,597.64,23,1,543.3090909090909,3.3333333333333335
1079,2021-04-07,Shared Services Manager,WBL,Active,Part-Time,Zone B,Full-Time,Software Engineering,Project Management - Eng,2000-11-04,MA,Female,Hispanic,Divorced,Fully Meets,3,2022-08-10,2,2,1,2023-04-15,Communication Skills,External,Incomplete,5,861.1,21,0,168.843137254902,1.6666666666666667
1080,2020-11-14,Shared Services Manager,NEL,Active,Part-Time,Zone C,Full-Time,Software Engineering,Fielders,1988-04-08,MA,Male,Black,Widowed,Fully Meets,3,2023-04-03,3,1,3,2023-04-22,Customer Service,External,Passed,4,199.14,32,1,48.57073170731707,2.3333333333333335
1081,2022-01-17,Software Engineer,EW,Terminated,Contract,Zone B,Part-Time,Software Engineering,General - Con,1965-08-24,MA,Male,Asian,Divorced,Fully Meets,3,2023-03-03,1,3,3,2023-06-05,Communication Skills,External,Failed,3,526.08,57,0,169.70322580645163,2.3333333333333335
1082,2021-09-02,Software Engineer,MSC,Active,Part-Time,Zone B,Part-Time,Software Engineering,General - Con,1976-03-03,MA,Male,Other,Married,Fully Meets,3,2023-02-27,1,4,1,2023-04-22,Customer Service,External,Incomplete,5,662.15,45,0,129.83333333333334,2.0
1083,2023-07-30,Software Engineer,NEL,Active,Part-Time,Zone A,Full-Time,Software Engineering,Aerial,1963-09-01,MA,Female,Asian,Divorced,Fully Meets,3,2023-09-01,5,5,3,2022-11-18,Project Management,External,Completed,4,869.89,60,1,212.16829268292685,4.333333333333333
1084,2023-06-27,Software Engineer,PL,Active,Contract,Zone C,Part-Time,Software Engineering,Executive,1989-12-08,MA,Male,White,Single,Fully Meets,3,2023-02-19,1,2,4,2022-12-17,Leadership Development,External,Completed,3,295.4,34,1,95.29032258064515,2.3333333333333335
1085,2022-03-27,Software Engineer,PYZ,Active,Contract,Zone B,Full-Time,Software Engineering,General - Con,1952-10-03,MA,Male,Other,Divorced,Fully Meets,3,2023-09-01,5,5,3,2022-11-01,Customer Service,External,Passed,5,993.13,70,1,194.73137254901962,4.333333333333333
1086,2022-08-12,Software Engineer,SVG,Active,Contract,Zone A,Temporary,Software Engineering,Field Operations,1973-07-30,MA,Female,Black,Single,Fully Meets,3,2023-03-14,1,1,5,2023-07-15,Leadership Development,External,Completed,2,641.69,49,1,305.56666666666666,2.3333333333333335
1087,2022-07-08,Software Engineer,TNS,Active,Part-Time,Zone A,Part-Time,Software Engineering,Field Operations,1974-05-08,MA,Female,Other,Married,Fully Meets,3,2023-03-05,1,5,2,2023-05-10,Technical Skills,Internal,Incomplete,5,197.34,48,0,38.694117647058825,2.6666666666666665
1088,2020-08-15,Software Engineer,WBL,Active,Contract,Zone B,Part-Time,Software Engineering,General - Con,1991-08-04,MA,Female,White,Widowed,Fully Meets,3,2023-04-20,4,3,1,2023-05-17,Leadership Development,External,Failed,2,235.15,29,0,111.97619047619047,2.6666666666666665
1089,2023-05-27,Software Engineer,BPC,Active,Full-Time,Zone A,Temporary,Software Engineering,Wireline Construction,1953-04-29,MA,Female,Black,Married,Fully Meets,3,2023-04-19,3,1,5,2023-05-27,Technical Skills,Internal,Passed,2,697.28,70,1,332.0380952380952,3.0
1090,2023-01-02,Shared Services Manager,CCDR,Active,Part-Time,Zone C,Full-Time,Software Engineering,Field Operations,1965-08-28,MA,Female,Black,Divorced,Fully Meets,3,2023-05-16,4,3,4,2023-03-21,Communication Skills,External,Completed,1,910.33,58,1,827.5727272727272,3.6666666666666665
1091,2018-11-16,Production Technician I,PYZ,Active,Contract,Zone B,Temporary,Production,General - Sga,1986-08-26,MA,Male,Asian,Single,Fully Meets,3,2023-04-22,2,4,3,2022-10-20,Customer Service,Internal,Incomplete,2,213.91,32,0,101.86190476190475,3.0
1092,2022-07-12,Production Technician I,PYZ,Active,Part-Time,Zone C,Full-Time,Production,Field Operations,1970-01-27,MA,Female,Hispanic,Divorced,Fully Meets,3,2023-08-03,1,4,1,2022-09-20,Communication Skills,Internal,Completed,5,971.46,52,1,190.4823529411765,2.0
1093,2022-12-16,Production Technician I,NEL,Active,Contract,Zone B,Part-Time,Production,Engineers,1979-04-26,MA,Female,Asian,Widowed,Fully Meets,3,2023-05-03,3,1,4,2023-07-07,Customer Service,External,Failed,5,995.52,43,0,195.20000000000002,2.6666666666666665
1094,2023-05-08,Production Technician II,EW,Active,Part-Time,Zone A,Full-Time,Production,Field Operations,1994-03-18,MA,Female,Other,Single,Fully Meets,3,2023-01-22,5,4,5,2022-08-18,Communication Skills,Internal,Failed,4,161.4,29,0,39.365853658536594,4.666666666666667
1095,2023-04-07,Production Technician II,WBL,Active,Full-Time,Zone A,Temporary,Production,Engineers,1941-11-28,MA,Female,Hispanic,Divorced,Fully Meets,3,2023-03-17,1,2,1,2022-08-17,Customer Service,Internal,Passed,4,715.87,82,1,174.60243902439026,1.3333333333333333
1096,2022-02-15,Production Technician I,PYZ,Active,Part-Time,Zone C,Part-Time,Production,Shop (Fleet),1973-11-01,MA,Female,Asian,Married,Fully Meets,3,2022-12-17,1,3,2,2022-09-25,Technical Skills,External,Incomplete,5,778.25,49,0,152.5980392156863,2.0
1097,2023-07-17,Production Technician I,SVG,Active,Contract,Zone B,Part-Time,Production,Field Operations,1999-02-08,MA,Male,Hispanic,Divorced,Fully Meets,3,2022-10-31,1,2,5,2022-08-11,Customer Service,Internal,Completed,1,609.5,24,1,554.090909090909,2.6666666666666665
1098,2019-05-03,Production Technician I,PL,Terminated,Part-Time,Zone A,Temporary,Production,General - Eng,1993-10-01,MA,Male,Asian,Widowed,Fully Meets,3,2022-12-28,2,2,2,2023-05-13,Leadership Development,External,Failed,5,666.67,26,0,130.71960784313725,2.0
1099,2022-03-25,Production Technician I,SVG,Active,Part-Time,Zone A,Part-Time,Production,Field Operations,1971-12-24,MA,Female,Other,Single,Fully Meets,3,2023-04-08,1,5,5,2022-10-30,Project Management,External,Incomplete,5,797.05,51,0,156.2843137254902,3.6666666666666665
1100,2020-04-07,Production Technician I,EW,Active,Full-Time,Zone C,Temporary,Production,Field Operations,1964-10-05,MA,Male,White,Divorced,Fully Meets,3,2022-10-09,1,4,5,2023-02-25,Communication Skills,External,Completed,3,518.56,56,1,167.27741935483868,3.3333333333333335
1101,2021-03-10,Production Technician I,TNS,Active,Full-Time,Zone A,Part-Time,Production,Engineers,1944-03-19,MA,Female,White,Widowed,Fully Meets,3,2023-03-21,1,1,3,2023-03-31,Communication Skills,Internal,Passed,5,426.82,77,1,83.69019607843137,1.6666666666666667
1102,2019-08-04,Production Technician II,EW,Active,Part-Time,Zone A,Part-Time,Production,General - Con,1953-09-19,MA,Female,Black,Single,Fully Meets,3,2023-02-03,5,1,4,2022-12-31,Project Management,External,Failed,2,150.04,66,0,71.44761904761904,3.3333333333333335
1103,2021-04-11,Production Technician I,BPC,Terminated,Full-Time,Zone C,Temporary,Production,Splicing,1957-02-04,MA,Male,Asian,Widowed,Fully Meets,3,2022-06-11,5,3,1,2023-07-05,Leadership Development,External,Passed,3,308.21,64,1,99.42258064516128,3.0
1104,2019-06-16,Production Technician I,PYZ,Active,Part-Time,Zone C,Temporary,Production,General - Eng,1995-09-14,MA,Male,Asian,Divorced,Fully Meets,3,2022-12-21,1,4,2,2022-08-11,Communication Skills,Internal,Completed,4,766.77,24,1,187.01707317073172,2.3333333333333335
1105,2020-10-08,Production Technician I,PL,Terminated,Contract,Zone A,Full-Time,Production,General - Con,1948-11-10,MA,Female,Hispanic,Single,Fully Meets,3,2023-02-15,1,4,1,2023-01-17,Technical Skills,Internal,Incomplete,4,172.19,72,0,41.99756097560976,2.0
1106,2021-08-18,Production Technician II,BPC,Active,Full-Time,Zone B,Temporary,Production,Aerial,1995-01-01,MA,Male,Other,Single,Fully Meets,3,2023-01-31,2,3,3,2022-10-31,Project Management,Internal,Completed,1,742.55,26,1,675.0454545454545,2.6666666666666665
1107,2020-03-16,Production Technician II,BPC,Active,Contract,Zone A,Part-Time,Production,Wireline Construction,1992-09-02,MA,Female,Other,Single,Fully Meets,3,2022-10-18,4,5,1,2023-01-26,Technical Skills,Internal,Failed,2,231.28,28,0,110.13333333333333,3.3333333333333335
1108,2019-01-24,Production Technician I,TNS,Active,Full-Time,Zone A,Full-Time,Production,General - Con,1969-04-18,MA,Male,White,Married,Fully Meets,3,2023-07-24,4,5,3,2023-05-23,Customer Service,Internal,Completed,5,124.54,50,1,24.419607843137257,4.0
1109,2022-06-11,Production Technician I,EW,Terminated,Full-Time,Zone C,Part-Time,Production,Field Operations,1981-01-10,MA,Female,White,Divorced,Fully Meets,3,2022-10-16,4,5,4,2023-01-21,Leadership Development,External,Completed,5,898.37,41,1,176.15098039215687,4.333333333333333
1110,2022-07-02,Production Technician II,NEL,Active,Full-Time,Zone B,Temporary,Production,General - Con,1987-05-05,MA,Female,Asian,Single,Fully Meets,3,2023-02-23,1,1,4,2022-10-13,Customer Service,Internal,Passed,2,764.36,35,1,363.9809523809524,2.0
1111,2019-09-08,Production Technician I,BPC,Terminated,Full-Time,Zone A,Part-Time,Production,Splicing,1952-05-31,MA,Female,White,Widowed,Fully Meets,3,2023-11-05,4,1,1,2022-12-05,Project Management,Internal,Failed,5,786.57,67,0,154.2294117647059,2.0
1112,2022-07-10,Production Technician I,MSC,Active,Full-Time,Zone A,Part-Time,Production,Engineers,1975-07-15,MA,Female,White,Single,Fully Meets,3,2023-06-07,4,1,1,2022-09-30,Communication Skills,Internal,Failed,3,668.05,47,0,215.49999999999997,2.0
1113,2022-04-24,Production Technician I,NEL,Active,Contract,Zone B,Part-Time,Production,General - Con,1976-03-09,MA,Female,Asian,Divorced,Fully Meets,3,2023-09-04,3,3,5,2023-01-20,Technical Skills,External,Incomplete,2,956.92,46,0,455.6761904761904,3.6666666666666665
1114,2020-03-31,Production Technician I,PL,Active,Full-Time,Zone C,Part-Time,Production,General - Con,1960-12-31,MA,Female,Hispanic,Widowed,Fully Meets,3,2023-03-03,1,3,3,2023-02-25,Communication Skills,Internal,Incomplete,1,912.27,60,0,829.3363636363636,2.3333333333333335
1115,2019-03-23,Production Technician I,PYZ,Active,Contract,Zone A,Part-Time,Production,Field Operations,1997-02-19,MA,Male,Black,Widowed,Fully Meets,3,2023-11-03,4,1,3,2023-05-19,Customer Service,Internal,Incomplete,4,881.71,22,0,215.05121951219516,2.6666666666666665
1116,2019-03-09,Production Technician I,SVG,Terminated,Full-Time,Zone A,Full-Time,Production,Field Operations,1984-10-08,MA,Male,White,Divorced,Fully Meets,3,2022-12-16,3,4,4,2023-05-16,Communication Skills,Internal,Incomplete,4,557.68,35,0,136.01951219512196,3.6666666666666665
1117,2019-02-21,Production Technician I,TNS,Terminated,Full-Time,Zone C,Temporary,Production,General - Con,1997-08-23,MA,Male,Other,Divorced,Fully Meets,3,2023-07-29,4,5,1,2023-01-12,Communication Skills,Internal,Completed,4,271.68,22,1,66.26341463414634,3.3333333333333335
1118,2019-10-04,Production Technician I,WBL,Active,Full-Time,Zone B,Temporary,Production,Engineers,1976-02-29,MA,Male,Asian,Divorced,Fully Meets,3,2023-02-22,1,5,3,2022-12-16,Communication Skills,External,Completed,2,299.68,43,1,142.7047619047619,3.0
1119,2019-11-24,Production Technician I,BPC,Active,Part-Time,Zone C,Part-Time,Production,Field Operations,1994-12-31,MA,Female,White,Single,Fully Meets,3,2023-04-16,4,4,5,2023-07-08,Communication Skills,Internal,Incomplete,5,440.28,25,0,86.32941176470588,4.333333333333333
1120,2020-08-17,Production Technician I,CCDR,Active,Part-Time,Zone B,Temporary,Production,People Services,1968-09-20,MA,Female,Black,Divorced,Fully Meets,3,2023-05-06,3,3,4,2023-03-10,Leadership Development,Internal,Incomplete,4,553.83,52,0,135.08048780487806,3.3333333333333335
1121,2021-03-16,Production Manager,EW,Active,Part-Time,Zone C,Full-Time,Production,Aerial,1981-05-29,MA,Female,Hispanic,Widowed,Fully Meets,3,2023-01-21,1,1,4,2022-09-19,Leadership Development,Internal,Failed,1,428.9,40,0,389.9090909090909,2.0
1122,2021-11-16,Production Manager,MSC,Active,Contract,Zone C,Part-Time,Production,General - Con,1975-11-13,MA,Female,White,Married,Fully Meets,3,2022-04-12,2,1,2,2023-01-21,Communication Skills,Internal,Passed,3,444.4,46,1,143.3548387096774,1.6666666666666667
1123,2022-05-03,Production Manager,NEL,Active,Full-Time,Zone B,Full-Time,Production,Field Operations,1965-06-11,MA,Female,Other,Married,Fully Meets,3,2023-10-06,2,3,1,2023-01-31,Project Management,Internal,Completed,4,254.38,57,1,62.04390243902439,2.0
1124,2019-12-24,Production Manager,PL,Active,Full-Time,Zone A,Full-Time,Production,Engineers,1986-06-17,MA,Female,Other,Married,Fully Meets,3,2023-02-27,3,2,3,2022-11-03,Communication Skills,Internal,Failed,1,256.21,33,0,232.91818181818178,2.6666666666666665
1125,2021-10-21,Production Technician II,WBL,Active,Contract,Zone B,Part-Time,Production,Aerial,1991-05-05,MA,Male,Hispanic,Married,Fully Meets,3,2023-03-17,4,3,4,2022-12-14,Communication Skills,Internal,Incomplete,2,756.19,30,0,360.0904761904762,3.6666666666666665
1126,2018-09-08,Production Technician II,NEL,Terminated,Part-Time,Zone C,Temporary,Production,Engineers,1959-10-27,MA,Male,White,Divorced,Fully Meets,3,2023-04-23,3,3,2,2023-07-29,Technical Skills,Internal,Failed,4,500.45,59,0,122.0609756097561,2.6666666666666665
1127,2019-02-26,Production Technician II,PL,Active,Full-Time,Zone A,Full-Time,Production,General - Con,2001-03-28,MA,Male,White,Married,Fully Meets,3,2023-01-27,5,1,3,2022-09-04,Communication Skills,External,Incomplete,2,500.83,18,0,238.4904761904762,3.0
1128,2023-04-21,Production Technician II,BPC,Active,Part-Time,Zone B,Part-Time,Production,General - Con,1957-06-20,MA,Female,Hispanic,Married,Fully Meets,3,2023-02-18,4,2,4,2023-05-17,Communication Skills,Internal,Incomplete,1,773.8,66,0,703.4545454545454,3.3333333333333335
1129,2019-09-19,Production Technician II,CCDR,Terminated,Full-Time,Zone B,Part-Time,Production,Field Operations,1956-05-17,MA,Female,Other,Married,Fully Meets,3,2022-10-31,1,1,1,2022-09-11,Technical Skills,Internal,Passed,2,768.06,63,1,365.7428571428571,1.0
1130,2020-12-23,Production Technician I,SVG,Active,Contract,Zone A,Part-Time,Production,Technology / It,1997-02-17,MA,Female,Hispanic,Divorced,Fully Meets,3,2023-07-05,1,5,4,2022-11-09,Leadership Development,External,Completed,3,777.7,23,1,250.8709677419355,3.3333333333333335
1131,2019-03-29,Production Technician I,EW,Active,Part-Time,Zone B,Part-Time,Production,Splicing,1995-03-22,MA,Female,Black,Single,Fully Meets,3,2023-11-05,4,4,4,2023-03-31,Customer Service,Internal,Incomplete,2,943.05,24,0,449.07142857142856,4.0
1132,2021-05-15,Production Technician I,NEL,Terminated,Contract,Zone B,Full-Time,Production,Aerial,1963-04-11,MA,Female,Hispanic,Widowed,Fully Meets,3,2023-07-15,1,5,5,2022-09-27,Communication Skills,Internal,Passed,4,475.91,58,1,116.07560975609758,3.6666666666666665
1133,2022-03-14,Production Technician I,PL,Terminated,Full-Time,Zone B,Part-Time,Production,Aerial,1949-11-20,MA,Female,Hispanic,Married,Fully Meets,3,2023-06-15,1,2,4,2022-08-19,Customer Service,External,Passed,3,107.14,73,1,34.561290322580646,2.3333333333333335
1134,2021-12-06,Production Technician I,BPC,Terminated,Part-Time,Zone C,Temporary,Production,General - Con,1996-07-09,MA,Female,Asian,Single,Fully Meets,3,2022-12-29,4,1,2,2022-12-09,Communication Skills,External,Passed,1,271.49,25,1,246.80909090909088,2.3333333333333335
1135,2021-10-27,Production Technician I,CCDR,Active,Full-Time,Zone A,Temporary,Production,Engineers,1964-08-30,MA,Male,Other,Widowed,Fully Meets,3,2023-02-23,5,4,4,2023-03-22,Project Management,Internal,Passed,2,524.23,57,1,249.63333333333333,4.333333333333333
1136,2023-04-01,Production Technician I,SVG,Active,Full-Time,Zone A,Temporary,Production,Field Operations,1946-03-27,MA,Male,Other,Divorced,Fully Meets,3,2023-09-04,2,5,2,2022-12-25,Customer Service,External,Completed,3,535.88,77,1,172.86451612903224,3.0
1137,2019-05-29,Production Technician I,EW,Active,Full-Time,Zone C,Part-Time,Production,Field Operations,1954-02-28,MA,Male,Black,Single,Fully Meets,3,2022-12-11,3,3,5,2022-09-09,Communication Skills,Internal,Passed,5,270.92,65,1,53.12156862745099,3.6666666666666665
1138,2019-07-12,Production Technician I,MSC,Active,Full-Time,Zone B,Temporary,Production,General - Eng,1983-02-08,MA,Male,Black,Divorced,Fully Meets,3,2022-10-19,4,5,1,2022-09-10,Customer Service,Internal,Failed,4,155.14,36,0,37.8390243902439,3.3333333333333335
1139,2018-08-10,Production Technician I,TNS,Active,Contract,Zone A,Temporary,Production,Splicing,1953-11-04,MA,Male,Hispanic,Married,Fully Meets,3,2022-08-27,2,4,2,2022-10-01,Customer Service,External,Completed,1,930.06,65,1,845.5090909090908,2.6666666666666665
1140,2021-09-29,Production Technician I,PYZ,Active,Part-Time,Zone C,Full-Time,Production,Engineers,1988-11-08,MA,Female,Black,Single,Fully Meets,3,2023-04-05,5,3,2,2022-09-27,Customer Service,Internal,Passed,1,949.81,33,1,863.4636363636363,3.3333333333333335
1141,2021-08-05,Production Technician I,WBL,Active,Contract,Zone A,Full-Time,Production,Field Operations,1941-08-14,MA,Female,Black,Divorced,Fully Meets,3,2022-12-26,5,5,2,2023-05-17,Technical Skills,Internal,Incomplete,1,635.31,80,0,577.5545454545454,4.0
1142,2023-08-02,Production Manager,NEL,Active,Full-Time,Zone B,Temporary,Production,Project Management - Con,1992-10-11,MA,Female,Asian,Married,Fully Meets,3,2023-06-21,4,4,4,2023-07-17,Leadership Development,External,Completed,3,675.04,31,1,217.75483870967741,4.0
1143,2018-09-02,Production Manager,PL,Active,Contract,Zone A,Full-Time,Production,Field Operations,1942-06-20,MA,Female,Hispanic,Widowed,Fully Meets,3,2022-12-13,2,4,2,2022-12-20,Customer Service,Internal,Failed,3,563.38,76,0,181.73548387096773,2.6666666666666665
1144,2019-10-13,Production Manager,BPC,Active,Part-Time,Zone B,Part-Time,Production,Wireline Construction,1963-04-16,MA,Female,Asian,Single,Fully Meets,3,2022-03-11,5,3,2,2023-01-10,Communication Skills,External,Completed,4,750.25,56,1,182.9878048780488,3.3333333333333335
1145,2020-09-24,Production Technician II,TNS,Active,Contract,Zone B,Full-Time,Production,Shop (Fleet),1948-04-03,MA,Male,Hispanic,Married,Fully Meets,3,2022-10-24,3,3,4,2022-11-15,Technical Skills,Internal,Incomplete,2,401.53,72,0,191.20476190476188,3.3333333333333335
1146,2023-08-06,Production Technician II,SVG,Active,Contract,Zone C,Part-Time,Production,Field Operations,1963-10-11,MA,Male,Hispanic,Divorced,Fully Meets,3,2022-09-21,3,2,2,2023-06-28,Technical Skills,External,Failed,3,894.88,60,0,288.6709677419355,2.3333333333333335
1147,2019-06-11,Production Technician II,PYZ,Terminated,Full-Time,Zone B,Full-Time,Production,General - Con,1943-09-30,MA,Female,Black,Single,Fully Meets,3,2023-03-19,1,3,5,2023-01-25,Leadership Development,Internal,Failed,2,247.58,76,0,117.8952380952381,3.0
1148,2019-02-14,Production Technician II,PL,Active,Part-Time,Zone A,Temporary,Production,Wireline Construction,1943-06-22,MA,Female,Black,Married,Fully Meets,3,2023-02-04,4,1,3,2022-09-01,Communication Skills,External,Passed,3,529.0,76,1,170.64516129032256,2.6666666666666665
1149,2022-03-17,Production Technician II,NEL,Active,Part-Time,Zone C,Temporary,Production,Field Operations,1941-09-17,MA,Female,Asian,Married,Fully Meets,3,2022-03-11,3,2,5,2023-07-31,Leadership Development,External,Failed,5,483.99,81,0,94.9,3.3333333333333335
1150,2020-08-05,Production Technician I,MSC,Active,Part-Time,Zone A,Full-Time,Production,Aerial,1981-03-04,MA,Female,White,Single,Fully Meets,3,2022-12-28,3,4,4,2023-06-03,Project Management,External,Incomplete,5,797.35,39,0,156.343137254902,3.6666666666666665
1151,2022-08-23,Production Technician I,EW,Active,Part-Time,Zone A,Part-Time,Production,Field Operations,1978-06-29,MA,Male,Asian,Widowed,Fully Meets,3,2022-12-12,5,3,1,2022-12-19,Project Management,External,Passed,4,707.59,44,1,172.5829268292683,3.0
1152,2023-01-12,Production Technician I,CCDR,Active,Full-Time,Zone A,Full-Time,Production,Engineers,1963-02-10,MA,Female,Other,Divorced,Fully Meets,3,2022-12-14,1,1,5,2023-03-29,Customer Service,External,Incomplete,2,564.48,60,0,268.8,2.3333333333333335
1153,2020-04-14,Production Technician I,EW,Terminated,Part-Time,Zone A,Temporary,Production,Field Operations,1941-10-20,MA,Female,Asian,Divorced,Fully Meets,3,2023-02-28,3,4,2,2022-12-02,Communication Skills,Internal,Failed,4,555.35,79,0,135.45121951219514,3.0
1154,2021-09-27,Production Technician I,MSC,Terminated,Full-Time,Zone C,Part-Time,Production,Field Operations,1987-01-11,MA,Female,White,Married,Fully Meets,3,2023-09-06,1,3,2,2022-08-12,Customer Service,Internal,Incomplete,3,338.48,34,0,109.18709677419355,2.0
1155,2018-11-17,Production Technician I,NEL,Terminated,Contract,Zone A,Temporary,Production,Finance & Accounting,1951-06-11,MA,Female,Other,Married,Fully Meets,3,2022-08-25,2,3,1,2022-09-10,Technical Skills,Internal,Failed,1,339.01,67,0,308.19090909090903,2.0
1156,2019-07-22,Production Technician I,PL,Terminated,Contract,Zone A,Full-Time,Production,Billable Consultants,1980-04-20,MA,Male,Hispanic,Married,Fully Meets,3,2023-12-05,1,5,2,2022-09-04,Customer Service,Internal,Incomplete,5,939.49,39,0,184.21372549019608,2.6666666666666665
1157,2019-02-10,Production Technician I,PYZ,Active,Part-Time,Zone A,Temporary,Production,Wireline Construction,1996-03-18,MA,Male,Hispanic,Married,Fully Meets,3,2023-06-06,1,4,2,2022-10-11,Technical Skills,External,Passed,1,276.47,23,1,251.33636363636364,2.3333333333333335
1158,2018-11-22,Production Technician I,SVG,Terminated,Full-Time,Zone A,Full-Time,Production,Field Operations,1958-04-07,MA,Male,Asian,Widowed,Fully Meets,3,2023-03-17,2,4,4,2022-09-14,Customer Service,External,Completed,3,154.71,60,1,49.906451612903226,3.3333333333333335
1159,2023-04-23,Production Technician I,TNS,Active,Part-Time,Zone A,Temporary,Production,Splicing,1979-03-06,MA,Male,Other,Divorced,Fully Meets,3,2023-02-18,1,2,4,2022-12-27,Leadership Development,External,Failed,3,674.24,44,0,217.4967741935484,2.3333333333333335
1160,2022-12-26,Production Technician I,WBL,Active,Part-Time,Zone B,Full-Time,Production,General - Con,1976-10-09,MA,Female,Asian,Single,Fully Meets,3,2022-08-20,4,2,3,2022-11-07,Leadership Development,External,Failed,2,137.96,46,0,65.6952380952381,3.0
1161,2020-06-14,Production Technician I,PYZ,Active,Contract,Zone B,Part-Time,Production,Yard (Material Handling),1954-08-30,MA,Female,Other,Widowed,Fully Meets,3,2023-09-04,3,4,4,2022-11-13,Technical Skills,Internal,Passed,5,926.85,66,1,181.73529411764707,3.6666666666666665
1162,2022-03-29,Production Technician I,WBL,Active,Full-Time,Zone C,Temporary,Production,General - Con,1983-08-17,MA,Female,Asian,Widowed,Fully Meets,3,2022-05-10,3,3,2,2022-09-02,Communication Skills,External,Incomplete,1,846.55,39,0,769.590909090909,2.6666666666666665
1163,2022-12-18,Production Manager,NEL,Active,Contract,Zone A,Part-Time,Production,Project Management - Con,1996-07-02,MA,Female,White,Divorced,Fully Meets,3,2022-12-14,1,2,3,2023-02-23,Communication Skills,External,Passed,3,734.77,26,1,237.02258064516127,2.0
1164,2019-03-21,Production Manager,PL,Active,Part-Time,Zone A,Part-Time,Production,General - Sga,1950-10-25,MA,Female,Other,Married,Fully Meets,3,2022-10-23,5,5,5,2023-03-01,Technical Skills,Internal,Incomplete,3,315.09,69,0,101.64193548387095,5.0
1165,2021-02-08,Production Manager,BPC,Active,Full-Time,Zone C,Full-Time,Production,Field Operations,1998-09-09,MA,Female,Other,Widowed,Fully Meets,3,2023-09-01,3,3,1,2022-09-27,Communication Skills,Internal,Passed,3,686.05,23,1,221.3064516129032,2.3333333333333335
1166,2022-06-06,Production Technician II,WBL,Active,Full-Time,Zone A,Temporary,Production,Field Operations,1965-01-13,MA,Male,Other,Married,Fully Meets,3,2023-02-27,2,1,4,2022-08-10,Communication Skills,External,Passed,4,942.51,57,1,229.88048780487807,2.3333333333333335
1167,2021-11-01,Production Technician II,NEL,Active,Contract,Zone B,Full-Time,Production,Field Operations,1955-01-09,MA,Female,Other,Single,Fully Meets,3,2023-05-22,2,3,4,2023-02-23,Project Management,Internal,Failed,4,782.82,66,0,190.9317073170732,3.0
1168,2023-01-19,Production Technician II,PL,Active,Contract,Zone A,Full-Time,Production,Field Operations,1951-10-01,MA,Female,White,Married,Fully Meets,3,2022-08-28,2,2,2,2022-09-02,Project Management,Internal,Failed,1,370.64,72,0,336.9454545454545,2.0
1169,2020-07-30,Production Technician II,BPC,Active,Contract,Zone B,Part-Time,Production,Field Operations,1960-09-15,MA,Female,Asian,Single,Fully Meets,3,2023-03-08,1,3,2,2023-06-30,Technical Skills,Internal,Incomplete,1,487.66,60,0,443.3272727272727,2.0
1170,2023-07-16,Production Technician II,CCDR,Active,Part-Time,Zone C,Full-Time,Production,Underground,1951-07-18,MA,Female,Black,Single,Fully Meets,3,2023-05-02,1,5,4,2023-08-04,Communication Skills,External,Incomplete,1,179.85,72,0,163.49999999999997,3.3333333333333335
1171,2022-06-16,Production Technician I,SVG,Active,Part-Time,Zone A,Part-Time,Production,Field Operations,1953-07-24,MA,Female,Hispanic,Single,Fully Meets,3,2023-06-24,4,1,4,2022-09-07,Project Management,Internal,Completed,1,294.74,69,1,267.94545454545454,3.0
1172,2021-06-13,Production Technician I,EW,Terminated,Full-Time,Zone C,Full-Time,Production,Engineers,1952-05-20,MA,Male,Asian,Married,Fully Meets,3,2023-06-19,1,3,2,2023-03-30,Communication Skills,External,Passed,5,202.09,69,1,39.62549019607844,2.0
1173,2020-11-14,Production Technician I,BPC,Terminated,Full-Time,Zone C,Full-Time,Production,Isp,1968-01-30,MA,Female,White,Widowed,Fully Meets,3,2023-06-16,5,5,2,2023-02-09,Customer Service,Internal,Passed,4,901.42,52,1,219.85853658536587,4.0
1174,2020-06-16,Production Technician I,CCDR,Terminated,Full-Time,Zone C,Temporary,Production,Field Operations,1973-10-12,MA,Female,Other,Widowed,Fully Meets,3,2023-06-03,2,1,5,2023-05-12,Project Management,External,Incomplete,3,454.23,47,0,146.5258064516129,2.6666666666666665
1175,2018-12-20,Production Technician I,EW,Terminated,Full-Time,Zone A,Part-Time,Production,Catv,1996-04-08,MA,Female,Asian,Divorced,Fully Meets,3,2023-04-22,2,1,2,2023-01-04,Project Management,Internal,Passed,3,460.39,22,1,148.51290322580644,1.6666666666666667
1176,2022-10-29,Production Technician I,MSC,Active,Contract,Zone A,Part-Time,Production,Engineers,1960-12-27,MA,Female,White,Married,Fully Meets,3,2022-10-17,2,2,5,2023-02-14,Leadership Development,Internal,Completed,2,644.72,62,1,307.0095238095238,3.0
1177,2020-07-20,Production Technician I,NEL,Active,Contract,Zone A,Temporary,Production,Aerial,1968-06-07,MA,Female,Other,Married,Fully Meets,3,2022-12-08,2,2,5,2022-09-17,Customer Service,External,Passed,3,436.86,52,1,140.9225806451613,3.0
1178,2021-10-03,Production Technician I,PL,Terminated,Contract,Zone C,Part-Time,Production,Field Operations,1959-07-05,MA,Male,Other,Single,Fully Meets,3,2023-03-05,2,1,2,2022-12-21,Project Management,External,Failed,1,361.52,62,0,328.6545454545454,1.6666666666666667
1179,2022-07-16,Production Technician I,PYZ,Active,Part-Time,Zone A,Full-Time,Production,Aerial,1990-08-09,MA,Male,Black,Divorced,Fully Meets,3,2023-10-07,3,5,1,2023-02-11,Technical Skills,Internal,Passed,2,229.05,32,1,109.07142857142857,3.0
1180,2020-06-30,Production Technician I,SVG,Active,Full-Time,Zone B,Full-Time,Production,Underground,1944-11-30,MA,Male,Hispanic,Single,Fully Meets,3,2023-05-15,4,3,1,2022-11-17,Technical Skills,Internal,Completed,3,787.85,76,1,254.1451612903226,2.6666666666666665
1181,2021-06-13,Production Technician I,TNS,Active,Full-Time,Zone C,Part-Time,Production,Wireline Construction,1993-06-16,MA,Male,Other,Married,Fully Meets,3,2023-05-07,5,5,4,2022-12-31,Communication Skills,External,Incomplete,1,483.82,28,0,439.8363636363636,4.666666666666667
1182,2020-12-29,Production Technician I,WBL,Active,Full-Time,Zone C,Temporary,Production,Splicing,1973-09-12,MA,Female,Black,Divorced,Fully Meets,3,2022-08-25,2,4,5,2022-10-19,Communication Skills,External,Passed,5,623.64,47,1,122.28235294117647,3.6666666666666665
1183,2022-02-03,Production Technician I,BPC,Active,Part-Time,Zone A,Full-Time,Production,Catv,1946-12-18,MA,Female,Black,Married,Fully Meets,3,2023-07-03,4,5,5,2023-07-16,Technical Skills,Internal,Incomplete,4,351.35,76,0,85.69512195121952,4.666666666666667
1184,2022-01-10,Production Technician I,CCDR,Active,Full-Time,Zone B,Temporary,Production,Wireline Construction,1951-01-10,MA,Female,Hispanic,Divorced,Fully Meets,3,2022-03-10,1,3,1,2023-01-31,Customer Service,Internal,Completed,3,512.51,71,1,165.3258064516129,1.6666666666666667
1185,2018-12-13,Production Manager,EW,Active,Part-Time,Zone A,Full-Time,Production,Fielders,1973-02-22,MA,Female,Other,Widowed,Fully Meets,3,2022-08-13,1,2,4,2022-09-22,Project Management,Internal,Failed,5,957.9,45,0,187.82352941176472,2.3333333333333335
1186,2021-03-03,Production Manager,MSC,Active,Full-Time,Zone A,Temporary,Production,Splicing,1983-08-25,MA,Female,Hispanic,Single,Fully Meets,3,2023-12-05,3,3,5,2023-06-12,Communication Skills,External,Failed,5,886.45,38,0,173.8137254901961,3.6666666666666665
1187,2021-07-04,Production Manager,NEL,Active,Part-Time,Zone A,Full-Time,Production,Aerial,1997-09-15,MA,Female,Black,Single,Fully Meets,3,2022-11-19,4,1,1,2022-10-25,Communication Skills,Internal,Incomplete,4,443.55,24,0,108.18292682926831,2.0
1188,2020-02-06,Production Technician II,WBL,Terminated,Contract,Zone B,Part-Time,Production,General - Sga,1979-05-28,MA,Male,Black,Divorced,Fully Meets,3,2023-07-16,4,1,1,2023-01-07,Technical Skills,Internal,Passed,4,899.13,41,1,219.3,2.0
1189,2020-06-28,Production Technician II,NEL,Terminated,Contract,Zone C,Full-Time,Production,General - Eng,1988-07-03,MA,Female,Other,Married,Fully Meets,3,2023-07-19,5,5,3,2022-09-20,Communication Skills,External,Completed,1,202.74,32,1,184.3090909090909,4.333333333333333
1190,2020-12-22,Production Technician II,PL,Terminated,Contract,Zone B,Full-Time,Production,Project Management - Eng,1998-04-20,MA,Female,Hispanic,Married,Fully Meets,3,2023-07-04,2,5,3,2023-05-21,Project Management,External,Failed,4,727.81,22,0,177.51463414634148,3.3333333333333335
1191,2019-11-24,Production Technician II,BPC,Active,Full-Time,Zone B,Full-Time,Production,Wireline Construction,1978-04-25,MA,Female,Black,Divorced,Fully Meets,3,2023-07-13,4,4,4,2022-09-23,Customer Service,Internal,Completed,2,820.39,41,1,390.66190476190474,4.0
1192,2022-09-23,Production Technician II,CCDR,Active,Full-Time,Zone C,Full-Time,Production,General - Con,1988-07-12,MA,Female,White,Single,Fully Meets,3,2022-12-24,3,1,1,2022-10-11,Leadership Development,External,Passed,4,111.94,34,1,27.302439024390246,1.6666666666666667
1193,2020-02-06,Production Technician I,SVG,Terminated,Full-Time,Zone B,Temporary,Production,Aerial,1950-09-18,MA,Female,Black,Married,Fully Meets,3,2022-08-15,5,2,3,2023-05-05,Technical Skills,External,Failed,1,231.96,70,0,210.87272727272727,3.3333333333333335
1194,2019-01-14,Production Technician I,EW,Terminated,Full-Time,Zone C,Temporary,Production,Field Operations,1953-08-03,MA,Male,Asian,Widowed,Fully Meets,3,2022-04-12,5,4,2,2023-05-07,Communication Skills,Internal,Completed,2,430.92,66,1,205.2,3.6666666666666665
1196,2019-03-09,Production Technician I,PYZ,Active,Part-Time,Zone C,Temporary,Production,General - Eng,1978-07-11,MA,Female,Other,Married,Fully Meets,3,2023-02-06,4,5,4,2023-02-28,Communication Skills,Internal,Completed,5,355.3,41,1,69.66666666666667,4.333333333333333
1197,2020-06-13,Production Technician I,WBL,Active,Full-Time,Zone B,Part-Time,Production,Safety,1958-12-06,MA,Female,Hispanic,Divorced,Fully Meets,3,2022-09-11,3,5,4,2023-02-25,Technical Skills,Internal,Passed,5,575.1,62,1,112.76470588235296,4.0
1198,2019-01-22,Production Technician I,NEL,Active,Contract,Zone B,Part-Time,Production,Field Operations,1952-09-28,MA,Female,Asian,Married,Fully Meets,3,2022-12-12,3,2,2,2023-06-19,Project Management,Internal,Failed,1,140.82,67,0,128.0181818181818,2.3333333333333335
1199,2020-12-12,Production Technician I,PL,Active,Full-Time,Zone B,Part-Time,Production,Field Operations,1950-04-14,MA,Female,White,Widowed,Fully Meets,3,2023-06-27,3,3,3,2022-11-28,Leadership Development,External,Passed,2,663.19,70,1,315.8047619047619,3.0
1200,2022-04-27,Production Technician I,BPC,Active,Part-Time,Zone A,Full-Time,Production,General - Con,1977-08-10,MA,Female,Other,Married,Fully Meets,3,2023-04-19,4,5,1,2023-07-29,Project Management,Internal,Incomplete,2,996.77,45,0,474.65238095238095,3.3333333333333335
1201,2022-04-11,Production Technician I,CCDR,Terminated,Contract,Zone A,Part-Time,Production,General - Con,1954-01-27,MA,Male,Other,Divorced,Fully Meets,3,2023-02-23,2,4,4,2022-10-10,Communication Skills,External,Passed,2,145.39,68,1,69.23333333333332,3.3333333333333335
1202,2022-09-01,Production Technician I,SVG,Terminated,Contract,Zone B,Temporary,Production,Wireline Construction,1983-06-20,MA,Male,White,Widowed,Fully Meets,3,2022-08-14,1,3,2,2022-12-08,Technical Skills,Internal,Incomplete,1,344.74,39,0,313.4,2.0
1203,2018-09-08,Production Technician I,EW,Active,Contract,Zone A,Part-Time,Production,Engineers,1987-01-16,MA,Male,White,Divorced,Fully Meets,3,2022-03-10,3,5,3,2022-10-12,Project Management,External,Incomplete,5,308.09,31,0,60.409803921568624,3.6666666666666665
1204,2022-11-24,Production Technician I,MSC,Active,Full-Time,Zone B,Temporary,Production,General - Sga,1948-08-26,MA,Male,White,Married,Fully Meets,3,2023-06-22,1,4,3,2023-07-16,Project Management,External,Incomplete,1,610.96,74,0,555.4181818181818,2.6666666666666665
1205,2020-07-23,Production Technician I,TNS,Active,Full-Time,Zone C,Part-Time,Production,Yard (Material Handling),1956-04-05,MA,Female,Hispanic,Single,Fully Meets,3,2023-07-04,2,1,2,2023-08-01,Communication Skills,External,Failed,3,201.83,64,0,65.10645161290323,1.6666666666666667
1206,2018-12-28,Production Technician I,PYZ,Active,Part-Time,Zone C,Part-Time,Production,Engineers,1956-02-15,MA,Female,White,Divorced,Fully Meets,3,2022-10-17,3,4,2,2023-07-20,Technical Skills,Internal,Passed,5,391.85,62,1,76.83333333333334,3.0
1207,2019-10-01,Production Technician I,WBL,Active,Contract,Zone B,Full-Time,Production,Wireline Construction,1956-08-07,MA,Female,White,Divorced,Fully Meets,3,2022-06-08,2,1,2,2022-12-07,Communication Skills,Internal,Completed,5,682.36,63,1,133.79607843137256,1.6666666666666667
1208,2019-08-17,Production Manager,NEL,Active,Contract,Zone A,Part-Time,Production,Wireline Construction,1979-12-30,MA,Female,Black,Single,Fully Meets,3,2022-08-18,5,1,5,2022-09-20,Leadership Development,Internal,Passed,3,492.39,40,1,158.83548387096772,3.6666666666666665
1209,2023-05-31,Production Manager,PL,Active,Part-Time,Zone A,Part-Time,Production,Wireline Construction,1999-04-06,MA,Female,Other,Married,Fully Meets,3,2023-05-28,1,3,1,2023-06-18,Communication Skills,External,Failed,2,197.78,24,0,94.18095238095238,1.6666666666666667
1210,2020-12-08,Production Manager,BPC,Active,Full-Time,Zone B,Part-Time,Production,Field Operations,1948-12-24,MA,Female,Asian,Divorced,Fully Meets,3,2022-10-24,4,5,1,2023-01-09,Leadership Development,External,Incomplete,4,485.44,72,0,118.4,3.3333333333333335
1211,2018-11-05,Production Technician II,CCDR,Terminated,Part-Time,Zone B,Part-Time,Production,Field Operations,1981-11-12,MA,Male,Other,Widowed,Fully Meets,3,2023-03-16,3,3,1,2023-07-30,Leadership Development,External,Passed,3,557.34,37,1,179.78709677419354,2.3333333333333335
1212,2020-08-26,Production Technician II,EW,Terminated,Contract,Zone C,Full-Time,Production,Engineers,1983-08-27,MA,Female,Hispanic,Single,Fully Meets,3,2023-01-31,4,5,4,2023-05-03,Project Management,Internal,Failed,5,817.92,37,0,160.3764705882353,4.333333333333333
1213,2020-02-23,Production Technician II,MSC,Active,Part-Time,Zone A,Part-Time,Production,Project Management - Con,1987-03-22,MA,Female,White,Married,Fully Meets,3,2022-09-28,1,2,4,2023-02-15,Project Management,External,Failed,4,485.39,33,0,118.38780487804878,2.3333333333333335
1214,2022-02-12,Production Technician II,NEL,Active,Full-Time,Zone B,Full-Time,Production,Splicing,1967-09-19,MA,Female,Asian,Divorced,Fully Meets,3,2023-02-06,1,5,3,2023-04-02,Customer Service,Internal,Completed,3,145.13,55,1,46.81612903225806,3.0
1215,2020-02-13,Production Technician II,PL,Active,Contract,Zone C,Temporary,Production,Aerial,1983-07-18,MA,Female,Asian,Widowed,Fully Meets,3,2022-10-25,2,1,5,2022-09-13,Communication Skills,External,Passed,4,751.88,37,1,183.38536585365856,2.6666666666666665
1216,2023-02-15,Production Technician I,PYZ,Terminated,Part-Time,Zone B,Part-Time,Production,General - Con,1986-06-19,MA,Female,Black,Single,Fully Meets,3,2022-09-09,4,1,1,2023-07-16,Leadership Development,External,Incomplete,1,136.48,37,0,124.07272727272725,2.0
1217,2019-12-03,Production Technician I,SVG,Terminated,Full-Time,Zone B,Part-Time,Production,Wireline Construction,1960-07-17,MA,Male,Asian,Single,Fully Meets,3,2022-08-23,5,5,1,2023-04-17,Customer Service,External,Completed,1,857.42,59,1,779.4727272727272,3.6666666666666665
1218,2018-12-31,Production Technician I,WBL,Active,Full-Time,Zone B,Temporary,Production,General - Con,1974-10-15,MA,Female,Black,Married,Fully Meets,3,2023-02-27,2,3,1,2023-01-30,Leadership Development,Internal,Failed,3,733.16,44,0,236.5032258064516,2.0
1219,2020-01-16,Production Technician I,BPC,Terminated,Part-Time,Zone B,Part-Time,Production,Engineers,1974-09-02,MA,Female,Hispanic,Married,Fully Meets,3,2023-07-17,2,2,2,2022-09-15,Communication Skills,External,Failed,5,761.31,46,0,149.2764705882353,2.0
1220,2018-11-20,Production Technician I,CCDR,Terminated,Full-Time,Zone C,Temporary,Production,Executive,1949-12-31,MA,Female,Asian,Single,Fully Meets,3,2023-08-05,5,2,4,2023-06-29,Leadership Development,External,Passed,1,920.41,69,1,836.7363636363635,3.6666666666666665
1221,2022-11-11,Production Technician I,EW,Terminated,Part-Time,Zone A,Part-Time,Production,Yard (Material Handling),1967-09-04,MA,Female,Asian,Single,Fully Meets,3,2022-08-17,5,5,3,2022-08-25,Customer Service,Internal,Passed,4,167.69,55,1,40.900000000000006,4.333333333333333
1222,2020-12-18,Production Technician I,MSC,Terminated,Contract,Zone A,Part-Time,Production,People Services,1949-12-26,MA,Female,Asian,Widowed,Fully Meets,3,2023-03-31,5,2,1,2023-03-10,Leadership Development,External,Passed,2,931.45,71,1,443.54761904761904,2.6666666666666665
1223,2021-01-26,Production Technician I,NEL,Active,Full-Time,Zone C,Temporary,Production,Engineers,1996-01-15,MA,Female,Asian,Widowed,Fully Meets,3,2023-07-05,4,1,4,2022-08-30,Project Management,External,Completed,1,474.36,25,1,431.2363636363636,3.0
1224,2021-11-26,Production Technician I,PL,Terminated,Part-Time,Zone B,Part-Time,Production,Wireline Construction,1964-09-27,MA,Male,Hispanic,Married,Fully Meets,3,2023-05-20,4,2,3,2023-03-18,Project Management,Internal,Incomplete,5,598.72,57,0,117.39607843137256,3.0
1225,2023-05-15,Production Technician I,PYZ,Active,Contract,Zone C,Part-Time,Production,Finance & Accounting,1957-01-14,MA,Male,Asian,Married,Fully Meets,3,2022-05-11,1,2,4,2022-08-14,Customer Service,Internal,Completed,5,557.02,66,1,109.21960784313725,2.3333333333333335
1226,2023-06-20,Production Technician I,SVG,Active,Full-Time,Zone A,Full-Time,Production,Field Operations,1967-04-16,MA,Male,Other,Divorced,Fully Meets,3,2023-04-04,4,5,4,2023-05-20,Customer Service,Internal,Completed,3,939.92,56,1,303.2,4.333333333333333
1227,2019-08-22,Production Technician I,TNS,Active,Part-Time,Zone C,Part-Time,Production,Billable Consultants,1987-03-21,MA,Female,Other,Divorced,Fully Meets,3,2022-12-12,1,2,2,2023-05-15,Communication Skills,External,Failed,3,669.19,32,0,215.86774193548388,1.6666666666666667
1228,2021-08-30,Production Technician I,WBL,Active,Contract,Zone B,Full-Time,Production,Fielders,1994-02-12,MA,Female,Other,Widowed,Fully Meets,3,2023-01-21,2,5,3,2022-10-05,Technical Skills,Internal,Failed,5,525.69,27,0,103.07647058823531,3.3333333333333335
1229,2020-01-27,Production Technician I,BPC,Active,Part-Time,Zone B,Part-Time,Production,Field Operations,1952-12-31,MA,Female,Black,Single,Fully Meets,3,2023-05-20,4,2,5,2023-01-11,Customer Service,External,Failed,1,173.66,68,0,157.87272727272725,3.6666666666666665
1230,2022-03-04,Production Technician I,CCDR,Active,Contract,Zone C,Temporary,Production,Wireline Construction,1974-09-18,MA,Female,Hispanic,Widowed,Fully Meets,3,2022-11-30,5,4,4,2023-04-30,Communication Skills,External,Completed,1,635.71,48,1,577.9181818181818,4.333333333333333
1231,2020-03-07,Production Manager,EW,Active,Contract,Zone B,Temporary,Production,Wireless,1994-03-10,MA,Female,Black,Married,Fully Meets,3,2023-03-13,2,2,1,2022-08-06,Project Management,External,Passed,1,896.8,26,1,815.2727272727271,1.6666666666666667
1232,2020-03-19,Production Manager,MSC,Active,Full-Time,Zone B,Full-Time,Production,People Services,1947-03-17,MA,Female,Other,Single,Fully Meets,3,2022-08-22,2,1,5,2022-11-30,Leadership Development,Internal,Incomplete,4,857.61,73,0,209.17317073170733,2.6666666666666665
1233,2022-07-23,Production Technician II,WBL,Active,Full-Time,Zone A,Part-Time,Production,Wireline Construction,1992-07-05,MA,Male,Other,Divorced,Fully Meets,3,2023-01-05,5,5,3,2022-11-29,Customer Service,Internal,Failed,3,460.59,30,0,148.5774193548387,4.333333333333333
1234,2019-10-18,Production Technician II,NEL,Terminated,Full-Time,Zone A,Temporary,Production,Sales & Marketing,1947-06-19,MA,Female,Black,Divorced,Fully Meets,3,2022-11-12,4,1,5,2023-02-19,Leadership Development,Internal,Passed,1,504.82,72,1,458.9272727272727,3.3333333333333335
1235,2020-04-14,Production Technician II,PL,Active,Full-Time,Zone B,Full-Time,Production,General - Con,1998-05-17,MA,Female,Other,Widowed,Fully Meets,3,2023-03-23,5,5,3,2023-04-10,Project Management,Internal,Failed,3,737.91,22,0,238.03548387096774,4.333333333333333
1236,2018-11-25,Production Technician II,BPC,Terminated,Part-Time,Zone B,Full-Time,Production,Field Operations,1946-11-12,MA,Female,White,Married,Fully Meets,3,2023-07-25,1,4,1,2023-04-17,Customer Service,External,Passed,2,244.25,72,1,116.30952380952381,2.0
1237,2021-03-23,Production Technician II,CCDR,Terminated,Part-Time,Zone A,Part-Time,Production,Yard (Material Handling),1975-12-17,MA,Female,Black,Divorced,Fully Meets,3,2023-11-07,4,3,1,2022-11-11,Leadership Development,External,Passed,2,762.82,46,1,363.2476190476191,2.6666666666666665
1238,2020-10-27,Production Technician I,SVG,Terminated,Part-Time,Zone B,Part-Time,Production,Engineers,1968-12-09,MA,Female,Other,Single,Fully Meets,3,2022-12-29,1,3,3,2022-11-14,Leadership Development,Internal,Incomplete,2,640.14,52,0,304.8285714285714,2.3333333333333335
1239,2022-06-11,Production Technician I,TNS,Terminated,Part-Time,Zone C,Temporary,Production,Splicing,2001-09-07,MA,Female,Hispanic,Single,Fully Meets,3,2022-07-10,4,5,5,2023-04-28,Project Management,Internal,Incomplete,3,726.03,21,0,234.2032258064516,4.666666666666667
1240,2020-03-19,Production Technician I,PYZ,Active,Contract,Zone B,Temporary,Production,Isp,1985-11-04,MA,Female,Asian,Single,Fully Meets,3,2023-02-08,1,4,3,2023-01-04,Communication Skills,External,Passed,5,758.75,35,1,148.77450980392157,2.6666666666666665
1241,2019-11-07,Production Technician I,WBL,Terminated,Contract,Zone B,Full-Time,Production,Field Operations,1992-03-13,MA,Female,Black,Married,Fully Meets,3,2023-01-16,4,4,3,2023-02-01,Project Management,External,Failed,5,878.94,27,0,172.34117647058827,3.6666666666666665
1242,2023-04-24,Production Technician I,NEL,Active,Full-Time,Zone C,Part-Time,Production,Wireline Construction,1959-03-18,MA,Female,White,Married,Fully Meets,3,2023-07-28,4,4,1,2023-03-14,Project Management,External,Passed,3,227.9,64,1,73.51612903225806,3.0
1243,2020-06-04,Production Technician I,PL,Active,Contract,Zone A,Temporary,Production,General - Con,1979-07-03,MA,Female,White,Widowed,Fully Meets,3,2023-04-05,5,2,3,2023-02-05,Communication Skills,Internal,Incomplete,3,855.27,41,0,275.89354838709676,3.3333333333333335
1244,2022-05-23,Production Technician I,BPC,Active,Part-Time,Zone A,Full-Time,Production,Isp,1954-11-02,MA,Male,Asian,Married,Fully Meets,3,2022-08-17,2,3,5,2023-02-18,Technical Skills,External,Incomplete,5,170.62,68,0,33.45490196078432,3.3333333333333335
1245,2019-05-17,Production Technician I,CCDR,Active,Full-Time,Zone B,Temporary,Production,Engineers,1961-03-02,MA,Male,White,Widowed,Fully Meets,3,2022-09-23,3,5,5,2023-06-29,Communication Skills,Internal,Incomplete,4,392.14,58,0,95.6439024390244,4.333333333333333
1246,2018-09-28,Production Technician I,SVG,Terminated,Part-Time,Zone B,Temporary,Production,Field Operations,1943-11-14,MA,Male,Black,Widowed,Fully Meets,3,2023-12-01,4,3,2,2022-12-25,Communication Skills,Internal,Completed,1,206.93,75,1,188.1181818181818,3.0
1247,2019-03-04,Production Technician I,EW,Active,Part-Time,Zone C,Part-Time,Production,Wireless,1972-03-26,MA,Female,Other,Single,Fully Meets,3,2022-11-13,2,4,5,2022-12-09,Customer Service,External,Completed,5,307.13,47,1,60.221568627450985,3.6666666666666665
1248,2021-03-29,Production Technician I,MSC,Active,Part-Time,Zone B,Full-Time,Production,Underground,1988-09-09,MA,Female,White,Divorced,Fully Meets,3,2022-05-12,5,3,2,2022-08-24,Communication Skills,Internal,Passed,4,165.05,33,1,40.25609756097562,3.3333333333333335
1249,2019-07-07,Production Technician I,TNS,Active,Full-Time,Zone A,Part-Time,Production,Field Operations,1996-11-30,MA,Female,Asian,Divorced,Fully Meets,3,2022-12-22,2,4,2,2022-08-15,Communication Skills,Internal,Completed,4,371.27,23,1,90.55365853658537,2.6666666666666665
1250,2018-09-06,Production Technician I,BPC,Active,Contract,Zone B,Full-Time,Production,General - Sga,1990-08-12,MA,Female,Black,Widowed,Fully Meets,3,2023-04-26,4,5,1,2023-04-28,Communication Skills,External,Incomplete,3,366.78,28,0,118.31612903225805,3.3333333333333335
1251,2018-09-25,Production Technician I,CCDR,Active,Part-Time,Zone A,Part-Time,Production,Splicing,1948-05-03,MA,Female,Asian,Married,Fully Meets,3,2022-03-12,5,5,3,2023-02-04,Communication Skills,External,Failed,5,205.92,70,0,40.37647058823529,4.333333333333333
1252,2022-03-11,Production Manager,EW,Active,Part-Time,Zone A,Temporary,Production,Project Management - Con,1982-02-21,MA,Female,Asian,Divorced,Fully Meets,3,2023-10-06,2,3,2,2022-11-20,Leadership Development,Internal,Completed,1,314.51,40,1,285.9181818181818,2.3333333333333335
1253,2020-07-13,Production Manager,MSC,Active,Part-Time,Zone A,Part-Time,Production,Project Management - Con,1971-05-15,MA,Female,Asian,Divorced,Fully Meets,3,2023-10-01,2,4,2,2023-06-03,Customer Service,Internal,Completed,2,793.86,49,1,378.0285714285714,2.6666666666666665
1254,2020-06-22,Production Technician II,WBL,Active,Contract,Zone B,Full-Time,Production,General - Con,1950-07-06,MA,Female,White,Married,Fully Meets,3,2023-06-18,3,1,5,2023-04-20,Project Management,Internal,Passed,3,252.53,70,1,81.46129032258064,3.0
1255,2019-09-30,Production Technician II,NEL,Terminated,Full-Time,Zone A,Temporary,Production,General - Con,1984-11-24,MA,Female,Black,Married,Fully Meets,3,2022-03-11,3,1,1,2022-10-23,Customer Service,External,Passed,2,693.25,35,1,330.1190476190476,1.6666666666666667
1256,2020-01-08,Production Technician II,PL,Active,Contract,Zone A,Temporary,Production,Wireline Construction,1991-08-14,MA,Female,White,Widowed,Fully Meets,3,2022-10-24,4,4,2,2023-05-26,Project Management,Internal,Completed,4,926.76,29,1,226.03902439024392,3.3333333333333335
1257,2021-10-16,Production Technician II,BPC,Active,Full-Time,Zone B,Temporary,Production,Engineers,1978-07-11,MA,Female,Asian,Divorced,Fully Meets,3,2023-07-19,2,1,1,2023-05-23,Technical Skills,Internal,Failed,1,694.61,43,0,631.4636363636363,1.3333333333333333
1258,2022-06-29,Production Technician II,CCDR,Active,Full-Time,Zone C,Temporary,Production,Aerial,1977-10-16,MA,Female,Other,Widowed,Fully Meets,3,2023-04-16,3,5,4,2023-06-30,Project Management,Internal,Incomplete,1,732.02,45,0,665.4727272727272,4.0
1259,2022-05-01,Production Technician I,SVG,Terminated,Full-Time,Zone A,Temporary,Production,General - Con,1956-07-14,MA,Male,White,Single,Fully Meets,3,2022-10-17,1,3,4,2023-01-04,Leadership Development,Internal,Completed,1,897.62,66,1,816.0181818181818,2.6666666666666665
1260,2018-08-16,Production Technician I,TNS,Active,Full-Time,Zone B,Part-Time,Production,Project Management - Con,1957-06-18,MA,Female,Asian,Married,Fully Meets,3,2023-02-21,5,2,5,2022-11-21,Leadership Development,Internal,Completed,2,786.57,61,1,374.5571428571429,4.0
1261,2019-12-27,Production Technician I,PYZ,Active,Part-Time,Zone C,Temporary,Production,Field Operations,1959-09-27,MA,Female,Hispanic,Married,Fully Meets,3,2023-07-13,2,5,4,2023-07-26,Project Management,External,Incomplete,3,613.93,60,0,198.04193548387096,3.6666666666666665
1262,2021-07-01,Production Technician I,WBL,Terminated,Part-Time,Zone A,Full-Time,Production,Engineers,1977-03-16,MA,Female,Hispanic,Widowed,Fully Meets,3,2022-12-16,3,4,1,2023-01-17,Communication Skills,Internal,Passed,2,711.8,44,1,338.9523809523809,2.6666666666666665
1263,2022-10-20,Production Technician I,NEL,Active,Full-Time,Zone B,Full-Time,Production,Shop (Fleet),1952-11-14,MA,Female,Hispanic,Divorced,Fully Meets,3,2023-01-24,4,5,3,2023-03-03,Communication Skills,Internal,Failed,5,784.1,70,0,153.7450980392157,4.0
1264,2019-02-15,Production Technician I,PL,Active,Full-Time,Zone C,Full-Time,Production,Field Operations,1998-10-23,MA,Female,Hispanic,Married,Fully Meets,3,2023-04-21,3,5,4,2023-05-16,Customer Service,Internal,Failed,5,509.67,21,0,99.93529411764708,4.0
1265,2022-01-17,Production Technician I,BPC,Terminated,Part-Time,Zone C,Full-Time,Production,Field Operations,1976-05-28,MA,Male,Black,Widowed,Fully Meets,3,2023-06-28,4,2,5,2023-06-15,Leadership Development,Internal,Incomplete,4,494.96,46,0,120.7219512195122,3.6666666666666665
1266,2021-11-14,Production Technician I,CCDR,Terminated,Full-Time,Zone A,Full-Time,Production,Project Management - Con,1971-04-04,MA,Male,Hispanic,Divorced,Fully Meets,3,2023-03-29,1,3,1,2023-03-30,Project Management,Internal,Incomplete,5,465.72,50,0,91.31764705882354,1.6666666666666667
1267,2020-11-14,Production Technician I,SVG,Active,Part-Time,Zone C,Full-Time,Production,General - Con,1971-11-09,MA,Female,White,Divorced,Fully Meets,3,2023-04-25,4,1,5,2023-02-27,Technical Skills,Internal,Failed,1,507.43,49,0,461.29999999999995,3.3333333333333335
1268,2023-02-25,Production Technician I,EW,Active,Part-Time,Zone A,Part-Time,Production,General - Con,1961-12-26,MA,Female,Other,Single,Fully Meets,3,2023-04-18,2,1,2,2023-05-25,Project Management,External,Passed,5,401.97,62,1,78.81764705882354,1.6666666666666667
1269,2022-08-23,Production Technician I,MSC,Active,Contract,Zone A,Full-Time,Production,Yard (Material Handling),1965-04-28,MA,Female,Black,Divorced,Fully Meets,3,2022-09-19,1,2,4,2022-12-23,Customer Service,External,Passed,4,813.9,57,1,198.51219512195124,2.3333333333333335
1270,2019-05-01,Production Technician I,TNS,Active,Part-Time,Zone C,Full-Time,Production,Field Operations,1967-10-17,MA,Female,Hispanic,Married,Fully Meets,3,2023-03-16,5,5,1,2022-08-21,Leadership Development,External,Completed,2,360.02,52,1,171.43809523809523,3.6666666666666665
1271,2020-04-26,Production Technician I,PYZ,Active,Full-Time,Zone A,Part-Time,Production,General - Sga,1951-11-16,MA,Female,Asian,Widowed,Fully Meets,3,2023-01-13,3,1,5,2023-02-15,Customer Service,Internal,Completed,3,692.71,69,1,223.45483870967743,3.0
1272,2021-02-08,Production Technician I,WBL,Active,Full-Time,Zone C,Temporary,Production,General - Eng,1971-05-27,MA,Female,Black,Single,Fully Meets,3,2022-10-31,4,2,3,2023-02-24,Technical Skills,Internal,Failed,3,233.12,50,0,75.2,3.0
1273,2020-10-29,Production Manager,NEL,Active,Contract,Zone A,Part-Time,Production,General - Sga,1957-03-14,MA,Female,Asian,Single,Fully Meets,3,2023-02-26,1,4,2,2023-05-24,Technical Skills,External,Incomplete,1,881.48,63,0,801.3454545454545,2.3333333333333335
1274,2022-11-22,Production Manager,PL,Active,Contract,Zone A,Full-Time,Production,Engineers,1975-06-11,MA,Female,Black,Single,Fully Meets,3,2023-03-19,2,1,5,2023-05-22,Project Management,Internal,Passed,2,448.48,47,1,213.56190476190477,2.6666666666666665
1275,2022-10-11,Production Technician II,CCDR,Active,Full-Time,Zone B,Part-Time,Production,Aerial,1982-06-19,MA,Female,Other,Single,Fully Meets,3,2022-08-19,2,5,3,2023-06-13,Communication Skills,External,Incomplete,3,288.88,40,0,93.18709677419355,3.3333333333333335
1276,2019-12-28,Production Technician II,EW,Active,Full-Time,Zone A,Full-Time,Production,General - Sga,1978-04-21,MA,Female,White,Married,Fully Meets,3,2023-01-06,1,4,5,2023-07-15,Communication Skills,Internal,Failed,1,572.45,41,0,520.4090909090909,3.3333333333333335
1277,2019-04-11,Production Technician II,MSC,Active,Full-Time,Zone C,Part-Time,Production,Splicing,1984-10-05,MA,Female,Other,Single,Fully Meets,3,2023-01-08,4,3,3,2023-03-27,Communication Skills,Internal,Passed,3,141.38,35,1,45.60645161290322,3.3333333333333335
1278,2020-10-26,Production Technician II,NEL,Active,Full-Time,Zone A,Part-Time,Production,Field Operations,1955-08-13,MA,Female,White,Divorced,Fully Meets,3,2023-05-28,2,4,5,2023-02-04,Technical Skills,Internal,Incomplete,1,331.46,65,0,301.32727272727266,3.6666666666666665
1279,2021-07-09,Production Technician II,PL,Terminated,Part-Time,Zone B,Full-Time,Production,Field Operations,1994-07-16,MA,Female,White,Married,Fully Meets,3,2022-11-10,3,3,5,2022-11-23,Technical Skills,Internal,Incomplete,4,704.93,27,0,171.93414634146342,3.6666666666666665
1280,2022-01-12,Production Technician I,MSC,Active,Full-Time,Zone C,Temporary,Production,General - Sga,1944-04-19,MA,Male,Black,Single,Fully Meets,3,2022-12-11,3,2,2,2023-06-08,Leadership Development,External,Completed,4,450.65,78,1,109.91463414634147,2.3333333333333335
1281,2020-08-07,Production Technician I,TNS,Terminated,Part-Time,Zone A,Part-Time,Production,Finance & Accounting,1968-12-19,MA,Female,White,Widowed,Fully Meets,3,2023-05-31,4,2,1,2023-01-31,Project Management,External,Completed,3,775.97,52,1,250.31290322580645,2.3333333333333335
1282,2021-04-10,Production Technician I,BPC,Terminated,Part-Time,Zone A,Temporary,Production,Catv,1980-12-28,MA,Female,Black,Widowed,Fully Meets,3,2022-04-10,3,3,1,2023-02-20,Leadership Development,External,Passed,4,376.0,41,1,91.70731707317074,2.3333333333333335
1283,2021-01-11,Production Technician I,CCDR,Active,Full-Time,Zone C,Full-Time,Production,General - Eng,2000-02-18,MA,Female,Asian,Married,Fully Meets,3,2022-11-19,2,1,2,2023-01-17,Customer Service,External,Failed,2,106.54,21,0,50.733333333333334,1.6666666666666667
1284,2019-12-08,Production Technician I,EW,Active,Contract,Zone B,Full-Time,Production,General - Eng,1985-01-28,MA,Female,Other,Married,Fully Meets,3,2022-11-24,5,1,5,2022-11-10,Communication Skills,External,Completed,1,852.87,34,1,775.3363636363636,3.6666666666666665
1285,2021-09-26,Production Technician I,MSC,Active,Part-Time,Zone C,Full-Time,Production,General - Eng,1994-07-21,MA,Male,Hispanic,Widowed,Fully Meets,3,2023-05-07,3,2,2,2022-11-08,Project Management,External,Completed,4,469.03,27,1,114.39756097560976,2.3333333333333335
1286,2021-09-09,Production Technician I,NEL,Terminated,Full-Time,Zone B,Temporary,Production,Field Operations,1999-05-25,MA,Male,Asian,Divorced,Fully Meets,3,2023-04-13,1,5,1,2023-05-28,Customer Service,Internal,Incomplete,2,274.85,22,0,130.88095238095238,2.3333333333333335
1287,2020-09-19,Production Technician I,PL,Terminated,Full-Time,Zone A,Full-Time,Production,General - Con,1943-09-18,MA,Female,Black,Widowed,Fully Meets,3,2023-07-30,3,5,2,2023-03-31,Technical Skills,External,Completed,1,342.57,77,1,311.4272727272727,3.3333333333333335
1288,2022-01-11,Production Technician I,PYZ,Active,Full-Time,Zone C,Part-Time,Production,Aerial,1998-05-29,MA,Female,Hispanic,Single,Fully Meets,3,2023-07-15,2,4,5,2023-05-13,Technical Skills,External,Incomplete,5,948.31,24,0,185.94313725490196,3.6666666666666665
1289,2019-07-18,Production Technician I,SVG,Active,Full-Time,Zone C,Full-Time,Production,General - Con,1942-01-07,MA,Female,Other,Single,Fully Meets,3,2023-09-05,5,3,1,2022-10-08,Leadership Development,Internal,Incomplete,3,900.52,77,0,290.49032258064517,3.0
1290,2021-04-13,Production Technician I,TNS,Active,Full-Time,Zone A,Full-Time,Production,General - Sga,1996-05-14,MA,Female,White,Married,Fully Meets,3,2023-12-04,5,4,2,2023-05-14,Leadership Development,External,Completed,4,140.72,25,1,34.3219512195122,3.6666666666666665
1291,2023-06-17,Production Technician I,WBL,Active,Contract,Zone B,Temporary,Production,Engineers,1988-12-03,MA,Female,Black,Divorced,Fully Meets,3,2023-05-24,5,4,5,2022-09-12,Technical Skills,Internal,Passed,3,913.62,35,1,294.71612903225804,4.666666666666667
1292,2018-10-27,Production Technician I,BPC,Active,Full-Time,Zone A,Part-Time,Production,Engineers,1943-06-27,MA,Female,White,Divorced,Fully Meets,3,2023-03-21,1,4,3,2023-02-22,Customer Service,Internal,Completed,5,950.3,75,1,186.33333333333334,2.6666666666666665
1293,2021-06-01,Production Technician I,CCDR,Active,Contract,Zone B,Full-Time,Production,Wireline Construction,1993-10-21,MA,Female,Asian,Single,Fully Meets,3,2023-03-15,2,3,2,2023-03-12,Project Management,Internal,Passed,2,668.77,28,1,318.46190476190475,2.3333333333333335
1294,2023-04-07,Production Manager,EW,Active,Part-Time,Zone B,Part-Time,Production,Wireline Construction,1970-09-28,MA,Female,Hispanic,Single,Fully Meets,3,2023-03-08,5,4,2,2022-08-15,Technical Skills,Internal,Passed,3,906.05,53,1,292.2741935483871,3.6666666666666665
1295,2021-06-13,Production Technician II,PYZ,Active,Full-Time,Zone A,Full-Time,Production,General - Con,1970-10-24,MA,Female,Other,Married,Fully Meets,3,2023-02-18,3,3,3,2023-01-03,Communication Skills,Internal,Incomplete,5,689.77,51,0,135.24901960784314,3.0
1296,2019-03-13,Production Technician II,WBL,Terminated,Full-Time,Zone B,Part-Time,Production,Field Operations,1985-01-27,MA,Female,Asian,Widowed,Fully Meets,3,2023-07-02,1,1,5,2023-03-05,Communication Skills,External,Passed,2,694.27,34,1,330.60476190476186,2.3333333333333335
1297,2019-05-24,Production Technician II,NEL,Terminated,Part-Time,Zone A,Temporary,Production,Isp,1968-08-08,MA,Female,Other,Married,Fully Meets,3,2022-10-08,2,4,4,2023-06-14,Project Management,External,Passed,3,352.75,51,1,113.79032258064515,3.3333333333333335
1298,2023-02-25,Production Technician II,PL,Active,Part-Time,Zone B,Temporary,Production,General - Con,1983-10-03,MA,Female,Black,Married,Fully Meets,3,2022-06-12,1,2,1,2023-05-16,Project Management,Internal,Passed,3,411.17,40,1,132.63548387096773,1.3333333333333333
1299,2020-03-24,Production Technician II,BPC,Active,Contract,Zone B,Full-Time,Production,Aerial,1953-10-10,MA,Female,Asian,Widowed,Fully Meets,3,2023-02-07,1,2,2,2023-01-21,Project Management,External,Completed,3,358.81,67,1,115.74516129032259,1.6666666666666667
1300,2021-06-12,Production Technician II,CCDR,Active,Contract,Zone B,Temporary,Production,Field Operations,1967-05-09,MA,Female,Black,Married,Fully Meets,3,2022-07-10,1,3,1,2023-04-29,Technical Skills,Internal,Passed,4,588.64,54,1,143.5707317073171,1.6666666666666667
1301,2019-03-22,Production Technician I,MSC,Terminated,Part-Time,Zone B,Temporary,Production,Field Operations,1950-03-28,MA,Female,Asian,Widowed,Fully Meets,3,2023-01-21,1,4,2,2022-09-22,Communication Skills,Internal,Incomplete,1,472.18,69,0,429.25454545454545,2.3333333333333335
1302,2021-03-08,Production Technician I,TNS,Terminated,Full-Time,Zone A,Full-Time,Production,Field Operations,2000-02-07,MA,Female,Other,Married,Fully Meets,3,2023-04-06,1,2,4,2022-08-20,Project Management,Internal,Passed,2,758.79,21,1,361.3285714285714,2.3333333333333335
1303,2020-05-15,Production Technician I,PYZ,Active,Contract,Zone A,Full-Time,Production,Finance & Accounting,1957-01-02,MA,Female,Hispanic,Single,Fully Meets,3,2023-01-01,5,3,5,2023-06-02,Leadership Development,Internal,Failed,3,921.81,63,0,297.358064516129,4.333333333333333
1304,2023-01-24,Production Technician I,WBL,Active,Full-Time,Zone B,Part-Time,Production,Safety,1996-02-13,MA,Female,Asian,Widowed,Fully Meets,3,2023-11-04,3,5,1,2023-01-16,Communication Skills,External,Completed,3,405.08,27,1,130.67096774193547,3.0
1305,2021-01-06,Production Technician I,NEL,Terminated,Full-Time,Zone B,Temporary,Production,Field Operations,1998-11-14,MA,Male,White,Married,Fully Meets,3,2023-02-22,2,5,2,2023-07-08,Technical Skills,Internal,Failed,3,784.22,23,0,252.9741935483871,3.0
1306,2021-04-16,Production Technician I,PL,Active,Part-Time,Zone B,Part-Time,Production,Project Management - Con,1997-07-08,MA,Male,Hispanic,Single,Fully Meets,3,2022-12-11,1,3,5,2023-07-13,Technical Skills,External,Failed,4,443.99,24,0,108.29024390243903,3.0
1307,2021-09-22,Production Technician I,BPC,Terminated,Contract,Zone A,Full-Time,Production,Engineers,1981-02-24,MA,Male,Black,Married,Fully Meets,3,2022-11-18,1,5,1,2022-11-16,Technical Skills,Internal,Incomplete,3,609.9,40,0,196.74193548387095,2.3333333333333335
1308,2022-06-28,Production Technician I,CCDR,Active,Full-Time,Zone C,Full-Time,Production,Project Management - Con,1980-03-10,MA,Female,Asian,Divorced,Fully Meets,3,2022-08-28,4,5,2,2022-10-10,Leadership Development,External,Failed,5,742.16,42,0,145.521568627451,3.6666666666666665
1309,2020-08-17,Production Technician I,SVG,Active,Part-Time,Zone C,Part-Time,Production,Field Operations,1980-05-15,MA,Female,Other,Widowed,Fully Meets,3,2022-07-09,1,1,3,2022-09-09,Technical Skills,External,Failed,3,517.74,40,0,167.01290322580644,1.6666666666666667
1310,2023-04-03,Production Technician I,EW,Active,Part-Time,Zone B,Full-Time,Production,General - Con,1988-11-02,MA,Female,Asian,Single,Fully Meets,3,2023-04-24,3,4,3,2022-10-16,Project Management,Internal,Incomplete,4,350.59,35,0,85.50975609756098,3.3333333333333335
1311,2023-05-26,Production Technician I,MSC,Active,Full-Time,Zone C,Part-Time,Production,Engineers,1987-02-22,MA,Male,Asian,Single,Fully Meets,3,2023-09-03,5,2,3,2022-10-17,Leadership Development,Internal,Incomplete,1,546.94,36,0,497.21818181818185,3.3333333333333335
1312,2021-04-10,Production Technician I,TNS,Active,Full-Time,Zone B,Full-Time,Production,General - Eng,1997-09-08,MA,Female,Black,Widowed,Fully Meets,3,2022-09-25,2,5,2,2023-04-29,Communication Skills,Internal,Completed,4,514.37,24,1,125.45609756097562,3.0
1313,2023-04-18,Production Technician I,PYZ,Active,Contract,Zone C,Part-Time,Production,Field Operations,1957-04-12,MA,Female,Hispanic,Single,Fully Meets,3,2023-07-18,5,4,1,2022-10-25,Leadership Development,Internal,Incomplete,5,786.98,66,0,154.30980392156863,3.3333333333333335
1314,2021-10-13,Production Technician I,WBL,Active,Contract,Zone C,Full-Time,Production,General - Con,1996-08-30,MA,Female,White,Divorced,Fully Meets,3,2023-03-28,5,5,3,2023-03-18,Project Management,Internal,Passed,4,852.21,25,1,207.85609756097563,4.333333333333333
1315,2020-10-10,Sr. Accountant,NEL,Active,Part-Time,Zone A,Temporary,Admin Offices,Splicing,1956-12-21,MA,Female,Asian,Widowed,Fully Meets,3,2022-11-29,5,1,1,2023-07-29,Communication Skills,External,Failed,4,761.63,64,0,185.76341463414636,2.3333333333333335
1316,2019-01-20,President & CEO,CCDR,Active,Part-Time,Zone A,Full-Time,Executive Office,Aerial,1955-10-24,MA,Female,Asian,Single,Fully Meets,3,2023-07-20,3,4,3,2023-04-20,Technical Skills,External,Passed,5,202.62,64,1,39.72941176470589,3.3333333333333335
1317,2021-05-09,Sr. Accountant,MSC,Active,Full-Time,Zone A,Part-Time,Admin Offices,Aerial,1950-11-23,MA,Female,Black,Widowed,Fully Meets,3,2023-05-05,4,2,2,2022-08-20,Communication Skills,External,Passed,5,414.75,71,1,81.32352941176471,2.6666666666666665
1318,2023-07-29,Administrative Assistant,WBL,Active,Contract,Zone B,Temporary,Admin Offices,Field Operations,1984-05-14,MA,Female,White,Divorced,Fully Meets,3,2023-05-21,5,4,2,2022-10-17,Communication Skills,External,Completed,4,344.55,39,1,84.03658536585367,3.6666666666666665
1319,2019-08-24,Accountant I,EW,Active,Part-Time,Zone C,Temporary,Admin Offices,Finance & Accounting,1964-07-23,MA,Male,Asian,Married,Fully Meets,3,2023-06-14,4,2,5,2023-05-19,Project Management,Internal,Failed,1,777.46,55,0,706.7818181818182,3.6666666666666665
1320,2018-12-25,Administrative Assistant,WBL,Active,Part-Time,Zone B,Full-Time,Admin Offices,Wireline Construction,1983-06-09,MA,Female,White,Widowed,Fully Meets,3,2023-12-01,5,1,5,2022-08-25,Leadership Development,External,Completed,3,948.71,35,1,306.03548387096777,3.6666666666666665
1321,2021-05-27,Accountant I,TNS,Active,Contract,Zone A,Full-Time,Admin Offices,Project Management - Con,1958-03-16,MA,Male,Black,Single,Fully Meets,3,2023-04-30,1,5,5,2023-01-19,Customer Service,Internal,Passed,5,308.77,63,1,60.543137254901964,3.6666666666666665
1322,2023-02-02,Accountant I,TNS,Active,Full-Time,Zone B,Full-Time,Admin Offices,Executive,1985-05-18,MA,Female,Hispanic,Widowed,Fully Meets,3,2023-01-17,1,5,2,2023-02-24,Customer Service,External,Incomplete,1,891.25,38,0,810.2272727272726,2.6666666666666665
1323,2022-12-06,Administrative Assistant,PL,Active,Full-Time,Zone B,Temporary,Admin Offices,Aerial,1953-03-19,MA,Female,Black,Divorced,Fully Meets,3,2023-02-05,5,1,5,2023-03-30,Customer Service,Internal,Passed,2,659.9,69,1,314.23809523809524,3.6666666666666665
1324,2021-07-23,Accountant I,MSC,Active,Part-Time,Zone A,Part-Time,Admin Offices,General - Con,1986-10-28,MA,Female,Hispanic,Single,Fully Meets,3,2022-11-16,5,3,3,2022-09-30,Project Management,Internal,Failed,2,858.72,35,0,408.9142857142857,3.6666666666666665
1325,2019-11-16,Accountant I,TNS,Active,Contract,Zone B,Temporary,Admin Offices,Engineers,1982-02-05,MA,Female,Black,Divorced,Fully Meets,3,2022-12-17,1,5,3,2023-03-28,Project Management,External,Failed,5,380.24,37,0,74.55686274509804,3.0
1326,2020-03-08,Sr. Network Engineer,PYZ,Active,Full-Time,Zone A,Temporary,Admin Offices,General - Eng,1977-11-17,MA,Male,White,Widowed,Fully Meets,3,2023-04-03,5,3,1,2023-05-01,Leadership Development,External,Passed,5,505.4,43,1,99.09803921568627,3.0
1327,2019-01-14,Sr. Network Engineer,WBL,Active,Part-Time,Zone B,Temporary,Admin Offices,Engineers,1960-02-20,MA,Male,White,Single,Fully Meets,3,2023-03-23,5,3,4,2023-07-02,Leadership Development,Internal,Passed,3,609.01,59,1,196.4548387096774,4.0
1328,2020-02-29,Sr. Network Engineer,NEL,Active,Part-Time,Zone C,Full-Time,IT/IS,Executive,1975-12-24,MA,Male,Asian,Single,Fully Meets,3,2022-07-11,1,4,3,2023-03-24,Customer Service,Internal,Failed,3,656.38,45,0,211.73548387096773,2.6666666666666665
1329,2022-11-25,Software Engineer,PL,Active,Contract,Zone B,Part-Time,Software Engineering,Field Operations,1958-01-11,MA,Male,Black,Widowed,Fully Meets,3,2023-05-23,3,2,5,2023-06-11,Project Management,External,Passed,5,692.63,64,1,135.80980392156863,3.3333333333333335
1330,2022-09-15,Accountant I,MSC,Active,Full-Time,Zone A,Part-Time,Admin Offices,General - Con,1990-01-03,MA,Female,White,Divorced,Fully Meets,3,2022-09-25,3,5,2,2022-11-20,Project Management,Internal,Incomplete,3,633.72,32,0,204.4258064516129,3.3333333333333335
1331,2021-08-11,Accountant I,TNS,Active,Full-Time,Zone C,Temporary,Admin Offices,People Services,1946-10-20,MA,Female,Black,Widowed,Fully Meets,3,2023-05-16,3,2,5,2022-09-14,Communication Skills,Internal,Failed,2,517.62,75,0,246.48571428571427,3.3333333333333335
1332,2023-08-03,Sr. Network Engineer,PYZ,Active,Contract,Zone B,Part-Time,Admin Offices,Wireline Construction,1946-10-22,MA,Male,Hispanic,Divorced,Fully Meets,3,2023-04-13,1,2,5,2022-08-13,Leadership Development,External,Incomplete,4,231.76,77,0,56.52682926829269,2.6666666666666665
1333,2022-03-14,Sr. Network Engineer,WBL,Active,Part-Time,Zone A,Part-Time,IT/IS,Field Operations,1978-04-15,MA,Male,Black,Divorced,Fully Meets,3,2023-01-29,3,4,5,2023-03-01,Customer Service,Internal,Passed,2,605.12,44,1,288.15238095238095,4.0
1334,2020-09-01,Sr. Network Engineer,NEL,Active,Full-Time,Zone B,Part-Time,IT/IS,Underground,1952-09-23,MA,Male,Other,Widowed,Fully Meets,3,2022-12-21,1,3,1,2023-04-01,Project Management,Internal,Failed,1,297.12,68,0,270.10909090909087,1.6666666666666667
1335,2021-10-31,Software Engineer,NEL,Active,Contract,Zone A,Full-Time,Software Engineering,General - Con,1947-11-24,MA,Female,White,Divorced,Fully Meets,3,2022-09-10,4,5,5,2023-02-20,Leadership Development,Internal,Incomplete,2,384.43,74,0,183.06190476190477,4.666666666666667
1336,2020-02-26,Accountant I,TNS,Active,Full-Time,Zone A,Part-Time,Admin Offices,Field Operations,1947-07-14,MA,Female,Black,Married,Fully Meets,3,2023-09-03,5,1,4,2022-12-19,Leadership Development,Internal,Passed,4,969.95,73,1,236.57317073170734,3.3333333333333335
1337,2018-08-10,Accountant I,WBL,Active,Full-Time,Zone A,Temporary,Admin Offices,General - Con,1953-03-30,MA,Female,White,Single,Fully Meets,3,2022-01-11,3,3,4,2023-01-17,Project Management,External,Failed,5,719.7,65,0,141.11764705882354,3.3333333333333335
1338,2020-09-30,Sr. Network Engineer,BPC,Active,Contract,Zone C,Part-Time,Admin Offices,Shop (Fleet),1988-03-14,MA,Male,Other,Widowed,Fully Meets,3,2022-10-20,1,1,1,2022-10-30,Leadership Development,External,Incomplete,1,355.83,32,0,323.48181818181814,1.0
1339,2021-04-01,Sr. Network Engineer,CCDR,Active,Contract,Zone B,Temporary,IT/IS,Wireline Construction,1981-11-19,MA,Male,Hispanic,Widowed,Fully Meets,3,2022-02-12,1,3,2,2022-11-24,Customer Service,Internal,Incomplete,3,754.47,40,0,243.3774193548387,2.0
1340,2021-03-21,Sr. Network Engineer,EW,Active,Full-Time,Zone B,Part-Time,IT/IS,General - Eng,1945-03-22,MA,Male,White,Divorced,Fully Meets,3,2023-05-28,5,4,4,2023-02-06,Leadership Development,External,Incomplete,2,890.39,76,0,423.99523809523805,4.333333333333333
1341,2021-11-03,Software Engineering Manager,CCDR,Active,Part-Time,Zone C,Full-Time,Software Engineering,Engineers,1979-02-22,MA,Female,Hispanic,Single,Fully Meets,3,2023-05-15,1,3,4,2023-02-14,Project Management,Internal,Passed,3,268.78,42,1,86.7032258064516,2.6666666666666665
1342,2019-06-22,Accountant I,EW,Active,Full-Time,Zone B,Part-Time,Admin Offices,Aerial,1985-06-30,MA,Female,Asian,Single,Fully Meets,3,2022-12-20,3,2,2,2023-01-28,Project Management,Internal,Failed,4,930.72,34,0,227.0048780487805,2.3333333333333335
1343,2019-11-12,Accountant I,MSC,Active,Contract,Zone B,Temporary,Admin Offices,Shop (Fleet),1958-05-31,MA,Female,White,Married,Fully Meets,3,2022-07-09,1,2,3,2022-09-02,Customer Service,External,Completed,5,924.85,61,1,181.343137254902,2.0
1344,2022-09-20,Accountant I,TNS,Active,Part-Time,Zone A,Part-Time,Admin Offices,General - Con,1980-12-21,MA,Male,White,Single,Fully Meets,3,2022-08-23,1,4,5,2022-11-01,Technical Skills,Internal,Incomplete,5,284.38,42,0,55.760784313725495,3.3333333333333335
1345,2023-01-27,Sr. Network Engineer,PYZ,Active,Full-Time,Zone A,Full-Time,Admin Offices,Fielders,1978-05-13,MA,Male,Other,Single,Fully Meets,3,2022-08-28,2,4,4,2022-11-30,Communication Skills,External,Passed,1,395.1,45,1,359.1818181818182,3.3333333333333335
1346,2021-02-21,Sr. Network Engineer,WBL,Active,Contract,Zone C,Temporary,IT/IS,Field Operations,1948-09-13,MA,Male,White,Divorced,Fully Meets,3,2023-04-28,4,2,3,2023-07-02,Technical Skills,External,Failed,2,501.64,73,0,238.87619047619046,3.0
1347,2022-03-04,Sr. Network Engineer,NEL,Active,Part-Time,Zone B,Full-Time,IT/IS,General - Con,1995-03-21,MA,Male,Hispanic,Married,Fully Meets,3,2023-02-28,4,3,1,2022-10-22,Communication Skills,Internal,Failed,5,792.72,27,0,155.43529411764706,2.6666666666666665
1349,2021-08-02,Accountant I,EW,Active,Full-Time,Zone B,Part-Time,Admin Offices,Safety,1949-11-27,MA,Female,White,Divorced,Fully Meets,3,2023-04-21,1,2,3,2022-11-26,Technical Skills,Internal,Incomplete,3,870.01,72,0,280.6483870967742,2.0
1350,2022-03-04,Accountant I,MSC,Active,Part-Time,Zone B,Temporary,Admin Offices,Field Operations,1968-02-11,MA,Female,Black,Divorced,Fully Meets,3,2023-05-03,3,4,5,2023-01-29,Leadership Development,Internal,Incomplete,2,610.06,54,0,290.5047619047619,4.0
1351,2021-03-28,Accountant I,TNS,Active,Contract,Zone C,Part-Time,Admin Offices,Field Operations,1998-05-03,MA,Male,White,Divorced,Fully Meets,3,2023-01-18,4,1,5,2022-12-20,Project Management,Internal,Passed,2,278.16,23,1,132.45714285714286,3.3333333333333335
1352,2018-08-08,Sr. Network Engineer,PYZ,Active,Contract,Zone B,Full-Time,Admin Offices,Field Operations,1974-06-18,MA,Male,Other,Divorced,Fully Meets,3,2023-03-06,4,2,1,2022-11-01,Communication Skills,External,Completed,4,218.93,44,1,53.397560975609764,2.3333333333333335
1353,2020-09-15,Sr. Network Engineer,WBL,Active,Part-Time,Zone A,Temporary,IT/IS,Field Operations,1946-04-03,MA,Male,White,Single,Fully Meets,3,2022-11-10,5,1,5,2022-12-16,Communication Skills,Internal,Incomplete,5,179.21,74,0,35.13921568627451,3.6666666666666665
1355,2021-06-16,Administrative Assistant,SVG,Active,Full-Time,Zone B,Temporary,Admin Offices,General - Con,1945-05-20,MA,Female,Hispanic,Single,Fully Meets,3,2023-01-28,2,2,3,2023-03-13,Project Management,Internal,Completed,5,534.28,76,1,104.7607843137255,2.3333333333333335
1356,2023-03-20,Accountant I,EW,Active,Part-Time,Zone A,Temporary,Admin Offices,Engineers,1988-12-06,MA,Female,Hispanic,Married,Fully Meets,3,2022-08-14,1,1,1,2023-04-06,Technical Skills,Internal,Incomplete,3,301.39,35,0,97.22258064516129,1.0
1357,2018-09-07,Accountant I,MSC,Active,Full-Time,Zone C,Temporary,Admin Offices,Engineers,1972-04-07,MA,Male,Black,Divorced,Fully Meets,3,2023-01-30,1,4,3,2023-05-26,Project Management,External,Incomplete,3,231.65,46,0,74.7258064516129,2.6666666666666665
1358,2018-11-08,Accountant I,TNS,Active,Part-Time,Zone B,Full-Time,Admin Offices,Field Operations,1996-03-29,MA,Male,Black,Married,Fully Meets,3,2023-02-25,1,2,5,2022-08-10,Communication Skills,Internal,Completed,2,994.81,22,1,473.71904761904756,2.6666666666666665
1359,2019-01-26,Sr. Network Engineer,BPC,Active,Full-Time,Zone A,Part-Time,Admin Offices,Catv,1998-03-19,MA,Male,Asian,Married,Fully Meets,3,2023-09-01,4,5,1,2023-02-14,Customer Service,External,Incomplete,4,729.91,21,0,178.0268292682927,3.3333333333333335
1360,2021-08-30,Sr. Network Engineer,CCDR,Active,Contract,Zone B,Full-Time,IT/IS,Field Operations,1964-09-25,MA,Male,Asian,Divorced,PIP,3,2023-03-31,5,2,1,2022-09-20,Leadership Development,Internal,Passed,2,538.02,57,1,256.2,2.6666666666666665
1362,2019-11-10,Administrative Assistant,SVG,Active,Full-Time,Zone C,Part-Time,Admin Offices,General - Con,1983-11-10,MA,Female,Asian,Widowed,Exceeds,3,2023-11-01,5,2,5,2022-08-29,Customer Service,Internal,Passed,4,196.94,36,1,48.03414634146342,4.0
1363,2023-07-28,Accountant I,EW,Active,Full-Time,Zone A,Full-Time,Admin Offices,General - Con,1982-04-21,MA,Female,Asian,Divorced,PIP,3,2023-06-19,5,2,2,2022-12-15,Project Management,Internal,Completed,2,285.83,41,1,136.1095238095238,3.0
1364,2019-04-03,Accountant I,MSC,Active,Contract,Zone C,Temporary,Admin Offices,Finance & Accounting,1973-01-20,MA,Male,White,Divorced,Exceeds,3,2023-03-05,2,2,4,2022-12-28,Project Management,External,Incomplete,4,818.6,46,0,199.65853658536588,2.6666666666666665
1365,2019-07-24,Accountant I,TNS,Active,Contract,Zone C,Part-Time,Admin Offices,Field Operations,1982-07-13,MA,Male,Hispanic,Widowed,Exceeds,3,2022-08-10,5,1,2,2023-04-10,Leadership Development,External,Incomplete,1,610.97,37,0,555.4272727272727,2.6666666666666665
1366,2022-04-29,Sr. Network Engineer,PYZ,Active,Contract,Zone B,Temporary,IT/IS,General - Con,1950-01-15,MA,Male,Black,Single,Exceeds,3,2022-08-17,1,4,2,2022-11-18,Technical Skills,Internal,Completed,1,762.83,72,1,693.4818181818182,2.3333333333333335
1367,2020-10-06,Sr. Network Engineer,WBL,Active,Part-Time,Zone B,Temporary,IT/IS,Executive,1990-12-08,MA,Female,White,Divorced,Exceeds,3,2023-07-20,1,4,3,2022-09-20,Project Management,External,Incomplete,5,438.44,30,0,85.96862745098039,2.6666666666666665
1368,2020-04-04,Sr. Accountant,PYZ,Active,Part-Time,Zone C,Temporary,Admin Offices,General - Sga,1993-08-26,MA,Female,White,Widowed,Exceeds,3,2022-04-10,2,2,2,2022-10-19,Project Management,Internal,Incomplete,4,271.9,27,0,66.3170731707317,2.0
1369,2021-03-26,Administrative Assistant,CCDR,Active,Contract,Zone C,Full-Time,Sales,Aerial,1974-03-24,MA,Female,Black,Married,Exceeds,3,2023-08-03,2,4,3,2023-01-31,Communication Skills,External,Incomplete,2,629.2,47,0,299.61904761904765,3.0
1370,2022-05-19,Administrative Assistant,SVG,Active,Part-Time,Zone A,Temporary,Admin Offices,General - Con,1992-12-13,MA,Female,Black,Married,Exceeds,3,2023-07-19,1,2,1,2022-09-06,Leadership Development,Internal,Incomplete,1,850.28,30,0,772.9818181818181,1.3333333333333333
1371,2021-08-28,Accountant I,EW,Active,Contract,Zone A,Part-Time,Admin Offices,Field Operations,1957-07-05,MA,Female,Black,Married,Exceeds,3,2023-05-19,1,1,2,2022-10-01,Leadership Development,External,Passed,1,321.25,64,1,292.0454545454545,1.3333333333333333
1372,2022-11-24,Accountant I,MSC,Active,Contract,Zone A,Full-Time,Admin Offices,Aerial,1991-08-19,MA,Male,White,Single,Exceeds,3,2023-07-30,3,1,4,2023-06-03,Customer Service,Internal,Passed,1,475.32,31,1,432.10909090909087,2.6666666666666665
1373,2022-01-12,Accountant I,TNS,Active,Contract,Zone A,Part-Time,Admin Offices,Field Operations,1986-04-20,MA,Male,Other,Divorced,Exceeds,3,2023-12-06,1,2,5,2022-09-08,Leadership Development,External,Failed,4,847.2,36,0,206.63414634146343,2.6666666666666665
1374,2019-07-07,Sr. Network Engineer,PYZ,Active,Part-Time,Zone B,Temporary,IT/IS,Aerial,1942-12-09,MA,Female,White,Married,Exceeds,3,2023-08-02,5,5,4,2022-10-08,Customer Service,Internal,Completed,1,983.35,77,1,893.9545454545454,4.666666666666667
1375,2021-07-14,Sr. Accountant,PYZ,Active,Contract,Zone B,Full-Time,Admin Offices,Technology / It,1999-07-07,MA,Female,Asian,Divorced,Exceeds,3,2022-09-28,1,3,2,2023-06-25,Technical Skills,External,Passed,3,880.9,22,1,284.1612903225806,2.0
1376,2019-12-03,Administrative Assistant,CCDR,Active,Full-Time,Zone B,Temporary,Sales,Field Operations,1958-08-12,MA,Female,Other,Single,Exceeds,3,2023-12-06,4,3,5,2023-08-02,Customer Service,External,Completed,3,795.72,61,1,256.68387096774194,4.0
1377,2021-03-03,Administrative Assistant,SVG,Active,Part-Time,Zone A,Full-Time,Admin Offices,General - Con,1968-05-18,MA,Female,White,Divorced,Exceeds,3,2023-05-03,5,5,4,2023-06-20,Communication Skills,Internal,Completed,2,909.56,53,1,433.1238095238095,4.666666666666667
1378,2022-06-13,Accountant I,EW,Active,Full-Time,Zone C,Part-Time,Admin Offices,Fielders,1975-06-03,MA,Female,White,Married,PIP,3,2023-03-02,1,4,5,2023-01-28,Communication Skills,External,Failed,5,145.7,47,0,28.568627450980394,3.3333333333333335
1379,2023-01-23,Accountant I,MSC,Active,Part-Time,Zone A,Temporary,Admin Offices,General - Sga,1984-10-21,MA,Male,White,Widowed,Exceeds,3,2023-02-28,5,2,5,2023-03-06,Communication Skills,Internal,Passed,1,397.48,39,1,361.3454545454545,4.0
1380,2020-09-06,Accountant I,TNS,Active,Part-Time,Zone A,Temporary,Admin Offices,Field Operations,1953-04-05,MA,Male,Hispanic,Single,Exceeds,3,2022-12-27,1,1,2,2023-05-26,Communication Skills,External,Failed,3,326.7,67,0,105.38709677419354,1.3333333333333333
1381,2022-10-17,Sr. Network Engineer,PYZ,Active,Full-Time,Zone A,Temporary,IT/IS,Aerial,2000-01-11,MA,Female,Other,Single,PIP,3,2023-10-07,2,2,1,2022-09-20,Leadership Development,Internal,Failed,4,718.16,22,0,175.1609756097561,1.6666666666666667
1382,2019-06-07,Sr. Accountant,TNS,Active,Full-Time,Zone B,Part-Time,Admin Offices,Field Operations,1968-03-16,MA,Female,White,Widowed,Exceeds,3,2022-11-30,2,1,1,2023-02-21,Communication Skills,Internal,Passed,5,162.46,51,1,31.854901960784318,1.3333333333333333
1383,2022-01-28,Sr. Accountant,BPC,Active,Contract,Zone C,Part-Time,Admin Offices,General - Con,1994-10-10,MA,Female,Hispanic,Divorced,Exceeds,3,2022-02-09,4,1,5,2023-01-15,Customer Service,Internal,Completed,3,924.64,28,1,298.27096774193546,3.3333333333333335
1384,2020-07-01,Administrative Assistant,CCDR,Active,Part-Time,Zone B,Full-Time,Admin Offices,Field Operations,1956-12-03,MA,Female,Other,Single,PIP,3,2023-05-05,2,3,4,2022-10-04,Leadership Development,Internal,Passed,4,628.48,64,1,153.2878048780488,3.0
1385,2020-05-30,Administrative Assistant,SVG,Active,Full-Time,Zone C,Part-Time,Admin Offices,Field Operations,1966-09-05,MA,Female,Hispanic,Divorced,PIP,3,2022-11-09,3,1,3,2023-06-27,Communication Skills,Internal,Passed,1,678.07,54,1,616.4272727272727,2.3333333333333335
1386,2019-10-05,Accountant I,EW,Active,Contract,Zone C,Full-Time,Admin Offices,General - Con,1976-08-19,MA,Female,White,Married,Exceeds,3,2023-03-18,2,4,5,2023-06-29,Technical Skills,External,Passed,1,106.91,43,1,97.19090909090907,3.6666666666666665
1387,2021-11-06,Accountant I,MSC,Active,Contract,Zone B,Full-Time,Admin Offices,General - Con,1951-08-27,MA,Male,Hispanic,Divorced,PIP,3,2023-03-29,5,1,2,2022-12-20,Communication Skills,External,Incomplete,1,195.95,70,0,178.1363636363636,2.6666666666666665
1388,2019-05-09,Accountant I,TNS,Active,Part-Time,Zone B,Full-Time,Admin Offices,Field Operations,1970-12-23,MA,Female,Black,Single,Exceeds,3,2023-07-15,5,2,4,2023-04-18,Communication Skills,External,Completed,1,918.34,49,1,834.8545454545454,3.6666666666666665
1389,2019-10-28,Production Technician II,NEL,Active,Part-Time,Zone A,Full-Time,Production,Isp,1962-11-11,MA,Male,Hispanic,Widowed,Exceeds,3,2023-02-25,4,4,3,2023-01-16,Communication Skills,External,Incomplete,3,425.34,57,0,137.2064516129032,3.6666666666666665
1390,2019-01-11,Production Technician I,SVG,Active,Contract,Zone C,Part-Time,Production,General - Con,1955-12-21,MA,Male,Asian,Married,Exceeds,3,2023-01-23,2,3,4,2023-03-03,Communication Skills,External,Completed,3,512.53,64,1,165.3322580645161,3.0
1391,2020-04-02,Production Technician I,MSC,Active,Contract,Zone A,Temporary,Production,Wireless,1941-11-18,MA,Female,Other,Single,Needs Improvement,3,2022-11-08,4,1,1,2023-02-05,Leadership Development,External,Completed,3,146.48,79,1,47.251612903225805,2.0
1392,2019-06-07,Production Technician I,PL,Active,Part-Time,Zone A,Part-Time,Production,Field Operations,1955-02-25,MA,Female,Hispanic,Widowed,Exceeds,3,2022-09-19,4,4,3,2023-04-20,Leadership Development,External,Completed,3,578.62,64,1,186.6516129032258,3.6666666666666665
1393,2021-11-22,Production Technician I,SVG,Active,Part-Time,Zone C,Part-Time,Production,General - Con,1947-03-20,MA,Female,Other,Single,Exceeds,3,2023-06-17,4,4,4,2023-04-02,Technical Skills,External,Failed,3,255.61,74,0,82.45483870967742,4.0
1394,2019-01-19,Production Technician I,NEL,Active,Full-Time,Zone A,Part-Time,Production,Field Operations,1943-05-13,MA,Male,Black,Married,Exceeds,3,2023-07-07,1,2,2,2023-02-13,Leadership Development,Internal,Passed,5,370.26,76,1,72.60000000000001,1.6666666666666667
1395,2021-12-17,Production Technician II,SVG,Terminated,Full-Time,Zone C,Part-Time,Production,General - Con,1960-11-14,MA,Male,Black,Divorced,Exceeds,3,2023-05-31,4,1,2,2022-12-28,Communication Skills,Internal,Failed,2,302.97,61,0,144.27142857142857,2.3333333333333335
1396,2019-05-04,Production Technician I,SVG,Active,Part-Time,Zone A,Full-Time,Production,General - Eng,1956-07-09,MA,Female,Hispanic,Married,Exceeds,3,2023-07-07,2,1,3,2022-09-13,Communication Skills,Internal,Completed,3,632.28,63,1,203.96129032258062,2.0
1397,2018-12-25,Production Technician I,MSC,Active,Contract,Zone A,Part-Time,Production,General - Con,1981-02-26,MA,Male,Other,Single,Exceeds,3,2023-03-31,3,2,3,2023-03-01,Customer Service,Internal,Incomplete,2,669.41,37,0,318.76666666666665,2.6666666666666665
1398,2021-01-03,Production Technician I,PYZ,Active,Part-Time,Zone C,Full-Time,Production,Splicing,1972-12-12,MA,Female,White,Single,Needs Improvement,3,2023-07-04,1,1,1,2023-01-04,Communication Skills,External,Passed,3,191.99,49,1,61.93225806451613,1.0
1399,2023-06-15,Production Technician I,BPC,Active,Part-Time,Zone C,Full-Time,Production,General - Con,1977-12-15,MA,Female,Other,Widowed,Needs Improvement,3,2023-07-03,1,4,4,2023-05-02,Customer Service,Internal,Incomplete,2,695.11,46,0,331.0047619047619,3.0
1400,2018-08-29,Production Technician II,NEL,Active,Full-Time,Zone B,Full-Time,Production,Field Operations,1955-03-04,MA,Female,White,Divorced,Exceeds,3,2023-05-17,2,3,3,2022-08-06,Communication Skills,Internal,Failed,2,634.92,63,0,302.3428571428571,2.6666666666666665
1401,2019-01-04,Production Technician I,PL,Active,Contract,Zone B,Part-Time,Production,Splicing,1967-08-17,MA,Male,White,Single,Exceeds,3,2022-04-11,2,5,3,2023-07-03,Communication Skills,Internal,Incomplete,5,873.98,52,0,171.3686274509804,3.3333333333333335
1402,2021-09-10,Production Technician I,MSC,Active,Full-Time,Zone B,Full-Time,Production,General - Sga,1988-12-10,MA,Female,White,Divorced,Exceeds,3,2023-07-13,2,4,4,2022-10-14,Communication Skills,External,Passed,3,602.33,33,1,194.3,3.3333333333333335
1403,2021-07-08,Production Technician I,SVG,Active,Full-Time,Zone B,Temporary,Production,Field Operations,1944-09-12,MA,Female,White,Widowed,Exceeds,3,2022-12-25,1,3,2,2023-06-08,Technical Skills,Internal,Failed,3,807.02,77,0,260.3290322580645,2.0
1404,2018-11-01,Production Technician II,BPC,Terminated,Contract,Zone B,Part-Time,Production,Finance & Accounting,1978-06-12,MA,Male,Hispanic,Single,Exceeds,3,2023-02-18,1,2,2,2022-10-02,Project Management,Internal,Completed,4,411.94,40,1,100.47317073170733,1.6666666666666667
1405,2018-12-08,Production Technician II,PL,Active,Part-Time,Zone A,Temporary,Production,Field Operations,1977-03-30,MA,Female,Other,Single,Exceeds,3,2023-04-29,3,3,3,2022-09-15,Customer Service,External,Completed,4,537.73,41,1,131.15365853658537,3.0
1406,2022-10-25,Production Technician II,PYZ,Active,Part-Time,Zone A,Full-Time,Production,General - Con,1982-10-11,MA,Female,Asian,Single,Exceeds,3,2023-05-15,4,1,5,2023-05-03,Technical Skills,Internal,Incomplete,5,930.1,40,0,182.37254901960787,3.3333333333333335
1407,2023-04-04,Production Technician I,TNS,Active,Full-Time,Zone B,Temporary,Production,General - Sga,1983-03-30,MA,Male,Hispanic,Married,Exceeds,3,2023-02-16,3,3,1,2022-11-23,Communication Skills,External,Completed,3,249.66,40,1,80.53548387096774,2.3333333333333335
1408,2021-03-17,Production Technician I,PL,Active,Contract,Zone B,Part-Time,Production,Field Operations,1980-03-12,MA,Female,Other,Single,Exceeds,3,2023-07-06,3,3,3,2022-12-24,Communication Skills,Internal,Passed,5,691.82,41,1,135.6509803921569,3.0
1409,2019-03-11,Production Technician I,MSC,Terminated,Full-Time,Zone A,Part-Time,Production,General - Con,1981-02-04,MA,Female,Other,Widowed,Exceeds,3,2023-05-17,2,2,1,2022-08-23,Customer Service,Internal,Passed,4,938.59,38,1,228.92439024390248,1.6666666666666667
1410,2022-02-25,Production Technician I,SVG,Active,Contract,Zone C,Temporary,Production,Wireline Construction,1945-08-08,MA,Female,White,Widowed,Exceeds,3,2023-02-04,2,2,4,2022-11-25,Project Management,External,Completed,1,746.8,77,1,678.9090909090908,2.6666666666666665
1411,2019-07-02,Production Technician I,EW,Active,Part-Time,Zone C,Part-Time,Production,Aerial,1980-05-26,MA,Female,Hispanic,Married,Exceeds,3,2023-06-25,5,4,5,2022-12-14,Technical Skills,External,Incomplete,1,690.75,39,0,627.9545454545454,4.666666666666667
1412,2019-06-20,Production Technician I,MSC,Active,Part-Time,Zone B,Full-Time,Production,Field Operations,1982-09-19,MA,Female,White,Widowed,Exceeds,3,2023-06-16,4,3,5,2022-08-24,Project Management,External,Incomplete,4,544.19,37,0,132.72926829268295,4.0
1413,2019-09-27,Production Technician I,TNS,Active,Part-Time,Zone A,Full-Time,Production,Finance & Accounting,1943-12-03,MA,Male,Black,Widowed,Needs Improvement,3,2022-10-31,4,3,2,2023-02-17,Technical Skills,Internal,Completed,5,918.34,76,1,180.0666666666667,3.0
1414,2022-11-15,Production Technician I,BPC,Active,Contract,Zone C,Full-Time,Production,Aerial,1966-03-06,MA,Male,Asian,Married,Exceeds,3,2022-08-13,1,4,4,2023-01-21,Customer Service,Internal,Failed,3,997.2,56,0,321.6774193548387,3.0
1415,2020-08-22,Production Technician I,CCDR,Active,Part-Time,Zone A,Part-Time,Production,Field Operations,1977-08-14,MA,Male,Asian,Divorced,Exceeds,3,2022-09-16,2,2,1,2022-12-28,Customer Service,Internal,Incomplete,3,633.96,43,0,204.5032258064516,1.6666666666666667
1416,2020-04-09,Production Technician I,EW,Active,Part-Time,Zone B,Full-Time,Production,Field Operations,1953-12-09,MA,Male,Asian,Widowed,Exceeds,3,2023-11-05,5,4,3,2022-10-27,Customer Service,External,Passed,2,638.69,67,1,304.1380952380953,4.0
1417,2021-03-30,Production Technician I,MSC,Active,Full-Time,Zone C,Part-Time,Production,Aerial,1949-02-02,MA,Female,Other,Single,Exceeds,3,2022-12-31,3,5,2,2023-01-05,Project Management,Internal,Passed,1,643.82,72,1,585.290909090909,3.3333333333333335
1418,2018-09-26,Production Technician I,NEL,Active,Part-Time,Zone C,Temporary,Production,Wireline Construction,2000-12-30,MA,Female,Other,Married,Needs Improvement,3,2022-11-25,2,1,3,2023-06-24,Project Management,External,Failed,1,840.76,18,0,764.3272727272727,2.0
1419,2023-05-22,Production Technician I,PL,Active,Contract,Zone C,Full-Time,Production,Field Operations,1984-11-01,MA,Female,Other,Divorced,Exceeds,3,2023-11-02,4,2,1,2023-04-13,Leadership Development,Internal,Passed,1,108.04,39,1,98.21818181818182,2.3333333333333335
1420,2021-06-04,Production Technician I,PYZ,Active,Contract,Zone B,Temporary,Production,Project Management - Con,1950-12-29,MA,Female,White,Divorced,Exceeds,3,2023-12-06,1,2,4,2023-02-16,Communication Skills,Internal,Completed,5,889.57,71,1,174.42549019607844,2.3333333333333335
1421,2019-10-22,Production Technician I,SVG,Active,Contract,Zone C,Full-Time,Production,General - Con,1948-11-30,MA,Female,Other,Married,Exceeds,3,2022-03-09,3,5,5,2022-12-08,Customer Service,Internal,Completed,5,835.97,71,1,163.91568627450982,4.333333333333333
1423,2022-06-25,Production Technician I,WBL,Active,Full-Time,Zone A,Full-Time,Production,Aerial,1992-12-03,MA,Female,White,Single,Needs Improvement,3,2023-03-23,2,5,5,2023-03-15,Communication Skills,Internal,Passed,3,255.55,30,1,82.43548387096774,4.0
1425,2019-08-04,Production Technician I,CCDR,Active,Part-Time,Zone B,Full-Time,Production,Field Operations,1942-06-21,MA,Female,Black,Single,Needs Improvement,3,2022-06-09,2,3,1,2023-03-13,Technical Skills,Internal,Failed,1,850.15,77,0,772.8636363636363,2.0
1426,2022-03-08,Production Technician I,EW,Terminated,Full-Time,Zone A,Full-Time,Production,General - Con,2000-07-19,MA,Female,Hispanic,Widowed,Exceeds,3,2023-11-07,4,5,5,2022-12-02,Project Management,External,Completed,3,938.04,22,1,302.59354838709675,4.666666666666667
1427,2019-02-22,Production Technician II,CCDR,Active,Full-Time,Zone A,Part-Time,Production,Engineers,1953-09-05,MA,Male,Asian,Divorced,Needs Improvement,3,2023-09-02,1,2,3,2023-04-25,Project Management,External,Passed,1,684.24,66,1,622.0363636363636,2.0
1428,2022-12-08,Production Technician II,SVG,Active,Full-Time,Zone C,Part-Time,Production,Executive,1970-02-26,MA,Male,White,Divorced,Exceeds,3,2023-04-06,3,5,2,2022-08-30,Technical Skills,Internal,Failed,5,956.11,52,0,187.47254901960787,3.3333333333333335
1429,2019-11-22,Production Technician II,EW,Terminated,Contract,Zone B,Temporary,Production,Field Operations,1944-02-09,MA,Female,Hispanic,Divorced,Exceeds,3,2023-03-23,1,4,3,2022-11-26,Communication Skills,External,Failed,4,441.43,75,0,107.66585365853659,2.6666666666666665
1430,2023-02-13,Production Technician II,MSC,Terminated,Part-Time,Zone A,Temporary,Production,Yard (Material Handling),1959-01-19,MA,Female,Asian,Single,Needs Improvement,3,2022-09-15,2,2,2,2022-08-26,Leadership Development,External,Passed,4,193.99,64,1,47.31463414634147,2.0
1431,2019-03-15,Production Technician II,TNS,Active,Full-Time,Zone B,Full-Time,Production,Field Operations,1951-10-31,MA,Female,Black,Widowed,Exceeds,3,2022-10-28,2,1,1,2022-10-15,Technical Skills,External,Failed,3,790.72,68,0,255.07096774193548,1.3333333333333333
1432,2019-07-18,Production Technician II,PYZ,Active,Contract,Zone A,Part-Time,Production,Project Management - Con,1991-07-29,MA,Male,White,Married,Exceeds,3,2022-10-13,4,3,4,2022-08-06,Communication Skills,Internal,Completed,4,894.75,28,1,218.2317073170732,3.6666666666666665
1433,2021-04-09,Production Technician I,SVG,Active,Part-Time,Zone C,Part-Time,Production,General - Con,1995-08-25,MA,Female,White,Widowed,Needs Improvement,3,2022-06-08,5,1,3,2022-09-18,Customer Service,Internal,Passed,4,863.73,26,1,210.6658536585366,3.0
1434,2018-12-30,Production Technician I,EW,Active,Part-Time,Zone C,Part-Time,Production,Splicing,1986-12-28,MA,Female,White,Divorced,Exceeds,3,2022-10-21,1,2,3,2023-04-27,Project Management,External,Incomplete,2,746.99,32,0,355.7095238095238,2.0
1435,2021-07-30,Production Technician I,MSC,Active,Contract,Zone C,Temporary,Production,Field Operations,1998-11-29,MA,Female,Hispanic,Single,Exceeds,3,2023-03-23,4,2,3,2022-09-21,Leadership Development,Internal,Passed,4,360.38,23,1,87.89756097560976,3.0
1436,2022-10-28,Production Technician I,TNS,Active,Full-Time,Zone C,Temporary,Production,Field Operations,1989-05-27,MA,Male,Hispanic,Married,Needs Improvement,3,2023-09-07,1,2,2,2022-08-26,Technical Skills,Internal,Incomplete,1,298.3,33,0,271.1818181818182,1.6666666666666667
1437,2020-10-29,Production Technician I,PYZ,Active,Contract,Zone C,Temporary,Production,Project Management - Con,1996-06-25,MA,Male,Asian,Single,Exceeds,3,2023-06-01,4,5,5,2022-12-28,Leadership Development,External,Passed,3,537.12,24,1,173.26451612903224,4.666666666666667
1438,2023-03-17,Production Technician I,WBL,Active,Contract,Zone B,Part-Time,Production,Field Operations,1977-12-16,MA,Male,Asian,Married,Exceeds,3,2023-01-21,1,4,1,2023-05-12,Customer Service,External,Passed,2,996.18,46,1,474.3714285714285,2.0
1439,2022-07-20,Production Technician I,NEL,Active,Full-Time,Zone A,Temporary,Production,General - Con,1988-01-24,MA,Female,Asian,Widowed,Needs Improvement,3,2022-11-29,3,1,3,2023-06-20,Communication Skills,Internal,Completed,4,764.43,34,1,186.44634146341463,2.3333333333333335
1440,2023-08-04,Production Technician I,PL,Active,Part-Time,Zone A,Temporary,Production,Field Operations,1997-02-21,MA,Female,Hispanic,Single,Needs Improvement,3,2022-02-11,3,1,4,2022-11-13,Communication Skills,External,Failed,5,490.33,26,0,96.14313725490196,2.6666666666666665
1441,2021-11-26,Production Technician I,BPC,Active,Contract,Zone A,Temporary,Production,Field Operations,1982-03-16,MA,Female,Hispanic,Married,Needs Improvement,3,2023-07-04,1,1,5,2022-10-23,Customer Service,Internal,Incomplete,4,758.41,39,0,184.97804878048782,2.3333333333333335
1442,2018-09-27,Production Technician I,CCDR,Active,Full-Time,Zone A,Temporary,Production,Safety,1993-10-07,MA,Female,Black,Single,Needs Improvement,3,2023-11-01,2,4,2,2023-02-21,Technical Skills,External,Incomplete,3,367.56,25,0,118.56774193548387,2.6666666666666665
1443,2019-08-04,Production Technician I,SVG,Active,Contract,Zone C,Part-Time,Production,Field Operations,1960-02-25,MA,Female,White,Divorced,Needs Improvement,3,2023-12-06,5,2,3,2023-05-03,Leadership Development,Internal,Failed,5,582.49,59,0,114.21372549019608,3.3333333333333335
1444,2019-10-03,Production Technician I,EW,Active,Contract,Zone C,Part-Time,Production,General - Con,1972-02-21,MA,Female,White,Divorced,Needs Improvement,3,2022-12-21,5,5,3,2023-01-30,Leadership Development,External,Incomplete,2,561.14,47,0,267.2095238095238,4.333333333333333
1448,2020-09-13,Production Technician I,WBL,Active,Part-Time,Zone A,Part-Time,Production,General - Con,1976-08-13,MA,Female,Other,Single,Needs Improvement,3,2022-10-23,1,1,3,2022-08-06,Leadership Development,Internal,Failed,5,151.43,44,0,29.6921568627451,1.6666666666666667
1449,2022-11-15,Production Technician II,PL,Active,Part-Time,Zone B,Temporary,Production,General - Sga,1965-09-14,MA,Male,Other,Divorced,Needs Improvement,3,2022-11-08,4,2,2,2022-10-09,Customer Service,Internal,Passed,5,675.71,57,1,132.4921568627451,2.6666666666666665
1450,2020-02-07,Production Technician II,PYZ,Terminated,Full-Time,Zone C,Temporary,Production,Field Operations,1958-02-20,MA,Male,White,Single,Needs Improvement,3,2023-04-22,5,1,2,2023-06-23,Project Management,Internal,Incomplete,5,436.63,62,0,85.61372549019609,2.6666666666666665
1451,2022-12-31,Production Technician II,SVG,Active,Part-Time,Zone A,Part-Time,Production,Splicing,1944-12-20,MA,Female,Hispanic,Widowed,Needs Improvement,3,2022-12-27,4,3,4,2022-10-25,Communication Skills,External,Completed,2,387.11,78,1,184.33809523809524,3.6666666666666665
1452,2019-03-26,Production Technician II,TNS,Active,Full-Time,Zone B,Full-Time,Production,Field Operations,1953-03-29,MA,Female,White,Single,Needs Improvement,3,2022-08-14,4,4,5,2022-09-04,Technical Skills,Internal,Passed,4,320.38,66,1,78.14146341463415,4.333333333333333
1453,2023-03-22,Production Technician II,WBL,Active,Full-Time,Zone C,Temporary,Production,Engineers,1990-08-20,MA,Male,Black,Single,Needs Improvement,3,2022-12-09,1,5,1,2023-04-05,Technical Skills,Internal,Passed,2,294.55,33,1,140.26190476190476,2.3333333333333335
1454,2022-12-23,Production Technician II,WBL,Terminated,Full-Time,Zone C,Temporary,Production,General - Con,1977-12-03,MA,Male,Hispanic,Married,Needs Improvement,3,2023-07-28,2,2,1,2022-12-14,Customer Service,External,Completed,1,832.86,45,1,757.1454545454545,1.6666666666666667
1455,2019-12-27,Production Technician I,PL,Active,Contract,Zone C,Full-Time,Production,General - Sga,1995-03-19,MA,Female,Other,Widowed,Needs Improvement,3,2023-04-07,2,2,4,2023-05-15,Leadership Development,Internal,Passed,5,223.34,24,1,43.7921568627451,2.6666666666666665
1456,2019-06-25,Production Technician I,PYZ,Active,Full-Time,Zone B,Full-Time,Production,Engineers,1956-08-10,MA,Female,Hispanic,Married,Exceeds,3,2022-08-31,2,1,5,2022-09-30,Customer Service,External,Incomplete,3,456.95,63,0,147.40322580645162,2.6666666666666665
1457,2018-11-23,Production Technician I,SVG,Active,Contract,Zone A,Part-Time,Production,Field Operations,1977-03-08,MA,Female,Other,Married,Exceeds,3,2023-02-07,2,1,1,2023-05-11,Project Management,External,Passed,5,988.47,41,1,193.81764705882355,1.3333333333333333
1458,2021-01-17,Production Technician I,TNS,Active,Full-Time,Zone A,Part-Time,Production,Wireline Construction,1994-03-19,MA,Female,Hispanic,Single,Exceeds,3,2023-06-02,2,2,4,2023-05-22,Technical Skills,External,Incomplete,1,429.49,27,0,390.44545454545454,2.6666666666666665
1459,2021-09-08,Production Technician I,WBL,Active,Contract,Zone C,Temporary,Production,Engineers,1946-12-08,MA,Male,Black,Single,Exceeds,3,2022-10-09,5,2,5,2022-10-18,Project Management,Internal,Failed,3,798.97,75,0,257.73225806451615,4.0
1460,2021-02-24,Production Technician I,BPC,Active,Full-Time,Zone A,Temporary,Production,Wireline Construction,1955-05-29,MA,Male,Other,Divorced,Exceeds,3,2023-02-23,2,3,1,2023-03-06,Customer Service,Internal,Incomplete,2,864.22,66,0,411.5333333333333,2.0
1461,2019-04-12,Production Technician I,CCDR,Active,Full-Time,Zone C,Full-Time,Production,Project Management - Con,2001-03-03,MA,Female,Asian,Widowed,Exceeds,3,2023-09-04,1,1,2,2023-06-01,Communication Skills,Internal,Passed,1,302.52,18,1,275.0181818181818,1.3333333333333333
1462,2023-07-13,Production Technician I,EW,Active,Contract,Zone C,Temporary,Production,Fielders,1960-07-03,MA,Female,Other,Widowed,Exceeds,3,2022-08-31,4,5,5,2023-02-02,Leadership Development,External,Completed,4,152.66,63,1,37.234146341463415,4.666666666666667
1463,2020-10-05,Production Technician I,MSC,Active,Contract,Zone C,Temporary,Production,Field Operations,1975-11-28,MA,Female,Hispanic,Divorced,Exceeds,3,2023-03-13,5,4,5,2023-04-14,Customer Service,Internal,Completed,2,399.05,45,1,190.02380952380952,4.666666666666667
1464,2019-01-27,Production Technician I,NEL,Active,Part-Time,Zone C,Full-Time,Production,General - Sga,1957-01-10,MA,Female,Asian,Married,Exceeds,3,2023-04-07,2,5,1,2023-06-25,Customer Service,Internal,Completed,2,791.74,62,1,377.0190476190476,2.6666666666666665
1465,2020-12-17,Production Technician I,PL,Active,Part-Time,Zone A,Full-Time,Production,Technology / It,1958-06-22,MA,Female,Other,Single,Exceeds,3,2023-02-06,1,1,3,2022-12-06,Leadership Development,External,Incomplete,4,770.23,62,0,187.8609756097561,1.6666666666666667
1466,2021-03-04,Production Technician I,PYZ,Active,Full-Time,Zone A,Temporary,Production,Billable Consultants,1989-08-03,MA,Female,White,Widowed,Exceeds,3,2022-05-12,1,4,5,2022-12-16,Project Management,External,Completed,3,746.05,32,1,240.6612903225806,3.3333333333333335
1467,2023-03-30,Production Technician I,SVG,Active,Full-Time,Zone A,Temporary,Production,People Services,1989-04-16,MA,Female,Black,Married,Fully Meets,3,2022-08-13,3,4,2,2023-01-13,Technical Skills,External,Completed,2,177.66,34,1,84.6,3.0
1468,2018-12-27,Production Technician I,TNS,Active,Contract,Zone A,Part-Time,Production,Field Operations,1965-08-30,MA,Female,Hispanic,Divorced,Exceeds,3,2023-04-21,3,1,3,2023-04-10,Leadership Development,Internal,Passed,5,429.38,53,1,84.19215686274511,2.3333333333333335
1469,2021-09-20,Production Technician I,WBL,Active,Full-Time,Zone B,Temporary,Production,Field Operations,1976-08-17,MA,Female,Asian,Married,Exceeds,3,2023-02-23,4,2,4,2022-08-25,Leadership Development,External,Incomplete,3,867.59,45,0,279.8677419354839,3.3333333333333335
1470,2023-02-08,Production Technician I,BPC,Active,Part-Time,Zone B,Part-Time,Production,General - Sga,1995-09-20,MA,Female,Asian,Married,Exceeds,3,2023-03-21,1,4,1,2023-04-17,Communication Skills,External,Failed,5,502.65,28,0,98.55882352941177,2.0
1471,2019-10-16,Production Technician II,CCDR,Terminated,Full-Time,Zone B,Part-Time,Production,Field Operations,1960-09-04,MA,Male,White,Divorced,Exceeds,3,2022-12-23,3,4,2,2023-03-06,Technical Skills,Internal,Completed,3,488.68,59,1,157.63870967741934,3.0
1472,2021-08-31,Production Technician II,SVG,Active,Contract,Zone C,Full-Time,Production,Project Management - Con,1972-04-14,MA,Male,Other,Single,Exceeds,3,2022-02-09,2,4,1,2023-04-11,Project Management,Internal,Passed,3,416.76,49,1,134.43870967741935,2.3333333333333335
1473,2020-09-25,Production Technician II,EW,Active,Contract,Zone B,Full-Time,Production,Field Operations,1942-06-10,MA,Female,Black,Divorced,Exceeds,3,2022-11-12,5,2,1,2023-02-11,Leadership Development,External,Passed,4,336.08,78,1,81.97073170731707,2.6666666666666665
1474,2023-02-01,Production Technician II,MSC,Terminated,Full-Time,Zone C,Part-Time,Production,Engineers,1942-07-13,MA,Female,Hispanic,Married,Exceeds,3,2022-09-22,2,1,3,2023-02-19,Project Management,External,Failed,1,798.37,81,0,725.790909090909,2.0
1475,2023-01-17,Production Technician II,TNS,Active,Full-Time,Zone A,Temporary,Production,Wireline Construction,1993-08-19,MA,Male,Other,Married,Exceeds,3,2023-07-25,2,3,3,2022-11-04,Technical Skills,Internal,Passed,3,499.48,30,1,161.1225806451613,2.6666666666666665
1476,2019-12-07,Production Technician II,PYZ,Terminated,Contract,Zone C,Part-Time,Production,Field Operations,1962-07-11,MA,Male,Other,Divorced,PIP,3,2022-12-21,1,4,1,2023-03-08,Technical Skills,External,Completed,2,615.32,57,1,293.00952380952384,2.0
1477,2018-11-21,Production Technician I,CCDR,Active,Contract,Zone B,Full-Time,Production,Wireline Construction,1963-12-09,MA,Female,Asian,Married,Exceeds,3,2023-02-24,5,5,3,2023-03-12,Technical Skills,External,Failed,5,410.36,55,0,80.46274509803922,4.333333333333333
1478,2021-02-15,Production Technician I,SVG,Active,Part-Time,Zone B,Part-Time,Production,Field Operations,1953-09-21,MA,Female,Other,Divorced,Exceeds,3,2022-11-22,1,1,3,2023-08-03,Leadership Development,External,Failed,5,453.86,68,0,88.9921568627451,1.6666666666666667
1479,2021-01-06,Production Technician I,EW,Active,Part-Time,Zone B,Full-Time,Production,Project Management - Con,1951-04-12,MA,Female,White,Married,Exceeds,3,2022-08-23,3,4,2,2023-01-23,Project Management,Internal,Failed,1,975.27,70,0,886.6090909090908,3.0
1480,2019-01-18,Production Technician I,MSC,Active,Part-Time,Zone B,Part-Time,Production,Shop (Fleet),1994-04-27,MA,Male,Black,Married,Needs Improvement,3,2023-02-16,5,1,4,2023-04-18,Leadership Development,External,Failed,2,946.81,25,0,450.8619047619047,3.3333333333333335
1481,2023-03-15,Production Technician I,TNS,Active,Full-Time,Zone A,Part-Time,Production,Field Operations,2000-09-07,MA,Male,Asian,Single,Exceeds,3,2023-07-24,3,5,3,2023-05-16,Communication Skills,Internal,Completed,5,142.57,23,1,27.954901960784316,3.6666666666666665
1482,2019-11-11,Production Technician I,PYZ,Active,Contract,Zone C,Temporary,Production,Finance & Accounting,1952-02-02,MA,Female,Asian,Widowed,Exceeds,3,2023-04-23,1,1,1,2022-10-13,Customer Service,Internal,Completed,5,186.57,67,1,36.582352941176474,1.0
1483,2022-08-21,Production Technician I,WBL,Active,Full-Time,Zone A,Full-Time,Production,Shop (Fleet),1961-10-15,MA,Female,Hispanic,Single,Exceeds,3,2022-08-19,3,5,4,2022-08-22,Communication Skills,External,Incomplete,4,168.71,61,0,41.148780487804885,4.0
1484,2020-05-05,Production Technician I,NEL,Active,Full-Time,Zone B,Full-Time,Production,General - Con,1991-02-07,MA,Female,Hispanic,Married,Exceeds,3,2022-12-25,5,2,1,2023-07-29,Communication Skills,External,Incomplete,1,473.77,29,0,430.69999999999993,2.6666666666666665
1485,2021-03-05,Production Technician I,PL,Active,Contract,Zone A,Part-Time,Production,Aerial,1971-12-16,MA,Female,Asian,Married,Exceeds,3,2022-12-14,1,2,1,2023-07-02,Leadership Development,External,Completed,5,654.35,50,1,128.30392156862746,1.3333333333333333
1486,2019-03-07,Production Technician I,BPC,Active,Part-Time,Zone A,Full-Time,Production,Engineers,1999-05-13,MA,Female,Hispanic,Divorced,Fully Meets,3,2023-05-03,5,5,2,2023-05-30,Customer Service,Internal,Incomplete,2,176.63,20,0,84.10952380952381,4.0
1487,2022-05-08,Production Technician I,CCDR,Active,Full-Time,Zone B,Part-Time,Production,General - Con,1971-08-28,MA,Female,Asian,Widowed,Fully Meets,3,2023-05-20,4,4,2,2022-08-08,Customer Service,External,Failed,3,385.82,51,0,124.45806451612903,3.3333333333333335
1489,2020-12-01,Production Technician I,EW,Active,Contract,Zone A,Part-Time,Production,Fielders,1944-08-19,MA,Female,White,Widowed,Fully Meets,3,2022-10-13,3,5,2,2022-10-01,Leadership Development,External,Completed,5,112.64,76,1,22.086274509803925,3.3333333333333335
1490,2019-08-13,Production Technician I,MSC,Active,Contract,Zone A,Temporary,Production,Engineers,1970-03-23,MA,Female,White,Widowed,Needs Improvement,3,2023-06-03,2,3,4,2023-07-23,Communication Skills,External,Incomplete,4,849.95,49,0,207.30487804878052,3.0
1491,2020-03-09,Production Technician I,TNS,Active,Part-Time,Zone C,Temporary,Production,Project Management - Con,1982-02-27,MA,Female,Hispanic,Married,Exceeds,3,2023-03-29,1,3,3,2022-08-10,Technical Skills,External,Failed,5,187.65,38,0,36.794117647058826,2.3333333333333335
1492,2020-05-06,Production Technician II,CCDR,Active,Full-Time,Zone B,Temporary,Production,Engineers,1955-08-12,MA,Male,Other,Divorced,Exceeds,3,2023-04-17,4,5,2,2022-12-25,Customer Service,Internal,Failed,1,285.56,65,0,259.59999999999997,3.6666666666666665
1493,2022-08-03,Production Technician II,SVG,Active,Full-Time,Zone B,Temporary,Production,Field Operations,1980-07-19,MA,Male,Black,Married,Fully Meets,3,2022-06-12,2,2,4,2022-10-09,Communication Skills,Internal,Incomplete,3,793.43,42,0,255.94516129032255,2.6666666666666665
1494,2018-10-13,Production Technician II,EW,Terminated,Contract,Zone B,Full-Time,Production,Splicing,1949-12-03,MA,Female,Hispanic,Divorced,Fully Meets,3,2023-06-05,5,5,5,2023-02-01,Customer Service,External,Passed,5,978.89,69,1,191.9392156862745,5.0
1495,2021-07-04,Production Technician II,MSC,Active,Part-Time,Zone A,Temporary,Production,General - Con,1971-11-01,MA,Male,Hispanic,Single,Fully Meets,3,2022-12-30,3,3,4,2023-02-25,Customer Service,Internal,Completed,4,993.66,50,1,242.35609756097563,3.3333333333333335
1496,2019-04-30,Production Technician II,TNS,Active,Part-Time,Zone A,Full-Time,Production,Splicing,1950-10-25,MA,Male,White,Widowed,Fully Meets,3,2023-09-07,2,3,3,2022-09-07,Customer Service,External,Completed,3,768.55,69,1,247.91935483870967,2.6666666666666665
1497,2020-11-03,Production Technician II,PYZ,Active,Contract,Zone C,Temporary,Production,Engineers,1995-11-12,MA,Male,Black,Widowed,Needs Improvement,3,2023-07-29,5,4,5,2022-08-23,Technical Skills,External,Completed,3,140.78,25,1,45.41290322580645,4.666666666666667
1498,2022-08-15,Production Technician I,BPC,Active,Full-Time,Zone B,Part-Time,Production,Engineers,1944-03-24,MA,Female,Black,Married,Exceeds,3,2022-12-28,1,5,3,2023-08-05,Project Management,Internal,Passed,3,598.07,78,1,192.9258064516129,3.0
1499,2022-02-26,Production Technician I,CCDR,Active,Contract,Zone A,Full-Time,Production,General - Con,1975-04-27,MA,Female,Other,Married,Fully Meets,3,2022-11-28,4,2,3,2023-01-18,Customer Service,External,Incomplete,5,543.52,47,0,106.57254901960785,3.0
1500,2019-05-13,Production Technician I,SVG,Active,Part-Time,Zone B,Part-Time,Production,Field Operations,1985-02-02,MA,Female,Hispanic,Divorced,Fully Meets,3,2023-07-24,1,4,4,2023-01-12,Technical Skills,Internal,Passed,2,916.73,34,1,436.53809523809525,3.0
1501,2021-10-24,Production Technician I,EW,Active,Contract,Zone A,Part-Time,Production,Field Operations,1999-01-10,MA,Male,Hispanic,Widowed,Fully Meets,3,2023-08-05,5,4,4,2023-07-29,Customer Service,Internal,Completed,2,491.99,22,1,234.28095238095239,4.333333333333333
1502,2021-05-10,Production Technician I,MSC,Active,Full-Time,Zone B,Full-Time,Production,General - Eng,1986-12-15,MA,Male,White,Divorced,Fully Meets,3,2023-08-06,5,3,5,2023-03-08,Technical Skills,Internal,Failed,4,245.0,35,0,59.75609756097562,4.333333333333333
1503,2021-06-13,Production Technician I,TNS,Active,Contract,Zone A,Part-Time,Production,General - Sga,1985-04-21,MA,Female,Black,Single,Fully Meets,3,2022-10-24,2,2,4,2022-12-09,Communication Skills,External,Failed,3,574.9,36,0,185.4516129032258,2.6666666666666665
1504,2019-11-04,Production Technician I,PYZ,Active,Full-Time,Zone C,Full-Time,Production,Engineers,1971-08-23,MA,Female,Other,Married,Needs Improvement,3,2022-10-23,5,3,2,2023-06-20,Technical Skills,Internal,Failed,4,684.08,48,0,166.8487804878049,3.3333333333333335
1505,2020-01-29,Production Technician I,WBL,Active,Full-Time,Zone A,Part-Time,Production,Wireline Construction,1942-08-17,MA,Female,Other,Widowed,Exceeds,3,2022-02-11,2,5,4,2023-05-08,Leadership Development,Internal,Passed,2,204.1,78,1,97.19047619047619,3.6666666666666665
1506,2018-09-05,Production Technician I,NEL,Active,Part-Time,Zone B,Part-Time,Production,Engineers,1972-06-18,MA,Female,Hispanic,Single,Exceeds,3,2023-08-05,2,3,2,2022-11-01,Leadership Development,External,Failed,1,789.33,46,0,717.5727272727272,2.3333333333333335
1507,2021-07-21,Production Technician I,PL,Active,Full-Time,Zone C,Full-Time,Production,General - Sga,1996-08-15,MA,Female,Black,Widowed,Fully Meets,3,2023-01-19,1,2,1,2022-09-21,Technical Skills,Internal,Completed,3,812.13,25,1,261.9774193548387,1.3333333333333333
1508,2023-05-20,Production Technician I,BPC,Active,Part-Time,Zone B,Temporary,Production,General - Con,1964-12-25,MA,Female,White,Single,Fully Meets,3,2022-07-10,4,3,2,2023-05-12,Customer Service,Internal,Passed,2,675.02,59,1,321.43809523809523,3.0
1509,2022-05-16,Production Technician I,CCDR,Active,Full-Time,Zone C,Full-Time,Production,General - Sga,1960-01-24,MA,Female,Other,Single,Fully Meets,3,2022-09-25,5,1,3,2023-06-29,Project Management,Internal,Incomplete,4,343.07,62,0,83.67560975609757,3.0
1510,2021-03-15,Production Technician I,SVG,Active,Contract,Zone C,Temporary,Production,General - Sga,1980-09-16,MA,Female,Black,Married,Fully Meets,3,2023-06-04,2,3,3,2022-10-13,Technical Skills,External,Incomplete,5,986.78,41,0,193.48627450980393,2.6666666666666665
1513,2019-12-21,Production Technician II,PL,Active,Contract,Zone C,Temporary,Production,General - Eng,1993-03-10,MA,Male,Other,Widowed,Fully Meets,3,2022-11-18,5,3,5,2022-11-10,Technical Skills,External,Failed,4,746.57,26,0,182.09024390243906,4.333333333333333
1514,2022-07-15,Production Technician II,PYZ,Active,Contract,Zone C,Part-Time,Production,Splicing,1983-05-12,MA,Male,Hispanic,Widowed,Fully Meets,3,2023-08-05,1,3,2,2022-12-01,Leadership Development,Internal,Failed,5,434.39,39,0,85.17450980392157,2.0
1515,2018-09-26,Production Technician II,SVG,Active,Full-Time,Zone B,Part-Time,Production,General - Con,1997-04-18,MA,Female,Other,Married,Fully Meets,3,2022-12-14,2,3,1,2023-04-03,Communication Skills,External,Completed,3,765.84,21,1,247.0451612903226,2.0
1516,2022-10-16,Production Technician II,TNS,Active,Contract,Zone B,Full-Time,Production,General - Eng,1943-05-06,MA,Male,Hispanic,Widowed,Fully Meets,3,2023-07-16,1,5,3,2022-11-18,Communication Skills,Internal,Failed,3,457.4,79,0,147.54838709677418,3.0
1517,2021-12-02,Production Technician II,WBL,Active,Full-Time,Zone C,Part-Time,Production,Splicing,1986-05-03,MA,Male,White,Married,Fully Meets,3,2023-01-22,4,5,3,2023-01-12,Customer Service,External,Passed,3,615.84,35,1,198.65806451612903,4.0
1518,2019-03-07,Production Technician II,BPC,Terminated,Full-Time,Zone B,Temporary,Production,Fielders,1975-11-26,MA,Male,White,Divorced,Fully Meets,3,2022-09-28,4,4,2,2022-12-08,Customer Service,Internal,Completed,2,803.79,44,1,382.7571428571428,3.3333333333333335
1519,2023-05-02,Production Technician I,BPC,Active,Part-Time,Zone B,Full-Time,Production,Project Management - Con,1971-04-17,MA,Female,Asian,Single,Fully Meets,3,2023-02-25,1,3,1,2022-09-23,Leadership Development,External,Completed,2,586.89,52,1,279.47142857142853,1.6666666666666667
1520,2020-08-24,Production Technician I,CCDR,Active,Full-Time,Zone A,Full-Time,Production,Sales & Marketing,1976-04-07,MA,Female,White,Divorced,Fully Meets,3,2023-05-04,2,2,5,2022-10-11,Communication Skills,External,Failed,5,104.48,44,0,20.486274509803923,3.0
1521,2020-12-08,Production Technician I,SVG,Active,Contract,Zone B,Temporary,Production,Wireline Construction,1990-04-15,MA,Male,Black,Single,Needs Improvement,3,2023-11-06,4,1,3,2023-06-02,Project Management,Internal,Passed,1,877.41,30,1,797.6454545454544,2.6666666666666665
1522,2021-02-15,Production Technician I,EW,Active,Full-Time,Zone B,Full-Time,Production,Field Operations,1943-08-24,MA,Male,Hispanic,Married,Fully Meets,3,2022-03-12,3,4,5,2023-05-17,Technical Skills,External,Incomplete,3,791.99,78,0,255.4806451612903,4.0
1523,2020-09-15,Production Technician I,MSC,Active,Contract,Zone B,Full-Time,Production,People Services,1971-05-30,MA,Male,Other,Married,Fully Meets,3,2022-09-20,4,4,3,2022-12-11,Technical Skills,External,Incomplete,2,660.4,49,0,314.4761904761904,3.6666666666666665
1524,2023-03-16,Production Technician I,TNS,Active,Full-Time,Zone A,Temporary,Production,Engineers,1975-05-13,MA,Female,Other,Single,Fully Meets,3,2023-01-17,4,1,2,2023-05-01,Communication Skills,Internal,Completed,2,928.81,48,1,442.29047619047617,2.3333333333333335
1525,2021-11-14,Production Technician I,BPC,Active,Full-Time,Zone B,Temporary,Production,General - Con,1947-04-14,MA,Female,Asian,Widowed,Needs Improvement,3,2022-10-29,2,4,1,2022-12-10,Technical Skills,Internal,Incomplete,4,347.29,74,0,84.7048780487805,2.3333333333333335
1526,2021-04-23,Production Technician I,CCDR,Active,Contract,Zone B,Full-Time,Production,Field Operations,1987-04-04,MA,Female,Other,Divorced,Fully Meets,3,2023-01-20,2,3,3,2023-05-26,Leadership Development,Internal,Completed,3,190.51,34,1,61.45483870967742,2.6666666666666665
1527,2022-06-05,Production Technician I,EW,Active,Part-Time,Zone A,Full-Time,Production,Engineers,1980-03-13,MA,Female,Asian,Widowed,Fully Meets,3,2023-02-06,1,1,3,2023-06-03,Customer Service,External,Incomplete,3,206.53,42,0,66.62258064516129,1.6666666666666667
1528,2022-11-19,Production Technician I,MSC,Active,Part-Time,Zone A,Part-Time,Production,Field Operations,1953-11-27,MA,Female,Asian,Widowed,Fully Meets,3,2023-02-25,5,5,2,2022-12-10,Communication Skills,Internal,Incomplete,1,639.93,69,0,581.7545454545453,4.0
1529,2023-04-14,Production Technician I,NEL,Active,Full-Time,Zone C,Part-Time,Production,Field Operations,1974-07-27,MA,Female,Hispanic,Married,Fully Meets,3,2023-04-28,3,1,3,2023-04-14,Communication Skills,External,Incomplete,5,304.06,49,0,59.61960784313726,2.3333333333333335
1530,2022-12-13,Production Technician I,PL,Active,Contract,Zone B,Full-Time,Production,Field Operations,2000-02-02,MA,Female,Other,Single,Fully Meets,3,2022-10-31,1,2,3,2023-06-06,Project Management,External,Passed,4,261.13,22,1,63.69024390243903,2.0
1534,2022-02-27,Production Technician II,CCDR,Active,Full-Time,Zone B,Temporary,Production,Field Operations,1964-10-11,MA,Male,White,Married,Fully Meets,3,2022-12-08,1,1,5,2022-10-27,Project Management,External,Failed,1,857.19,58,0,779.2636363636364,2.3333333333333335
1535,2021-05-08,Production Technician II,SVG,Active,Contract,Zone B,Part-Time,Production,General - Con,2000-11-11,MA,Female,Black,Widowed,Fully Meets,3,2022-08-12,4,2,1,2022-10-09,Customer Service,Internal,Failed,3,442.86,21,0,142.85806451612902,2.3333333333333335
1536,2022-12-27,Production Technician II,EW,Active,Contract,Zone C,Part-Time,Production,General - Con,1955-12-19,MA,Female,Asian,Single,Fully Meets,3,2023-03-19,5,3,5,2023-01-27,Communication Skills,Internal,Passed,4,382.0,67,1,93.17073170731707,4.333333333333333
1537,2020-08-16,Production Technician II,MSC,Active,Contract,Zone B,Full-Time,Production,Project Management - Con,1950-12-01,MA,Male,Hispanic,Divorced,Fully Meets,3,2022-06-08,5,2,4,2023-07-29,Communication Skills,External,Incomplete,2,430.09,70,0,204.80476190476188,3.6666666666666665
1538,2023-01-20,Production Technician II,TNS,Active,Contract,Zone B,Full-Time,Production,Splicing,2001-01-18,MA,Male,White,Widowed,Fully Meets,3,2022-11-11,2,4,5,2022-10-21,Leadership Development,External,Failed,3,854.47,22,0,275.63548387096773,3.6666666666666665
1539,2020-12-28,Production Technician II,PYZ,Terminated,Part-Time,Zone A,Full-Time,Production,Project Management - Con,1961-02-03,MA,Male,Hispanic,Widowed,Fully Meets,3,2023-01-22,4,4,5,2022-12-20,Communication Skills,Internal,Passed,5,899.57,59,1,176.38627450980394,4.333333333333333
1540,2021-02-18,Production Technician I,BPC,Active,Contract,Zone C,Temporary,Production,Technology / It,1967-02-19,MA,Female,Black,Widowed,Fully Meets,3,2023-01-24,2,4,2,2022-10-27,Communication Skills,Internal,Incomplete,1,686.34,54,0,623.9454545454545,2.6666666666666665
1541,2021-01-16,Production Technician I,CCDR,Active,Part-Time,Zone C,Full-Time,Production,General - Sga,1972-12-13,MA,Female,Black,Widowed,Fully Meets,3,2022-12-26,1,4,1,2023-02-17,Communication Skills,Internal,Passed,4,770.12,49,1,187.83414634146342,2.0
1542,2022-04-07,Production Technician I,SVG,Active,Full-Time,Zone A,Temporary,Production,Splicing,1992-11-12,MA,Male,White,Married,Fully Meets,3,2023-07-31,5,4,4,2022-10-07,Leadership Development,External,Incomplete,4,180.73,30,0,44.08048780487805,4.333333333333333
1543,2019-07-11,Production Technician I,EW,Active,Part-Time,Zone A,Part-Time,Production,Field Operations,1961-07-16,MA,Male,Black,Married,Fully Meets,3,2023-07-01,4,1,1,2023-05-01,Technical Skills,Internal,Incomplete,2,734.87,58,0,349.93809523809523,2.0
1544,2020-08-09,Production Technician I,MSC,Active,Part-Time,Zone C,Temporary,Production,General - Eng,1994-05-18,MA,Female,Other,Married,Fully Meets,3,2023-06-20,5,1,5,2022-10-23,Communication Skills,Internal,Passed,3,811.24,26,1,261.69032258064516,3.6666666666666665
1545,2018-09-20,Production Technician I,TNS,Active,Contract,Zone A,Part-Time,Production,Field Operations,1957-08-05,MA,Female,Hispanic,Married,Fully Meets,3,2022-08-21,2,4,2,2023-02-05,Leadership Development,Internal,Passed,3,566.0,61,1,182.5806451612903,2.6666666666666665
1546,2020-01-21,Production Technician I,PYZ,Active,Part-Time,Zone B,Part-Time,Production,Splicing,1952-08-13,MA,Female,Hispanic,Widowed,Fully Meets,3,2023-05-26,3,1,5,2023-02-26,Project Management,External,Incomplete,5,638.92,68,0,125.27843137254902,3.0
1547,2022-02-17,Production Technician I,WBL,Active,Contract,Zone B,Temporary,Production,Technology / It,1993-12-25,MA,Female,Hispanic,Widowed,Fully Meets,3,2022-09-24,4,4,4,2023-04-04,Leadership Development,Internal,Incomplete,3,340.07,29,0,109.69999999999999,4.0
1548,2019-06-11,Production Technician I,NEL,Active,Part-Time,Zone A,Full-Time,Production,Engineers,1964-01-08,MA,Male,Asian,Widowed,Needs Improvement,3,2023-06-14,1,4,4,2023-04-12,Communication Skills,Internal,Passed,4,206.75,55,1,50.426829268292686,3.0
1549,2022-05-05,Production Technician I,PL,Active,Part-Time,Zone C,Full-Time,Production,Executive,1993-01-16,MA,Female,Other,Married,Fully Meets,3,2023-07-07,2,3,1,2023-06-04,Project Management,External,Completed,1,759.56,29,1,690.5090909090908,2.0
1550,2018-09-19,Production Technician I,BPC,Active,Full-Time,Zone A,Temporary,Production,Field Operations,1961-08-15,MA,Female,Black,Widowed,Fully Meets,3,2023-04-03,2,3,3,2022-11-09,Customer Service,External,Failed,3,354.19,57,0,114.25483870967741,2.6666666666666665
1553,2022-12-17,Production Technician I,EW,Active,Part-Time,Zone C,Part-Time,Production,Field Operations,1960-04-10,MA,Female,Other,Single,Fully Meets,3,2023-12-01,3,1,5,2023-03-19,Leadership Development,External,Completed,3,528.55,62,1,170.49999999999997,3.0
1555,2019-03-27,Production Technician II,PL,Active,Part-Time,Zone A,Part-Time,Production,Field Operations,1966-04-26,MA,Female,Hispanic,Divorced,Fully Meets,3,2022-12-19,5,1,2,2023-02-26,Technical Skills,External,Passed,5,757.78,53,1,148.5843137254902,2.6666666666666665
1556,2023-05-08,Production Technician II,PYZ,Active,Full-Time,Zone B,Temporary,Production,Project Management - Con,1993-11-02,MA,Female,Asian,Widowed,Fully Meets,3,2022-07-10,4,5,2,2023-06-10,Communication Skills,External,Completed,1,337.94,30,1,307.2181818181818,3.6666666666666665
1557,2018-12-12,Production Technician II,SVG,Terminated,Part-Time,Zone B,Temporary,Production,Project Management - Con,1991-06-16,MA,Male,Hispanic,Divorced,Fully Meets,3,2022-08-19,4,1,2,2023-06-06,Customer Service,External,Incomplete,5,256.57,27,0,50.307843137254906,2.3333333333333335
1558,2020-08-25,Production Technician II,TNS,Active,Part-Time,Zone A,Temporary,Production,Field Operations,1981-02-24,MA,Male,Black,Married,Fully Meets,3,2022-09-10,3,5,2,2022-09-25,Leadership Development,External,Passed,2,839.12,39,1,399.58095238095234,3.3333333333333335
1559,2022-04-22,Production Technician II,WBL,Terminated,Full-Time,Zone B,Full-Time,Production,Project Management - Con,1965-02-12,MA,Male,Other,Divorced,Fully Meets,3,2023-04-02,3,1,3,2023-04-08,Project Management,External,Passed,1,281.94,57,1,256.3090909090909,2.3333333333333335
1560,2021-12-20,Production Technician II,PYZ,Terminated,Full-Time,Zone A,Full-Time,Production,General - Con,1947-08-09,MA,Male,Other,Divorced,Fully Meets,3,2023-01-23,1,2,4,2023-07-05,Technical Skills,External,Completed,2,821.41,74,1,391.147619047619,2.3333333333333335
1561,2021-02-12,Production Technician I,PL,Active,Contract,Zone C,Full-Time,Production,General - Con,1956-05-29,MA,Female,Hispanic,Single,Fully Meets,3,2023-01-04,5,1,3,2022-10-19,Leadership Development,Internal,Incomplete,3,924.06,65,0,298.0838709677419,3.0
1562,2020-09-29,Production Technician I,BPC,Active,Full-Time,Zone B,Temporary,Production,General - Sga,1944-09-03,MA,Female,Black,Single,Fully Meets,3,2023-04-21,3,2,1,2022-12-24,Leadership Development,Internal,Passed,2,578.66,76,1,275.55238095238093,2.0
1563,2022-09-10,Production Technician I,CCDR,Active,Contract,Zone C,Temporary,Production,Field Operations,1960-11-26,MA,Female,Black,Widowed,Fully Meets,3,2023-04-23,1,4,3,2022-12-09,Leadership Development,External,Incomplete,3,721.86,62,0,232.85806451612902,2.6666666666666665
1564,2023-03-11,Production Technician I,SVG,Active,Contract,Zone A,Full-Time,Production,General - Con,1991-04-03,MA,Male,Other,Widowed,Exceeds,3,2022-12-20,4,1,4,2023-04-20,Communication Skills,External,Completed,4,430.3,32,1,104.95121951219514,3.0
1565,2022-04-28,Production Technician I,EW,Active,Full-Time,Zone C,Full-Time,Production,Field Operations,1960-09-23,MA,Male,Asian,Widowed,Fully Meets,3,2023-06-16,5,4,5,2022-12-03,Customer Service,Internal,Completed,3,337.52,62,1,108.87741935483871,4.666666666666667
1566,2022-03-20,Production Technician I,MSC,Active,Full-Time,Zone B,Temporary,Production,Yard (Material Handling),1962-12-24,MA,Female,Hispanic,Divorced,Exceeds,3,2023-07-25,1,4,1,2023-05-05,Communication Skills,Internal,Failed,1,692.71,60,0,629.7363636363636,2.0
1567,2022-03-04,Production Technician I,TNS,Active,Contract,Zone C,Part-Time,Production,Field Operations,1978-11-29,MA,Female,Asian,Single,Fully Meets,3,2023-12-04,4,2,4,2023-05-13,Project Management,External,Failed,1,177.99,44,0,161.8090909090909,3.3333333333333335
1568,2023-02-01,Production Technician I,PYZ,Active,Part-Time,Zone B,Full-Time,Production,Yard (Material Handling),1995-03-15,MA,Female,Asian,Divorced,Fully Meets,3,2022-04-10,1,2,3,2023-04-07,Communication Skills,External,Incomplete,5,586.71,28,0,115.04117647058825,2.0
1569,2021-02-05,Production Technician I,WBL,Active,Part-Time,Zone C,Full-Time,Production,Engineers,1975-02-24,MA,Male,Black,Widowed,Fully Meets,3,2023-08-03,1,3,1,2023-03-20,Customer Service,Internal,Completed,2,771.98,46,1,367.6095238095238,1.6666666666666667
1570,2022-11-23,Production Technician I,NEL,Active,Contract,Zone C,Part-Time,Production,General - Con,1992-01-01,MA,Male,Asian,Single,Fully Meets,3,2022-07-08,1,4,5,2023-03-28,Project Management,Internal,Passed,4,121.88,30,1,29.726829268292683,3.3333333333333335
1571,2021-05-24,Production Technician I,PL,Active,Part-Time,Zone A,Full-Time,Production,Yard (Material Handling),1986-12-09,MA,Female,Hispanic,Divorced,Exceeds,3,2023-04-06,3,2,4,2023-03-15,Project Management,External,Completed,2,379.68,35,1,180.79999999999998,3.0
1572,2021-09-28,Production Technician I,BPC,Active,Part-Time,Zone C,Part-Time,Production,Fielders,1951-08-04,MA,Female,Black,Married,Fully Meets,3,2022-10-17,2,4,3,2022-10-08,Customer Service,Internal,Completed,2,738.65,70,1,351.73809523809524,3.0
1573,2021-03-17,Production Technician I,CCDR,Active,Contract,Zone A,Part-Time,Production,Shop (Fleet),1985-01-19,MA,Female,Other,Widowed,Fully Meets,3,2023-10-06,1,1,3,2022-12-15,Technical Skills,External,Incomplete,2,159.42,36,0,75.91428571428571,1.6666666666666667
1576,2019-11-11,Production Technician I,MSC,Terminated,Full-Time,Zone C,Full-Time,Production,Aerial,1945-09-20,MA,Male,Black,Married,Needs Improvement,3,2023-07-05,5,2,3,2023-07-06,Communication Skills,Internal,Completed,4,104.34,74,1,25.448780487804882,3.3333333333333335
1577,2020-12-15,Production Technician II,PL,Active,Full-Time,Zone B,Temporary,Production,Finance & Accounting,1963-04-13,MA,Female,Black,Widowed,Fully Meets,3,2023-03-29,5,2,1,2022-10-26,Customer Service,External,Failed,5,413.08,57,0,80.99607843137255,2.6666666666666665
1578,2021-05-06,Production Technician II,PYZ,Terminated,Part-Time,Zone B,Part-Time,Production,Field Operations,1980-08-20,MA,Male,Hispanic,Married,Needs Improvement,3,2023-03-02,5,5,1,2022-12-29,Technical Skills,External,Incomplete,1,856.71,41,0,778.8272727272727,3.6666666666666665
1579,2021-07-08,Production Technician II,SVG,Active,Part-Time,Zone A,Full-Time,Production,General - Con,1994-09-30,MA,Male,White,Divorced,Fully Meets,3,2023-04-15,1,3,1,2022-10-20,Communication Skills,Internal,Passed,5,322.3,27,1,63.196078431372555,1.6666666666666667
1580,2023-04-04,Production Technician II,TNS,Active,Part-Time,Zone A,Full-Time,Production,Finance & Accounting,1972-10-04,MA,Male,Asian,Single,Needs Improvement,3,2023-04-23,1,1,5,2023-03-29,Project Management,Internal,Passed,3,527.93,51,1,170.29999999999998,2.3333333333333335
1581,2022-08-05,Production Technician II,WBL,Terminated,Full-Time,Zone C,Part-Time,Production,General - Con,1950-07-24,MA,Male,Asian,Single,Fully Meets,3,2022-11-12,1,3,5,2023-01-10,Project Management,External,Failed,2,480.2,72,0,228.66666666666666,3.0
1582,2020-04-06,Production Technician II,BPC,Terminated,Part-Time,Zone C,Temporary,Production,Field Operations,1995-01-04,MA,Female,Other,Single,Needs Improvement,3,2022-04-11,2,1,5,2022-11-01,Leadership Development,Internal,Completed,5,323.79,25,1,63.48823529411766,2.6666666666666665
1583,2023-03-02,Production Technician I,NEL,Terminated,Full-Time,Zone B,Part-Time,Production,Project Management - Con,1973-01-07,MA,Female,Other,Widowed,Fully Meets,3,2023-06-27,3,3,3,2023-06-18,Leadership Development,External,Failed,3,184.66,50,0,59.567741935483866,3.0
1584,2020-04-09,Production Technician I,PL,Active,Contract,Zone B,Part-Time,Production,Fielders,1943-10-18,MA,Female,White,Married,Fully Meets,3,2023-03-18,4,1,4,2023-05-10,Leadership Development,External,Passed,4,265.22,77,1,64.6878048780488,3.0
1585,2022-09-17,Production Technician I,BPC,Active,Part-Time,Zone A,Temporary,Production,Splicing,1956-04-05,MA,Female,Black,Single,Fully Meets,3,2022-12-23,5,4,4,2023-02-06,Technical Skills,External,Incomplete,5,843.28,66,0,165.34901960784313,4.333333333333333
1586,2022-01-15,Production Technician I,CCDR,Active,Full-Time,Zone C,Full-Time,Production,General - Con,1973-05-01,MA,Female,Hispanic,Widowed,Fully Meets,3,2023-07-16,3,3,4,2022-12-06,Communication Skills,Internal,Passed,3,643.9,49,1,207.70967741935482,3.3333333333333335
1587,2022-05-23,Production Technician I,SVG,Active,Part-Time,Zone C,Part-Time,Production,Splicing,1984-12-12,MA,Male,Other,Divorced,Fully Meets,3,2023-06-27,4,5,3,2023-03-10,Customer Service,Internal,Completed,4,876.73,38,1,213.8365853658537,4.0
1588,2021-07-15,Production Technician I,EW,Active,Full-Time,Zone A,Temporary,Production,Splicing,1946-02-18,MA,Male,Hispanic,Widowed,Fully Meets,3,2023-07-21,1,5,5,2022-11-08,Leadership Development,Internal,Failed,1,293.85,75,0,267.1363636363636,3.6666666666666665
1589,2020-08-28,Production Technician I,MSC,Active,Contract,Zone A,Part-Time,Production,Field Operations,1996-02-07,MA,Female,White,Married,Fully Meets,3,2023-04-26,2,1,1,2022-10-22,Project Management,Internal,Incomplete,4,328.06,24,0,80.01463414634146,1.3333333333333333
1590,2021-09-09,Production Technician I,TNS,Active,Part-Time,Zone A,Full-Time,Production,Wireline Construction,1983-09-09,MA,Male,Black,Single,Fully Meets,3,2023-04-20,5,1,3,2023-03-16,Leadership Development,Internal,Failed,2,187.35,38,0,89.21428571428571,3.0
1591,2023-02-10,Production Technician I,PYZ,Active,Contract,Zone A,Part-Time,Production,General - Con,1957-10-20,MA,Female,Asian,Divorced,Fully Meets,3,2023-10-05,4,3,1,2023-06-09,Leadership Development,Internal,Passed,5,340.01,66,1,66.6686274509804,2.6666666666666665
1592,2020-06-14,Production Technician I,WBL,Active,Full-Time,Zone A,Full-Time,Production,Engineers,1981-08-15,MA,Male,Other,Single,Exceeds,3,2023-06-06,1,1,4,2023-06-20,Communication Skills,Internal,Incomplete,1,590.82,39,0,537.1090909090909,2.0
1593,2020-12-05,Production Technician I,NEL,Active,Part-Time,Zone B,Full-Time,Production,Catv,1984-11-18,MA,Male,Asian,Widowed,Exceeds,3,2022-02-10,1,4,1,2023-05-08,Leadership Development,External,Failed,1,321.08,36,0,291.8909090909091,2.0
1594,2022-07-16,Production Technician I,PL,Active,Part-Time,Zone B,Full-Time,Production,Aerial,1968-04-30,MA,Female,Black,Single,Exceeds,3,2022-08-12,1,1,4,2023-04-04,Communication Skills,External,Failed,1,684.45,54,0,622.2272727272727,2.0
1595,2023-06-09,Production Technician I,BPC,Active,Part-Time,Zone A,Full-Time,Production,General - Eng,1969-11-09,MA,Female,Black,Married,Exceeds,3,2023-12-01,3,4,3,2023-05-07,Leadership Development,External,Passed,4,571.48,54,1,139.38536585365856,3.3333333333333335
1599,2022-05-18,Production Technician II,BPC,Terminated,Full-Time,Zone C,Full-Time,Production,Field Operations,1975-11-13,MA,Male,White,Divorced,Exceeds,3,2022-09-13,4,5,2,2023-05-17,Leadership Development,External,Passed,2,848.72,47,1,404.15238095238095,3.6666666666666665
1600,2018-11-06,Production Technician II,CCDR,Active,Contract,Zone A,Full-Time,Production,General - Con,1993-05-19,MA,Female,Hispanic,Married,Exceeds,3,2023-04-28,5,3,2,2022-08-15,Project Management,Internal,Passed,5,851.93,25,1,167.0450980392157,3.3333333333333335
1601,2022-03-29,Production Technician II,SVG,Active,Part-Time,Zone C,Temporary,Production,Engineers,1990-08-10,MA,Male,Asian,Single,Exceeds,3,2023-05-01,4,2,5,2023-05-20,Technical Skills,Internal,Incomplete,4,381.09,32,0,92.94878048780488,3.6666666666666665
1602,2021-11-04,Production Technician II,EW,Active,Full-Time,Zone A,Part-Time,Production,General - Con,2000-10-10,MA,Female,Asian,Married,Exceeds,3,2023-01-04,2,1,3,2023-04-23,Project Management,External,Incomplete,4,175.5,21,0,42.804878048780495,2.0
1603,2023-04-27,Production Technician II,MSC,Active,Part-Time,Zone B,Part-Time,Production,General - Con,1968-12-25,MA,Male,White,Single,Exceeds,3,2022-08-31,2,5,1,2023-03-11,Communication Skills,External,Completed,2,784.15,55,1,373.40476190476187,2.6666666666666665
1604,2020-03-08,Production Technician II,TNS,Active,Full-Time,Zone B,Full-Time,Production,General - Con,1976-10-19,MA,Male,Asian,Married,Exceeds,3,2023-01-28,1,5,1,2023-02-08,Communication Skills,External,Passed,3,999.97,44,1,322.5709677419355,2.3333333333333335
1605,2019-04-27,Production Technician I,NEL,Terminated,Full-Time,Zone B,Full-Time,Production,Field Operations,1956-10-20,MA,Female,Black,Single,Exceeds,3,2023-08-05,2,3,3,2023-04-08,Customer Service,Internal,Passed,5,878.65,63,1,172.2843137254902,2.6666666666666665
1606,2019-05-11,Production Technician I,PL,Active,Full-Time,Zone C,Full-Time,Production,Field Operations,1944-06-03,MA,Female,White,Divorced,Exceeds,3,2023-06-28,5,4,3,2022-09-26,Project Management,Internal,Completed,5,937.89,75,1,183.9,4.0
1607,2021-03-09,Production Technician I,BPC,Active,Contract,Zone C,Temporary,Production,Shop (Fleet),1987-10-12,MA,Female,Hispanic,Married,Needs Improvement,3,2023-03-18,3,5,5,2022-11-30,Customer Service,External,Completed,3,961.1,34,1,310.0322580645161,4.333333333333333
1608,2020-11-05,Production Technician I,CCDR,Active,Part-Time,Zone A,Temporary,Production,Field Operations,1997-02-24,MA,Female,White,Widowed,PIP,3,2022-11-12,2,4,3,2022-11-06,Customer Service,Internal,Incomplete,1,820.96,23,0,746.3272727272727,3.0
1609,2018-09-12,Production Technician I,SVG,Active,Contract,Zone A,Full-Time,Production,General - Eng,1953-11-26,MA,Male,Black,Married,PIP,3,2023-04-13,5,5,4,2023-04-22,Project Management,Internal,Failed,3,455.52,65,0,146.94193548387096,4.666666666666667
1610,2019-11-09,Production Technician I,EW,Active,Part-Time,Zone B,Full-Time,Production,General - Con,1986-01-28,MA,Female,White,Single,Needs Improvement,3,2022-10-23,4,5,5,2023-03-29,Communication Skills,External,Completed,4,815.24,33,1,198.83902439024394,4.666666666666667
1611,2018-11-29,Production Technician I,MSC,Active,Full-Time,Zone C,Part-Time,Production,Project Management - Con,1962-01-25,MA,Female,Hispanic,Widowed,Needs Improvement,3,2023-05-21,1,2,2,2022-10-01,Leadership Development,External,Failed,5,534.82,56,0,104.86666666666669,1.6666666666666667
1612,2022-07-03,Production Technician I,TNS,Active,Part-Time,Zone B,Temporary,Production,General - Sga,1993-05-28,MA,Male,White,Single,Needs Improvement,3,2022-12-13,5,5,3,2023-01-25,Technical Skills,External,Incomplete,4,522.79,29,0,127.50975609756098,4.333333333333333
1613,2019-09-26,Production Technician I,PYZ,Active,Contract,Zone C,Full-Time,Production,Field Operations,1995-03-07,MA,Female,Other,Single,Exceeds,3,2022-07-09,4,2,1,2023-01-28,Leadership Development,Internal,Completed,1,868.8,24,1,789.8181818181818,2.3333333333333335
1614,2022-12-23,Production Technician I,WBL,Active,Part-Time,Zone B,Part-Time,Production,Field Operations,1951-03-19,MA,Male,Asian,Divorced,Needs Improvement,3,2023-10-04,1,4,2,2023-07-22,Communication Skills,External,Passed,1,808.85,71,1,735.3181818181818,2.3333333333333335
1615,2023-01-19,Production Technician I,NEL,Active,Part-Time,Zone C,Part-Time,Production,General - Con,1960-01-16,MA,Male,White,Married,Exceeds,3,2023-07-27,1,1,3,2022-08-31,Technical Skills,Internal,Passed,1,874.1,63,1,794.6363636363636,1.6666666666666667
1616,2018-10-01,Production Technician I,PL,Active,Full-Time,Zone A,Part-Time,Production,Field Operations,1991-03-06,MA,Female,Black,Divorced,Needs Improvement,3,2023-01-29,3,4,1,2023-07-18,Leadership Development,External,Completed,2,206.73,27,1,98.44285714285714,2.6666666666666665
1617,2022-02-18,Production Technician I,BPC,Active,Full-Time,Zone B,Full-Time,Production,Aerial,1991-12-27,MA,Female,Black,Divorced,Needs Improvement,3,2023-08-02,5,1,2,2023-02-06,Leadership Development,Internal,Completed,3,586.5,31,1,189.19354838709677,2.6666666666666665
1618,2021-12-09,Production Technician I,CCDR,Active,Full-Time,Zone B,Temporary,Production,Field Operations,1977-06-16,MA,Male,White,Widowed,Needs Improvement,3,2022-11-16,2,5,4,2023-04-24,Leadership Development,Internal,Passed,2,779.69,44,1,371.2809523809524,3.6666666666666665
1620,2020-05-27,Production Technician I,EW,Active,Contract,Zone A,Full-Time,Production,Executive,1967-04-03,MA,Male,Asian,Single,Needs Improvement,3,2022-10-30,5,3,2,2023-01-18,Project Management,External,Completed,5,986.14,53,1,193.3607843137255,3.3333333333333335
1621,2021-09-21,BI Developer,MSC,Active,Full-Time,Zone B,Temporary,IT/IS,Field Operations,1975-09-12,MA,Male,Other,Divorced,Needs Improvement,3,2023-05-21,4,1,3,2022-10-03,Technical Skills,Internal,Completed,2,264.74,46,1,126.06666666666666,2.6666666666666665
1622,2021-08-30,BI Developer,TNS,Active,Contract,Zone A,Part-Time,IT/IS,Aerial,1942-01-21,MA,Male,Asian,Single,Needs Improvement,3,2023-04-29,1,5,5,2022-12-17,Communication Skills,Internal,Passed,4,344.06,79,1,83.91707317073171,3.6666666666666665
1623,2023-06-19,BI Developer,PYZ,Active,Full-Time,Zone C,Temporary,IT/IS,Finance & Accounting,2001-06-17,MA,Male,Other,Divorced,Needs Improvement,3,2022-12-18,1,2,2,2022-11-26,Project Management,Internal,Passed,3,232.5,22,1,75.0,1.6666666666666667
1624,2023-05-12,Senior BI Developer,WBL,Active,Full-Time,Zone A,Temporary,IT/IS,Field Operations,1996-10-22,MA,Male,White,Widowed,Needs Improvement,3,2023-07-24,5,1,3,2023-04-21,Customer Service,Internal,Failed,1,953.68,27,0,866.9818181818181,3.0
1625,2022-06-05,Senior BI Developer,NEL,Active,Part-Time,Zone B,Part-Time,IT/IS,Shop (Fleet),1977-09-16,MA,Male,Other,Single,Exceeds,3,2022-08-16,5,2,2,2022-11-15,Project Management,External,Passed,5,101.56,45,1,19.91372549019608,3.0
1626,2020-09-17,Data Architect,PL,Active,Full-Time,Zone B,Temporary,IT/IS,General - Con,1947-12-05,MA,Female,Other,Married,Needs Improvement,3,2023-11-01,3,4,5,2023-05-05,Project Management,Internal,Failed,3,624.8,73,0,201.54838709677418,4.0
1627,2023-05-15,BI Developer,BPC,Active,Full-Time,Zone C,Full-Time,IT/IS,Field Operations,1966-01-14,MA,Female,Other,Divorced,Exceeds,3,2022-06-08,4,4,1,2022-12-05,Project Management,Internal,Completed,5,943.93,57,1,185.0843137254902,3.0
1628,2018-12-15,Senior BI Developer,CCDR,Active,Part-Time,Zone A,Temporary,IT/IS,Catv,1974-12-04,MA,Female,Asian,Single,Needs Improvement,3,2023-12-04,4,4,2,2023-05-20,Customer Service,Internal,Completed,1,781.52,44,1,710.4727272727272,3.3333333333333335
1629,2019-11-06,BI Developer,PL,Terminated,Part-Time,Zone B,Full-Time,IT/IS,Field Operations,1946-04-01,MA,Female,Hispanic,Married,Fully Meets,3,2022-09-23,1,2,4,2023-07-18,Leadership Development,Internal,Failed,2,615.28,73,0,292.99047619047616,2.3333333333333335
1630,2021-04-25,BI Developer,BPC,Terminated,Contract,Zone C,Temporary,IT/IS,General - Con,1944-05-02,MA,Female,Other,Single,Fully Meets,3,2023-02-25,4,3,2,2023-03-26,Customer Service,External,Incomplete,4,779.26,77,0,190.06341463414637,3.0
1631,2023-06-17,BI Developer,CCDR,Terminated,Full-Time,Zone C,Full-Time,IT/IS,Executive,1986-10-24,MA,Female,White,Widowed,Fully Meets,3,2023-06-24,2,4,1,2023-01-14,Customer Service,External,Incomplete,1,464.49,37,0,422.26363636363635,2.3333333333333335
1632,2022-01-14,BI Developer,SVG,Active,Full-Time,Zone C,Full-Time,IT/IS,Field Operations,1970-06-08,MA,Female,Black,Widowed,Fully Meets,3,2023-12-03,5,4,4,2023-03-26,Leadership Development,External,Completed,4,196.31,52,1,47.88048780487805,4.333333333333333
1633,2018-10-22,Area Sales Manager,EW,Active,Contract,Zone B,Temporary,IT/IS,Field Operations,1994-05-05,MA,Female,Black,Widowed,Fully Meets,3,2022-09-12,4,3,2,2022-10-09,Project Management,External,Passed,3,300.12,24,1,96.81290322580645,3.0
1634,2021-10-17,Area Sales Manager,MSC,Active,Contract,Zone C,Part-Time,IT/IS,Finance & Accounting,1974-07-22,MA,Male,Black,Divorced,Fully Meets,3,2023-01-13,2,3,1,2023-03-26,Communication Skills,External,Failed,3,895.42,47,0,288.84516129032255,2.0
1635,2021-10-19,Area Sales Manager,TNS,Active,Full-Time,Zone C,Part-Time,IT/IS,Safety,1988-09-26,MA,Male,Hispanic,Single,Fully Meets,3,2022-12-19,4,4,2,2023-05-15,Leadership Development,External,Completed,3,619.86,33,1,199.95483870967743,3.3333333333333335
1636,2018-10-16,Sales Manager,SVG,Active,Contract,Zone B,Part-Time,Admin Offices,Aerial,1998-07-11,MA,Male,White,Single,Fully Meets,3,2022-10-14,4,5,2,2022-08-31,Technical Skills,External,Completed,1,943.84,20,1,858.0363636363636,3.6666666666666665
1637,2020-04-26,Sales Manager,EW,Active,Full-Time,Zone C,Part-Time,Admin Offices,General - Con,1986-01-18,MA,Male,Black,Divorced,Fully Meets,3,2022-10-20,4,1,2,2022-10-04,Customer Service,External,Failed,5,556.33,34,0,109.0843137254902,2.3333333333333335
1638,2020-01-22,Sales Manager,MSC,Active,Full-Time,Zone B,Full-Time,Sales,Finance & Accounting,1994-07-20,MA,Male,Asian,Divorced,Fully Meets,3,2023-08-05,2,4,5,2022-12-27,Customer Service,External,Completed,4,274.97,26,1,67.0658536585366,3.6666666666666665
1639,2022-03-30,BI Director,EW,Terminated,Full-Time,Zone A,Full-Time,IT/IS,Field Operations,1958-10-01,MA,Male,Black,Married,Fully Meets,3,2022-12-10,1,2,1,2023-01-21,Communication Skills,Internal,Completed,5,359.87,64,1,70.56274509803922,1.3333333333333333
1640,2021-05-29,BI Developer,MSC,Terminated,Contract,Zone A,Full-Time,IT/IS,Engineers,1961-08-30,MA,Female,Hispanic,Divorced,Fully Meets,3,2022-12-19,2,4,1,2023-02-01,Communication Skills,Internal,Completed,1,881.51,60,1,801.3727272727272,2.3333333333333335
1641,2023-03-09,BI Developer,NEL,Terminated,Part-Time,Zone C,Temporary,IT/IS,Field Operations,1989-06-10,MA,Female,Other,Married,Fully Meets,3,2023-03-18,5,4,4,2022-12-22,Project Management,External,Passed,5,879.86,34,1,172.521568627451,4.333333333333333
1642,2019-11-22,BI Developer,PL,Terminated,Contract,Zone A,Part-Time,IT/IS,Wireline Construction,1946-09-23,MA,Female,Black,Single,Fully Meets,3,2023-04-14,3,2,2,2023-07-18,Customer Service,External,Passed,3,226.92,73,1,73.19999999999999,2.3333333333333335
1643,2019-04-07,Area Sales Manager,SVG,Active,Full-Time,Zone A,Full-Time,IT/IS,Aerial,1981-05-19,MA,Male,Other,Widowed,Fully Meets,3,2022-08-23,5,3,4,2023-07-13,Technical Skills,External,Completed,3,674.14,38,1,217.46451612903223,4.0
1644,2023-03-23,Area Sales Manager,TNS,Active,Contract,Zone C,Temporary,IT/IS,Aerial,2000-05-10,MA,Male,Other,Widowed,Fully Meets,3,2023-01-04,3,1,1,2022-12-13,Customer Service,External,Failed,4,383.95,23,0,93.64634146341464,1.6666666666666667
1645,2021-02-18,Area Sales Manager,WBL,Active,Part-Time,Zone A,Temporary,IT/IS,Fielders,1975-12-19,MA,Male,Hispanic,Widowed,Fully Meets,3,2022-09-26,5,5,5,2022-08-12,Technical Skills,External,Completed,1,122.81,46,1,111.64545454545454,5.0
1646,2019-04-05,Sales Manager,SVG,Active,Contract,Zone C,Full-Time,Admin Offices,General - Sga,1987-06-17,MA,Male,Black,Divorced,Fully Meets,3,2023-01-20,2,2,1,2022-08-07,Customer Service,Internal,Completed,5,380.22,32,1,74.5529411764706,1.6666666666666667
1647,2019-10-23,Sales Manager,EW,Active,Contract,Zone B,Part-Time,IT/IS,Catv,1986-03-02,MA,Male,Black,Widowed,Fully Meets,3,2023-02-16,4,2,5,2022-09-15,Communication Skills,External,Passed,5,719.1,33,1,141.00000000000003,3.6666666666666665
1648,2021-05-14,Sales Manager,MSC,Active,Part-Time,Zone C,Part-Time,Sales,Aerial,1977-08-19,MA,Male,White,Single,Fully Meets,3,2022-12-16,4,4,5,2023-01-11,Project Management,External,Passed,1,699.81,44,1,636.190909090909,4.333333333333333
1649,2019-03-19,CIO,WBL,Active,Full-Time,Zone A,Part-Time,IT/IS,Wireline Construction,1964-10-03,TX,Male,White,Single,Fully Meets,3,2023-07-28,3,1,2,2022-11-24,Leadership Development,Internal,Passed,5,452.38,55,1,88.70196078431373,2.0
1650,2019-05-08,BI Director,NEL,Terminated,Part-Time,Zone C,Temporary,IT/IS,Engineers,1946-02-27,MA,Male,Asian,Widowed,Fully Meets,3,2023-03-29,5,1,3,2022-10-08,Leadership Development,Internal,Completed,3,727.36,73,1,234.63225806451612,3.0
1651,2019-10-05,BI Developer,PL,Terminated,Part-Time,Zone A,Temporary,IT/IS,Aerial,1993-01-23,MA,Female,Black,Widowed,Fully Meets,3,2022-01-11,4,4,4,2022-12-20,Customer Service,Internal,Passed,5,595.83,26,1,116.8294117647059,4.0
1652,2021-11-29,BI Developer,BPC,Terminated,Full-Time,Zone C,Full-Time,IT/IS,Field Operations,1985-01-06,MA,Female,White,Single,Fully Meets,3,2023-09-06,1,4,4,2022-12-09,Leadership Development,Internal,Completed,4,740.51,36,1,180.61219512195123,3.0
1653,2018-11-06,Area Sales Manager,EW,Active,Part-Time,Zone B,Temporary,IT/IS,Field Operations,1957-07-01,MA,Male,Hispanic,Married,Fully Meets,3,2022-02-12,2,4,5,2023-07-24,Technical Skills,External,Incomplete,1,886.01,61,0,805.4636363636363,3.6666666666666665
1654,2021-07-27,Area Sales Manager,MSC,Active,Full-Time,Zone B,Temporary,IT/IS,Engineers,1999-12-19,MA,Male,Black,Divorced,Fully Meets,3,2023-11-06,2,3,3,2023-05-01,Technical Skills,External,Failed,2,641.09,22,0,305.2809523809524,2.6666666666666665
1655,2023-07-18,Area Sales Manager,TNS,Active,Part-Time,Zone A,Temporary,IT/IS,Wireline Construction,1942-01-09,MA,Male,Black,Married,Fully Meets,3,2022-09-25,3,1,2,2023-06-15,Communication Skills,Internal,Completed,5,780.94,81,1,153.12549019607846,2.0
1656,2022-09-04,Senior BI Developer,CCDR,Active,Part-Time,Zone C,Temporary,Admin Offices,Field Operations,1985-05-20,MA,Male,Black,Single,Fully Meets,3,2022-09-30,1,4,5,2023-03-19,Leadership Development,Internal,Completed,3,132.75,37,1,42.82258064516129,3.3333333333333335
1657,2019-05-24,Sales Manager,SVG,Active,Contract,Zone B,Part-Time,IT/IS,Engineers,1969-08-30,MA,Male,Other,Married,Fully Meets,3,2023-07-29,1,5,1,2022-10-01,Technical Skills,Internal,Passed,1,838.52,50,1,762.290909090909,2.3333333333333335
1658,2019-11-03,Sales Manager,EW,Active,Contract,Zone B,Part-Time,IT/IS,Field Operations,1975-12-29,MA,Male,Other,Widowed,Fully Meets,3,2022-07-08,2,1,2,2023-06-06,Project Management,External,Failed,4,474.23,44,0,115.6658536585366,1.6666666666666667
1659,2019-11-26,Sales Manager,MSC,Active,Full-Time,Zone C,Part-Time,Sales,Field Operations,1977-06-30,MA,Female,White,Single,Fully Meets,3,2023-11-07,4,5,5,2023-05-23,Leadership Development,Internal,Incomplete,1,579.06,42,0,526.4181818181818,4.666666666666667
1660,2022-08-09,CIO,WBL,Terminated,Contract,Zone B,Full-Time,IT/IS,General - Con,1971-02-07,MA,Male,Other,Widowed,Fully Meets,3,2023-06-17,5,5,1,2023-07-25,Communication Skills,Internal,Failed,5,698.82,51,0,137.0235294117647,3.6666666666666665
1661,2019-03-19,BI Director,NEL,Active,Contract,Zone C,Full-Time,IT/IS,Finance & Accounting,1982-05-16,MA,Male,Hispanic,Divorced,Fully Meets,3,2023-02-25,5,4,4,2023-07-20,Technical Skills,Internal,Failed,5,633.36,37,0,124.18823529411766,4.333333333333333
1662,2018-11-25,BI Developer,PL,Active,Contract,Zone C,Full-Time,IT/IS,Engineers,1963-04-11,MA,Female,Hispanic,Married,Fully Meets,3,2023-05-17,2,4,5,2023-02-18,Technical Skills,Internal,Failed,3,241.19,55,0,77.80322580645161,3.6666666666666665
1663,2022-04-10,BI Developer,BPC,Terminated,Full-Time,Zone C,Full-Time,IT/IS,Aerial,1961-01-30,MA,Female,Asian,Widowed,Fully Meets,3,2023-10-03,4,2,4,2023-07-13,Communication Skills,External,Passed,5,271.37,61,1,53.209803921568636,3.3333333333333335
1664,2021-04-02,Area Sales Manager,EW,Active,Full-Time,Zone C,Full-Time,IT/IS,Splicing,1991-10-09,MA,Male,White,Single,Fully Meets,3,2023-12-02,2,1,1,2023-07-08,Project Management,Internal,Incomplete,1,137.87,30,0,125.33636363636363,1.3333333333333333
1665,2019-12-22,Area Sales Manager,MSC,Active,Contract,Zone A,Part-Time,IT/IS,Project Management - Con,1963-10-07,MA,Male,Black,Widowed,Fully Meets,3,2022-08-23,4,2,3,2022-11-15,Project Management,Internal,Passed,3,999.83,56,1,322.5258064516129,3.0
1666,2021-08-14,Area Sales Manager,TNS,Active,Full-Time,Zone A,Part-Time,IT/IS,General - Con,1978-07-22,OR,Male,Black,Divorced,Fully Meets,3,2022-12-08,3,3,4,2023-02-21,Technical Skills,Internal,Failed,5,597.62,43,0,117.18039215686275,3.3333333333333335
1667,2018-08-28,Senior BI Developer,BPC,Active,Full-Time,Zone A,Full-Time,Admin Offices,Splicing,1972-03-19,MA,Male,Black,Widowed,Fully Meets,3,2022-10-24,1,3,5,2022-09-11,Leadership Development,External,Completed,1,697.89,46,1,634.4454545454545,3.0
1668,2023-07-10,Senior BI Developer,CCDR,Active,Part-Time,Zone C,Part-Time,Admin Offices,Aerial,1947-07-09,MA,Male,Black,Single,Fully Meets,3,2022-01-10,2,1,3,2023-06-23,Customer Service,External,Failed,5,673.27,76,0,132.0137254901961,2.0
1669,2020-09-18,Sales Manager,SVG,Active,Part-Time,Zone A,Temporary,IT/IS,Field Operations,1961-09-14,MA,Male,Asian,Divorced,Fully Meets,3,2022-09-13,3,1,2,2023-01-10,Project Management,External,Passed,5,753.01,59,1,147.64901960784314,2.0
1670,2019-07-18,Sales Manager,EW,Active,Contract,Zone A,Full-Time,IT/IS,Splicing,1960-06-11,MA,Female,Other,Widowed,Fully Meets,3,2022-11-08,2,2,2,2023-02-01,Leadership Development,Internal,Failed,5,939.02,59,0,184.12156862745098,2.0
1671,2021-11-21,Sales Manager,MSC,Active,Contract,Zone A,Full-Time,Sales,Project Management - Con,1964-10-10,MA,Female,White,Married,Fully Meets,3,2023-08-07,5,3,5,2022-11-15,Customer Service,External,Passed,2,680.45,57,1,324.0238095238095,4.333333333333333
1672,2021-03-08,CIO,CCDR,Active,Full-Time,Zone B,Part-Time,IT/IS,Field Operations,1947-05-26,MA,Male,Asian,Married,Fully Meets,3,2022-08-10,1,3,4,2022-09-14,Technical Skills,External,Completed,3,263.8,74,1,85.09677419354838,2.6666666666666665
1673,2019-08-21,BI Director,EW,Active,Part-Time,Zone C,Full-Time,IT/IS,General - Con,1950-07-11,MA,Female,Other,Widowed,Fully Meets,3,2022-08-19,3,5,5,2023-01-04,Project Management,External,Incomplete,2,981.06,69,0,467.1714285714285,4.333333333333333
1674,2022-04-30,BI Developer,MSC,Terminated,Part-Time,Zone B,Full-Time,IT/IS,Wireline Construction,1946-06-17,MA,Female,Other,Married,Fully Meets,3,2022-04-10,1,5,5,2022-11-22,Customer Service,Internal,Passed,1,293.55,76,1,266.8636363636364,3.6666666666666665
1675,2023-02-03,Area Sales Manager,SVG,Active,Full-Time,Zone A,Part-Time,IT/IS,Field Operations,1959-02-11,MA,Male,Hispanic,Widowed,Fully Meets,3,2023-01-25,4,1,4,2023-03-07,Technical Skills,Internal,Failed,4,904.68,64,0,220.65365853658537,3.0
1676,2023-05-08,Area Sales Manager,TNS,Active,Part-Time,Zone B,Full-Time,IT/IS,Catv,1963-12-08,MA,Male,Other,Widowed,Fully Meets,3,2023-03-27,2,5,1,2022-12-07,Project Management,Internal,Failed,5,104.66,60,0,20.521568627450982,2.6666666666666665
1677,2022-07-29,Area Sales Manager,WBL,Active,Part-Time,Zone B,Part-Time,IT/IS,General - Con,1965-11-22,OR,Female,Other,Widowed,Fully Meets,3,2023-10-03,5,4,5,2022-12-02,Technical Skills,External,Incomplete,2,836.37,57,0,398.27142857142854,4.666666666666667
1678,2020-11-18,Senior BI Developer,PL,Active,Part-Time,Zone A,Part-Time,Admin Offices,Field Operations,1946-03-28,MA,Female,Black,Widowed,Fully Meets,3,2023-06-21,2,1,1,2023-04-14,Leadership Development,Internal,Completed,1,749.64,74,1,681.490909090909,1.3333333333333333
1679,2021-05-16,Senior BI Developer,BPC,Active,Part-Time,Zone C,Part-Time,Admin Offices,Engineers,1944-12-14,MA,Male,Black,Widowed,Fully Meets,3,2023-01-08,5,4,3,2023-03-25,Leadership Development,External,Failed,5,213.06,77,0,41.7764705882353,4.0
1680,2019-10-25,Senior BI Developer,CCDR,Active,Full-Time,Zone C,Temporary,IT/IS,General - Con,1976-01-09,MA,Male,Other,Divorced,Fully Meets,3,2023-01-03,5,4,5,2022-10-04,Customer Service,Internal,Completed,3,882.76,43,1,284.76129032258063,4.666666666666667
1681,2023-03-05,Sales Manager,SVG,Active,Contract,Zone B,Temporary,IT/IS,Engineers,1974-10-10,MA,Female,White,Divorced,Fully Meets,3,2023-05-30,2,3,4,2022-12-20,Customer Service,External,Failed,1,113.42,49,0,103.10909090909091,3.0
1682,2021-06-01,Sales Manager,EW,Active,Part-Time,Zone B,Part-Time,IT/IS,Aerial,1970-12-29,MA,Female,Black,Married,Fully Meets,3,2023-04-15,5,3,4,2022-09-19,Project Management,External,Failed,3,284.61,51,0,91.80967741935484,4.0
1683,2022-01-22,Sales Manager,MSC,Terminated,Full-Time,Zone B,Part-Time,Sales,Aerial,1988-02-14,MA,Female,Other,Married,Fully Meets,3,2022-12-29,2,4,4,2023-06-28,Project Management,Internal,Failed,1,599.74,34,0,545.2181818181817,3.3333333333333335
1684,2023-07-09,CIO,WBL,Terminated,Contract,Zone A,Part-Time,IT/IS,Engineers,1963-07-03,MA,Male,Hispanic,Widowed,Fully Meets,3,2022-12-30,2,4,3,2023-06-05,Leadership Development,Internal,Failed,5,700.99,60,0,137.44901960784316,3.0
1685,2018-11-11,BI Director,NEL,Terminated,Full-Time,Zone A,Full-Time,IT/IS,Aerial,1968-06-26,MA,Female,Black,Divorced,Fully Meets,3,2023-01-18,1,4,2,2023-01-01,Customer Service,Internal,Passed,1,650.07,50,1,590.9727272727273,2.3333333333333335
1686,2021-01-05,BI Developer,SVG,Active,Contract,Zone C,Full-Time,IT/IS,Finance & Accounting,1954-06-03,MA,Male,Black,Widowed,Fully Meets,3,2023-06-02,2,4,2,2022-11-11,Communication Skills,External,Completed,2,851.38,67,1,405.4190476190476,2.6666666666666665
1687,2022-11-25,Area Sales Manager,EW,Active,Part-Time,Zone C,Full-Time,IT/IS,Engineers,1967-04-25,MA,Male,White,Widowed,Fully Meets,3,2023-03-08,3,4,5,2023-02-24,Customer Service,Internal,Failed,4,455.1,55,0,111.00000000000001,4.0
1688,2020-03-30,Area Sales Manager,MSC,Active,Full-Time,Zone A,Full-Time,IT/IS,Shop (Fleet),1956-07-23,OR,Male,Other,Divorced,Fully Meets,3,2022-12-11,1,4,5,2022-12-21,Project Management,Internal,Completed,3,880.67,64,1,284.0870967741935,3.3333333333333335
1689,2021-01-02,Senior BI Developer,MSC,Active,Part-Time,Zone C,Temporary,Admin Offices,Field Operations,1985-04-12,MA,Male,Other,Married,Fully Meets,3,2023-04-26,5,3,5,2022-09-15,Customer Service,External,Passed,2,712.64,36,1,339.35238095238094,4.333333333333333
1690,2019-02-26,Senior BI Developer,NEL,Active,Contract,Zone A,Temporary,Admin Offices,Yard (Material Handling),1942-01-20,MA,Male,Black,Widowed,Fully Meets,3,2022-12-11,3,1,5,2023-01-21,Communication Skills,Internal,Failed,3,504.34,77,0,162.69032258064516,3.0
1691,2019-10-06,Senior BI Developer,PL,Active,Contract,Zone A,Part-Time,IT/IS,Project Management - Con,1946-01-21,MA,Male,Black,Widowed,Fully Meets,3,2022-11-30,3,1,2,2022-09-21,Customer Service,External,Failed,3,120.37,73,0,38.829032258064515,2.0
1692,2020-04-19,Sales Manager,PYZ,Active,Part-Time,Zone C,Part-Time,IT/IS,Engineers,1943-09-23,MA,Female,Other,Widowed,Fully Meets,3,2023-06-25,2,2,1,2023-03-08,Project Management,External,Failed,1,705.24,77,0,641.1272727272727,1.6666666666666667
1693,2022-12-24,Sales Manager,SVG,Active,Contract,Zone C,Part-Time,IT/IS,Field Operations,1985-08-13,MA,Female,Other,Single,Fully Meets,3,2022-12-18,3,5,1,2023-03-10,Project Management,External,Passed,5,928.81,37,1,182.11960784313726,3.0
1694,2021-04-09,CIO,TNS,Terminated,Part-Time,Zone A,Temporary,IT/IS,Aerial,1961-04-10,MA,Male,Asian,Married,Fully Meets,3,2022-08-31,3,5,3,2022-08-30,Communication Skills,Internal,Completed,5,638.07,60,1,125.11176470588236,3.6666666666666665
1695,2018-09-04,BI Director,SVG,Terminated,Contract,Zone C,Full-Time,IT/IS,Isp,1981-11-13,MA,Female,Other,Widowed,Fully Meets,3,2023-05-25,3,3,3,2023-01-03,Leadership Development,Internal,Passed,2,913.34,37,1,434.9238095238095,3.0
1696,2021-11-07,BI Developer,NEL,Active,Full-Time,Zone C,Temporary,IT/IS,General - Eng,1962-09-16,MA,Male,Hispanic,Married,Fully Meets,3,2023-05-27,4,4,1,2023-05-29,Project Management,Internal,Completed,1,754.78,59,1,686.1636363636363,3.0
1697,2023-05-24,BI Developer,MSC,Active,Full-Time,Zone B,Part-Time,IT/IS,General - Con,1987-06-15,MA,Male,Asian,Widowed,Fully Meets,3,2022-10-15,1,5,2,2022-10-14,Leadership Development,External,Passed,4,503.3,36,1,122.75609756097562,2.6666666666666665
1698,2021-02-15,Area Sales Manager,EW,Active,Full-Time,Zone A,Part-Time,IT/IS,Billable Consultants,1994-11-14,MA,Male,White,Married,Fully Meets,3,2023-03-21,3,5,4,2022-11-23,Technical Skills,External,Passed,5,218.31,27,1,42.80588235294118,4.0
1699,2021-11-03,Senior BI Developer,PL,Active,Contract,Zone C,Part-Time,Admin Offices,Executive,1993-06-17,MA,Male,Hispanic,Married,Fully Meets,3,2023-04-25,2,4,3,2023-07-24,Customer Service,External,Incomplete,3,730.86,28,0,235.76129032258063,3.0
1700,2018-09-20,Senior BI Developer,BPC,Active,Contract,Zone C,Temporary,IT/IS,Engineers,1958-08-04,MA,Male,Asian,Widowed,Fully Meets,3,2023-04-05,5,2,4,2022-09-19,Customer Service,External,Completed,4,203.34,60,1,49.59512195121952,3.6666666666666665
1701,2019-07-23,Senior BI Developer,CCDR,Active,Contract,Zone A,Full-Time,IT/IS,Project Management - Con,1954-06-11,MA,Male,Other,Single,Fully Meets,3,2023-04-29,5,3,2,2023-06-18,Technical Skills,Internal,Passed,1,460.53,65,1,418.66363636363633,3.3333333333333335
1702,2022-05-12,Sales Manager,SVG,Active,Contract,Zone A,Part-Time,IT/IS,Project Management - Con,1989-08-09,MA,Female,Other,Single,Fully Meets,3,2023-01-20,4,1,2,2023-03-19,Communication Skills,Internal,Completed,5,733.92,33,1,143.90588235294118,2.3333333333333335
1703,2018-10-03,Sales Manager,EW,Active,Full-Time,Zone B,Part-Time,Sales,Aerial,1978-02-23,MA,Female,Other,Single,Fully Meets,3,2023-02-16,1,1,4,2022-10-06,Customer Service,Internal,Completed,2,987.43,40,1,470.2047619047619,2.0
1704,2020-11-26,CIO,CCDR,Active,Part-Time,Zone C,Part-Time,IT/IS,Project Management - Con,1994-06-21,MA,Female,Hispanic,Widowed,Fully Meets,3,2023-06-04,4,4,3,2023-05-13,Customer Service,External,Completed,1,691.32,26,1,628.4727272727273,3.6666666666666665
1705,2018-10-04,BI Director,EW,Active,Part-Time,Zone B,Full-Time,IT/IS,Project Management - Con,1958-05-16,MA,Female,Hispanic,Single,Fully Meets,3,2023-02-04,4,4,1,2022-10-22,Communication Skills,External,Passed,1,663.08,60,1,602.8,3.0
1706,2020-12-02,BI Developer,NEL,Active,Contract,Zone A,Full-Time,IT/IS,Aerial,1990-03-04,MA,Female,Hispanic,Married,Fully Meets,3,2023-06-19,3,2,5,2022-09-21,Customer Service,External,Incomplete,1,970.01,30,0,881.8272727272727,3.3333333333333335
1707,2021-09-24,BI Developer,PL,Active,Part-Time,Zone C,Full-Time,IT/IS,Wireline Construction,1994-03-20,MA,Male,Asian,Married,Fully Meets,3,2022-10-21,5,4,3,2023-05-26,Customer Service,Internal,Passed,3,496.31,27,1,160.1,4.0
1708,2020-09-10,BI Developer,PYZ,Active,Full-Time,Zone A,Temporary,IT/IS,Splicing,1990-12-05,MA,Male,Asian,Widowed,Fully Meets,3,2023-01-29,4,5,4,2023-06-20,Customer Service,Internal,Incomplete,5,640.01,30,0,125.4921568627451,4.333333333333333
1709,2022-05-25,Area Sales Manager,SVG,Active,Full-Time,Zone C,Temporary,IT/IS,General - Sga,1962-03-22,OR,Male,Black,Married,Fully Meets,3,2023-10-05,5,4,2,2023-06-03,Technical Skills,External,Failed,4,858.8,60,0,209.46341463414635,3.6666666666666665
1710,2019-02-15,Senior BI Developer,PL,Active,Part-Time,Zone A,Part-Time,Admin Offices,Field Operations,1971-05-24,MA,Male,Black,Divorced,Fully Meets,3,2023-03-07,1,2,3,2022-12-11,Communication Skills,External,Passed,2,300.52,48,1,143.1047619047619,2.0
1711,2018-09-28,Senior BI Developer,BPC,Active,Full-Time,Zone A,Temporary,IT/IS,General - Con,1985-04-21,MA,Male,Other,Widowed,Fully Meets,3,2023-05-05,5,1,4,2022-09-30,Technical Skills,External,Failed,3,102.19,33,0,32.964516129032255,3.3333333333333335
1712,2018-12-12,Senior BI Developer,CCDR,Active,Full-Time,Zone A,Temporary,IT/IS,Engineers,1972-02-29,MA,Female,Black,Single,Fully Meets,3,2023-12-05,3,2,3,2023-06-06,Communication Skills,Internal,Completed,2,581.16,46,1,276.74285714285713,2.6666666666666665
1713,2021-12-01,Sales Manager,SVG,Active,Contract,Zone B,Full-Time,IT/IS,General - Con,1990-08-29,MA,Female,Asian,Married,Fully Meets,3,2022-11-10,4,4,5,2023-03-11,Leadership Development,Internal,Incomplete,3,752.91,31,0,242.87419354838707,4.333333333333333
1714,2022-01-12,Sales Manager,EW,Active,Full-Time,Zone B,Temporary,Sales,Field Operations,2000-04-20,MA,Female,White,Married,Fully Meets,3,2023-02-27,1,2,3,2023-07-24,Project Management,External,Passed,3,374.58,22,1,120.83225806451613,2.0
1715,2020-10-27,CIO,WBL,Active,Full-Time,Zone B,Part-Time,IT/IS,Aerial,1966-10-01,MA,Female,White,Divorced,Fully Meets,3,2023-04-16,2,2,5,2023-02-17,Leadership Development,Internal,Incomplete,3,788.64,54,0,254.39999999999998,3.0
1716,2020-11-02,BI Director,NEL,Active,Contract,Zone C,Part-Time,IT/IS,General - Con,1961-03-19,MA,Female,Asian,Widowed,Fully Meets,3,2023-01-15,2,1,1,2023-02-13,Communication Skills,External,Incomplete,2,234.05,59,0,111.45238095238095,1.3333333333333333
1717,2021-04-24,BI Developer,BPC,Active,Part-Time,Zone B,Part-Time,IT/IS,General - Con,1959-11-26,MA,Male,Asian,Widowed,Fully Meets,3,2023-06-03,4,2,5,2022-11-05,Customer Service,External,Incomplete,1,381.33,62,0,346.66363636363633,3.6666666666666665
1718,2020-06-29,BI Developer,CCDR,Active,Full-Time,Zone B,Temporary,IT/IS,Field Operations,2001-04-01,MA,Male,Other,Divorced,Fully Meets,3,2023-07-19,5,4,5,2022-12-24,Leadership Development,Internal,Passed,3,527.62,19,1,170.2,4.666666666666667
1719,2021-07-15,BI Developer,SVG,Active,Contract,Zone B,Temporary,IT/IS,Field Operations,1993-10-05,MA,Male,Hispanic,Widowed,Fully Meets,3,2023-03-29,2,3,1,2022-09-12,Leadership Development,External,Passed,3,442.1,28,1,142.61290322580646,2.0
1720,2023-06-20,Senior BI Developer,MSC,Active,Part-Time,Zone C,Part-Time,IT/IS,Field Operations,1965-08-03,MA,Male,Other,Single,Fully Meets,3,2023-10-07,4,3,2,2023-01-19,Project Management,Internal,Passed,2,396.81,58,1,188.95714285714286,3.0
1721,2019-09-22,Senior BI Developer,NEL,Active,Full-Time,Zone B,Full-Time,IT/IS,Finance & Accounting,1998-11-25,MA,Male,White,Divorced,Fully Meets,3,2023-06-30,5,4,4,2023-02-16,Project Management,External,Failed,2,730.31,21,0,347.76666666666665,4.333333333333333
1722,2022-02-22,Senior BI Developer,PL,Active,Full-Time,Zone B,Full-Time,IT/IS,Wireless,1968-01-30,MA,Female,Hispanic,Divorced,Fully Meets,3,2023-03-16,2,2,4,2023-05-14,Technical Skills,External,Incomplete,2,128.06,54,0,60.98095238095238,2.6666666666666665
1723,2020-07-01,Sales Manager,PYZ,Active,Full-Time,Zone B,Full-Time,Sales,General - Eng,1969-07-04,MA,Female,Black,Widowed,Fully Meets,3,2022-09-16,5,1,5,2022-09-25,Technical Skills,External,Passed,5,942.63,51,1,184.8294117647059,3.6666666666666665
1724,2021-05-13,CIO,TNS,Active,Part-Time,Zone C,Part-Time,IT/IS,Yard (Material Handling),1957-10-20,MA,Female,Other,Divorced,Fully Meets,3,2022-09-22,4,2,2,2023-04-11,Customer Service,Internal,Failed,5,733.63,64,0,143.84901960784313,2.6666666666666665
1725,2021-05-30,BI Developer,PL,Active,Contract,Zone A,Part-Time,IT/IS,Field Operations,1947-09-29,MA,Male,Black,Divorced,Fully Meets,3,2023-09-04,2,4,5,2023-01-16,Customer Service,External,Completed,1,743.28,74,1,675.7090909090908,3.6666666666666665
1726,2019-07-04,BI Developer,NEL,Active,Contract,Zone B,Full-Time,IT/IS,Wireline Construction,1981-01-21,MA,Male,Asian,Single,Fully Meets,3,2023-06-14,3,5,3,2022-10-19,Technical Skills,Internal,Completed,4,435.18,38,1,106.14146341463416,3.6666666666666665
1727,2019-05-31,BI Developer,MSC,Active,Full-Time,Zone B,Full-Time,IT/IS,General - Con,1996-02-16,MA,Male,Hispanic,Widowed,Fully Meets,3,2022-12-22,4,2,4,2023-02-16,Technical Skills,Internal,Failed,5,252.22,23,0,49.45490196078432,3.3333333333333335
1728,2020-03-13,Production Technician I,WBL,Active,Full-Time,Zone C,Temporary,Production,General - Con,1972-11-01,MA,Male,White,Divorced,Fully Meets,3,2023-01-08,1,4,2,2022-12-31,Customer Service,External,Completed,2,103.07,48,1,49.080952380952375,2.3333333333333335
1729,2020-01-06,Production Technician I,EW,Terminated,Contract,Zone A,Part-Time,Production,General - Con,1946-12-30,MA,Female,Other,Divorced,Fully Meets,3,2023-02-15,1,1,2,2023-03-22,Technical Skills,Internal,Incomplete,2,386.87,74,0,184.2238095238095,1.3333333333333333
1730,2023-04-30,Production Technician I,EW,Active,Full-Time,Zone B,Part-Time,Production,General - Eng,1976-10-06,MA,Female,White,Divorced,Fully Meets,3,2023-03-07,2,4,4,2023-03-20,Customer Service,External,Incomplete,3,718.21,47,0,231.68064516129033,3.3333333333333335
1731,2021-07-11,Production Technician II,WBL,Active,Contract,Zone B,Temporary,Production,Engineers,1947-03-22,MA,Male,Black,Divorced,Fully Meets,3,2023-06-23,1,4,1,2023-02-27,Customer Service,Internal,Failed,1,578.81,74,0,526.190909090909,2.0
1732,2021-07-02,Production Technician II,WBL,Terminated,Contract,Zone B,Temporary,Production,Fielders,1961-04-13,MA,Female,Hispanic,Widowed,Fully Meets,3,2022-10-24,1,5,4,2023-07-06,Project Management,Internal,Completed,1,562.06,60,1,510.9636363636363,3.3333333333333335
1733,2019-10-23,Production Technician I,EW,Active,Full-Time,Zone A,Temporary,Production,Field Operations,1950-02-15,MA,Female,Black,Married,Fully Meets,3,2022-10-26,4,5,3,2023-01-08,Leadership Development,External,Incomplete,5,845.86,69,0,165.85490196078433,4.0
1734,2019-01-19,Production Technician I,NEL,Active,Contract,Zone C,Full-Time,Production,Field Operations,1942-06-22,MA,Male,White,Widowed,Fully Meets,3,2023-04-04,4,1,4,2023-01-16,Project Management,External,Completed,2,391.39,77,1,186.37619047619046,3.0
1735,2021-01-08,Production Technician I,NEL,Terminated,Full-Time,Zone A,Full-Time,Production,Shop (Fleet),1942-08-04,MA,Female,White,Divorced,Fully Meets,3,2023-10-05,4,4,5,2023-07-22,Project Management,Internal,Passed,1,203.04,79,1,184.58181818181816,4.333333333333333
1736,2019-01-29,Production Technician I,TNS,Active,Contract,Zone A,Part-Time,Production,Field Operations,1955-08-25,MA,Male,Other,Married,Fully Meets,3,2023-04-21,3,1,3,2023-03-09,Leadership Development,Internal,Incomplete,4,717.29,64,0,174.9487804878049,2.3333333333333335
1737,2018-10-27,Production Technician I,TNS,Active,Contract,Zone C,Full-Time,Production,General - Eng,1983-02-26,MA,Female,Hispanic,Widowed,Fully Meets,3,2023-03-30,4,5,2,2022-10-17,Leadership Development,External,Incomplete,5,719.0,35,0,140.98039215686276,3.6666666666666665
1738,2023-05-30,Production Technician II,CCDR,Terminated,Contract,Zone A,Part-Time,Production,General - Eng,1983-11-17,MA,Male,White,Single,Fully Meets,3,2022-11-13,4,1,2,2023-01-09,Customer Service,External,Incomplete,5,802.66,40,0,157.3843137254902,2.3333333333333335
1739,2019-07-15,Production Technician II,CCDR,Active,Contract,Zone B,Full-Time,Production,Aerial,1982-11-01,MA,Female,Hispanic,Married,Fully Meets,3,2022-10-10,2,5,1,2023-07-04,Communication Skills,Internal,Incomplete,1,388.07,37,0,352.79090909090905,2.6666666666666665
1740,2020-03-17,Production Technician I,NEL,Active,Contract,Zone B,Part-Time,Production,General - Con,1963-03-04,MA,Female,Other,Married,Fully Meets,3,2022-09-20,5,4,4,2023-02-18,Project Management,Internal,Completed,2,350.26,57,1,166.79047619047617,4.333333333333333
1741,2022-09-16,Production Technician I,MSC,Active,Contract,Zone A,Temporary,Production,General - Eng,1981-11-01,MA,Female,Asian,Single,Fully Meets,3,2022-08-22,3,4,2,2022-11-08,Leadership Development,External,Completed,5,625.76,41,1,122.69803921568628,3.0
1742,2021-01-04,Production Technician I,TNS,Active,Part-Time,Zone B,Part-Time,Production,Wireline Construction,1971-02-03,MA,Female,Asian,Divorced,Fully Meets,3,2023-05-20,5,5,3,2023-04-19,Communication Skills,External,Incomplete,1,206.72,50,0,187.9272727272727,4.333333333333333
1743,2018-11-30,Production Technician I,SVG,Active,Full-Time,Zone C,Temporary,Production,Splicing,2001-03-06,MA,Male,Black,Single,Fully Meets,3,2023-04-20,4,1,5,2023-07-13,Project Management,External,Passed,4,954.37,17,1,232.77317073170732,3.3333333333333335
1744,2022-07-24,Production Technician I,PL,Active,Full-Time,Zone C,Full-Time,Production,Field Operations,1947-05-05,MA,Female,Hispanic,Married,Fully Meets,3,2023-02-05,2,1,4,2022-12-24,Communication Skills,Internal,Failed,4,728.77,75,0,177.74878048780488,2.3333333333333335
1745,2022-02-05,Production Technician II,EW,Active,Contract,Zone C,Part-Time,Production,Aerial,1989-09-26,MA,Female,Other,Widowed,Fully Meets,3,2022-11-14,4,4,3,2022-09-05,Leadership Development,External,Completed,1,996.01,33,1,905.4636363636363,3.6666666666666665
1746,2020-04-23,Production Technician I,WBL,Active,Full-Time,Zone A,Full-Time,Production,General - Sga,1962-06-04,MA,Male,Hispanic,Widowed,Fully Meets,3,2023-06-20,4,3,4,2022-11-18,Communication Skills,Internal,Incomplete,2,787.19,58,0,374.85238095238094,3.6666666666666665
1748,2022-01-13,Production Technician I,PYZ,Active,Part-Time,Zone A,Temporary,Production,Underground,1973-09-01,MA,Female,White,Widowed,Fully Meets,3,2023-12-02,3,2,4,2023-03-26,Leadership Development,External,Failed,5,433.03,49,0,84.9078431372549,3.0
1749,2020-11-26,Production Technician I,PYZ,Active,Contract,Zone B,Temporary,Production,Field Operations,1964-03-02,MA,Female,Hispanic,Divorced,Fully Meets,3,2022-05-08,1,4,5,2023-07-21,Leadership Development,Internal,Incomplete,3,148.69,56,0,47.964516129032255,3.3333333333333335
1750,2018-12-07,Production Technician I,WBL,Active,Full-Time,Zone C,Full-Time,Production,Field Operations,1977-11-04,MA,Female,Other,Widowed,Fully Meets,3,2022-11-13,1,2,5,2022-08-20,Project Management,Internal,Incomplete,1,523.44,41,0,475.8545454545455,2.6666666666666665
1751,2023-04-19,Production Technician I,NEL,Active,Contract,Zone C,Temporary,Production,General - Con,2001-05-29,MA,Female,Hispanic,Widowed,Fully Meets,3,2022-08-24,4,4,1,2022-12-10,Project Management,External,Incomplete,5,719.54,22,0,141.08627450980393,3.0
1752,2022-03-05,Production Technician I,PL,Active,Part-Time,Zone B,Temporary,Production,General - Con,1982-04-11,MA,Male,White,Single,Fully Meets,3,2022-11-12,2,1,2,2022-10-09,Leadership Development,External,Incomplete,3,560.55,40,0,180.82258064516128,1.6666666666666667
1753,2019-06-20,Production Technician I,BPC,Active,Contract,Zone C,Full-Time,Production,Field Operations,1943-07-03,MA,Male,Black,Divorced,Fully Meets,3,2023-05-30,5,3,3,2023-03-18,Customer Service,Internal,Completed,1,711.71,76,1,647.0090909090909,3.6666666666666665
1754,2022-09-13,Production Technician I,CCDR,Active,Part-Time,Zone C,Temporary,Production,Project Management - Con,1991-11-18,MA,Male,Asian,Single,Fully Meets,3,2022-12-29,5,5,1,2023-01-30,Project Management,External,Failed,1,980.65,31,0,891.4999999999999,3.6666666666666665
1755,2019-01-02,Production Technician I,SVG,Active,Part-Time,Zone B,Full-Time,Production,General - Con,1994-05-10,MA,Male,Other,Widowed,Fully Meets,3,2022-10-17,4,1,1,2022-11-22,Communication Skills,External,Incomplete,2,367.76,25,0,175.1238095238095,2.0
1756,2022-06-06,Production Technician I,EW,Active,Part-Time,Zone A,Part-Time,Production,Splicing,1961-03-25,MA,Male,Black,Widowed,Fully Meets,3,2023-06-27,2,4,4,2023-04-22,Communication Skills,Internal,Failed,1,849.36,61,0,772.1454545454545,3.3333333333333335
1757,2020-01-09,Production Technician I,MSC,Active,Full-Time,Zone A,Temporary,Production,Finance & Accounting,1985-01-02,MA,Female,White,Widowed,Fully Meets,3,2022-08-18,5,4,5,2022-12-31,Technical Skills,Internal,Incomplete,5,305.05,35,0,59.813725490196084,4.666666666666667
1758,2019-01-03,Production Technician I,TNS,Active,Part-Time,Zone B,Part-Time,Production,Splicing,1958-05-22,MA,Male,White,Single,Fully Meets,3,2022-08-18,5,3,5,2023-05-14,Customer Service,Internal,Completed,5,296.24,61,1,58.08627450980393,4.333333333333333
1759,2021-01-23,Production Technician I,PYZ,Active,Contract,Zone B,Part-Time,Production,General - Con,1947-11-12,MA,Male,White,Married,Fully Meets,3,2022-09-16,5,2,4,2022-10-21,Project Management,Internal,Completed,4,220.06,74,1,53.67317073170732,3.6666666666666665
1760,2020-02-08,Production Technician I,WBL,Active,Part-Time,Zone C,Part-Time,Production,General - Con,1993-08-20,MA,Male,Hispanic,Single,Fully Meets,3,2023-03-16,5,3,2,2023-01-20,Technical Skills,External,Passed,3,378.51,27,1,122.1,3.3333333333333335
1761,2021-10-29,Production Technician I,NEL,Terminated,Contract,Zone C,Temporary,Production,Field Operations,1961-05-16,MA,Female,Other,Married,Fully Meets,3,2023-02-20,3,2,1,2022-11-07,Technical Skills,External,Completed,4,905.6,60,1,220.87804878048783,2.0
1762,2023-07-04,Production Technician I,PL,Terminated,Contract,Zone B,Part-Time,Production,Wireless,2001-02-19,MA,Female,White,Divorced,Fully Meets,3,2023-03-19,3,3,5,2022-09-02,Customer Service,External,Incomplete,3,669.57,22,0,215.99032258064517,3.6666666666666665
1763,2023-04-06,Production Technician I,BPC,Active,Part-Time,Zone B,Full-Time,Production,Engineers,1950-01-13,MA,Female,Asian,Widowed,Fully Meets,3,2022-08-18,4,2,4,2023-03-02,Leadership Development,External,Completed,2,723.9,73,1,344.71428571428567,3.3333333333333335
1764,2023-01-17,Production Technician I,CCDR,Active,Full-Time,Zone A,Temporary,Production,Engineers,1949-02-01,MA,Female,Black,Married,Fully Meets,3,2023-03-13,2,3,5,2023-05-07,Communication Skills,Internal,Passed,1,834.44,74,1,758.5818181818182,3.3333333333333335
1765,2019-10-17,Production Technician II,BPC,Active,Contract,Zone C,Part-Time,Production,Project Management - Con,1991-07-09,MA,Female,Asian,Divorced,Fully Meets,3,2022-12-24,5,5,2,2023-08-04,Leadership Development,External,Incomplete,1,393.88,28,0,358.07272727272726,4.0
1766,2019-06-22,Production Technician I,PYZ,Active,Contract,Zone B,Temporary,Production,Field Operations,1957-07-15,MA,Female,Asian,Married,Fully Meets,3,2023-05-23,1,5,2,2023-07-07,Customer Service,External,Incomplete,3,637.61,62,0,205.68064516129033,2.6666666666666665
1767,2023-02-10,Production Technician I,WBL,Active,Contract,Zone A,Full-Time,Production,General - Con,1995-12-31,MA,Female,White,Divorced,Fully Meets,3,2022-09-08,4,1,1,2022-10-25,Project Management,External,Passed,3,902.11,28,1,291.0032258064516,2.0
1768,2022-10-13,Production Technician I,NEL,Active,Contract,Zone C,Temporary,Production,Aerial,1977-02-26,MA,Female,Black,Married,Fully Meets,3,2023-11-02,3,3,3,2022-09-30,Leadership Development,External,Passed,1,999.79,45,1,908.8999999999999,3.0
1769,2023-03-07,Production Technician I,PL,Active,Contract,Zone B,Temporary,Production,Engineers,1974-04-29,MA,Male,Hispanic,Widowed,Fully Meets,3,2023-10-02,4,3,5,2023-03-27,Leadership Development,Internal,Passed,1,976.58,49,1,887.8,4.0
1770,2018-09-12,Production Technician I,BPC,Active,Part-Time,Zone A,Full-Time,Production,General - Sga,1971-05-03,MA,Male,Hispanic,Single,Fully Meets,3,2023-02-24,1,3,5,2022-09-04,Customer Service,External,Incomplete,2,257.2,47,0,122.47619047619047,3.0
1771,2020-06-27,Production Technician I,CCDR,Active,Part-Time,Zone C,Part-Time,Production,Shop (Fleet),1950-08-27,MA,Male,Hispanic,Widowed,Fully Meets,3,2023-03-06,3,2,1,2023-02-27,Technical Skills,External,Incomplete,2,991.1,70,0,471.95238095238096,2.0
1772,2018-12-28,Production Technician I,SVG,Active,Contract,Zone A,Part-Time,Production,General - Con,1954-06-28,MA,Male,Asian,Widowed,Fully Meets,3,2023-01-01,3,4,5,2022-08-20,Technical Skills,External,Passed,2,205.64,64,1,97.92380952380951,4.0
1773,2021-01-20,Production Technician I,EW,Active,Part-Time,Zone B,Temporary,Production,General - Eng,1942-03-22,MA,Male,Black,Married,Fully Meets,3,2022-11-20,5,5,2,2022-12-30,Leadership Development,Internal,Passed,2,817.45,79,1,389.26190476190476,4.0
1774,2019-09-14,Production Technician I,MSC,Active,Full-Time,Zone B,Part-Time,Production,Field Operations,1989-09-24,MA,Female,Asian,Widowed,Fully Meets,3,2022-09-12,1,1,2,2023-06-08,Customer Service,External,Failed,5,643.22,30,0,126.121568627451,1.3333333333333333
1775,2018-10-06,Production Technician I,TNS,Active,Contract,Zone A,Full-Time,Production,Engineers,1997-11-05,MA,Male,Black,Single,Fully Meets,3,2023-10-05,4,2,3,2023-05-08,Project Management,Internal,Failed,4,795.28,21,0,193.97073170731707,3.0
1776,2021-08-03,Production Technician I,PYZ,Active,Full-Time,Zone C,Temporary,Production,Project Management - Con,1955-11-03,MA,Male,Asian,Divorced,Fully Meets,3,2023-01-16,3,2,3,2022-09-07,Project Management,Internal,Failed,2,521.69,66,0,248.42380952380955,2.6666666666666665
1777,2019-07-05,Production Technician I,WBL,Active,Full-Time,Zone B,Temporary,Production,Splicing,1962-04-25,MA,Female,Hispanic,Single,Fully Meets,3,2023-02-02,1,3,1,2023-04-24,Customer Service,External,Incomplete,3,157.78,57,0,50.89677419354839,1.6666666666666667
1778,2019-04-25,Production Technician I,NEL,Active,Full-Time,Zone B,Full-Time,Production,General - Con,1949-05-18,MA,Female,Other,Widowed,Fully Meets,3,2022-11-19,3,5,4,2022-09-01,Project Management,External,Passed,3,803.94,70,1,259.3354838709678,4.0
1779,2023-07-15,Production Technician I,PL,Active,Full-Time,Zone A,Temporary,Production,Project Management - Con,1961-04-05,MA,Female,Other,Married,Fully Meets,3,2022-08-22,5,3,4,2022-11-27,Project Management,Internal,Passed,3,188.56,62,1,60.825806451612905,4.0
1780,2022-12-10,Production Technician I,BPC,Active,Contract,Zone C,Temporary,Production,Field Operations,1993-11-07,MA,Female,Hispanic,Widowed,Fully Meets,3,2023-03-06,2,3,2,2023-03-25,Technical Skills,External,Passed,2,663.72,29,1,316.0571428571429,2.3333333333333335
1781,2019-05-02,Production Technician I,CCDR,Active,Contract,Zone A,Part-Time,Production,General - Sga,1983-11-12,MA,Female,White,Divorced,Fully Meets,3,2022-09-27,2,2,4,2023-07-04,Technical Skills,External,Failed,4,892.3,36,0,217.63414634146343,2.6666666666666665
1782,2019-01-13,Production Technician II,NEL,Terminated,Contract,Zone A,Temporary,Production,Field Operations,1950-08-10,MA,Female,Other,Married,Fully Meets,3,2023-07-07,3,4,1,2022-12-21,Communication Skills,Internal,Passed,3,560.35,69,1,180.75806451612902,2.6666666666666665
1783,2021-06-09,Production Technician I,PYZ,Active,Part-Time,Zone C,Part-Time,Production,General - Con,1981-07-12,MA,Female,White,Widowed,Fully Meets,3,2023-04-21,5,2,4,2022-12-24,Technical Skills,External,Passed,2,595.5,40,1,283.57142857142856,3.6666666666666665
1784,2023-08-02,Production Technician I,WBL,Active,Part-Time,Zone A,Temporary,Production,General - Con,1971-03-30,MA,Female,Other,Divorced,Fully Meets,3,2023-02-23,2,3,1,2022-11-17,Communication Skills,External,Passed,2,242.18,52,1,115.32380952380952,2.0
1785,2023-06-17,Production Technician I,NEL,Active,Full-Time,Zone C,Full-Time,Production,Technology / It,1950-01-17,MA,Female,White,Widowed,Fully Meets,3,2022-08-08,4,4,5,2023-01-07,Project Management,Internal,Failed,5,104.95,73,0,20.578431372549023,4.333333333333333
1786,2022-03-31,Production Technician I,PL,Active,Full-Time,Zone A,Temporary,Production,Field Operations,1979-10-11,MA,Male,Hispanic,Widowed,Fully Meets,3,2023-03-06,4,2,1,2023-04-23,Communication Skills,External,Completed,2,942.28,43,1,448.7047619047619,2.3333333333333335
1787,2019-04-06,Production Technician I,BPC,Active,Contract,Zone B,Temporary,Production,Engineers,1956-10-07,MA,Male,Hispanic,Divorced,Fully Meets,3,2023-02-23,2,5,3,2022-08-31,Project Management,Internal,Passed,2,756.7,63,1,360.3333333333333,3.3333333333333335
1788,2020-07-11,Production Technician I,CCDR,Active,Contract,Zone C,Full-Time,Production,Field Operations,1976-08-02,MA,Male,Other,Divorced,Fully Meets,3,2023-04-08,2,5,1,2022-12-23,Leadership Development,Internal,Completed,4,290.99,44,1,70.97317073170733,2.6666666666666665
1789,2023-04-22,Production Technician I,SVG,Active,Contract,Zone C,Part-Time,Production,Engineers,1963-02-17,MA,Male,Other,Widowed,Fully Meets,3,2022-07-10,4,3,1,2023-01-08,Leadership Development,External,Incomplete,2,700.97,60,0,333.7952380952381,2.6666666666666665
1790,2022-12-02,Production Technician I,EW,Active,Part-Time,Zone B,Part-Time,Production,Aerial,1956-09-03,MA,Female,Asian,Divorced,Fully Meets,3,2022-11-10,4,5,4,2022-08-19,Communication Skills,Internal,Incomplete,4,631.98,66,0,154.14146341463416,4.333333333333333
1791,2021-03-06,Production Technician I,MSC,Active,Contract,Zone A,Temporary,Production,Wireline Construction,1981-02-08,MA,Female,Hispanic,Divorced,Fully Meets,3,2022-09-18,4,5,3,2022-11-26,Project Management,Internal,Failed,5,282.85,40,0,55.4607843137255,4.0
1792,2019-05-21,Production Technician I,TNS,Active,Full-Time,Zone C,Temporary,Production,Project Management - Eng,1950-02-04,MA,Male,Black,Divorced,Fully Meets,3,2022-12-09,2,3,5,2022-11-29,Technical Skills,Internal,Completed,1,412.58,69,1,375.0727272727272,3.3333333333333335
1793,2018-10-23,Production Technician I,BPC,Active,Full-Time,Zone B,Temporary,Production,Executive,1945-05-22,MA,Female,Hispanic,Single,Fully Meets,3,2022-04-09,1,1,2,2023-02-28,Communication Skills,External,Passed,1,943.91,73,1,858.0999999999999,1.3333333333333333
1794,2021-05-26,Production Technician I,CCDR,Active,Contract,Zone A,Temporary,Production,General - Sga,1963-08-13,MA,Female,White,Widowed,Fully Meets,3,2023-05-17,4,4,2,2022-10-31,Leadership Development,Internal,Completed,3,208.13,58,1,67.13870967741936,3.3333333333333335
1795,2019-12-01,Production Technician I,EW,Terminated,Full-Time,Zone B,Part-Time,Production,Yard (Material Handling),1960-04-04,MA,Female,Asian,Widowed,Fully Meets,3,2023-10-06,5,1,4,2023-02-24,Leadership Development,External,Passed,2,145.47,59,1,69.27142857142857,3.3333333333333335
1796,2021-06-07,Production Technician I,MSC,Terminated,Contract,Zone A,Full-Time,Production,Wireless,1976-06-26,MA,Female,Hispanic,Divorced,Fully Meets,3,2022-11-23,3,5,2,2022-10-27,Customer Service,External,Failed,1,727.51,45,0,661.3727272727272,3.3333333333333335
1797,2020-10-13,Production Technician I,NEL,Active,Full-Time,Zone A,Full-Time,Production,General - Con,1987-09-18,MA,Female,Hispanic,Widowed,Fully Meets,3,2023-03-05,3,3,5,2022-12-24,Project Management,External,Failed,5,581.43,33,0,114.00588235294117,3.6666666666666665
1798,2022-10-30,Production Technician II,PL,Active,Part-Time,Zone A,Full-Time,Production,Splicing,1985-07-12,MA,Female,Black,Widowed,Fully Meets,3,2023-01-27,3,2,4,2022-12-11,Communication Skills,Internal,Incomplete,1,725.94,37,0,659.9454545454546,3.0
1799,2022-09-04,Production Technician II,BPC,Terminated,Part-Time,Zone C,Temporary,Production,Field Operations,1989-02-19,MA,Male,Black,Married,Fully Meets,3,2023-04-28,2,5,3,2022-10-27,Technical Skills,Internal,Passed,1,338.36,33,1,307.59999999999997,3.3333333333333335
1800,2019-10-18,Production Technician I,TNS,Active,Part-Time,Zone C,Full-Time,Production,Wireline Construction,1976-05-04,MA,Female,Black,Divorced,Fully Meets,3,2023-03-02,4,3,5,2023-04-17,Technical Skills,External,Failed,1,732.84,43,0,666.2181818181818,4.0
1801,2021-07-25,Production Technician I,PYZ,Active,Full-Time,Zone C,Temporary,Production,General - Con,1989-06-08,MA,Female,Hispanic,Married,Fully Meets,3,2023-02-06,3,4,3,2023-06-22,Technical Skills,External,Incomplete,1,753.69,32,0,685.1727272727272,3.3333333333333335
1802,2020-03-31,Production Technician I,WBL,Active,Part-Time,Zone B,Temporary,Production,Field Operations,1982-08-13,MA,Female,Other,Divorced,Fully Meets,3,2023-05-21,4,2,5,2023-07-16,Customer Service,Internal,Failed,5,131.92,38,0,25.866666666666667,3.6666666666666665
1803,2019-11-11,Production Technician I,NEL,Active,Full-Time,Zone C,Full-Time,Production,General - Eng,1982-11-05,MA,Female,Other,Divorced,Fully Meets,3,2023-01-19,1,3,1,2022-09-20,Leadership Development,External,Passed,4,550.55,37,1,134.28048780487805,1.6666666666666667
1804,2021-12-05,Production Technician I,PL,Active,Part-Time,Zone A,Temporary,Production,Field Operations,1957-07-20,MA,Male,Hispanic,Widowed,Fully Meets,3,2023-04-14,3,3,5,2022-08-22,Customer Service,Internal,Failed,1,767.49,64,0,697.7181818181817,3.6666666666666665
1805,2018-12-17,Production Technician I,BPC,Active,Contract,Zone A,Temporary,Production,Aerial,1969-03-02,MA,Male,Black,Divorced,Fully Meets,3,2023-09-07,3,3,1,2023-02-11,Communication Skills,Internal,Incomplete,5,222.88,49,0,43.70196078431373,2.3333333333333335
1806,2022-03-06,Production Technician I,CCDR,Active,Part-Time,Zone A,Full-Time,Production,General - Con,1951-06-25,MA,Male,Asian,Single,Fully Meets,3,2022-05-08,1,2,5,2023-07-27,Communication Skills,Internal,Passed,3,176.2,71,1,56.83870967741935,2.6666666666666665
1807,2019-09-04,Production Technician I,SVG,Active,Contract,Zone C,Full-Time,Production,Yard (Material Handling),1979-11-13,MA,Female,White,Widowed,Fully Meets,3,2023-03-02,1,4,4,2023-03-07,Technical Skills,External,Incomplete,5,794.61,40,0,155.80588235294118,3.0
1808,2023-07-26,Production Technician I,EW,Active,Part-Time,Zone A,Part-Time,Production,Splicing,1983-09-25,MA,Female,Black,Married,Fully Meets,3,2023-04-25,5,2,4,2022-10-12,Customer Service,External,Passed,1,147.08,40,1,133.70909090909092,3.6666666666666665
1809,2022-12-19,Production Technician I,MSC,Active,Contract,Zone C,Part-Time,Production,Yard (Material Handling),1966-11-24,MA,Female,Other,Divorced,Fully Meets,3,2023-07-04,5,2,1,2022-08-15,Communication Skills,Internal,Incomplete,5,488.94,56,0,95.87058823529412,2.6666666666666665
1810,2021-08-17,Production Technician I,TNS,Active,Full-Time,Zone A,Part-Time,Production,General - Con,1994-11-30,MA,Male,Black,Divorced,Fully Meets,3,2023-06-07,5,1,4,2023-02-22,Project Management,External,Failed,1,603.57,27,0,548.7,3.3333333333333335
1811,2022-06-11,Production Technician I,PYZ,Active,Contract,Zone A,Full-Time,Production,Technology / It,1977-11-12,MA,Female,Black,Divorced,Fully Meets,3,2022-11-09,2,5,1,2023-07-25,Customer Service,External,Incomplete,3,819.87,45,0,264.47419354838706,2.6666666666666665
1812,2021-10-01,Production Technician I,WBL,Terminated,Contract,Zone A,Full-Time,Production,General - Con,1978-04-29,MA,Female,Black,Widowed,Fully Meets,3,2022-05-12,4,2,5,2023-03-04,Leadership Development,Internal,Incomplete,2,836.19,43,0,398.1857142857143,3.6666666666666665
1813,2020-08-04,Production Technician I,NEL,Active,Contract,Zone C,Temporary,Production,Aerial,1980-12-01,MA,Female,Other,Divorced,Fully Meets,3,2023-03-06,3,5,3,2022-11-05,Project Management,External,Passed,5,879.94,40,1,172.5372549019608,3.6666666666666665
1814,2022-02-11,Production Technician I,PL,Active,Full-Time,Zone A,Part-Time,Production,Wireline Construction,1980-08-03,MA,Female,Black,Widowed,Fully Meets,3,2023-04-15,3,3,1,2023-06-04,Customer Service,Internal,Failed,3,532.3,42,0,171.70967741935482,2.3333333333333335
1815,2020-06-22,Production Technician I,BPC,Active,Contract,Zone A,Part-Time,Production,Project Management - Con,1961-05-13,MA,Female,Asian,Married,Fully Meets,3,2022-10-23,1,4,5,2022-10-03,Leadership Development,External,Incomplete,5,758.21,59,0,148.6686274509804,3.3333333333333335
1816,2020-08-28,Production Technician II,NEL,Active,Contract,Zone A,Temporary,Production,General - Con,1951-10-05,MA,Female,Other,Single,Fully Meets,3,2023-03-04,4,3,1,2023-06-05,Communication Skills,Internal,Incomplete,2,253.51,69,0,120.71904761904761,2.6666666666666665
1817,2019-05-06,Production Technician II,PL,Active,Contract,Zone A,Temporary,Production,Aerial,1987-07-01,MA,Female,Other,Divorced,Fully Meets,3,2023-02-28,3,1,5,2022-08-20,Leadership Development,Internal,Completed,3,375.86,32,1,121.24516129032259,3.0
1818,2021-07-08,Production Technician II,BPC,Active,Contract,Zone C,Part-Time,Production,Yard (Material Handling),1956-07-01,MA,Male,Hispanic,Widowed,Fully Meets,3,2023-06-25,3,1,3,2023-03-20,Leadership Development,External,Incomplete,5,909.47,65,0,178.32745098039217,2.3333333333333335
1819,2022-07-02,Production Technician I,WBL,Active,Full-Time,Zone B,Temporary,Production,General - Con,1948-10-24,MA,Female,Black,Single,Fully Meets,3,2022-11-12,3,1,1,2022-10-19,Customer Service,Internal,Passed,3,649.51,74,1,209.51935483870966,1.6666666666666667
1820,2023-05-04,Production Technician I,PYZ,Active,Full-Time,Zone C,Part-Time,Production,Shop (Fleet),1980-01-02,MA,Female,Black,Divorced,Fully Meets,3,2023-03-23,5,4,3,2023-06-30,Customer Service,Internal,Failed,1,742.26,43,0,674.7818181818182,4.0
1821,2022-12-19,Production Technician I,WBL,Active,Full-Time,Zone B,Full-Time,Production,General - Sga,1980-07-19,MA,Female,Hispanic,Widowed,Fully Meets,3,2022-03-11,1,2,1,2022-10-12,Communication Skills,Internal,Passed,4,713.84,42,1,174.10731707317075,1.3333333333333333
1822,2022-03-26,Production Technician I,NEL,Active,Contract,Zone C,Part-Time,Production,Wireline Construction,1950-12-24,MA,Female,Black,Widowed,Fully Meets,3,2022-08-27,5,2,2,2023-07-29,Project Management,External,Incomplete,1,999.06,72,0,908.2363636363635,3.0
1823,2021-05-09,Production Technician I,PL,Active,Contract,Zone A,Full-Time,Production,Finance & Accounting,1960-11-25,MA,Male,Black,Widowed,Fully Meets,3,2023-12-05,4,4,3,2023-07-10,Leadership Development,Internal,Completed,4,977.99,61,1,238.53414634146344,3.6666666666666665
1824,2020-01-09,Production Technician I,BPC,Active,Contract,Zone B,Temporary,Production,Yard (Material Handling),1960-02-03,MA,Male,Other,Married,Fully Meets,3,2023-03-15,3,1,1,2022-09-16,Leadership Development,External,Completed,5,136.33,60,1,26.73137254901961,1.6666666666666667
1825,2021-05-16,Production Technician I,CCDR,Active,Contract,Zone A,Part-Time,Production,Splicing,1996-05-12,MA,Male,White,Married,Fully Meets,3,2022-10-27,1,3,3,2022-08-05,Technical Skills,External,Completed,4,946.67,25,1,230.89512195121952,2.3333333333333335
1826,2021-01-31,Production Technician I,SVG,Active,Part-Time,Zone B,Temporary,Production,Aerial,1941-11-17,MA,Female,Other,Widowed,Exceeds,3,2022-09-28,3,2,5,2023-07-24,Technical Skills,External,Passed,4,485.39,80,1,118.38780487804878,3.3333333333333335
1827,2021-09-19,Production Technician I,EW,Active,Contract,Zone C,Full-Time,Production,Field Operations,1982-05-21,MA,Female,Other,Widowed,Needs Improvement,3,2022-09-25,1,3,5,2023-04-28,Communication Skills,External,Incomplete,5,962.02,39,0,188.63137254901963,3.0
1828,2020-03-01,Production Technician I,MSC,Active,Part-Time,Zone B,Temporary,Production,Wireline Construction,1983-09-04,MA,Male,Black,Divorced,Exceeds,3,2022-11-27,3,3,2,2023-05-29,Technical Skills,External,Failed,1,620.24,37,0,563.8545454545455,2.6666666666666665
1829,2020-02-29,Production Technician I,TNS,Active,Part-Time,Zone B,Temporary,Production,Engineers,1987-08-13,MA,Male,White,Married,Exceeds,3,2022-08-19,2,1,2,2023-04-21,Customer Service,External,Completed,4,333.8,33,1,81.41463414634147,1.6666666666666667
1830,2018-12-08,Production Technician I,PYZ,Active,Full-Time,Zone A,Temporary,Production,Finance & Accounting,1960-11-26,MA,Female,Black,Married,Needs Improvement,3,2023-12-07,1,4,1,2023-03-29,Leadership Development,External,Passed,3,764.21,58,1,246.5193548387097,2.0
1831,2022-06-26,Production Technician I,WBL,Terminated,Part-Time,Zone B,Temporary,Production,Isp,1970-10-14,MA,Female,Asian,Widowed,Needs Improvement,3,2023-03-25,2,2,2,2022-12-11,Project Management,Internal,Failed,3,756.42,52,0,244.0064516129032,2.0
1832,2019-11-03,Production Technician I,NEL,Active,Contract,Zone A,Part-Time,Production,Engineers,1956-01-06,MA,Female,White,Married,Needs Improvement,3,2022-06-08,1,2,4,2023-07-30,Customer Service,Internal,Failed,2,716.62,63,0,341.247619047619,2.3333333333333335
1833,2023-01-01,Production Technician I,PL,Active,Part-Time,Zone B,Full-Time,Production,Field Operations,1983-12-31,MA,Female,White,Married,Needs Improvement,3,2023-01-23,4,3,2,2023-03-26,Technical Skills,Internal,Failed,2,712.9,40,0,339.4761904761904,3.0
1834,2020-07-31,Production Technician II,CCDR,Active,Contract,Zone C,Full-Time,Production,Project Management - Con,1978-09-13,MA,Female,White,Divorced,Needs Improvement,3,2022-08-12,4,5,1,2023-03-11,Technical Skills,Internal,Incomplete,1,845.82,42,0,768.9272727272727,3.3333333333333335
1835,2021-09-10,Production Technician II,EW,Active,Part-Time,Zone B,Temporary,Production,Field Operations,1982-11-25,MA,Female,Asian,Single,Needs Improvement,3,2023-11-04,5,2,2,2023-03-01,Communication Skills,Internal,Passed,4,727.9,39,1,177.53658536585368,3.0
1836,2019-06-19,Production Technician II,MSC,Active,Part-Time,Zone B,Temporary,Production,Field Operations,1971-01-14,MA,Male,Hispanic,Divorced,Needs Improvement,3,2022-06-10,1,4,3,2023-07-21,Project Management,Internal,Incomplete,1,760.41,48,0,691.2818181818182,2.6666666666666665
1837,2021-08-16,Production Technician II,NEL,Active,Part-Time,Zone B,Full-Time,Production,Project Management - Con,1975-06-17,MA,Female,Asian,Divorced,Needs Improvement,3,2023-01-01,1,3,3,2023-07-25,Project Management,Internal,Incomplete,5,567.74,46,0,111.32156862745099,2.3333333333333335
1838,2019-07-08,Production Technician I,TNS,Active,Part-Time,Zone A,Temporary,Production,Aerial,1958-09-16,MA,Female,White,Widowed,Exceeds,3,2023-01-07,2,1,1,2023-01-14,Communication Skills,External,Incomplete,5,582.7,61,0,114.25490196078434,1.3333333333333333
1839,2021-08-17,Production Technician I,PYZ,Active,Full-Time,Zone A,Part-Time,Production,People Services,1968-03-29,MA,Female,Other,Single,Exceeds,3,2023-04-28,3,3,3,2022-08-16,Leadership Development,External,Incomplete,2,645.16,53,0,307.2190476190476,3.0
1840,2021-01-08,Production Technician I,WBL,Active,Full-Time,Zone B,Part-Time,Production,General - Eng,1969-07-08,MA,Female,Hispanic,Single,Exceeds,3,2022-08-24,5,1,4,2023-03-07,Project Management,External,Passed,5,310.44,52,1,60.87058823529412,3.3333333333333335
1841,2018-08-14,Production Technician I,NEL,Active,Contract,Zone B,Part-Time,Production,Field Operations,1958-10-19,MA,Female,Hispanic,Widowed,Exceeds,3,2023-03-30,3,5,3,2022-08-13,Communication Skills,External,Failed,4,683.42,60,0,166.68780487804878,3.6666666666666665
1842,2021-07-30,Production Technician I,PL,Active,Part-Time,Zone B,Temporary,Production,General - Con,1998-10-05,MA,Male,Asian,Divorced,Exceeds,3,2022-07-12,1,4,4,2023-07-19,Communication Skills,Internal,Completed,3,129.49,23,1,41.770967741935486,3.0
1843,2023-04-08,Production Technician I,BPC,Active,Full-Time,Zone C,Temporary,Production,Engineers,1963-12-01,MA,Male,Hispanic,Married,Needs Improvement,3,2023-07-31,1,5,4,2022-11-11,Project Management,External,Incomplete,5,349.46,60,0,68.52156862745097,3.3333333333333335
1844,2019-09-11,Production Technician I,CCDR,Active,Part-Time,Zone A,Part-Time,Production,General - Con,1964-11-23,MA,Female,Other,Single,Exceeds,3,2022-12-20,2,1,4,2022-08-19,Project Management,Internal,Failed,5,668.2,55,0,131.01960784313727,2.3333333333333335
1845,2020-03-05,Production Technician I,SVG,Active,Part-Time,Zone A,Temporary,Production,Aerial,1941-12-23,MA,Female,Black,Single,Needs Improvement,3,2023-06-18,1,2,5,2022-12-31,Customer Service,External,Passed,5,409.99,79,1,80.39019607843137,2.6666666666666665
1846,2019-12-02,Production Technician I,EW,Active,Full-Time,Zone C,Temporary,Production,Aerial,1946-11-24,MA,Male,Black,Single,Needs Improvement,3,2023-06-21,5,4,1,2023-04-25,Communication Skills,Internal,Passed,4,964.4,73,1,235.21951219512198,3.3333333333333335
1847,2022-12-03,Production Technician I,MSC,Active,Full-Time,Zone C,Part-Time,Production,Project Management - Con,2000-10-16,MA,Male,Other,Divorced,Needs Improvement,3,2022-11-23,5,2,3,2023-02-14,Leadership Development,External,Completed,1,777.95,22,1,707.2272727272727,3.3333333333333335
1848,2021-12-23,Production Technician I,TNS,Active,Contract,Zone C,Part-Time,Production,Engineers,2000-10-17,MA,Male,Black,Divorced,PIP,3,2023-10-04,2,4,5,2023-02-15,Communication Skills,Internal,Completed,5,816.07,21,1,160.0137254901961,3.6666666666666665
1849,2022-01-28,Production Technician I,PYZ,Active,Part-Time,Zone B,Full-Time,Production,Project Management - Con,1960-05-28,MA,Female,Hispanic,Divorced,PIP,3,2022-09-20,2,4,4,2023-06-04,Leadership Development,External,Passed,4,332.12,62,1,81.0048780487805,3.3333333333333335
1850,2019-12-15,Production Technician I,WBL,Terminated,Contract,Zone A,Full-Time,Production,Aerial,1996-10-23,MA,Female,White,Married,PIP,3,2023-09-05,3,1,2,2023-05-02,Communication Skills,Internal,Completed,1,950.45,23,1,864.0454545454545,2.0
1851,2021-11-11,Production Technician I,NEL,Terminated,Full-Time,Zone B,Temporary,Production,General - Con,1967-10-29,MA,Female,Hispanic,Single,PIP,3,2023-01-03,1,1,4,2022-09-04,Communication Skills,External,Passed,4,997.13,54,1,243.20243902439026,2.0
1852,2019-02-15,Production Technician I,PL,Terminated,Full-Time,Zone A,Part-Time,Production,General - Con,1981-10-18,MA,Female,Black,Single,PIP,3,2023-02-05,3,4,1,2022-10-16,Customer Service,Internal,Completed,1,917.56,38,1,834.1454545454544,2.6666666666666665
1853,2022-03-31,Production Technician II,PYZ,Active,Contract,Zone B,Temporary,Production,Wireline Construction,1957-12-24,MA,Female,Other,Divorced,PIP,3,2022-08-27,4,3,5,2022-08-10,Project Management,External,Failed,4,220.2,65,0,53.707317073170735,4.0
1854,2020-10-25,Production Technician II,WBL,Active,Contract,Zone A,Full-Time,Production,Shop (Fleet),1962-08-29,MA,Female,Asian,Married,PIP,3,2023-07-29,1,2,5,2023-05-18,Technical Skills,External,Failed,1,837.64,58,0,761.490909090909,2.6666666666666665
1855,2022-07-25,Production Technician II,NEL,Terminated,Part-Time,Zone B,Part-Time,Production,General - Con,1947-05-19,MA,Male,Other,Married,Exceeds,3,2023-01-31,3,3,3,2022-08-30,Technical Skills,External,Incomplete,2,648.72,75,0,308.9142857142857,3.0
1856,2021-08-02,Production Technician II,PL,Active,Full-Time,Zone A,Full-Time,Production,Field Operations,1972-09-19,MA,Female,Black,Widowed,Exceeds,3,2023-03-14,2,3,3,2023-07-04,Leadership Development,External,Failed,4,687.77,49,0,167.74878048780488,2.6666666666666665
1857,2021-11-13,Production Technician II,BPC,Terminated,Contract,Zone C,Temporary,Production,Billable Consultants,1956-04-06,MA,Male,Other,Divorced,Exceeds,3,2022-08-21,1,4,1,2023-06-14,Project Management,External,Incomplete,5,278.62,65,0,54.63137254901961,2.0
1858,2019-05-07,Production Technician I,TNS,Active,Contract,Zone A,Full-Time,Production,Wireline Construction,1988-02-20,MA,Female,Asian,Widowed,Exceeds,3,2022-10-26,2,4,1,2022-12-16,Technical Skills,External,Failed,5,568.57,31,0,111.48431372549021,2.3333333333333335
1859,2020-12-31,Production Technician I,PYZ,Active,Contract,Zone A,Part-Time,Production,Field Operations,1982-12-14,MA,Female,Hispanic,Married,Exceeds,3,2023-02-17,4,2,5,2022-10-07,Technical Skills,Internal,Completed,4,764.64,38,1,186.49756097560976,3.6666666666666665
1860,2019-12-10,Production Technician I,WBL,Terminated,Part-Time,Zone B,Full-Time,Production,Project Management - Con,2000-09-06,MA,Female,Asian,Divorced,Exceeds,3,2023-03-21,1,4,3,2022-08-20,Project Management,External,Passed,3,551.45,19,1,177.88709677419357,2.6666666666666665
1861,2020-06-11,Production Technician I,NEL,Active,Contract,Zone A,Full-Time,Production,Wireline Construction,1951-11-11,MA,Male,Black,Widowed,Exceeds,3,2022-09-22,1,2,4,2023-06-18,Customer Service,Internal,Completed,2,849.52,69,1,404.5333333333333,2.3333333333333335
1862,2021-08-30,Production Technician I,PL,Active,Full-Time,Zone C,Temporary,Production,Aerial,1985-03-25,MA,Male,Other,Single,Exceeds,3,2023-11-03,5,4,4,2022-12-21,Communication Skills,Internal,Incomplete,1,180.61,36,0,164.1909090909091,4.333333333333333
1863,2019-11-04,Production Technician I,BPC,Active,Part-Time,Zone C,Full-Time,Production,Engineers,1987-09-18,MA,Female,Other,Single,Exceeds,3,2023-04-07,5,2,2,2023-06-21,Communication Skills,Internal,Passed,3,559.52,32,1,180.49032258064514,3.0
1864,2023-06-03,Production Technician I,CCDR,Active,Full-Time,Zone A,Temporary,Production,Field Operations,1972-05-26,MA,Female,Hispanic,Married,Exceeds,3,2022-10-12,3,2,1,2022-08-06,Project Management,Internal,Completed,4,850.57,51,1,207.45609756097565,2.0
1865,2021-02-14,Production Technician I,SVG,Active,Part-Time,Zone C,Part-Time,Production,Field Operations,1969-05-24,MA,Female,Asian,Single,Exceeds,3,2023-12-01,1,3,4,2022-11-13,Project Management,Internal,Completed,3,802.75,52,1,258.9516129032258,2.6666666666666665
1866,2023-02-28,Production Technician I,EW,Active,Contract,Zone A,Temporary,Production,Field Operations,1980-05-22,MA,Male,Asian,Divorced,Exceeds,3,2022-12-10,3,5,2,2023-04-22,Customer Service,External,Completed,3,587.63,43,1,189.55806451612904,3.3333333333333335
1867,2021-01-09,Production Technician I,MSC,Active,Full-Time,Zone B,Temporary,Production,Engineers,1942-01-11,MA,Male,Asian,Divorced,Needs Improvement,3,2023-08-05,1,5,2,2023-05-04,Project Management,External,Passed,3,114.45,79,1,36.91935483870968,2.6666666666666665
1868,2022-03-22,Production Technician I,TNS,Active,Part-Time,Zone A,Full-Time,Production,Field Operations,2000-11-28,MA,Male,Black,Single,Needs Improvement,3,2023-02-26,5,3,3,2023-03-27,Leadership Development,Internal,Completed,4,599.79,22,1,146.29024390243902,3.6666666666666665
1869,2019-11-11,Production Technician I,PYZ,Active,Part-Time,Zone C,Temporary,Production,Catv,1982-01-25,MA,Female,Asian,Married,Exceeds,3,2022-08-31,1,2,3,2022-12-23,Customer Service,Internal,Failed,3,280.46,37,0,90.47096774193547,2.0
1870,2022-10-04,Production Technician I,WBL,Active,Contract,Zone B,Full-Time,Production,Engineers,1992-03-31,MA,Female,Hispanic,Married,Fully Meets,3,2022-09-13,2,5,3,2022-12-25,Communication Skills,External,Incomplete,3,969.98,30,0,312.89677419354837,3.3333333333333335
1871,2021-08-23,Production Technician I,NEL,Active,Contract,Zone C,Full-Time,Production,Wireline Construction,1996-09-08,MA,Female,White,Widowed,Fully Meets,3,2022-12-12,1,4,3,2023-07-03,Customer Service,Internal,Failed,4,643.07,25,0,156.84634146341466,2.6666666666666665
1872,2022-12-05,Production Technician I,PL,Active,Full-Time,Zone B,Temporary,Production,Field Operations,1972-12-21,MA,Female,Hispanic,Married,Fully Meets,3,2023-04-17,1,2,5,2023-07-04,Leadership Development,Internal,Incomplete,4,299.55,50,0,73.06097560975611,2.6666666666666665
1873,2019-07-20,Production Technician II,BPC,Active,Contract,Zone C,Temporary,Production,Engineers,1960-01-23,MA,Female,Black,Married,Fully Meets,3,2022-08-14,5,2,3,2023-03-02,Technical Skills,External,Incomplete,3,373.67,59,0,120.53870967741936,3.3333333333333335
1874,2021-11-05,Production Technician II,CCDR,Active,Full-Time,Zone B,Part-Time,Production,Technology / It,1960-08-12,MA,Male,Asian,Widowed,Fully Meets,3,2023-04-05,2,4,4,2022-12-25,Leadership Development,Internal,Passed,1,902.01,61,1,820.0090909090908,3.3333333333333335
1875,2021-01-04,Production Technician II,EW,Terminated,Full-Time,Zone C,Full-Time,Production,General - Con,1953-01-08,MA,Male,Other,Single,Fully Meets,3,2023-05-08,3,1,4,2023-03-19,Project Management,Internal,Failed,1,105.61,68,0,96.0090909090909,2.6666666666666665
1877,2021-10-30,Production Technician II,NEL,Active,Part-Time,Zone A,Full-Time,Production,General - Con,1961-05-17,MA,Male,Asian,Married,Fully Meets,3,2022-08-09,2,3,2,2023-05-01,Technical Skills,External,Passed,1,845.17,60,1,768.3363636363636,2.3333333333333335
1878,2022-10-02,Production Technician I,WBL,Active,Part-Time,Zone B,Part-Time,Production,Splicing,2001-06-17,MA,Female,White,Single,Fully Meets,3,2023-01-13,5,3,3,2023-05-25,Technical Skills,External,Passed,5,932.44,21,1,182.83137254901962,3.6666666666666665
1879,2018-11-25,Production Technician I,BPC,Terminated,Part-Time,Zone B,Temporary,Production,Engineers,1965-10-30,MA,Female,Black,Single,Fully Meets,3,2023-05-08,2,3,4,2023-04-29,Leadership Development,Internal,Passed,2,227.51,53,1,108.33809523809524,3.0
1880,2021-07-09,Production Technician I,CCDR,Terminated,Full-Time,Zone A,Full-Time,Production,Project Management - Con,1966-07-01,MA,Female,Black,Widowed,Fully Meets,3,2023-04-13,5,1,2,2022-08-10,Customer Service,Internal,Incomplete,5,785.05,55,0,153.9313725490196,2.6666666666666665
1881,2019-05-01,Production Technician I,EW,Active,Full-Time,Zone B,Part-Time,Production,Field Operations,2000-10-14,MA,Male,Asian,Single,Fully Meets,3,2022-09-18,3,5,3,2023-06-30,Communication Skills,External,Passed,4,584.92,19,1,142.66341463414633,3.6666666666666665
1882,2021-11-09,Production Technician I,MSC,Active,Full-Time,Zone A,Part-Time,Production,Fielders,1945-06-02,MA,Female,Asian,Divorced,Fully Meets,3,2023-07-07,1,4,2,2023-04-11,Leadership Development,Internal,Incomplete,5,206.16,76,0,40.42352941176471,2.3333333333333335
1883,2018-08-27,Production Technician I,NEL,Active,Full-Time,Zone B,Temporary,Production,Project Management - Con,1967-03-07,MA,Female,Black,Single,Fully Meets,3,2022-09-10,3,4,2,2023-05-19,Customer Service,Internal,Failed,1,483.43,51,0,439.48181818181814,3.0
1884,2019-03-16,Production Technician I,PL,Active,Part-Time,Zone C,Part-Time,Production,General - Eng,2000-07-24,MA,Female,Other,Married,Fully Meets,3,2023-04-14,1,3,3,2022-09-09,Project Management,External,Incomplete,2,889.87,19,0,423.747619047619,2.3333333333333335
1885,2022-01-07,Production Technician I,PYZ,Active,Contract,Zone B,Full-Time,Production,General - Con,1984-05-23,MA,Male,Other,Married,Fully Meets,3,2022-09-14,1,2,4,2023-02-15,Customer Service,Internal,Incomplete,3,503.04,38,0,162.2709677419355,2.3333333333333335
1886,2022-10-04,Production Technician I,SVG,Active,Contract,Zone A,Temporary,Production,Executive,1984-06-12,MA,Male,White,Single,Fully Meets,3,2023-01-18,3,2,5,2023-06-10,Customer Service,External,Completed,1,349.8,38,1,318.0,3.3333333333333335
1887,2022-03-23,Production Technician I,TNS,Active,Full-Time,Zone C,Full-Time,Production,Field Operations,1997-09-13,MA,Male,White,Divorced,Fully Meets,3,2023-07-05,2,3,3,2022-12-23,Customer Service,External,Passed,4,547.76,25,1,133.60000000000002,2.6666666666666665
1888,2020-05-05,Production Technician I,WBL,Active,Full-Time,Zone B,Temporary,Production,Engineers,1947-12-26,MA,Female,White,Married,Fully Meets,3,2023-07-23,1,5,1,2022-12-23,Technical Skills,External,Completed,2,961.68,73,1,457.9428571428571,2.3333333333333335
1889,2020-11-23,Production Technician I,PYZ,Active,Contract,Zone B,Temporary,Production,General - Con,1957-02-14,MA,Female,Other,Divorced,Fully Meets,3,2022-06-10,5,4,4,2023-02-09,Leadership Development,Internal,Incomplete,1,993.76,63,0,903.4181818181818,4.333333333333333
1890,2022-03-28,Production Technician I,WBL,Active,Contract,Zone B,Full-Time,Production,Splicing,1968-05-24,MA,Female,White,Widowed,Fully Meets,3,2023-12-05,1,3,2,2022-10-25,Communication Skills,Internal,Failed,2,998.32,54,0,475.3904761904762,2.0
1891,2020-03-25,Production Technician I,NEL,Active,Full-Time,Zone C,Full-Time,Production,Aerial,1946-06-24,MA,Female,Hispanic,Married,Fully Meets,3,2022-12-22,2,5,2,2023-07-13,Leadership Development,External,Incomplete,1,961.55,74,0,874.1363636363635,3.0
1892,2018-08-07,Production Technician II,TNS,Active,Contract,Zone A,Temporary,Production,Aerial,1986-05-30,MA,Female,Asian,Single,Fully Meets,3,2023-11-01,3,3,3,2023-02-09,Technical Skills,External,Incomplete,3,192.73,32,0,62.17096774193548,3.0
1893,2020-02-11,Production Technician II,BPC,Active,Contract,Zone A,Full-Time,Production,General - Con,1976-01-28,MA,Male,White,Divorced,Fully Meets,3,2023-08-06,2,3,4,2022-09-28,Leadership Development,Internal,Completed,1,604.53,44,1,549.5727272727272,3.0
1894,2023-01-01,Production Technician II,CCDR,Active,Full-Time,Zone A,Full-Time,Production,Field Operations,1959-05-23,MA,Male,Other,Single,Fully Meets,3,2023-01-06,3,1,5,2023-05-29,Technical Skills,External,Failed,2,144.39,64,0,68.75714285714285,3.0
1895,2022-12-07,Production Technician II,EW,Active,Part-Time,Zone A,Part-Time,Production,Wireline Construction,1989-01-25,MA,Female,White,Married,Fully Meets,3,2022-10-18,4,5,2,2022-09-12,Technical Skills,External,Completed,5,517.92,33,1,101.55294117647058,3.6666666666666665
1896,2023-03-13,Production Technician II,MSC,Active,Full-Time,Zone A,Part-Time,Production,Engineers,1951-11-18,MA,Female,Hispanic,Married,Fully Meets,3,2023-01-17,1,1,3,2023-02-22,Customer Service,External,Completed,4,537.71,72,1,131.14878048780488,1.6666666666666667
1897,2021-11-14,Production Technician II,NEL,Active,Full-Time,Zone C,Temporary,Production,Field Operations,1948-07-20,MA,Male,Asian,Divorced,Fully Meets,3,2022-05-09,2,4,5,2023-03-16,Communication Skills,External,Completed,2,491.71,73,1,234.14761904761903,3.6666666666666665
1898,2019-06-05,Production Technician I,MSC,Active,Full-Time,Zone C,Temporary,Production,Field Operations,1997-01-14,MA,Female,White,Single,Fully Meets,3,2023-07-18,4,5,5,2023-07-10,Project Management,Internal,Completed,3,673.38,22,1,217.21935483870968,4.666666666666667
1899,2020-12-12,Production Technician I,TNS,Active,Contract,Zone C,Full-Time,Production,Field Operations,1982-06-09,MA,Female,Asian,Married,Fully Meets,3,2023-06-28,2,4,5,2023-01-29,Leadership Development,Internal,Incomplete,2,724.87,38,0,345.17619047619047,3.6666666666666665
1900,2020-04-06,Production Technician I,PYZ,Active,Full-Time,Zone B,Full-Time,Production,General - Con,1960-03-22,MA,Female,Hispanic,Widowed,Fully Meets,3,2023-02-07,2,2,5,2023-04-27,Communication Skills,Internal,Passed,4,140.83,60,1,34.34878048780488,3.0
1901,2023-01-30,Production Technician I,WBL,Active,Full-Time,Zone B,Full-Time,Production,Engineers,1959-09-08,MA,Female,White,Divorced,Fully Meets,3,2023-06-22,4,1,5,2022-09-22,Project Management,External,Passed,1,113.47,64,1,103.15454545454544,3.3333333333333335
1902,2020-09-08,Production Technician I,NEL,Active,Full-Time,Zone A,Temporary,Production,Engineers,1952-11-02,MA,Male,Other,Divorced,Fully Meets,3,2023-07-27,2,5,3,2023-02-24,Customer Service,External,Incomplete,1,604.93,68,0,549.9363636363636,3.3333333333333335
1903,2020-12-14,Production Technician I,PL,Active,Part-Time,Zone C,Part-Time,Production,Field Operations,1960-11-04,MA,Female,Black,Divorced,Fully Meets,3,2022-12-17,5,5,2,2023-05-27,Project Management,External,Completed,4,699.97,60,1,170.72439024390246,4.0
1904,2022-11-07,Production Technician I,BPC,Active,Contract,Zone C,Part-Time,Production,General - Con,1982-11-10,MA,Female,Asian,Widowed,Fully Meets,3,2022-09-12,5,1,4,2022-10-20,Leadership Development,Internal,Failed,1,576.1,40,0,523.7272727272727,3.3333333333333335
1905,2022-04-06,Production Technician I,CCDR,Active,Part-Time,Zone B,Temporary,Production,Wireline Construction,1972-10-03,MA,Female,Asian,Married,Fully Meets,3,2023-04-15,5,2,1,2022-11-24,Leadership Development,Internal,Passed,2,958.46,50,1,456.4095238095238,2.6666666666666665
1906,2021-02-22,Production Technician I,SVG,Active,Part-Time,Zone B,Full-Time,Production,Field Operations,1947-03-08,MA,Male,Hispanic,Widowed,Fully Meets,3,2022-12-28,1,4,5,2023-03-05,Project Management,External,Passed,5,228.41,74,1,44.786274509803924,3.3333333333333335
1907,2022-05-16,Production Technician I,EW,Active,Full-Time,Zone C,Part-Time,Production,Field Operations,1988-04-11,MA,Male,Asian,Widowed,Fully Meets,3,2023-01-18,2,4,5,2022-11-10,Technical Skills,Internal,Completed,2,203.44,34,1,96.87619047619047,3.6666666666666665
1908,2020-01-18,Production Technician I,MSC,Active,Contract,Zone B,Part-Time,Production,Field Operations,1942-05-19,MA,Female,White,Widowed,Fully Meets,3,2023-01-26,4,2,5,2023-07-21,Project Management,External,Incomplete,2,359.08,78,0,170.9904761904762,3.6666666666666665
1909,2021-10-21,Production Technician I,TNS,Active,Full-Time,Zone A,Part-Time,Production,General - Con,1961-10-15,MA,Female,White,Widowed,Fully Meets,3,2022-11-23,3,5,2,2023-03-15,Technical Skills,Internal,Passed,3,653.23,60,1,210.71935483870968,3.3333333333333335
1910,2019-01-05,Production Technician I,PYZ,Active,Full-Time,Zone C,Full-Time,Production,General - Eng,1942-07-11,MA,Female,Hispanic,Divorced,Fully Meets,3,2022-05-11,1,4,1,2022-10-12,Customer Service,Internal,Passed,5,614.4,77,1,120.47058823529412,2.0
1911,2021-01-24,Production Technician I,WBL,Terminated,Part-Time,Zone B,Temporary,Production,Wireline Construction,1991-12-06,MA,Female,White,Divorced,Fully Meets,3,2023-08-04,3,4,3,2022-11-12,Communication Skills,External,Passed,5,333.08,30,1,65.30980392156863,3.3333333333333335
1912,2020-03-06,Production Technician II,TNS,Active,Part-Time,Zone B,Temporary,Production,Engineers,1987-10-16,MA,Female,Asian,Married,Fully Meets,3,2023-02-04,2,5,1,2023-03-26,Leadership Development,External,Completed,1,718.38,33,1,653.0727272727272,2.6666666666666665
1913,2022-11-19,Production Technician II,PYZ,Terminated,Full-Time,Zone B,Full-Time,Production,General - Con,1972-07-26,MA,Male,White,Married,Fully Meets,3,2023-01-21,5,4,2,2023-02-02,Project Management,External,Failed,3,195.29,50,0,62.99677419354838,3.6666666666666665
1914,2019-03-15,Production Technician II,WBL,Terminated,Part-Time,Zone B,Full-Time,Production,Engineers,1981-04-04,MA,Female,Other,Married,Fully Meets,3,2023-02-23,4,4,5,2023-01-11,Leadership Development,External,Passed,2,113.43,38,1,54.01428571428571,4.333333333333333
1917,2019-05-29,Production Technician I,EW,Active,Contract,Zone B,Full-Time,Production,General - Eng,1960-03-11,MA,Female,Black,Single,Fully Meets,3,2022-10-31,5,2,3,2023-01-24,Customer Service,Internal,Incomplete,3,419.83,59,0,135.4290322580645,3.3333333333333335
1918,2023-01-09,Production Technician I,MSC,Active,Contract,Zone B,Temporary,Production,Field Operations,1990-12-09,MA,Female,Black,Single,Fully Meets,3,2022-01-10,3,5,5,2023-08-03,Communication Skills,Internal,Incomplete,2,226.7,33,0,107.95238095238095,4.333333333333333
1919,2022-05-01,Production Technician I,TNS,Terminated,Contract,Zone A,Full-Time,Production,Shop (Fleet),1990-08-15,MA,Female,Other,Widowed,Fully Meets,3,2023-05-22,2,3,3,2023-06-18,Leadership Development,External,Failed,1,583.76,32,0,530.690909090909,2.6666666666666665
1920,2021-01-26,Production Technician I,PYZ,Terminated,Full-Time,Zone B,Full-Time,Production,Field Operations,1948-03-08,MA,Female,Hispanic,Widowed,Fully Meets,3,2022-09-23,2,5,3,2023-04-04,Customer Service,Internal,Failed,3,646.65,73,0,208.59677419354838,3.3333333333333335
1921,2021-09-06,Production Technician I,WBL,Active,Contract,Zone C,Full-Time,Production,Engineers,1994-07-27,MA,Male,Other,Married,Fully Meets,3,2023-01-02,3,2,5,2023-05-28,Technical Skills,External,Incomplete,2,813.17,27,0,387.2238095238095,3.3333333333333335
1922,2020-07-29,Production Technician I,NEL,Active,Full-Time,Zone A,Part-Time,Production,General - Con,1958-11-02,MA,Male,Asian,Divorced,Fully Meets,3,2023-04-29,1,1,3,2022-11-14,Technical Skills,External,Passed,3,636.38,62,1,205.28387096774193,1.6666666666666667
1923,2023-03-31,Production Technician I,PL,Active,Full-Time,Zone B,Full-Time,Production,People Services,1966-05-11,MA,Female,Other,Widowed,Fully Meets,3,2023-07-29,3,4,4,2022-11-17,Project Management,External,Failed,3,868.74,57,0,280.23870967741937,3.6666666666666665
1924,2023-05-16,Production Technician I,BPC,Active,Part-Time,Zone B,Full-Time,Production,Field Operations,1994-11-29,MA,Female,Hispanic,Married,Fully Meets,3,2022-05-09,3,5,1,2023-07-14,Customer Service,External,Failed,4,250.41,29,0,61.07560975609756,3.0
1925,2023-04-29,Production Technician I,CCDR,Active,Contract,Zone B,Full-Time,Production,Splicing,1980-02-13,MA,Male,Other,Divorced,Fully Meets,3,2023-04-21,1,5,3,2023-05-12,Communication Skills,Internal,Completed,3,882.06,43,1,284.5354838709677,3.0
1926,2019-11-27,Production Technician I,SVG,Active,Contract,Zone A,Temporary,Production,Field Operations,2000-02-01,MA,Male,Black,Single,Fully Meets,3,2022-08-20,3,4,2,2023-06-30,Leadership Development,Internal,Passed,1,350.88,19,1,318.98181818181814,3.0
1927,2022-11-03,Production Technician I,EW,Active,Full-Time,Zone C,Full-Time,Production,Field Operations,1976-06-04,MA,Male,Hispanic,Married,Fully Meets,3,2022-12-13,3,2,1,2023-02-23,Leadership Development,External,Completed,5,571.81,46,1,112.11960784313725,2.0
1928,2022-08-08,Production Technician I,MSC,Active,Full-Time,Zone A,Part-Time,Production,General - Con,1983-03-17,MA,Female,Hispanic,Widowed,Fully Meets,3,2022-08-24,4,5,5,2023-02-23,Communication Skills,Internal,Failed,3,900.89,39,0,290.60967741935485,4.666666666666667
1929,2023-07-27,Production Technician I,TNS,Active,Contract,Zone A,Full-Time,Production,Field Operations,1988-03-03,MA,Female,Asian,Widowed,Fully Meets,3,2022-09-12,4,1,3,2023-08-04,Customer Service,Internal,Failed,3,312.56,35,0,100.8258064516129,2.6666666666666665
1930,2023-07-15,Production Technician I,PYZ,Active,Full-Time,Zone C,Temporary,Production,General - Con,1986-08-26,MA,Female,Asian,Single,Fully Meets,3,2022-12-27,3,3,4,2023-06-30,Project Management,External,Incomplete,5,533.56,37,0,104.61960784313725,3.3333333333333335
1931,2022-11-09,Production Technician I,WBL,Active,Full-Time,Zone B,Temporary,Production,Fielders,1999-12-22,MA,Female,White,Single,Fully Meets,3,2023-04-16,2,3,4,2023-05-14,Leadership Development,Internal,Failed,5,381.36,23,0,74.7764705882353,3.0
1932,2019-12-24,Sales Manager,BPC,Active,Full-Time,Zone A,Temporary,Sales,General - Sga,1977-08-16,MA,Male,Other,Widowed,Fully Meets,3,2023-01-17,5,5,2,2023-03-19,Customer Service,Internal,Failed,2,754.08,42,0,359.0857142857143,4.0
1933,2019-03-08,Sales Manager,NEL,Active,Contract,Zone C,Part-Time,Sales,Aerial,1989-01-11,VT,Female,Black,Widowed,Fully Meets,3,2023-05-24,2,4,5,2022-10-17,Customer Service,Internal,Incomplete,5,837.19,30,0,164.15490196078434,3.6666666666666665
1934,2019-06-25,Sales Manager,WBL,Terminated,Contract,Zone B,Full-Time,Sales,General - Eng,1991-09-29,PA,Female,Other,Widowed,Fully Meets,3,2022-08-25,2,5,2,2023-05-08,Leadership Development,External,Incomplete,2,993.7,28,0,473.1904761904762,3.0
1935,2019-01-03,Production Technician II,TNS,Active,Part-Time,Zone A,Temporary,Sales,Yard (Material Handling),1974-01-12,MA,Male,Hispanic,Divorced,Fully Meets,3,2023-04-20,5,1,4,2022-09-16,Customer Service,Internal,Completed,2,505.4,45,1,240.66666666666666,3.3333333333333335
1936,2023-02-02,Production Technician II,BPC,Active,Full-Time,Zone B,Part-Time,Sales,Field Operations,1991-05-26,PA,Female,Hispanic,Widowed,Fully Meets,3,2022-11-10,3,3,5,2022-08-21,Leadership Development,External,Failed,5,567.55,32,0,111.2843137254902,3.6666666666666665
1937,2022-03-30,Production Technician II,CCDR,Terminated,Full-Time,Zone A,Temporary,Sales,Engineers,1957-03-25,PA,Female,Asian,Single,Fully Meets,3,2022-11-08,4,5,4,2023-05-08,Leadership Development,External,Completed,4,774.74,65,1,188.9609756097561,4.333333333333333
1938,2020-03-23,Production Technician II,TNS,Active,Part-Time,Zone A,Full-Time,Sales,Splicing,1957-03-18,MA,Female,Other,Single,Fully Meets,3,2022-09-15,1,4,3,2022-08-24,Communication Skills,External,Passed,5,316.61,63,1,62.08039215686275,2.6666666666666665
1939,2019-06-06,Production Technician II,PYZ,Active,Contract,Zone C,Temporary,Sales,Field Operations,1942-05-03,PA,Female,Asian,Married,Fully Meets,3,2023-06-13,4,5,3,2022-10-27,Communication Skills,External,Completed,3,531.73,77,1,171.5258064516129,4.0
1940,2023-05-28,Production Technician II,TNS,Active,Contract,Zone A,Temporary,Sales,Engineers,1942-07-08,MA,Female,Asian,Widowed,Fully Meets,3,2022-08-20,3,4,5,2023-01-16,Communication Skills,External,Failed,2,342.26,81,0,162.98095238095237,4.0
1941,2021-02-03,Production Technician II,PYZ,Active,Contract,Zone A,Part-Time,Sales,Engineers,1941-06-10,PA,Female,Hispanic,Widowed,Fully Meets,3,2022-09-16,3,5,4,2023-02-04,Leadership Development,External,Failed,3,158.79,80,0,51.22258064516129,4.0
1942,2019-07-30,Production Technician II,TNS,Terminated,Part-Time,Zone A,Part-Time,Sales,Wireline Construction,1964-11-02,MA,Female,Other,Widowed,Fully Meets,3,2022-08-11,2,4,2,2023-04-15,Customer Service,Internal,Completed,3,250.51,55,1,80.80967741935483,2.6666666666666665
1943,2022-05-08,Production Technician II,PYZ,Terminated,Contract,Zone A,Part-Time,Sales,Shop (Fleet),1956-03-23,PA,Female,White,Widowed,Fully Meets,3,2022-09-22,5,5,4,2023-05-13,Technical Skills,Internal,Passed,3,453.4,66,1,146.25806451612902,4.666666666666667
1944,2020-05-12,Production Technician II,TNS,Active,Part-Time,Zone A,Full-Time,Sales,Field Operations,1963-08-20,PA,Female,Asian,Married,Fully Meets,3,2022-12-12,1,4,1,2022-10-26,Technical Skills,External,Completed,5,742.31,57,1,145.55098039215687,2.0
1945,2019-03-28,Sales Manager,TNS,Terminated,Full-Time,Zone A,Temporary,Sales,Engineers,1977-02-17,MA,Female,White,Married,Fully Meets,3,2023-10-02,1,3,4,2023-01-12,Customer Service,External,Passed,5,341.94,42,1,67.04705882352941,2.6666666666666665
1946,2019-07-22,Production Technician II,WBL,Active,Full-Time,Zone A,Full-Time,Sales,Aerial,1956-07-22,PA,Female,Other,Widowed,Fully Meets,3,2023-05-01,3,5,1,2022-08-30,Customer Service,Internal,Completed,1,967.18,63,1,879.2545454545453,3.0
1947,2020-09-17,Sales Manager,MSC,Active,Part-Time,Zone C,Temporary,Sales,General - Sga,1982-07-21,PA,Female,White,Single,Fully Meets,3,2023-06-28,1,3,3,2022-11-14,Communication Skills,External,Failed,3,147.4,38,0,47.54838709677419,2.3333333333333335
1948,2022-07-02,Production Technician II,TNS,Terminated,Part-Time,Zone B,Temporary,Sales,Splicing,1963-08-12,PA,Female,Black,Married,Fully Meets,3,2023-03-16,2,1,5,2023-05-23,Project Management,External,Failed,4,884.26,59,0,215.67317073170733,2.6666666666666665
1949,2019-11-30,Sales Manager,MSC,Active,Contract,Zone A,Part-Time,Sales,Field Operations,1950-04-04,PA,Female,Hispanic,Divorced,Fully Meets,3,2022-07-09,5,3,4,2023-04-28,Customer Service,Internal,Incomplete,5,592.96,69,0,116.26666666666668,4.0
1950,2023-07-21,Production Technician II,TNS,Terminated,Contract,Zone C,Temporary,Production,Splicing,1958-03-24,PA,Female,Asian,Married,Fully Meets,3,2022-09-17,3,2,1,2023-02-21,Project Management,External,Passed,2,801.28,65,1,381.5619047619047,2.0
1951,2020-08-26,Sales Manager,SVG,Terminated,Full-Time,Zone A,Temporary,Sales,Aerial,1960-09-10,MA,Female,Asian,Married,Fully Meets,3,2023-04-20,4,1,3,2023-04-29,Leadership Development,Internal,Incomplete,2,717.95,60,0,341.8809523809524,2.6666666666666665
1952,2020-05-16,Sales Manager,TNS,Active,Full-Time,Zone A,Full-Time,Sales,Underground,1989-07-31,PA,Female,Other,Divorced,Fully Meets,3,2023-09-06,2,5,2,2023-03-05,Leadership Development,Internal,Passed,1,846.22,31,1,769.290909090909,3.0
1953,2023-04-06,Production Technician I,PL,Active,Full-Time,Zone B,Full-Time,Production,Finance & Accounting,1976-02-20,MA,Female,Asian,Divorced,Fully Meets,3,2023-07-04,4,5,4,2022-08-13,Leadership Development,External,Passed,4,275.62,47,1,67.22439024390245,4.333333333333333
1954,2019-02-18,Production Technician II,SVG,Terminated,Part-Time,Zone C,Temporary,Production,Finance & Accounting,1968-07-22,MA,Female,Other,Divorced,Fully Meets,3,2023-03-16,1,1,5,2022-08-14,Customer Service,External,Passed,5,837.05,51,1,164.12745098039215,2.3333333333333335
1955,2020-10-10,Production Technician I,MSC,Active,Full-Time,Zone A,Temporary,Production,Field Operations,1998-04-04,MA,Male,White,Married,Fully Meets,3,2022-08-27,2,3,4,2023-07-22,Leadership Development,Internal,Incomplete,3,202.35,22,0,65.27419354838709,3.0
1956,2021-05-15,Production Technician I,PL,Active,Part-Time,Zone A,Full-Time,Production,Billable Consultants,1958-12-18,MA,Female,Black,Married,Fully Meets,3,2023-01-23,1,5,4,2023-06-05,Communication Skills,External,Passed,4,590.97,63,1,144.13902439024392,3.3333333333333335
1957,2019-05-13,Production Technician I,TNS,Terminated,Part-Time,Zone C,Full-Time,Production,Field Operations,1975-02-15,MA,Female,Asian,Widowed,Fully Meets,3,2023-03-17,5,2,2,2023-04-14,Customer Service,External,Failed,5,744.55,44,0,145.99019607843138,3.0
1958,2019-07-04,Production Technician I,PYZ,Active,Contract,Zone B,Full-Time,Production,Sales & Marketing,1990-10-18,MA,Female,Other,Married,Fully Meets,3,2022-05-10,4,2,5,2023-05-23,Communication Skills,Internal,Incomplete,2,141.91,29,0,67.57619047619048,3.6666666666666665
1959,2022-04-01,Production Technician I,CCDR,Active,Part-Time,Zone B,Temporary,Production,Project Management - Con,1989-02-08,MA,Female,Asian,Married,Fully Meets,3,2023-04-01,5,3,4,2022-09-13,Project Management,External,Completed,2,883.34,33,1,420.6380952380952,4.0
1960,2018-11-03,Production Technician I,PYZ,Active,Full-Time,Zone A,Part-Time,Production,Aerial,1948-05-26,MA,Male,White,Divorced,Fully Meets,3,2023-06-01,3,4,1,2023-04-28,Leadership Development,Internal,Passed,4,176.82,70,1,43.12682926829269,2.6666666666666665
1961,2018-10-11,Production Technician I,TNS,Terminated,Part-Time,Zone A,Full-Time,Production,General - Eng,1945-07-17,MA,Female,Black,Married,Fully Meets,3,2022-12-21,2,3,1,2023-04-25,Customer Service,External,Failed,1,767.22,73,0,697.4727272727273,2.0
1962,2023-06-25,Production Technician II,CCDR,Active,Contract,Zone C,Part-Time,Production,General - Con,1951-02-18,MA,Female,Other,Divorced,Fully Meets,3,2022-05-09,2,4,1,2022-10-02,Leadership Development,External,Completed,5,555.6,72,1,108.94117647058825,2.3333333333333335
1963,2020-09-14,Production Technician I,CCDR,Terminated,Contract,Zone B,Full-Time,Production,General - Con,1972-08-05,MA,Female,Other,Married,Fully Meets,3,2022-08-23,2,5,3,2023-06-13,Technical Skills,Internal,Incomplete,2,316.03,48,0,150.49047619047616,3.3333333333333335
1964,2022-12-20,Production Technician I,EW,Terminated,Part-Time,Zone B,Part-Time,Production,Executive,1969-03-27,MA,Female,Other,Married,Fully Meets,3,2022-11-21,5,5,5,2023-05-22,Customer Service,Internal,Failed,1,540.96,53,0,491.78181818181815,5.0
1965,2022-02-23,Production Technician II,CCDR,Active,Full-Time,Zone A,Temporary,Production,General - Con,1949-07-31,MA,Female,White,Widowed,Fully Meets,3,2023-02-15,3,1,1,2022-10-16,Leadership Development,External,Failed,3,444.23,73,0,143.3,1.6666666666666667
1966,2019-05-31,Production Technician II,TNS,Active,Full-Time,Zone C,Part-Time,Production,General - Con,1971-04-03,MA,Female,Other,Widowed,Fully Meets,3,2022-10-29,4,3,2,2023-05-19,Communication Skills,Internal,Failed,5,497.54,48,0,97.55686274509804,3.0
1967,2019-01-29,Production Technician I,PL,Active,Part-Time,Zone A,Part-Time,Production,General - Con,1994-11-12,MA,Female,Other,Single,Fully Meets,3,2023-02-26,4,2,4,2023-07-23,Customer Service,Internal,Incomplete,4,300.95,25,0,73.40243902439025,3.3333333333333335
1968,2019-09-01,Production Technician I,NEL,Active,Full-Time,Zone B,Temporary,Production,General - Con,1955-06-29,MA,Female,Asian,Widowed,Fully Meets,3,2022-12-27,1,4,2,2022-11-25,Customer Service,Internal,Incomplete,2,283.06,64,0,134.7904761904762,2.3333333333333335
1970,2022-04-21,Production Technician I,PYZ,Active,Part-Time,Zone C,Temporary,Production,Field Operations,1952-04-17,MA,Female,Other,Single,Fully Meets,3,2023-06-03,5,4,4,2023-03-27,Leadership Development,External,Failed,1,398.23,70,0,362.0272727272727,4.333333333333333
1971,2018-09-15,Production Technician II,MSC,Terminated,Part-Time,Zone C,Full-Time,Production,General - Con,1994-10-02,MA,Female,Other,Divorced,Fully Meets,3,2023-05-27,3,2,1,2022-12-20,Leadership Development,External,Incomplete,1,331.8,24,0,301.6363636363636,2.0
1972,2021-12-04,Production Technician II,EW,Active,Contract,Zone A,Temporary,Production,Field Operations,1996-01-23,MA,Male,Asian,Single,Fully Meets,3,2023-03-15,2,2,3,2023-04-26,Leadership Development,External,Incomplete,4,349.48,25,0,85.23902439024391,2.3333333333333335
1973,2019-11-14,Production Technician II,BPC,Active,Full-Time,Zone B,Full-Time,Production,General - Con,1991-10-10,MA,Female,Black,Married,Fully Meets,3,2022-08-30,4,2,3,2023-04-01,Communication Skills,External,Failed,1,596.48,28,0,542.2545454545455,3.0
1974,2021-04-14,Production Technician I,NEL,Active,Part-Time,Zone A,Temporary,Production,Aerial,1968-12-29,MA,Female,White,Widowed,Fully Meets,3,2023-01-17,4,1,3,2022-10-08,Project Management,Internal,Incomplete,2,677.45,53,0,322.59523809523813,2.6666666666666665
1975,2019-04-14,Production Technician I,SVG,Active,Contract,Zone A,Temporary,Production,Project Management - Con,1941-10-31,MA,Female,Other,Divorced,Fully Meets,3,2023-03-24,4,4,3,2023-03-12,Customer Service,Internal,Failed,5,664.61,78,0,130.31568627450983,3.6666666666666665
1976,2021-01-09,Production Technician I,EW,Active,Full-Time,Zone C,Full-Time,Production,Finance & Accounting,1945-02-16,MA,Female,White,Single,Fully Meets,3,2023-04-25,1,5,1,2022-11-16,Communication Skills,External,Completed,5,405.13,76,1,79.43725490196078,2.3333333333333335
1977,2022-12-26,Production Technician I,MSC,Terminated,Contract,Zone B,Full-Time,Production,Field Operations,1952-09-22,MA,Female,White,Single,Fully Meets,3,2023-03-18,2,5,4,2023-05-26,Leadership Development,Internal,Incomplete,5,781.27,70,0,153.19019607843137,3.6666666666666665
1978,2021-10-05,Production Technician I,TNS,Terminated,Full-Time,Zone B,Part-Time,Production,Finance & Accounting,1976-12-22,MA,Female,Other,Divorced,Fully Meets,3,2023-08-06,3,5,1,2023-01-18,Leadership Development,Internal,Failed,5,983.61,45,0,192.86470588235295,3.0
1979,2022-09-25,Production Technician I,PYZ,Active,Part-Time,Zone B,Temporary,Production,Engineers,1972-03-25,MA,Female,Asian,Single,Fully Meets,3,2023-07-17,1,4,5,2023-05-19,Communication Skills,Internal,Failed,1,656.46,50,0,596.7818181818182,3.3333333333333335
1980,2021-11-10,Production Technician I,WBL,Active,Part-Time,Zone C,Full-Time,Production,General - Con,1990-06-16,MA,Female,Hispanic,Married,Fully Meets,3,2023-05-17,5,4,5,2023-03-25,Project Management,External,Failed,1,446.07,31,0,405.5181818181818,4.666666666666667
1981,2021-04-08,Production Technician I,NEL,Active,Contract,Zone A,Temporary,Production,General - Con,1993-11-14,MA,Male,Black,Divorced,Fully Meets,3,2023-03-23,5,4,3,2022-08-10,Leadership Development,Internal,Passed,1,676.42,28,1,614.9272727272727,4.0
1982,2018-11-14,Production Technician I,PL,Active,Full-Time,Zone C,Temporary,Production,General - Sga,1980-05-24,MA,Female,Hispanic,Married,Fully Meets,3,2023-06-24,3,5,5,2023-01-29,Leadership Development,Internal,Passed,5,861.83,38,1,168.98627450980393,4.333333333333333
1983,2020-03-14,Production Technician I,BPC,Active,Part-Time,Zone C,Full-Time,Production,General - Con,1956-11-26,MA,Female,Asian,Widowed,Fully Meets,3,2022-08-16,2,5,1,2022-12-28,Customer Service,Internal,Failed,5,769.23,64,0,150.8294117647059,2.6666666666666665
1984,2020-06-24,Production Technician I,CCDR,Active,Full-Time,Zone B,Temporary,Production,Catv,1948-11-02,MA,Female,Black,Single,Fully Meets,3,2022-07-08,5,2,2,2022-08-18,Leadership Development,Internal,Failed,4,983.02,72,0,239.76097560975612,3.0
1985,2023-03-19,Production Technician I,SVG,Active,Contract,Zone B,Temporary,Production,General - Con,1963-09-11,MA,Female,White,Widowed,Fully Meets,3,2023-04-03,5,5,2,2022-09-28,Communication Skills,Internal,Incomplete,3,474.95,60,0,153.20967741935482,4.0
1986,2022-08-15,Production Technician I,EW,Active,Contract,Zone C,Full-Time,Production,Executive,1949-02-18,MA,Female,Black,Divorced,Fully Meets,3,2022-09-17,1,4,2,2023-02-21,Communication Skills,Internal,Failed,3,800.81,73,0,258.3258064516129,2.3333333333333335
1987,2018-11-09,Production Technician I,MSC,Active,Full-Time,Zone C,Part-Time,Production,General - Sga,1967-05-27,MA,Female,White,Single,Fully Meets,3,2023-07-18,5,1,3,2023-06-27,Communication Skills,Internal,Failed,2,844.93,51,0,402.347619047619,3.0
1988,2018-11-23,Production Technician I,TNS,Active,Contract,Zone A,Temporary,Production,Field Operations,1989-10-26,MA,Female,Black,Single,Fully Meets,3,2023-10-02,1,3,5,2023-05-18,Project Management,External,Completed,4,903.8,29,1,220.4390243902439,3.0
1989,2020-02-25,Production Technician II,PL,Active,Full-Time,Zone A,Temporary,Production,Field Operations,2000-06-14,MA,Female,Other,Married,Fully Meets,3,2023-04-05,4,2,5,2022-12-04,Leadership Development,External,Incomplete,4,329.3,20,0,80.31707317073172,3.6666666666666665
1990,2020-05-16,Production Technician II,BPC,Active,Full-Time,Zone C,Temporary,Production,Field Operations,1947-09-18,MA,Female,Black,Divorced,Fully Meets,3,2022-08-31,3,1,1,2022-09-18,Leadership Development,Internal,Incomplete,1,332.51,73,0,302.28181818181815,1.6666666666666667
1991,2019-06-18,Production Technician II,CCDR,Active,Contract,Zone B,Temporary,Production,General - Con,1949-01-01,MA,Female,Other,Married,Fully Meets,3,2023-01-26,2,1,3,2023-01-24,Technical Skills,External,Failed,2,643.63,70,0,306.49047619047616,2.0
1992,2019-05-20,Production Technician II,SVG,Active,Contract,Zone A,Part-Time,Production,General - Con,1950-02-25,MA,Female,White,Divorced,Fully Meets,3,2023-06-02,4,3,3,2022-09-11,Communication Skills,Internal,Failed,2,827.05,69,0,393.8333333333333,3.3333333333333335
1993,2020-10-16,Production Technician II,EW,Active,Full-Time,Zone A,Full-Time,Production,Field Operations,1972-07-21,MA,Female,Hispanic,Divorced,Fully Meets,3,2022-10-12,5,2,4,2023-05-02,Customer Service,External,Failed,3,995.42,48,0,321.1032258064516,3.6666666666666665
1994,2022-07-01,Production Technician II,MSC,Active,Full-Time,Zone A,Full-Time,Production,General - Con,1988-12-29,MA,Female,Other,Single,Fully Meets,3,2022-04-10,5,5,1,2023-04-20,Technical Skills,External,Passed,4,360.61,34,1,87.95365853658538,3.6666666666666665
1995,2022-12-17,Production Technician II,TNS,Active,Contract,Zone A,Full-Time,Production,Field Operations,1978-06-08,MA,Female,Other,Married,Fully Meets,3,2023-04-23,4,3,1,2022-08-23,Communication Skills,External,Passed,3,658.54,44,1,212.4322580645161,2.6666666666666665
1996,2021-10-24,Production Technician II,PYZ,Active,Part-Time,Zone A,Temporary,Production,Aerial,1992-10-07,MA,Female,White,Single,Fully Meets,3,2023-01-08,3,5,2,2022-12-16,Communication Skills,Internal,Failed,5,250.11,29,0,49.04117647058824,3.3333333333333335
1997,2019-02-28,Production Technician II,WBL,Active,Part-Time,Zone B,Full-Time,Production,Wireline Construction,1990-09-06,MA,Female,Asian,Divorced,Fully Meets,3,2023-02-16,3,3,2,2023-04-29,Project Management,Internal,Failed,4,819.65,29,0,199.91463414634148,2.6666666666666665
1998,2022-03-24,Production Technician II,NEL,Active,Full-Time,Zone C,Part-Time,Production,General - Con,1999-02-21,MA,Female,Black,Widowed,Fully Meets,3,2022-07-09,2,4,3,2022-12-01,Technical Skills,Internal,Completed,2,186.77,23,1,88.93809523809524,3.0
1999,2021-10-17,Production Technician II,PL,Active,Contract,Zone A,Temporary,Production,Field Operations,1943-06-22,MA,Female,Other,Widowed,Fully Meets,3,2023-12-07,3,2,2,2023-05-08,Technical Skills,External,Passed,4,633.67,78,1,154.55365853658537,2.3333333333333335
2000,2022-05-13,Production Technician I,PYZ,Active,Full-Time,Zone A,Part-Time,Production,General - Con,1963-07-07,MA,Female,Black,Widowed,Fully Meets,3,2022-10-25,1,3,3,2023-03-20,Technical Skills,Internal,Incomplete,3,236.34,59,0,76.23870967741935,2.3333333333333335
2001,2019-10-09,Production Technician I,SVG,Terminated,Contract,Zone B,Full-Time,Production,Yard (Material Handling),1977-08-17,MA,Female,White,Widowed,Fully Meets,3,2023-09-02,5,3,5,2023-05-04,Leadership Development,Internal,Incomplete,4,504.62,42,0,123.07804878048782,4.333333333333333
2002,2018-10-12,Production Technician I,TNS,Terminated,Contract,Zone B,Temporary,Production,General - Con,1990-05-25,MA,Female,White,Married,Fully Meets,3,2023-11-03,1,4,2,2022-10-26,Project Management,External,Incomplete,1,217.86,28,0,198.05454545454546,2.3333333333333335
2003,2020-04-13,Production Technician I,WBL,Terminated,Contract,Zone B,Part-Time,Production,Shop (Fleet),1985-01-07,MA,Female,Other,Married,Fully Meets,3,2023-06-19,5,5,1,2022-12-12,Technical Skills,External,Completed,4,148.97,35,1,36.334146341463416,3.6666666666666665
2004,2021-04-25,Production Technician I,PYZ,Active,Contract,Zone B,Full-Time,Production,Engineers,2001-05-04,MA,Female,Other,Divorced,Fully Meets,3,2023-05-05,3,3,4,2023-02-27,Leadership Development,Internal,Completed,1,628.83,20,1,571.6636363636363,3.3333333333333335
2005,2018-12-21,Production Technician I,WBL,Active,Part-Time,Zone B,Part-Time,Production,Splicing,1947-09-03,MA,Female,Asian,Widowed,Fully Meets,3,2022-04-11,2,1,2,2023-04-22,Leadership Development,Internal,Completed,2,458.78,71,1,218.46666666666664,1.6666666666666667
2006,2021-09-19,Production Technician I,NEL,Active,Contract,Zone C,Temporary,Production,Executive,1973-10-23,MA,Male,Other,Married,Fully Meets,3,2022-10-21,5,5,2,2022-12-22,Communication Skills,External,Completed,2,892.65,48,1,425.07142857142856,4.0
2007,2020-12-15,Production Technician I,PL,Active,Full-Time,Zone C,Temporary,Production,Splicing,1979-05-05,MA,Female,Black,Widowed,Fully Meets,3,2023-07-28,4,1,5,2023-02-28,Communication Skills,External,Passed,1,211.17,41,1,191.97272727272724,3.3333333333333335
2008,2019-07-15,Production Technician I,BPC,Active,Part-Time,Zone A,Temporary,Production,Field Operations,1941-03-09,MA,Female,Asian,Widowed,Fully Meets,3,2023-03-17,1,2,2,2022-10-24,Project Management,External,Passed,2,478.95,78,1,228.07142857142856,1.6666666666666667
2009,2021-11-17,Production Technician I,CCDR,Active,Contract,Zone C,Temporary,Production,Project Management - Con,1997-01-10,MA,Female,White,Widowed,Fully Meets,3,2023-02-27,5,2,2,2023-01-20,Customer Service,Internal,Incomplete,1,319.94,24,0,290.8545454545454,3.0
2010,2023-02-04,Production Technician I,SVG,Active,Part-Time,Zone B,Part-Time,Production,Catv,1949-07-03,MA,Female,Hispanic,Married,Fully Meets,3,2023-02-17,4,4,4,2022-08-22,Communication Skills,Internal,Passed,2,601.66,74,1,286.5047619047619,4.0
2011,2022-07-03,Production Technician I,EW,Active,Contract,Zone B,Temporary,Production,Finance & Accounting,1994-06-08,MA,Female,Asian,Married,Fully Meets,3,2023-01-27,3,2,2,2023-04-30,Leadership Development,Internal,Completed,1,999.96,28,1,909.0545454545454,2.3333333333333335
2012,2020-01-24,Production Technician I,MSC,Active,Contract,Zone B,Full-Time,Production,General - Sga,1984-06-06,MA,Female,White,Single,Fully Meets,3,2023-07-26,2,3,2,2022-09-18,Communication Skills,External,Incomplete,2,138.67,36,0,66.03333333333333,2.3333333333333335
2013,2019-07-07,Production Technician I,TNS,Active,Contract,Zone A,Temporary,Production,General - Con,1952-08-04,MA,Female,Black,Widowed,Fully Meets,3,2023-07-03,4,5,4,2023-02-21,Leadership Development,External,Failed,2,962.76,67,0,458.45714285714286,4.333333333333333
2014,2022-03-13,Production Technician II,EW,Active,Part-Time,Zone B,Temporary,Production,Splicing,1984-11-11,MA,Female,Asian,Divorced,Fully Meets,3,2022-07-08,2,5,4,2023-03-02,Technical Skills,External,Incomplete,4,106.88,38,0,26.06829268292683,3.6666666666666665
2015,2023-06-02,Production Technician II,MSC,Active,Part-Time,Zone B,Part-Time,Production,Engineers,1992-05-03,MA,Female,White,Widowed,Fully Meets,3,2022-08-13,4,3,1,2022-09-30,Leadership Development,Internal,Passed,1,561.89,31,1,510.80909090909086,2.6666666666666665
2016,2021-04-08,Production Technician II,NEL,Active,Contract,Zone C,Full-Time,Production,Field Operations,1958-01-10,MA,Female,White,Widowed,Fully Meets,3,2023-05-31,1,3,5,2022-09-13,Technical Skills,Internal,Incomplete,5,775.52,63,0,152.06274509803922,3.0
2017,2019-12-02,Production Technician II,PL,Active,Full-Time,Zone B,Part-Time,Production,Aerial,1971-04-17,MA,Female,Black,Single,Fully Meets,3,2023-11-07,2,5,4,2022-12-03,Communication Skills,External,Incomplete,4,397.01,48,0,96.83170731707318,3.6666666666666665
2018,2022-03-09,Production Technician II,PYZ,Active,Contract,Zone C,Temporary,Production,Yard (Material Handling),1986-01-27,MA,Female,Asian,Divorced,Fully Meets,3,2022-10-31,5,2,1,2022-08-21,Customer Service,External,Incomplete,5,739.74,36,0,145.04705882352943,2.6666666666666665
2019,2022-03-26,Production Technician II,SVG,Active,Full-Time,Zone C,Temporary,Production,Field Operations,1977-08-01,MA,Female,White,Widowed,Fully Meets,3,2023-03-21,2,1,4,2022-10-06,Technical Skills,External,Completed,2,789.2,45,1,375.8095238095238,2.3333333333333335
2020,2021-05-08,Production Technician II,TNS,Active,Part-Time,Zone A,Full-Time,Production,Wireline Construction,1946-02-14,MA,Female,Black,Widowed,Fully Meets,3,2022-11-28,2,1,4,2022-08-18,Leadership Development,Internal,Failed,3,428.51,75,0,138.2290322580645,2.3333333333333335
2021,2022-11-29,Production Technician II,WBL,Active,Part-Time,Zone A,Temporary,Production,Field Operations,1955-11-12,MA,Female,Asian,Widowed,Fully Meets,3,2022-08-28,1,3,4,2023-04-29,Project Management,External,Incomplete,4,646.72,67,0,157.73658536585367,2.6666666666666665
2022,2019-05-24,Production Technician II,BPC,Active,Contract,Zone B,Part-Time,Production,Wireless,1941-08-30,MA,Female,White,Divorced,Fully Meets,3,2022-11-11,5,3,5,2022-10-09,Leadership Development,External,Incomplete,3,742.84,78,0,239.6258064516129,4.333333333333333
2023,2022-01-29,Production Technician II,CCDR,Active,Part-Time,Zone C,Part-Time,Production,General - Con,1962-04-08,MA,Female,Hispanic,Divorced,Fully Meets,3,2022-10-10,3,4,4,2022-11-25,Communication Skills,External,Incomplete,2,894.92,60,0,426.1523809523809,3.6666666666666665
2024,2021-07-06,Production Technician II,EW,Active,Full-Time,Zone C,Full-Time,Production,Field Operations,1991-03-25,MA,Female,Asian,Single,Fully Meets,3,2022-10-25,2,1,5,2023-06-11,Communication Skills,External,Failed,1,222.56,30,0,202.3272727272727,2.6666666666666665
2025,2021-01-29,Production Technician II,MSC,Active,Part-Time,Zone C,Temporary,Production,Field Operations,1975-11-04,MA,Female,Asian,Single,Fully Meets,3,2023-02-05,1,2,4,2023-01-17,Technical Skills,Internal,Passed,2,699.76,46,1,333.2190476190476,2.3333333333333335
2026,2023-05-13,Production Technician I,SVG,Active,Contract,Zone A,Full-Time,Production,Field Operations,1970-02-26,MA,Female,Hispanic,Married,Fully Meets,3,2023-03-22,2,4,4,2022-08-08,Project Management,External,Incomplete,3,124.93,53,0,40.300000000000004,3.3333333333333335
2027,2019-05-22,Production Technician I,EW,Active,Part-Time,Zone A,Full-Time,Production,Fielders,1974-04-08,MA,Female,Black,Single,Fully Meets,3,2023-06-15,3,1,3,2022-08-08,Technical Skills,External,Incomplete,5,664.12,45,0,130.21960784313725,2.3333333333333335
2028,2021-09-30,Production Technician I,MSC,Terminated,Full-Time,Zone C,Temporary,Production,Field Operations,1981-02-05,MA,Female,Hispanic,Widowed,Fully Meets,3,2022-01-10,4,4,4,2023-02-18,Project Management,External,Passed,2,862.82,40,1,410.8666666666667,4.0
2029,2019-09-09,Production Technician I,TNS,Active,Contract,Zone C,Full-Time,Production,General - Eng,1943-10-23,MA,Female,Black,Single,Fully Meets,3,2022-09-30,2,5,1,2022-11-14,Project Management,External,Passed,1,813.01,76,1,739.0999999999999,2.6666666666666665
2030,2019-04-26,Production Technician I,PYZ,Active,Full-Time,Zone B,Full-Time,Production,Wireline Construction,1982-08-13,MA,Female,Asian,Married,Fully Meets,3,2023-07-04,4,1,5,2023-07-28,Communication Skills,External,Incomplete,4,349.75,37,0,85.3048780487805,3.3333333333333335
2031,2022-02-19,Production Technician I,WBL,Active,Full-Time,Zone C,Full-Time,Production,Project Management - Con,1977-06-16,MA,Male,Asian,Married,Fully Meets,3,2023-09-02,1,3,1,2023-07-25,Technical Skills,External,Failed,1,244.5,45,0,222.27272727272725,1.6666666666666667
2032,2022-04-16,Production Technician I,NEL,Active,Contract,Zone C,Part-Time,Production,Field Operations,1996-05-11,MA,Male,Asian,Divorced,Fully Meets,3,2023-02-07,5,2,4,2022-11-21,Customer Service,Internal,Completed,3,873.52,26,1,281.7806451612903,3.6666666666666665
2033,2022-05-12,Production Technician I,PL,Active,Full-Time,Zone A,Full-Time,Production,General - Con,1991-01-28,MA,Female,White,Divorced,Fully Meets,3,2022-10-10,4,1,5,2023-03-11,Leadership Development,External,Passed,1,358.65,31,1,326.0454545454545,3.3333333333333335
2034,2021-08-26,Production Technician I,BPC,Active,Full-Time,Zone C,Part-Time,Production,Field Operations,1947-01-19,MA,Female,Asian,Married,Fully Meets,3,2023-01-30,2,4,1,2023-01-20,Technical Skills,Internal,Passed,1,632.33,74,1,574.8454545454546,2.3333333333333335
2035,2020-06-06,Production Technician I,CCDR,Active,Full-Time,Zone C,Full-Time,Production,Aerial,2001-03-14,MA,Female,Asian,Married,Fully Meets,3,2023-11-01,4,2,3,2023-02-17,Customer Service,External,Failed,2,565.81,19,0,269.4333333333333,3.0
2036,2022-06-26,Production Technician I,SVG,Active,Contract,Zone A,Part-Time,Production,Aerial,1942-02-18,MA,Female,Asian,Single,Fully Meets,3,2023-03-18,4,3,4,2022-09-24,Communication Skills,Internal,Completed,3,849.04,80,1,273.8838709677419,3.6666666666666665
2037,2021-01-09,Production Technician I,EW,Active,Contract,Zone C,Full-Time,Production,General - Con,1945-08-27,MA,Female,White,Married,Fully Meets,3,2023-01-28,2,5,4,2023-07-16,Leadership Development,Internal,Failed,1,519.43,76,0,472.20909090909083,3.6666666666666665
2038,2018-09-02,Production Technician I,MSC,Active,Part-Time,Zone A,Temporary,Production,Splicing,2001-04-05,MA,Female,Black,Married,Fully Meets,3,2023-02-18,5,3,2,2022-08-13,Technical Skills,Internal,Passed,2,694.03,17,1,330.49047619047616,3.3333333333333335
2039,2022-04-22,Production Technician I,TNS,Active,Full-Time,Zone B,Full-Time,Production,Field Operations,1957-04-10,MA,Female,White,Single,Fully Meets,3,2022-06-10,5,2,2,2023-05-24,Customer Service,External,Incomplete,1,738.69,65,0,671.5363636363636,3.0
2041,2022-09-13,Production Technician II,PL,Active,Part-Time,Zone C,Part-Time,Production,General - Con,1997-04-18,MA,Female,Black,Single,Fully Meets,3,2023-06-19,1,1,5,2022-09-25,Technical Skills,External,Completed,5,970.6,25,1,190.3137254901961,2.3333333333333335
2042,2019-11-24,Production Technician II,BPC,Active,Part-Time,Zone C,Part-Time,Production,General - Con,1992-02-29,MA,Female,White,Married,Fully Meets,3,2023-06-24,5,2,1,2023-02-14,Customer Service,External,Passed,1,651.4,27,1,592.1818181818181,2.6666666666666665
2043,2020-03-19,Production Technician II,CCDR,Active,Contract,Zone C,Part-Time,Production,Isp,1967-09-21,MA,Female,White,Married,Fully Meets,3,2023-07-06,1,3,3,2022-10-08,Project Management,Internal,Passed,5,809.68,53,1,158.76078431372548,2.3333333333333335
2044,2022-09-14,Production Technician II,SVG,Active,Contract,Zone C,Full-Time,Production,Wireline Construction,1992-02-20,MA,Female,Black,Married,Fully Meets,3,2022-11-14,5,1,5,2023-08-05,Customer Service,External,Passed,5,570.91,30,1,111.94313725490196,3.6666666666666665
2045,2021-09-21,Production Technician II,EW,Active,Part-Time,Zone A,Part-Time,Production,Fielders,1976-11-19,MA,Female,Other,Divorced,Fully Meets,3,2023-05-06,3,1,4,2023-05-04,Customer Service,Internal,Incomplete,1,852.72,45,0,775.1999999999999,2.6666666666666665
2046,2020-05-22,Production Technician II,MSC,Active,Part-Time,Zone C,Part-Time,Production,Project Management - Con,1948-10-26,MA,Female,Asian,Widowed,Fully Meets,3,2023-03-03,2,2,4,2022-12-25,Technical Skills,Internal,Incomplete,1,787.98,72,0,716.3454545454545,2.6666666666666665
2047,2022-12-13,Production Technician II,TNS,Active,Contract,Zone A,Part-Time,Production,Aerial,1966-08-23,MA,Female,White,Single,Fully Meets,3,2022-08-24,3,5,3,2022-08-15,Technical Skills,Internal,Failed,1,942.72,56,0,857.0181818181818,3.6666666666666665
2048,2022-02-07,Production Technician II,PYZ,Active,Contract,Zone B,Part-Time,Production,Aerial,1995-06-04,MA,Female,Asian,Married,Fully Meets,3,2022-11-25,2,5,4,2022-11-02,Customer Service,External,Failed,2,626.4,27,0,298.2857142857143,3.6666666666666665
2049,2020-10-06,Production Technician II,WBL,Active,Contract,Zone A,Full-Time,Production,Field Operations,1942-07-05,MA,Female,Asian,Widowed,Fully Meets,3,2023-06-06,3,1,3,2023-03-28,Project Management,Internal,Failed,4,765.68,78,0,186.75121951219512,2.3333333333333335
2050,2022-01-11,Production Technician II,NEL,Active,Full-Time,Zone C,Full-Time,Production,Wireless,1953-03-02,MA,Female,White,Widowed,Fully Meets,3,2023-03-04,5,4,5,2022-12-13,Communication Skills,Internal,Completed,3,904.54,69,1,291.7870967741935,4.666666666666667
2051,2022-02-26,Production Technician I,CCDR,Active,Part-Time,Zone C,Temporary,Production,Field Operations,1999-04-13,MA,Female,Black,Single,Fully Meets,3,2022-12-08,5,2,4,2023-03-17,Project Management,Internal,Incomplete,2,761.28,23,0,362.5142857142857,3.6666666666666665
2052,2020-06-10,Production Technician I,SVG,Active,Part-Time,Zone B,Part-Time,Production,Field Operations,1956-12-05,MA,Female,Hispanic,Married,Fully Meets,3,2023-06-07,1,4,4,2022-11-06,Project Management,Internal,Completed,4,507.49,64,1,123.77804878048782,3.0
2053,2021-09-27,Production Technician I,EW,Active,Part-Time,Zone B,Temporary,Production,Engineers,1989-09-02,MA,Female,White,Divorced,Fully Meets,3,2023-06-23,5,3,1,2023-05-13,Leadership Development,Internal,Incomplete,5,862.9,32,0,169.19607843137257,3.0
2054,2018-10-25,Production Technician I,MSC,Active,Contract,Zone C,Temporary,Production,Project Management - Con,1993-12-30,MA,Female,Black,Married,Fully Meets,3,2023-04-02,4,5,3,2023-06-06,Leadership Development,Internal,Incomplete,4,528.18,25,0,128.82439024390243,4.0
2055,2020-11-25,Production Technician I,TNS,Active,Contract,Zone A,Full-Time,Production,Engineers,1989-07-19,MA,Female,White,Divorced,Fully Meets,3,2022-10-28,5,4,2,2022-11-08,Technical Skills,External,Passed,2,805.7,31,1,383.6666666666667,3.6666666666666665
2056,2020-04-17,Production Technician I,PYZ,Active,Contract,Zone A,Full-Time,Production,Field Operations,1957-07-25,MA,Female,White,Divorced,Fully Meets,3,2023-12-07,3,4,1,2023-02-02,Technical Skills,External,Failed,1,190.55,63,0,173.22727272727272,2.6666666666666665
2057,2021-04-15,Production Technician I,WBL,Active,Contract,Zone C,Part-Time,Production,Field Operations,1964-12-14,MA,Male,Hispanic,Married,Fully Meets,3,2023-06-05,4,1,3,2023-01-01,Customer Service,Internal,Failed,3,605.36,57,0,195.2774193548387,2.6666666666666665
2058,2022-04-17,Production Technician I,NEL,Active,Full-Time,Zone A,Temporary,Production,Field Operations,1984-01-13,MA,Male,White,Divorced,Fully Meets,3,2023-05-29,5,5,4,2022-12-31,Customer Service,Internal,Passed,1,338.16,38,1,307.41818181818184,4.666666666666667
2059,2023-07-29,Production Technician I,PL,Terminated,Full-Time,Zone C,Temporary,Production,General - Con,1987-07-27,MA,Female,White,Married,Fully Meets,3,2023-09-05,4,4,5,2023-05-06,Customer Service,External,Completed,3,969.03,36,1,312.59032258064514,4.333333333333333
2060,2023-01-26,Production Technician I,BPC,Active,Part-Time,Zone C,Part-Time,Production,Field Operations,1942-09-18,MA,Female,Asian,Divorced,Fully Meets,3,2023-06-26,5,5,5,2023-07-23,Project Management,External,Failed,3,442.39,81,0,142.7064516129032,5.0
2061,2018-12-12,Production Technician I,CCDR,Active,Full-Time,Zone A,Full-Time,Production,Engineers,1946-06-08,MA,Female,Other,Married,Fully Meets,3,2023-05-26,2,4,3,2023-03-15,Technical Skills,External,Incomplete,1,952.69,72,0,866.0818181818181,3.0
2062,2018-10-25,Production Technician I,SVG,Active,Contract,Zone C,Temporary,Production,Project Management - Con,1950-07-18,MA,Female,Hispanic,Single,Fully Meets,3,2022-05-09,4,1,2,2023-05-20,Project Management,External,Passed,1,842.36,68,1,765.7818181818182,2.3333333333333335
2063,2021-05-20,Production Technician I,EW,Active,Contract,Zone B,Full-Time,Production,Aerial,1944-03-26,MA,Female,Hispanic,Married,Fully Meets,3,2023-06-04,4,5,3,2023-01-01,Technical Skills,External,Failed,5,333.78,77,0,65.44705882352942,4.0
2064,2020-08-28,Production Technician I,MSC,Active,Part-Time,Zone C,Full-Time,Production,Finance & Accounting,1964-10-05,MA,Female,White,Single,Fully Meets,3,2023-03-13,1,3,5,2022-09-10,Technical Skills,Internal,Passed,2,343.22,56,1,163.43809523809526,3.0
2065,2020-05-10,Production Technician II,EW,Active,Contract,Zone C,Full-Time,Production,Field Operations,1972-02-29,MA,Female,Other,Single,Fully Meets,3,2023-01-13,5,4,4,2023-05-15,Leadership Development,Internal,Failed,1,283.86,48,0,258.05454545454546,4.333333333333333
2066,2023-08-04,Production Technician II,MSC,Active,Contract,Zone A,Full-Time,Production,Project Management - Con,1989-05-25,MA,Female,Asian,Single,Fully Meets,3,2022-08-10,1,5,1,2022-09-03,Customer Service,Internal,Passed,5,107.29,34,1,21.037254901960786,2.3333333333333335
2067,2022-04-22,Production Technician II,NEL,Active,Full-Time,Zone C,Part-Time,Production,Engineers,1949-10-20,MA,Female,White,Divorced,Fully Meets,3,2023-03-14,5,2,1,2023-05-10,Leadership Development,External,Failed,4,320.87,73,0,78.2609756097561,2.6666666666666665
2068,2021-06-05,Production Technician II,PL,Active,Contract,Zone C,Part-Time,Production,Field Operations,1962-07-09,MA,Female,White,Divorced,Fully Meets,3,2022-08-22,4,3,5,2023-02-03,Leadership Development,Internal,Incomplete,3,670.68,59,0,216.34838709677416,4.0
2069,2022-06-29,Production Technician II,PYZ,Active,Full-Time,Zone C,Temporary,Production,Wireline Construction,1991-12-25,MA,Female,Other,Widowed,Fully Meets,3,2023-07-22,3,1,5,2023-05-10,Communication Skills,External,Incomplete,3,685.62,31,0,221.16774193548386,3.0
2070,2022-07-02,Production Technician II,SVG,Active,Contract,Zone A,Full-Time,Production,Field Operations,1969-02-20,MA,Female,White,Divorced,Fully Meets,3,2023-02-23,3,4,5,2023-04-12,Technical Skills,Internal,Completed,5,842.88,53,1,165.27058823529413,4.0
2071,2023-01-04,Production Technician II,TNS,Active,Contract,Zone A,Full-Time,Production,Wireline Construction,1977-05-14,MA,Female,White,Widowed,Fully Meets,3,2022-09-15,2,1,5,2023-02-09,Technical Skills,Internal,Incomplete,5,735.7,46,0,144.25490196078434,2.6666666666666665
2072,2023-07-08,Production Technician II,WBL,Active,Contract,Zone A,Temporary,Production,Project Management - Con,1980-07-09,MA,Female,White,Single,Fully Meets,3,2022-09-21,5,4,1,2023-06-17,Customer Service,Internal,Passed,5,974.31,43,1,191.04117647058823,3.3333333333333335
2073,2023-03-03,Production Technician II,PYZ,Active,Part-Time,Zone B,Full-Time,Production,Field Operations,1956-07-18,MA,Female,Hispanic,Single,Fully Meets,3,2023-12-02,1,2,2,2023-08-03,Project Management,Internal,Incomplete,3,760.53,67,0,245.3322580645161,1.6666666666666667
2074,2019-08-19,Production Technician II,WBL,Active,Part-Time,Zone B,Full-Time,Production,Field Operations,1967-11-25,MA,Female,Hispanic,Widowed,Fully Meets,3,2023-05-07,3,2,4,2022-09-20,Project Management,Internal,Passed,5,640.97,52,1,125.68039215686277,3.0
2075,2018-10-30,Production Technician I,NEL,Active,Contract,Zone A,Full-Time,Production,Project Management - Con,1976-10-13,MA,Female,Other,Married,Fully Meets,3,2023-02-27,4,5,2,2022-10-27,Customer Service,External,Incomplete,5,807.49,42,0,158.33137254901962,3.6666666666666665
2076,2021-12-07,Production Technician I,PL,Active,Full-Time,Zone A,Full-Time,Production,Field Operations,1943-07-27,MA,Female,Black,Divorced,Fully Meets,3,2023-07-01,5,5,1,2022-11-08,Communication Skills,Internal,Completed,3,350.22,78,1,112.9741935483871,3.6666666666666665
2077,2020-11-18,Production Technician I,PYZ,Active,Full-Time,Zone A,Temporary,Production,General - Con,1943-12-25,MA,Female,Asian,Married,Fully Meets,3,2023-07-26,4,1,1,2023-04-07,Communication Skills,Internal,Completed,4,447.67,77,1,109.1878048780488,2.0
2078,2018-09-26,Production Technician I,SVG,Terminated,Full-Time,Zone B,Temporary,Production,Field Operations,1986-10-26,MA,Female,White,Single,Fully Meets,3,2022-10-21,5,5,2,2022-08-07,Communication Skills,Internal,Incomplete,5,737.61,32,0,144.6294117647059,4.0
2079,2022-06-19,Production Technician I,TNS,Active,Part-Time,Zone B,Part-Time,Production,General - Con,1956-12-06,MA,Female,White,Married,Fully Meets,3,2023-03-03,4,2,3,2023-01-15,Leadership Development,External,Completed,4,444.96,66,1,108.52682926829269,3.0
2080,2022-09-15,Production Technician I,WBL,Active,Contract,Zone B,Temporary,Production,Catv,1960-03-11,MA,Female,Other,Married,Fully Meets,3,2023-12-02,4,1,4,2023-06-09,Project Management,External,Failed,1,605.05,62,0,550.0454545454545,3.0
2081,2020-05-09,Production Technician I,BPC,Active,Part-Time,Zone A,Temporary,Production,Engineers,1988-08-06,MA,Female,Asian,Married,Fully Meets,3,2023-02-21,1,1,4,2023-05-14,Customer Service,External,Failed,4,744.4,32,0,181.5609756097561,2.0
2082,2021-02-17,Production Technician I,CCDR,Active,Contract,Zone C,Temporary,Production,Field Operations,1961-08-01,MA,Male,Black,Single,Fully Meets,3,2023-01-01,4,2,4,2022-08-09,Customer Service,External,Incomplete,1,230.77,60,0,209.79090909090908,3.3333333333333335
2083,2020-04-12,Production Technician I,EW,Active,Contract,Zone C,Temporary,Production,Engineers,1981-05-16,MA,Female,Hispanic,Divorced,Fully Meets,3,2023-06-26,2,2,4,2022-12-21,Project Management,External,Incomplete,5,569.44,39,0,111.65490196078433,2.6666666666666665
2084,2021-03-30,Production Technician I,MSC,Active,Contract,Zone B,Full-Time,Production,Sales & Marketing,1971-06-02,MA,Female,Hispanic,Divorced,Fully Meets,3,2023-05-26,3,2,2,2023-02-02,Project Management,External,Passed,1,677.67,50,1,616.0636363636363,2.3333333333333335
2085,2019-05-05,Production Technician I,NEL,Active,Contract,Zone C,Full-Time,Production,Engineers,1999-12-07,MA,Female,Asian,Married,Fully Meets,3,2022-10-13,3,4,4,2023-03-29,Project Management,External,Incomplete,1,963.42,20,0,875.8363636363636,3.6666666666666665
2086,2021-05-31,Production Technician I,PL,Active,Contract,Zone A,Part-Time,Production,General - Con,1978-11-14,MA,Female,Asian,Divorced,Fully Meets,3,2022-05-08,5,4,3,2023-04-03,Communication Skills,External,Completed,3,488.66,43,1,157.63225806451612,4.0
2087,2019-11-21,Production Technician I,PYZ,Active,Part-Time,Zone A,Full-Time,Production,Field Operations,1959-12-19,MA,Female,Black,Widowed,Fully Meets,3,2022-11-14,4,4,1,2023-04-02,Leadership Development,Internal,Completed,3,450.94,60,1,145.46451612903226,3.0
2088,2019-07-19,Production Technician I,SVG,Active,Contract,Zone B,Full-Time,Production,Yard (Material Handling),1960-05-27,MA,Female,White,Divorced,Fully Meets,3,2022-12-21,2,1,2,2023-02-09,Communication Skills,External,Completed,3,407.99,59,1,131.60967741935482,1.6666666666666667
2089,2018-12-29,Production Technician I,TNS,Active,Contract,Zone C,Part-Time,Production,Technology / It,1966-04-06,MA,Female,White,Married,Fully Meets,3,2023-06-16,5,3,3,2023-01-04,Communication Skills,Internal,Completed,2,423.31,52,1,201.57619047619048,3.6666666666666665
2090,2023-01-12,Production Technician II,EW,Active,Part-Time,Zone B,Full-Time,Production,General - Sga,1942-10-30,MA,Female,Asian,Divorced,Fully Meets,3,2023-07-23,3,4,3,2022-10-23,Leadership Development,Internal,Incomplete,1,189.64,81,0,172.39999999999998,3.3333333333333335
2091,2022-11-25,Production Technician II,MSC,Active,Contract,Zone C,Part-Time,Production,Field Operations,1999-03-14,MA,Female,Black,Single,Fully Meets,3,2023-02-21,3,1,1,2023-07-20,Leadership Development,Internal,Incomplete,3,102.77,23,0,33.151612903225804,1.6666666666666667
2092,2019-11-13,Production Technician II,NEL,Active,Part-Time,Zone C,Full-Time,Production,Field Operations,1987-09-09,MA,Female,Asian,Widowed,Fully Meets,3,2023-07-24,1,2,3,2023-03-13,Communication Skills,External,Completed,5,246.13,32,1,48.260784313725495,2.0
2093,2020-09-08,Production Technician II,PL,Active,Contract,Zone A,Temporary,Production,General - Con,1948-06-05,MA,Female,Hispanic,Married,Fully Meets,3,2023-01-02,2,3,1,2023-04-23,Leadership Development,External,Failed,5,628.62,72,0,123.25882352941177,2.0
2094,2019-06-16,Production Technician II,PYZ,Active,Part-Time,Zone C,Part-Time,Production,Field Operations,1964-12-01,MA,Female,Black,Married,Fully Meets,3,2022-08-25,2,5,5,2023-03-11,Leadership Development,Internal,Passed,4,739.32,55,1,180.32195121951221,4.0
2095,2023-07-14,Production Technician II,SVG,Active,Full-Time,Zone A,Full-Time,Production,Project Management - Con,1997-10-19,MA,Female,Other,Divorced,Fully Meets,3,2023-07-21,5,3,1,2022-11-14,Leadership Development,Internal,Passed,3,773.16,26,1,249.4064516129032,3.0
2096,2023-07-18,Production Technician II,TNS,Active,Contract,Zone C,Full-Time,Production,Field Operations,1985-07-17,MA,Female,Black,Single,Fully Meets,3,2023-05-28,3,4,4,2023-04-25,Communication Skills,External,Completed,3,838.65,38,1,270.5322580645161,3.6666666666666665
2097,2018-12-06,Production Technician II,WBL,Active,Part-Time,Zone C,Full-Time,Production,Aerial,1964-02-25,MA,Female,Black,Widowed,PIP,2,2022-08-30,2,1,4,2022-11-26,Technical Skills,External,Incomplete,3,426.55,54,0,137.59677419354838,2.3333333333333335
2098,2020-07-15,Production Technician II,BPC,Active,Part-Time,Zone B,Temporary,Production,Catv,1950-05-19,MA,Female,Other,Divorced,PIP,5,2023-01-02,2,4,1,2022-09-25,Project Management,External,Incomplete,2,254.35,70,0,121.1190476190476,2.3333333333333335
2099,2018-10-30,Production Technician I,BPC,Active,Full-Time,Zone B,Part-Time,Production,General - Sga,1969-03-29,MA,Female,Hispanic,Widowed,PIP,4,2023-03-26,1,4,5,2023-02-28,Customer Service,External,Completed,2,829.08,49,1,394.8,3.3333333333333335
2100,2022-09-13,Production Technician I,CCDR,Active,Contract,Zone A,Temporary,Production,Aerial,1944-11-24,MA,Female,Other,Divorced,Exceeds,4,2023-09-01,1,1,1,2023-04-29,Communication Skills,External,Incomplete,2,710.31,78,0,338.2428571428571,1.0
2101,2022-12-28,Production Technician I,SVG,Terminated,Full-Time,Zone B,Temporary,Production,Fielders,1964-12-13,MA,Female,Hispanic,Married,PIP,5,2023-10-01,4,4,2,2023-06-29,Leadership Development,External,Completed,1,751.81,58,1,683.4636363636363,3.3333333333333335
2102,2023-03-24,Production Technician I,EW,Active,Part-Time,Zone B,Part-Time,Production,Field Operations,1966-01-23,MA,Female,Asian,Single,Exceeds,2,2023-07-16,1,1,3,2023-05-04,Communication Skills,Internal,Passed,1,598.51,57,1,544.0999999999999,1.6666666666666667
2103,2020-10-02,Production Technician I,MSC,Active,Contract,Zone A,Full-Time,Production,Field Operations,1986-12-25,MA,Female,Asian,Widowed,Exceeds,5,2023-02-16,1,4,5,2022-09-06,Technical Skills,Internal,Incomplete,3,958.29,34,0,309.1258064516129,3.3333333333333335
2104,2020-09-14,Production Technician I,TNS,Active,Contract,Zone A,Temporary,Production,Field Operations,1949-08-19,MA,Female,Hispanic,Widowed,Exceeds,2,2023-10-06,1,4,3,2022-10-14,Technical Skills,External,Completed,5,200.34,71,1,39.28235294117648,2.6666666666666665
2105,2020-01-19,Production Technician I,PYZ,Active,Part-Time,Zone C,Part-Time,Production,General - Sga,1960-01-27,MA,Female,Hispanic,Single,Needs Improvement,4,2023-07-24,3,4,2,2022-11-10,Technical Skills,External,Completed,3,365.03,60,1,117.75161290322579,3.0
2106,2019-04-14,Production Technician I,WBL,Active,Contract,Zone C,Temporary,Production,Wireline Construction,1962-11-14,MA,Male,White,Widowed,Exceeds,2,2022-10-28,5,5,1,2023-07-15,Customer Service,Internal,Passed,4,782.43,57,1,190.83658536585367,3.6666666666666665
2107,2023-06-02,Production Technician I,NEL,Active,Contract,Zone B,Temporary,Production,Field Operations,1943-12-27,MA,Female,Hispanic,Widowed,Exceeds,1,2022-11-25,4,1,1,2023-03-05,Communication Skills,External,Passed,1,668.91,80,1,608.0999999999999,2.0
2108,2022-05-09,Production Technician I,PL,Terminated,Part-Time,Zone A,Temporary,Production,Field Operations,1978-09-19,MA,Female,White,Widowed,Needs Improvement,2,2023-10-04,1,2,4,2022-09-05,Customer Service,Internal,Completed,5,804.37,44,1,157.71960784313725,2.3333333333333335
2109,2021-02-23,Production Technician I,BPC,Active,Part-Time,Zone C,Part-Time,Production,Field Operations,1988-11-22,MA,Female,Other,Divorced,Exceeds,5,2023-04-04,3,3,5,2023-04-18,Project Management,External,Failed,3,869.94,33,0,280.6258064516129,3.6666666666666665
2110,2021-06-04,Production Technician I,CCDR,Active,Contract,Zone C,Temporary,Production,General - Sga,1948-05-13,MA,Female,Black,Single,Exceeds,4,2022-11-13,1,4,2,2022-12-30,Communication Skills,Internal,Passed,4,399.55,73,1,97.45121951219514,2.3333333333333335
2111,2022-03-29,Production Technician I,SVG,Active,Full-Time,Zone A,Temporary,Production,General - Con,1957-05-17,MA,Female,Asian,Single,Needs Improvement,5,2023-04-26,2,3,1,2022-11-17,Customer Service,Internal,Passed,4,470.24,65,1,114.69268292682928,2.0
2112,2019-07-30,Production Technician I,EW,Active,Part-Time,Zone B,Temporary,Production,Engineers,1943-09-24,MA,Female,Other,Widowed,Exceeds,4,2023-01-02,4,3,1,2022-09-17,Customer Service,External,Failed,2,157.04,76,0,74.78095238095237,2.6666666666666665
2113,2020-07-09,Production Technician I,MSC,Active,Part-Time,Zone B,Full-Time,Production,General - Con,1944-10-20,MA,Female,White,Widowed,Exceeds,2,2022-08-31,5,1,5,2022-08-18,Project Management,Internal,Passed,2,394.54,76,1,187.8761904761905,3.6666666666666665
2114,2019-08-24,Production Technician II,NEL,Active,Contract,Zone C,Part-Time,Production,Engineers,1992-04-24,MA,Female,White,Single,Exceeds,4,2023-08-02,5,4,1,2023-02-26,Communication Skills,External,Completed,2,326.98,27,1,155.7047619047619,3.3333333333333335
2115,2019-04-15,Production Technician II,PL,Active,Contract,Zone A,Part-Time,Production,Billable Consultants,1978-03-30,MA,Female,Asian,Married,Exceeds,2,2023-01-25,5,2,1,2022-09-24,Leadership Development,Internal,Incomplete,5,752.82,41,0,147.61176470588236,2.6666666666666665
2116,2021-08-21,Production Technician II,BPC,Active,Part-Time,Zone C,Full-Time,Production,Engineers,1946-03-09,MA,Female,Black,Divorced,Needs Improvement,4,2023-11-05,1,4,2,2022-08-26,Leadership Development,Internal,Completed,2,990.89,75,1,471.85238095238094,2.3333333333333335
2117,2020-06-22,Production Technician II,CCDR,Active,Full-Time,Zone B,Full-Time,Production,Field Operations,1993-05-17,MA,Female,Hispanic,Divorced,Exceeds,2,2022-11-16,2,3,2,2023-05-27,Customer Service,External,Incomplete,4,531.69,27,0,129.68048780487808,2.3333333333333335
2118,2020-01-28,Production Technician II,SVG,Active,Part-Time,Zone C,Temporary,Production,Project Management - Eng,2000-06-11,MA,Female,White,Widowed,Exceeds,5,2023-03-20,3,2,4,2023-04-21,Leadership Development,Internal,Completed,3,384.28,20,1,123.96129032258064,3.0
2119,2019-03-29,Production Technician II,EW,Active,Part-Time,Zone A,Temporary,Production,General - Con,1941-10-09,MA,Female,White,Married,Exceeds,5,2023-05-27,1,2,3,2023-07-15,Technical Skills,External,Passed,5,803.08,78,1,157.4666666666667,2.0
2120,2018-10-05,Production Technician II,MSC,Active,Contract,Zone C,Full-Time,Production,Wireline Construction,1967-01-17,MA,Female,Asian,Divorced,Needs Improvement,2,2022-05-09,4,4,1,2023-05-22,Project Management,External,Incomplete,1,131.78,51,0,119.8,3.0
2121,2020-08-20,Production Technician II,TNS,Active,Part-Time,Zone A,Full-Time,Production,Splicing,1998-11-09,MA,Female,Asian,Married,Exceeds,5,2023-01-29,4,1,3,2022-12-31,Project Management,Internal,Passed,2,459.39,22,1,218.75714285714284,2.6666666666666665
2122,2021-06-11,Production Technician I,BPC,Active,Full-Time,Zone C,Temporary,Production,General - Con,1975-10-21,MA,Female,Asian,Married,Needs Improvement,5,2023-01-25,3,3,2,2023-01-02,Technical Skills,External,Passed,1,949.46,46,1,863.1454545454545,2.6666666666666665
2123,2021-09-10,Production Technician I,CCDR,Active,Contract,Zone B,Temporary,Production,Catv,1979-12-02,MA,Female,White,Widowed,Exceeds,2,2022-10-29,3,5,3,2022-09-23,Project Management,External,Failed,4,169.71,42,0,41.39268292682927,3.6666666666666665
2124,2023-02-21,Production Technician I,SVG,Terminated,Contract,Zone B,Temporary,Production,Wireline Construction,1950-09-08,MA,Female,White,Single,Exceeds,2,2023-04-21,4,1,5,2023-04-26,Leadership Development,Internal,Completed,2,238.23,73,1,113.44285714285714,3.3333333333333335
2125,2019-08-09,Production Technician I,EW,Active,Full-Time,Zone B,Part-Time,Production,Engineers,2001-05-30,MA,Female,White,Divorced,Exceeds,4,2022-09-23,4,5,3,2022-08-19,Communication Skills,External,Incomplete,2,486.63,18,0,231.72857142857143,4.0
2126,2021-03-08,Production Technician I,MSC,Active,Part-Time,Zone C,Temporary,Production,Technology / It,1969-06-20,MA,Female,Black,Married,PIP,1,2023-04-14,3,4,4,2023-01-24,Communication Skills,External,Failed,2,692.5,52,0,329.76190476190476,3.6666666666666665
2127,2019-07-20,Production Technician I,TNS,Active,Contract,Zone A,Part-Time,Production,Field Operations,1953-11-26,MA,Female,Black,Single,Needs Improvement,4,2023-01-08,2,2,3,2023-04-03,Leadership Development,Internal,Passed,5,119.71,66,1,23.472549019607843,2.3333333333333335
2128,2023-03-27,Production Technician I,PYZ,Active,Full-Time,Zone A,Temporary,Production,Field Operations,1955-02-10,MA,Female,Black,Widowed,Needs Improvement,2,2023-01-04,1,3,1,2022-12-22,Project Management,External,Passed,2,168.47,68,1,80.22380952380952,1.6666666666666667
2129,2019-10-07,Production Technician I,WBL,Active,Part-Time,Zone B,Temporary,Production,Field Operations,1988-02-02,MA,Male,Other,Divorced,Needs Improvement,2,2022-09-30,5,5,2,2023-03-03,Communication Skills,External,Incomplete,4,951.82,31,0,232.15121951219515,4.0
2130,2022-12-13,Production Technician I,NEL,Active,Contract,Zone C,Part-Time,Production,Field Operations,1973-02-24,MA,Female,Other,Married,Needs Improvement,1,2023-03-30,3,5,2,2022-11-21,Project Management,Internal,Completed,4,444.22,49,1,108.34634146341465,3.3333333333333335
2131,2020-06-06,Production Technician I,PL,Terminated,Part-Time,Zone C,Part-Time,Production,Field Operations,1951-12-03,MA,Female,Black,Widowed,Needs Improvement,4,2022-12-28,1,2,1,2023-01-21,Project Management,Internal,Passed,5,591.83,69,1,116.0450980392157,1.3333333333333333
2132,2022-04-25,Production Technician I,BPC,Active,Full-Time,Zone A,Full-Time,Production,Fielders,1964-06-18,MA,Female,Other,Widowed,Needs Improvement,2,2022-12-15,2,3,3,2022-09-15,Communication Skills,Internal,Passed,5,936.77,58,1,183.68039215686275,2.6666666666666665
2133,2020-07-28,Production Technician I,CCDR,Active,Contract,Zone A,Full-Time,Production,Field Operations,1974-08-20,MA,Female,Black,Single,PIP,1,2023-02-03,2,3,2,2023-03-16,Technical Skills,External,Passed,4,797.13,46,1,194.4219512195122,2.3333333333333335
2134,2022-02-28,Production Technician I,SVG,Active,Part-Time,Zone B,Temporary,Production,Aerial,2001-09-07,MA,Female,Hispanic,Widowed,Exceeds,2,2023-02-27,4,2,5,2022-10-20,Technical Skills,Internal,Completed,1,420.72,21,1,382.47272727272724,3.6666666666666665
2135,2021-10-25,Production Technician I,EW,Active,Contract,Zone A,Part-Time,Production,Engineers,1955-04-25,MA,Female,Asian,Married,Exceeds,2,2023-02-08,2,2,4,2022-11-21,Technical Skills,Internal,Completed,5,218.13,66,1,42.77058823529412,2.6666666666666665
2136,2018-09-12,Production Technician I,MSC,Active,Part-Time,Zone A,Part-Time,Production,Underground,1991-08-10,MA,Female,Other,Divorced,Exceeds,1,2023-02-18,2,2,2,2022-11-28,Communication Skills,Internal,Incomplete,1,659.25,27,0,599.3181818181818,2.0
2138,2021-11-04,Production Technician II,EW,Active,Contract,Zone C,Temporary,Production,Project Management - Con,1966-11-08,MA,Female,Hispanic,Divorced,Exceeds,2,2022-08-22,1,5,2,2022-08-17,Project Management,Internal,Completed,3,282.21,55,1,91.03548387096774,2.6666666666666665
2139,2020-05-05,Production Technician II,MSC,Active,Part-Time,Zone B,Full-Time,Production,Aerial,1968-03-30,MA,Female,White,Widowed,Exceeds,2,2023-05-05,1,4,4,2023-05-21,Technical Skills,Internal,Passed,2,935.49,52,1,445.47142857142853,3.0
2140,2020-12-08,Production Technician II,NEL,Active,Contract,Zone A,Part-Time,Production,Engineers,1969-08-22,MA,Female,Black,Widowed,Exceeds,2,2023-11-05,4,5,4,2023-04-27,Project Management,External,Completed,3,264.84,51,1,85.43225806451612,4.333333333333333
2141,2018-09-29,Production Technician II,PL,Active,Contract,Zone C,Full-Time,Production,Aerial,1946-07-25,MA,Female,Hispanic,Married,Exceeds,2,2022-11-14,2,3,3,2023-06-07,Customer Service,Internal,Completed,1,619.72,72,1,563.3818181818182,2.6666666666666665
2142,2020-01-09,Production Technician II,PYZ,Active,Contract,Zone A,Temporary,Production,Engineers,1965-01-25,MA,Female,Other,Widowed,Exceeds,2,2023-06-05,2,5,1,2023-01-11,Leadership Development,Internal,Failed,3,248.83,55,0,80.26774193548387,2.6666666666666665
2144,2022-08-25,Production Technician II,TNS,Active,Full-Time,Zone B,Temporary,Production,Field Operations,1998-01-28,MA,Female,Hispanic,Divorced,Exceeds,2,2023-09-06,2,5,4,2023-01-26,Communication Skills,Internal,Completed,4,474.09,24,1,115.63170731707318,3.6666666666666665
2145,2019-02-27,Production Technician II,WBL,Active,Full-Time,Zone A,Full-Time,Production,General - Sga,1989-04-10,MA,Female,Other,Divorced,Exceeds,1,2023-05-19,3,3,5,2022-12-05,Project Management,External,Failed,4,251.83,30,0,61.4219512195122,3.6666666666666665
2146,2019-12-25,Production Technician I,MSC,Terminated,Full-Time,Zone A,Temporary,Production,Splicing,1943-03-11,MA,Female,Other,Divorced,Exceeds,2,2023-02-24,3,1,1,2023-03-09,Leadership Development,External,Completed,1,386.89,76,1,351.7181818181818,1.6666666666666667
2147,2020-08-14,Production Technician I,NEL,Active,Contract,Zone B,Temporary,Production,Aerial,1981-06-11,MA,Female,Hispanic,Divorced,Exceeds,4,2022-03-11,2,1,2,2023-01-25,Technical Skills,External,Passed,3,535.19,39,1,172.64193548387098,1.6666666666666667
2148,2021-07-30,Production Technician I,PL,Active,Full-Time,Zone A,Full-Time,Production,Splicing,1949-04-21,MA,Female,Black,Widowed,Exceeds,5,2023-12-06,1,1,2,2023-04-16,Communication Skills,Internal,Passed,1,409.66,72,1,372.41818181818184,1.3333333333333333
2149,2021-05-02,Production Technician I,PYZ,Terminated,Full-Time,Zone A,Temporary,Production,Project Management - Con,1997-03-26,MA,Female,White,Single,Exceeds,5,2023-05-21,5,3,5,2023-05-08,Technical Skills,Internal,Failed,2,747.63,24,0,356.0142857142857,4.333333333333333
2150,2023-01-21,Production Technician I,SVG,Active,Full-Time,Zone B,Full-Time,Production,Splicing,1971-06-10,MA,Female,Asian,Widowed,Exceeds,5,2022-11-26,2,1,1,2023-08-03,Project Management,External,Incomplete,3,794.12,52,0,256.1677419354839,1.3333333333333333
2151,2021-01-20,Production Technician I,TNS,Active,Contract,Zone B,Temporary,Production,Fielders,1950-05-12,MA,Female,Hispanic,Married,Exceeds,1,2023-11-04,4,4,4,2023-03-10,Leadership Development,External,Failed,3,845.94,71,0,272.8838709677419,4.0
2152,2020-10-07,Production Technician I,WBL,Active,Part-Time,Zone C,Temporary,Production,Engineers,1956-07-01,MA,Female,White,Widowed,Exceeds,2,2023-03-30,3,1,4,2022-10-15,Communication Skills,External,Completed,4,606.89,64,1,148.0219512195122,2.6666666666666665
2153,2019-06-15,Production Technician I,BPC,Active,Contract,Zone C,Part-Time,Production,Project Management - Con,1944-10-09,MA,Female,Other,Married,Exceeds,4,2023-01-19,3,5,3,2023-02-24,Customer Service,Internal,Completed,2,190.07,75,1,90.5095238095238,3.6666666666666665
2154,2022-04-28,Production Technician I,CCDR,Active,Part-Time,Zone A,Temporary,Production,Field Operations,1975-08-09,MA,Male,Other,Married,Exceeds,4,2023-05-18,1,3,2,2023-03-11,Project Management,External,Failed,4,795.38,47,0,193.99512195121952,2.0
2155,2019-06-29,Production Technician I,EW,Terminated,Part-Time,Zone B,Full-Time,Production,Finance & Accounting,1942-02-24,MA,Female,Other,Single,Exceeds,4,2023-03-13,1,2,4,2023-03-21,Customer Service,Internal,Passed,1,972.82,77,1,884.3818181818182,2.3333333333333335
2156,2018-09-11,Production Technician I,MSC,Active,Part-Time,Zone B,Temporary,Production,Executive,1989-01-29,MA,Female,Black,Widowed,Exceeds,3,2023-03-03,5,1,3,2023-01-19,Customer Service,Internal,Failed,2,763.44,29,0,363.54285714285714,3.0
2157,2020-05-15,Production Technician I,NEL,Active,Contract,Zone A,Full-Time,Production,General - Sga,1950-02-02,MA,Female,Asian,Married,Exceeds,4,2022-10-12,4,2,5,2022-10-02,Leadership Development,Internal,Incomplete,1,152.69,70,0,138.80909090909088,3.6666666666666665
2158,2023-02-23,Production Technician I,PL,Active,Full-Time,Zone B,Full-Time,Production,Field Operations,1962-07-07,MA,Female,White,Married,Exceeds,3,2023-04-01,2,4,3,2023-04-06,Communication Skills,External,Failed,1,989.3,61,0,899.3636363636363,3.0
2159,2021-03-23,Production Technician I,PYZ,Active,Full-Time,Zone C,Temporary,Production,Aerial,1983-05-31,MA,Female,White,Widowed,Exceeds,5,2022-09-20,1,1,1,2023-01-24,Customer Service,External,Completed,3,833.52,38,1,268.8774193548387,1.0
2160,2022-11-07,Production Technician I,SVG,Active,Full-Time,Zone A,Part-Time,Production,General - Con,1988-05-22,MA,Female,Other,Married,Exceeds,3,2023-01-20,1,1,5,2023-06-16,Customer Service,Internal,Completed,5,329.65,34,1,64.63725490196079,2.3333333333333335
2161,2021-05-19,Production Technician I,TNS,Active,Contract,Zone C,Full-Time,Production,Project Management - Con,1951-05-26,MA,Female,Asian,Single,Exceeds,3,2023-05-27,1,4,3,2022-09-29,Communication Skills,Internal,Completed,1,443.04,70,1,402.76363636363635,2.6666666666666665
2162,2021-01-02,Production Technician II,WBL,Active,Full-Time,Zone B,Temporary,Production,Project Management - Con,1970-05-04,MA,Female,Asian,Married,Exceeds,3,2023-02-17,3,5,4,2023-06-03,Project Management,External,Incomplete,5,136.81,51,0,26.825490196078434,4.0
2163,2019-03-26,Production Technician II,NEL,Active,Contract,Zone B,Full-Time,Production,General - Sga,1966-11-19,MA,Female,White,Married,Exceeds,1,2023-12-01,5,5,4,2023-01-19,Communication Skills,Internal,Failed,3,665.2,53,0,214.58064516129033,4.666666666666667
2164,2020-09-28,Production Technician II,PL,Active,Part-Time,Zone C,Full-Time,Production,General - Eng,1950-07-27,MA,Female,Black,Divorced,Exceeds,3,2022-09-12,3,1,3,2023-06-11,Technical Skills,Internal,Incomplete,2,978.55,70,0,465.9761904761904,2.3333333333333335
2165,2019-03-16,Production Technician II,BPC,Active,Contract,Zone C,Full-Time,Production,Field Operations,1948-06-02,MA,Female,Asian,Divorced,Exceeds,3,2022-10-28,5,3,3,2023-07-23,Project Management,External,Failed,4,652.57,71,0,159.16341463414636,3.6666666666666665
2166,2019-03-20,Production Technician II,CCDR,Active,Contract,Zone B,Part-Time,Production,Field Operations,1997-09-09,MA,Female,Asian,Widowed,Exceeds,3,2023-01-16,2,2,1,2022-10-02,Technical Skills,External,Passed,2,953.59,22,1,454.0904761904762,1.6666666666666667
2168,2018-08-08,Production Technician II,EW,Active,Part-Time,Zone B,Full-Time,Production,Field Operations,1995-01-16,MA,Female,Black,Divorced,Exceeds,3,2023-08-01,5,1,4,2023-08-01,Customer Service,Internal,Incomplete,2,851.51,23,0,405.4809523809524,3.3333333333333335
2169,2020-07-04,Production Technician II,MSC,Active,Full-Time,Zone A,Full-Time,Production,General - Con,1995-12-26,MA,Female,Black,Widowed,Exceeds,3,2023-04-18,5,2,4,2023-03-17,Customer Service,External,Failed,1,200.13,25,0,181.9363636363636,3.6666666666666665
2170,2023-01-29,Production Technician I,PL,Active,Full-Time,Zone C,Part-Time,Production,Wireline Construction,1950-06-17,MA,Female,Black,Widowed,Exceeds,3,2023-01-30,1,5,2,2023-03-14,Leadership Development,External,Completed,2,347.4,73,1,165.42857142857142,2.6666666666666665
2171,2021-08-09,Production Technician I,BPC,Active,Full-Time,Zone A,Part-Time,Production,Executive,1992-11-02,MA,Female,Hispanic,Married,Exceeds,3,2023-03-16,1,3,2,2023-06-19,Communication Skills,External,Passed,3,243.07,29,1,78.40967741935484,2.0
2172,2021-05-16,Production Technician I,CCDR,Terminated,Part-Time,Zone C,Temporary,Production,Field Operations,1994-01-06,MA,Female,Other,Single,Exceeds,3,2023-03-17,2,4,1,2023-06-23,Project Management,External,Incomplete,2,198.08,27,0,94.32380952380953,2.3333333333333335
2173,2021-08-14,Production Technician I,SVG,Terminated,Contract,Zone A,Part-Time,Production,Engineers,1987-04-10,MA,Female,Asian,Divorced,Exceeds,3,2023-02-13,1,4,3,2023-04-18,Technical Skills,External,Completed,5,372.55,34,1,73.04901960784315,2.6666666666666665
2174,2022-02-08,Production Technician I,EW,Active,Full-Time,Zone B,Temporary,Production,General - Eng,1970-12-29,MA,Female,Black,Married,Exceeds,3,2022-12-25,1,1,5,2022-11-13,Technical Skills,External,Incomplete,2,446.22,52,0,212.4857142857143,2.3333333333333335
2175,2019-12-16,Production Technician I,MSC,Active,Contract,Zone C,Temporary,Production,Field Operations,1987-02-10,MA,Female,Hispanic,Widowed,Exceeds,2,2023-03-16,1,3,3,2023-02-22,Communication Skills,External,Completed,2,512.6,32,1,244.0952380952381,2.3333333333333335
2176,2021-10-07,Production Technician I,TNS,Active,Full-Time,Zone B,Full-Time,Production,Field Operations,1988-12-22,MA,Female,Asian,Married,Exceeds,2,2023-04-29,2,1,1,2023-04-19,Communication Skills,External,Completed,5,357.52,33,1,70.10196078431373,1.3333333333333333
2177,2020-12-23,Production Technician I,PYZ,Active,Full-Time,Zone A,Full-Time,Production,Catv,1951-02-09,MA,Male,Asian,Single,PIP,4,2022-10-17,4,2,1,2023-07-07,Customer Service,External,Passed,4,616.66,69,1,150.4048780487805,2.3333333333333335
2178,2022-11-01,Production Technician I,WBL,Active,Contract,Zone B,Part-Time,Production,Fielders,1990-08-30,MA,Female,Hispanic,Married,PIP,4,2022-11-09,4,1,5,2023-05-08,Communication Skills,Internal,Completed,5,368.55,32,1,72.26470588235294,3.3333333333333335
2179,2022-10-28,Production Technician I,NEL,Terminated,Contract,Zone B,Full-Time,Production,Project Management - Con,1996-04-01,MA,Female,Black,Widowed,PIP,4,2023-06-16,1,3,1,2022-09-08,Leadership Development,External,Passed,4,937.57,26,1,228.6756097560976,1.6666666666666667
2180,2018-11-03,Production Technician I,PL,Active,Full-Time,Zone A,Full-Time,Production,Field Operations,1980-10-08,MA,Female,Hispanic,Widowed,PIP,5,2023-05-29,4,4,4,2023-02-05,Technical Skills,External,Incomplete,4,706.08,38,0,172.2146341463415,4.0
2181,2019-03-05,Production Technician I,BPC,Active,Contract,Zone A,Temporary,Production,Field Operations,1991-08-13,MA,Female,Black,Single,PIP,5,2023-04-02,2,1,4,2023-06-28,Communication Skills,Internal,Incomplete,2,542.94,28,0,258.54285714285714,2.3333333333333335
2182,2021-03-14,Production Technician I,CCDR,Active,Full-Time,Zone A,Part-Time,Production,General - Eng,1992-01-20,MA,Female,Black,Widowed,Exceeds,4,2023-12-04,1,1,2,2023-07-22,Communication Skills,External,Completed,2,105.18,29,1,50.08571428571429,1.3333333333333333
2183,2018-12-13,Production Technician I,SVG,Active,Contract,Zone C,Full-Time,Production,Finance & Accounting,1949-12-09,MA,Female,White,Divorced,Exceeds,5,2022-12-13,4,4,2,2023-04-23,Communication Skills,External,Completed,3,287.3,69,1,92.6774193548387,3.3333333333333335
2184,2021-09-05,Production Technician I,EW,Active,Full-Time,Zone C,Part-Time,Production,Aerial,1984-02-20,MA,Female,Other,Divorced,Exceeds,2,2023-09-03,2,4,4,2022-09-25,Communication Skills,External,Failed,3,661.36,37,0,213.34193548387097,3.3333333333333335
2185,2020-05-17,Production Technician II,WBL,Terminated,Contract,Zone A,Full-Time,Production,Aerial,1959-04-21,MA,Female,Asian,Single,Exceeds,5,2022-07-11,4,5,5,2023-08-01,Customer Service,Internal,Incomplete,5,220.95,61,0,43.32352941176471,4.666666666666667
2186,2023-03-03,Production Technician II,NEL,Active,Part-Time,Zone A,Temporary,Production,Field Operations,1997-05-17,MA,Male,Hispanic,Married,Exceeds,1,2022-09-17,4,1,1,2022-09-21,Leadership Development,External,Failed,5,747.61,26,0,146.59019607843138,2.0
2187,2020-02-28,Production Technician II,PL,Active,Part-Time,Zone B,Full-Time,Production,Engineers,1998-01-26,MA,Female,Hispanic,Married,Exceeds,5,2023-01-14,2,1,5,2023-06-07,Communication Skills,Internal,Completed,1,575.77,22,1,523.4272727272727,2.6666666666666665
2188,2021-02-11,Production Technician II,BPC,Active,Part-Time,Zone A,Part-Time,Production,Field Operations,1965-02-21,MA,Female,Black,Married,Exceeds,2,2023-01-25,5,4,2,2023-06-17,Leadership Development,Internal,Incomplete,2,754.8,56,0,359.4285714285714,3.6666666666666665
2189,2019-01-25,Production Technician II,CCDR,Active,Part-Time,Zone B,Temporary,Production,Shop (Fleet),1944-04-07,MA,Female,White,Divorced,Needs Improvement,5,2022-08-19,1,2,4,2022-11-28,Customer Service,External,Passed,2,585.65,75,1,278.88095238095235,2.3333333333333335
2190,2023-04-25,Production Technician II,SVG,Active,Part-Time,Zone C,Full-Time,Production,General - Con,1985-01-20,MA,Female,Asian,Single,Needs Improvement,5,2023-03-31,5,2,3,2023-04-29,Technical Skills,Internal,Completed,2,623.98,38,1,297.1333333333333,3.3333333333333335
2191,2021-02-14,Production Technician II,EW,Active,Contract,Zone C,Part-Time,Production,Engineers,1971-11-19,MA,Female,Asian,Married,Needs Improvement,5,2023-11-04,2,2,3,2023-05-13,Communication Skills,Internal,Failed,3,774.02,50,0,249.6838709677419,2.3333333333333335
2192,2020-10-07,Production Technician II,MSC,Active,Part-Time,Zone C,Part-Time,Production,General - Con,1945-06-29,MA,Female,Black,Divorced,Needs Improvement,1,2022-12-26,5,3,4,2022-10-02,Leadership Development,External,Completed,4,866.14,75,1,211.2536585365854,4.0
2193,2019-02-28,Production Technician I,NEL,Terminated,Part-Time,Zone A,Part-Time,Production,Field Operations,1963-01-08,MA,Male,White,Married,Needs Improvement,4,2023-10-07,2,2,3,2023-07-16,Technical Skills,External,Incomplete,2,704.42,56,0,335.43809523809523,2.3333333333333335
2194,2019-07-27,Production Technician I,PL,Active,Full-Time,Zone B,Temporary,Production,Field Operations,1992-02-18,MA,Female,Other,Widowed,Needs Improvement,2,2022-02-10,1,4,1,2023-03-08,Customer Service,External,Incomplete,5,164.41,27,0,32.23725490196079,2.0
2195,2023-06-02,Production Technician I,BPC,Active,Contract,Zone C,Part-Time,Production,Underground,1954-10-31,MA,Female,Black,Single,Needs Improvement,2,2022-11-30,1,5,1,2023-05-08,Project Management,External,Failed,3,559.87,69,0,180.6032258064516,2.3333333333333335
2196,2022-11-14,Production Technician I,CCDR,Terminated,Full-Time,Zone A,Full-Time,Production,Underground,1983-06-25,MA,Male,White,Single,Needs Improvement,5,2023-01-08,5,2,3,2022-12-10,Technical Skills,External,Completed,2,572.11,39,1,272.43333333333334,3.3333333333333335
2197,2018-08-22,Production Technician I,SVG,Terminated,Contract,Zone C,Full-Time,Production,Wireline Construction,1983-12-04,MA,Female,Asian,Divorced,Needs Improvement,4,2023-04-15,2,3,1,2023-03-17,Technical Skills,External,Passed,2,724.83,35,1,345.15714285714284,2.0
2198,2022-12-15,Production Technician I,EW,Active,Contract,Zone B,Temporary,Production,Field Operations,1963-01-07,MA,Female,White,Single,Exceeds,1,2023-07-13,2,4,2,2022-08-14,Leadership Development,Internal,Failed,5,198.35,59,0,38.8921568627451,2.6666666666666665
2199,2020-05-31,Production Technician I,MSC,Active,Full-Time,Zone C,Full-Time,Production,General - Con,1977-10-07,MA,Female,White,Divorced,Exceeds,4,2023-03-06,4,3,4,2023-06-19,Project Management,External,Passed,3,142.7,43,1,46.03225806451612,3.6666666666666665
2200,2022-07-19,Production Technician I,TNS,Active,Contract,Zone A,Full-Time,Production,Field Operations,1954-03-15,MA,Female,Asian,Single,Exceeds,4,2022-12-16,3,1,5,2023-03-29,Project Management,External,Incomplete,2,910.99,68,0,433.8047619047619,3.0
2201,2020-07-01,Production Technician I,PYZ,Active,Contract,Zone C,Part-Time,Production,Project Management - Con,1990-06-27,MA,Male,Other,Married,Exceeds,2,2023-06-24,5,1,5,2023-03-15,Leadership Development,Internal,Completed,4,863.83,30,1,210.69024390243905,3.6666666666666665
2202,2020-11-18,Production Technician I,WBL,Active,Contract,Zone A,Part-Time,Production,Project Management - Con,1969-01-01,MA,Female,Asian,Married,Exceeds,4,2023-06-24,5,4,5,2022-09-08,Customer Service,Internal,Completed,4,606.57,51,1,147.9439024390244,4.666666666666667
2203,2020-02-29,Production Technician I,NEL,Terminated,Contract,Zone A,Part-Time,Production,General - Con,1986-05-04,MA,Female,Asian,Married,Exceeds,1,2022-08-29,1,4,1,2022-12-14,Technical Skills,External,Incomplete,2,333.27,34,0,158.7,2.0
2204,2021-09-24,Production Technician I,PL,Active,Part-Time,Zone B,Part-Time,Production,Shop (Fleet),1984-10-23,MA,Female,Other,Divorced,Needs Improvement,2,2022-01-10,5,2,3,2022-11-27,Customer Service,Internal,Passed,3,284.05,37,1,91.62903225806451,3.3333333333333335
2205,2022-04-13,Production Technician I,BPC,Active,Full-Time,Zone B,Full-Time,Production,General - Sga,1944-01-13,MA,Female,Black,Divorced,Needs Improvement,4,2022-05-09,2,3,5,2023-06-23,Leadership Development,Internal,Incomplete,1,271.69,78,0,246.99090909090907,3.3333333333333335
2206,2022-10-25,Production Technician I,CCDR,Active,Contract,Zone A,Temporary,Production,Field Operations,1942-09-01,MA,Female,Other,Widowed,Needs Improvement,5,2022-08-24,2,4,3,2022-09-16,Technical Skills,Internal,Completed,3,274.22,80,1,88.45806451612904,3.0
2207,2021-01-27,Production Technician I,SVG,Active,Full-Time,Zone C,Full-Time,Production,Field Operations,1953-06-06,MA,Female,Black,Divorced,Needs Improvement,5,2023-03-29,3,3,1,2023-06-26,Project Management,External,Incomplete,1,448.93,68,0,408.11818181818177,2.3333333333333335
2208,2018-09-21,IT Support,WBL,Active,Full-Time,Zone B,Full-Time,IT/IS,Fielders,1948-10-20,CT,Female,Other,Married,Needs Improvement,5,2023-07-03,5,3,3,2022-09-02,Technical Skills,Internal,Incomplete,3,907.13,70,0,292.6225806451613,3.6666666666666665
2209,2020-04-14,IT Support,PYZ,Active,Part-Time,Zone C,Part-Time,IT/IS,Wireline Construction,2000-08-30,MA,Male,Black,Widowed,Needs Improvement,5,2023-01-04,2,2,5,2022-11-02,Technical Skills,External,Completed,3,545.69,20,1,176.02903225806452,3.0
2210,2021-05-31,IT Support,PL,Active,Part-Time,Zone C,Temporary,IT/IS,Wireline Construction,1965-12-02,MA,Female,Black,Single,Exceeds,4,2023-09-01,1,5,3,2023-07-17,Technical Skills,Internal,Completed,5,220.14,56,1,43.16470588235294,3.0
2211,2020-04-10,IT Support,WBL,Active,Contract,Zone C,Temporary,IT/IS,Field Operations,1971-08-24,CT,Female,White,Married,Exceeds,5,2023-01-02,1,5,3,2022-11-21,Leadership Development,External,Completed,3,906.62,49,1,292.458064516129,3.0
2212,2022-07-03,IT Support,MSC,Active,Full-Time,Zone C,Part-Time,IT/IS,Field Operations,1991-11-05,MA,Female,White,Widowed,Exceeds,1,2023-07-26,4,1,5,2023-07-19,Technical Skills,Internal,Incomplete,1,160.81,31,0,146.1909090909091,3.3333333333333335
2213,2023-03-15,IT Support,EW,Active,Part-Time,Zone A,Full-Time,IT/IS,Shop (Fleet),1965-03-09,MA,Female,Asian,Married,Exceeds,5,2023-05-05,1,4,2,2023-04-09,Technical Skills,Internal,Passed,1,196.03,58,1,178.2090909090909,2.3333333333333335
2214,2021-07-29,IT Support,CCDR,Active,Contract,Zone C,Full-Time,IT/IS,Field Operations,1951-10-22,MA,Female,Black,Married,Exceeds,4,2023-02-26,1,1,5,2023-03-16,Leadership Development,Internal,Passed,4,973.62,70,1,237.46829268292686,2.3333333333333335
2215,2022-02-05,IT Support,BPC,Active,Contract,Zone B,Temporary,IT/IS,Engineers,1962-12-17,MA,Female,Asian,Divorced,Exceeds,1,2023-04-24,1,5,5,2022-09-30,Customer Service,External,Failed,3,227.0,60,0,73.2258064516129,3.6666666666666665
2216,2022-11-09,IT Manager - Support,WBL,Active,Part-Time,Zone B,Temporary,IT/IS,General - Con,1972-10-02,MA,Female,Hispanic,Single,Exceeds,1,2023-04-13,4,5,2,2022-12-25,Customer Service,External,Incomplete,4,587.29,50,0,143.24146341463415,3.6666666666666665
2217,2020-11-23,IT Manager - Infra,TNS,Active,Part-Time,Zone A,Temporary,IT/IS,People Services,1995-07-21,CT,Female,Hispanic,Divorced,Exceeds,4,2022-05-10,2,1,2,2023-03-23,Communication Skills,External,Failed,1,315.39,25,0,286.7181818181818,1.6666666666666667
2218,2019-02-21,IT Manager - DB,SVG,Active,Part-Time,Zone B,Part-Time,IT/IS,Field Operations,1967-08-11,MA,Female,Asian,Widowed,Exceeds,4,2022-10-10,4,1,5,2022-12-27,Technical Skills,Internal,Incomplete,5,222.99,52,0,43.72352941176471,3.3333333333333335
2219,2022-09-25,IT Support,SVG,Active,Part-Time,Zone C,Part-Time,IT/IS,Wireline Construction,1966-10-25,MA,Female,Hispanic,Widowed,Exceeds,5,2023-03-29,5,2,2,2023-01-03,Technical Skills,External,Failed,5,401.35,56,0,78.69607843137256,3.0
2220,2022-09-17,IT Support,EW,Active,Contract,Zone B,Temporary,IT/IS,General - Eng,1961-03-09,MA,Female,Asian,Married,Exceeds,4,2023-02-03,3,3,5,2023-06-02,Leadership Development,External,Completed,4,938.01,61,1,228.78292682926832,3.6666666666666665
2221,2019-05-31,IT Support,MSC,Active,Contract,Zone C,Part-Time,IT/IS,Field Operations,1993-11-14,MA,Female,Hispanic,Single,Exceeds,4,2023-04-28,1,5,1,2022-08-07,Technical Skills,Internal,Incomplete,1,737.04,26,0,670.0363636363636,2.3333333333333335
2222,2020-07-21,IT Support,TNS,Active,Part-Time,Zone A,Temporary,IT/IS,Wireline Construction,1998-07-17,MA,Female,Hispanic,Widowed,Exceeds,4,2022-09-14,2,3,5,2023-06-04,Project Management,External,Failed,3,303.01,22,0,97.74516129032257,3.3333333333333335
2223,2020-07-04,IT Manager - Support,BPC,Active,Full-Time,Zone C,Temporary,IT/IS,Executive,1942-02-18,MA,Female,Asian,Widowed,Exceeds,2,2023-05-23,1,1,4,2023-04-07,Communication Skills,External,Completed,2,905.55,78,1,431.21428571428567,2.0
2224,2020-10-13,IT Manager - Infra,CCDR,Active,Full-Time,Zone A,Temporary,IT/IS,Wireline Construction,1999-01-14,CT,Female,Asian,Divorced,Exceeds,4,2023-02-02,2,1,3,2022-09-23,Customer Service,Internal,Failed,2,914.52,21,0,435.48571428571427,2.0
2225,2023-05-01,IT Manager - DB,EW,Active,Part-Time,Zone A,Full-Time,IT/IS,Engineers,1971-03-12,MA,Male,Black,Divorced,Exceeds,2,2022-08-21,1,2,2,2022-12-09,Project Management,External,Passed,3,789.98,52,1,254.83225806451614,1.6666666666666667
2226,2019-03-22,IT Support,SVG,Active,Contract,Zone A,Full-Time,IT/IS,General - Eng,1960-07-09,MA,Female,White,Married,Exceeds,1,2023-01-28,4,4,5,2022-09-10,Project Management,Internal,Completed,3,125.06,59,1,40.34193548387097,4.333333333333333
2227,2021-12-27,IT Support,EW,Active,Contract,Zone B,Full-Time,IT/IS,Aerial,1995-05-06,MA,Female,Black,Widowed,Needs Improvement,5,2022-09-18,2,3,4,2023-04-28,Project Management,Internal,Passed,2,894.09,26,1,425.75714285714287,3.0
2228,2018-08-12,IT Support,MSC,Active,Part-Time,Zone B,Part-Time,IT/IS,Wireless,1942-09-16,MA,Female,White,Divorced,PIP,4,2023-01-20,3,2,2,2023-02-21,Technical Skills,External,Passed,3,713.03,76,1,230.00967741935483,2.3333333333333335
2229,2022-12-28,IT Support,TNS,Active,Part-Time,Zone A,Temporary,IT/IS,Underground,1977-01-10,MA,Female,Asian,Divorced,PIP,4,2023-04-22,3,1,1,2023-01-28,Communication Skills,Internal,Incomplete,5,897.51,45,0,175.9823529411765,1.6666666666666667
2230,2018-11-25,IT Manager - Support,PYZ,Active,Part-Time,Zone A,Full-Time,IT/IS,General - Con,1972-08-20,CT,Female,Hispanic,Married,Fully Meets,2,2023-09-06,1,5,5,2023-08-03,Project Management,External,Passed,3,634.34,46,1,204.6258064516129,3.6666666666666665
2231,2020-12-26,IT Manager - Infra,WBL,Active,Full-Time,Zone A,Part-Time,IT/IS,General - Con,1990-04-24,CT,Female,Other,Single,Fully Meets,2,2023-04-01,1,2,2,2023-04-20,Technical Skills,Internal,Failed,3,352.54,30,0,113.72258064516129,1.6666666666666667
2232,2022-12-16,IT Manager - DB,NEL,Active,Part-Time,Zone A,Full-Time,IT/IS,Field Operations,1942-05-10,MA,Male,Hispanic,Single,Fully Meets,5,2022-11-19,4,5,2,2023-03-23,Customer Service,External,Completed,4,128.25,80,1,31.280487804878053,3.6666666666666665
2233,2019-09-27,IT Support,MSC,Active,Contract,Zone B,Full-Time,IT/IS,Splicing,1977-04-22,MA,Female,Asian,Single,Fully Meets,1,2022-03-10,5,1,1,2023-06-13,Customer Service,Internal,Passed,1,893.71,42,1,812.4636363636363,2.3333333333333335
2234,2021-02-20,IT Support,EW,Active,Part-Time,Zone C,Full-Time,IT/IS,Wireline Construction,1975-02-26,MA,Female,Black,Married,Fully Meets,2,2022-08-23,1,1,4,2023-02-04,Communication Skills,External,Completed,3,693.52,46,1,223.71612903225804,2.0
2235,2022-02-26,IT Support,CCDR,Active,Full-Time,Zone B,Full-Time,IT/IS,Shop (Fleet),1954-08-31,MA,Female,Other,Single,Fully Meets,1,2022-10-09,3,5,3,2023-03-09,Customer Service,Internal,Failed,1,162.62,68,0,147.83636363636361,3.6666666666666665
2236,2018-12-23,IT Support,BPC,Active,Full-Time,Zone A,Temporary,IT/IS,Engineers,1948-10-28,CT,Female,Hispanic,Widowed,Fully Meets,1,2022-12-29,2,1,2,2023-07-13,Customer Service,External,Passed,2,144.74,70,1,68.92380952380952,1.6666666666666667
2237,2022-01-10,IT Manager - Support,WBL,Active,Full-Time,Zone B,Temporary,IT/IS,Underground,1975-04-22,CT,Female,Other,Single,Fully Meets,2,2023-08-06,2,5,2,2023-05-10,Leadership Development,External,Completed,3,240.77,47,1,77.66774193548387,3.0
2238,2021-03-04,IT Manager - Infra,TNS,Active,Part-Time,Zone B,Temporary,IT/IS,Project Management - Con,1972-01-17,CT,Male,Hispanic,Widowed,Fully Meets,2,2023-03-28,4,4,3,2023-04-14,Communication Skills,External,Completed,5,905.56,49,1,177.5607843137255,3.6666666666666665
2239,2023-03-10,IT Manager - DB,SVG,Active,Full-Time,Zone C,Part-Time,IT/IS,Catv,1962-11-12,MA,Male,Asian,Divorced,Fully Meets,5,2022-12-31,1,3,4,2023-04-11,Technical Skills,Internal,Passed,4,273.84,61,1,66.79024390243903,2.6666666666666665
2240,2018-12-05,IT Support,SVG,Active,Part-Time,Zone B,Part-Time,IT/IS,Finance & Accounting,1997-11-28,MA,Female,Hispanic,Married,Fully Meets,2,2022-08-22,2,4,5,2023-03-17,Communication Skills,Internal,Incomplete,4,980.41,21,0,239.12439024390244,3.6666666666666665
2241,2021-06-24,IT Support,EW,Active,Part-Time,Zone C,Part-Time,IT/IS,Technology / It,1981-01-06,MA,Female,Hispanic,Married,Fully Meets,2,2023-01-30,4,4,4,2023-01-26,Communication Skills,External,Failed,5,834.95,40,0,163.71568627450984,4.0
2242,2022-05-10,IT Support,MSC,Active,Full-Time,Zone C,Temporary,IT/IS,Field Operations,1994-03-29,MA,Female,Hispanic,Married,Fully Meets,4,2023-02-26,3,2,4,2022-12-17,Project Management,External,Failed,1,627.11,28,0,570.1,3.0
2243,2023-04-13,IT Support,TNS,Active,Full-Time,Zone A,Part-Time,IT/IS,Finance & Accounting,1954-07-20,CT,Female,Other,Married,Fully Meets,4,2023-06-26,1,3,5,2022-12-30,Leadership Development,External,Passed,4,242.22,69,1,59.07804878048781,3.0
2244,2022-08-04,IT Manager - Support,PYZ,Active,Contract,Zone C,Temporary,IT/IS,Field Operations,1949-08-12,CT,Female,Other,Married,Fully Meets,4,2023-01-03,4,2,1,2022-12-14,Leadership Development,Internal,Passed,2,804.01,73,1,382.8619047619047,2.3333333333333335
2245,2021-02-28,IT Manager - Infra,WBL,Active,Part-Time,Zone C,Part-Time,IT/IS,Engineers,1946-09-15,MA,Male,Black,Divorced,Fully Meets,5,2023-08-07,2,4,4,2023-04-04,Project Management,Internal,Incomplete,1,968.2,75,0,880.1818181818181,3.3333333333333335
2246,2020-10-14,IT Manager - DB,NEL,Active,Contract,Zone B,Part-Time,IT/IS,Field Operations,1973-11-22,MA,Male,White,Divorced,Fully Meets,4,2023-03-20,3,4,5,2023-02-10,Project Management,Internal,Completed,2,364.36,47,1,173.5047619047619,4.0
2247,2018-09-10,IT Support,SVG,Active,Part-Time,Zone B,Temporary,IT/IS,Fielders,1983-10-04,MA,Female,Hispanic,Widowed,Fully Meets,2,2023-02-16,3,4,4,2023-04-19,Communication Skills,External,Incomplete,3,803.16,35,0,259.0838709677419,3.6666666666666665
2248,2022-12-16,IT Support,EW,Active,Part-Time,Zone B,Temporary,IT/IS,Field Operations,1999-12-17,MA,Female,Hispanic,Widowed,Fully Meets,2,2023-05-24,1,5,5,2023-03-29,Leadership Development,External,Incomplete,2,571.12,23,0,271.96190476190475,3.6666666666666665
2249,2018-09-28,IT Support,MSC,Active,Contract,Zone C,Part-Time,IT/IS,Field Operations,1994-07-11,MA,Female,Black,Divorced,Fully Meets,4,2023-05-29,3,5,5,2023-07-06,Customer Service,External,Failed,2,705.36,24,0,335.8857142857143,4.333333333333333
2250,2022-03-08,IT Support,TNS,Active,Contract,Zone C,Temporary,IT/IS,Aerial,1962-02-09,CT,Female,Asian,Married,Fully Meets,5,2023-05-29,4,2,1,2023-04-08,Communication Skills,Internal,Failed,5,565.78,60,0,110.93725490196078,2.3333333333333335
2251,2022-01-12,IT Manager - Support,PYZ,Active,Part-Time,Zone B,Temporary,IT/IS,Project Management - Con,1978-03-10,MA,Female,Hispanic,Divorced,Fully Meets,2,2022-09-18,4,4,4,2022-11-19,Technical Skills,External,Incomplete,5,593.14,44,0,116.30196078431374,4.0
2252,2020-12-08,IT Manager - Infra,WBL,Active,Contract,Zone B,Part-Time,IT/IS,Field Operations,1973-12-11,MA,Male,White,Widowed,Fully Meets,4,2022-09-28,1,3,3,2022-12-10,Communication Skills,Internal,Completed,1,648.23,47,1,589.3,2.3333333333333335
2253,2020-11-17,IT Support,PYZ,Active,Full-Time,Zone A,Full-Time,IT/IS,Field Operations,1982-05-02,MA,Female,Other,Single,Fully Meets,1,2023-06-26,5,1,2,2023-01-07,Communication Skills,External,Incomplete,1,426.97,38,0,388.1545454545454,2.6666666666666665
2254,2021-01-18,IT Support,SVG,Active,Full-Time,Zone A,Part-Time,IT/IS,General - Sga,1957-10-27,MA,Female,Hispanic,Single,Fully Meets,2,2022-12-14,3,2,5,2022-11-20,Project Management,Internal,Failed,4,267.76,64,0,65.30731707317074,3.3333333333333335
2255,2020-09-15,IT Support,TNS,Active,Full-Time,Zone C,Part-Time,IT/IS,Wireline Construction,1990-07-16,MA,Female,Hispanic,Single,Fully Meets,2,2023-12-05,1,4,4,2023-02-05,Customer Service,Internal,Completed,1,357.69,30,1,325.17272727272723,3.0
2256,2019-12-11,IT Support,WBL,Active,Part-Time,Zone C,Full-Time,IT/IS,Field Operations,1981-12-29,CT,Female,Asian,Widowed,Fully Meets,5,2023-07-14,5,5,4,2023-01-13,Leadership Development,Internal,Completed,1,312.42,38,1,284.0181818181818,4.666666666666667
2257,2021-04-29,IT Manager - Support,WBL,Active,Contract,Zone B,Full-Time,IT/IS,General - Eng,1988-10-22,MA,Male,White,Married,Fully Meets,2,2023-07-25,4,3,5,2023-03-25,Customer Service,External,Incomplete,2,456.3,33,0,217.28571428571428,4.0
2258,2021-04-03,IT Manager - Infra,TNS,Active,Full-Time,Zone C,Part-Time,IT/IS,Engineers,1999-02-20,MA,Male,White,Widowed,Fully Meets,2,2023-03-04,2,5,4,2023-07-03,Technical Skills,Internal,Failed,2,675.95,22,0,321.8809523809524,3.6666666666666665
2259,2022-02-01,IT Support,SVG,Active,Part-Time,Zone A,Temporary,IT/IS,General - Eng,1961-03-24,MA,Female,Hispanic,Divorced,Fully Meets,1,2023-09-01,1,2,5,2023-05-03,Communication Skills,External,Failed,3,754.61,61,0,243.42258064516128,2.6666666666666665
2260,2020-01-17,IT Support,EW,Active,Part-Time,Zone B,Temporary,IT/IS,Engineers,1992-10-21,MA,Female,Hispanic,Widowed,Fully Meets,1,2023-05-08,3,1,4,2022-08-23,Customer Service,Internal,Incomplete,2,377.64,28,0,179.82857142857142,2.6666666666666665
2261,2022-06-01,IT Support,MSC,Active,Full-Time,Zone B,Part-Time,IT/IS,Wireline Construction,1958-01-06,CT,Female,Black,Divorced,Fully Meets,2,2022-11-17,2,1,5,2023-06-04,Project Management,External,Failed,3,647.41,64,0,208.84193548387094,2.6666666666666665
2262,2019-03-17,IT Support,TNS,Active,Contract,Zone A,Temporary,IT/IS,Engineers,1950-03-10,CT,Female,Other,Divorced,Fully Meets,2,2023-04-27,4,4,3,2023-05-29,Communication Skills,External,Incomplete,3,122.43,69,0,39.49354838709677,3.6666666666666665
2263,2020-01-07,IT Manager - Support,PYZ,Active,Contract,Zone B,Temporary,IT/IS,General - Sga,1965-09-10,MA,Male,Hispanic,Single,Fully Meets,2,2022-11-28,3,1,4,2022-10-05,Project Management,Internal,Incomplete,5,662.94,55,0,129.98823529411766,2.6666666666666665
2264,2021-02-24,IT Manager - Infra,WBL,Active,Part-Time,Zone A,Part-Time,IT/IS,Executive,1979-05-03,MA,Male,White,Single,Fully Meets,5,2022-08-11,1,2,3,2023-05-06,Communication Skills,External,Failed,3,465.3,42,0,150.09677419354838,2.0
2265,2019-12-30,IT Support,SVG,Active,Contract,Zone C,Part-Time,IT/IS,Field Operations,1944-12-30,MA,Female,Hispanic,Single,Fully Meets,1,2023-08-03,2,4,2,2022-11-23,Customer Service,Internal,Failed,4,680.88,75,0,166.06829268292685,2.6666666666666665
2266,2020-05-12,IT Support,EW,Active,Full-Time,Zone B,Temporary,IT/IS,Field Operations,1975-10-02,MA,Female,Other,Single,Fully Meets,5,2023-04-27,5,3,2,2022-10-23,Leadership Development,External,Completed,5,898.01,45,1,176.08039215686276,3.3333333333333335
2267,2023-04-04,IT Support,MSC,Active,Full-Time,Zone A,Part-Time,IT/IS,General - Con,1971-06-18,CT,Female,Hispanic,Divorced,Fully Meets,4,2023-09-03,1,3,3,2022-11-11,Technical Skills,Internal,Passed,1,518.79,52,1,471.62727272727267,2.3333333333333335
2268,2021-01-04,IT Support,TNS,Active,Contract,Zone C,Full-Time,IT/IS,General - Con,1963-06-08,CT,Male,White,Single,Fully Meets,2,2023-03-07,2,3,2,2022-11-26,Communication Skills,Internal,Failed,2,677.84,58,0,322.7809523809524,2.3333333333333335
2269,2020-04-28,IT Manager - Support,PYZ,Active,Full-Time,Zone C,Full-Time,IT/IS,Executive,1974-01-15,MA,Male,Hispanic,Divorced,Fully Meets,1,2023-02-14,5,5,1,2022-12-09,Technical Skills,Internal,Incomplete,1,109.33,46,0,99.39090909090908,3.6666666666666665
2270,2019-04-16,IT Support,PYZ,Active,Contract,Zone C,Part-Time,IT/IS,Project Management - Con,1952-09-19,MA,Female,Asian,Single,Fully Meets,4,2023-03-18,4,4,3,2023-05-11,Technical Skills,Internal,Passed,2,781.35,67,1,372.07142857142856,3.6666666666666665
2271,2022-07-09,IT Support,SVG,Active,Full-Time,Zone A,Temporary,IT/IS,Field Operations,1996-07-20,MA,Female,Hispanic,Single,Fully Meets,2,2023-03-21,5,4,4,2023-02-02,Customer Service,Internal,Failed,4,632.57,26,0,154.28536585365856,4.333333333333333
2272,2022-08-29,IT Support,TNS,Active,Part-Time,Zone C,Full-Time,IT/IS,Field Operations,1987-04-04,CT,Female,Black,Divorced,Fully Meets,2,2022-05-08,5,5,3,2023-04-15,Communication Skills,Internal,Passed,5,233.42,35,1,45.76862745098039,4.333333333333333
2273,2020-01-26,IT Support,WBL,Active,Full-Time,Zone A,Part-Time,IT/IS,Project Management - Eng,1956-05-16,CT,Male,Other,Divorced,Fully Meets,4,2022-10-26,5,2,3,2023-04-01,Leadership Development,External,Passed,4,301.15,64,1,73.45121951219512,3.3333333333333335
2274,2020-02-18,IT Manager - Support,BPC,Active,Full-Time,Zone A,Temporary,IT/IS,Aerial,2000-01-23,MA,Male,Other,Widowed,Fully Meets,4,2022-08-13,2,5,1,2023-06-03,Customer Service,External,Failed,2,255.54,20,0,121.68571428571428,2.6666666666666665
2275,2022-01-25,Production Manager,EW,Active,Part-Time,Zone B,Full-Time,Production,Yard (Material Handling),1950-09-12,MA,Male,Asian,Married,Fully Meets,2,2022-10-24,5,4,3,2023-03-05,Technical Skills,External,Incomplete,5,138.4,72,0,27.137254901960787,4.0
2276,2023-07-10,Production Manager,TNS,Active,Full-Time,Zone B,Temporary,Production,Project Management - Con,1982-11-21,MA,Female,White,Divorced,Fully Meets,1,2022-09-16,5,2,2,2023-05-17,Customer Service,External,Completed,3,851.87,41,1,274.7967741935484,3.0
2277,2022-04-14,Production Manager,CCDR,Active,Contract,Zone B,Temporary,Production,Field Operations,1963-09-29,MA,Female,Hispanic,Widowed,Fully Meets,5,2022-11-25,3,4,4,2022-12-22,Communication Skills,Internal,Completed,3,592.23,59,1,191.04193548387096,3.6666666666666665
2278,2022-07-10,Production Manager,CCDR,Active,Part-Time,Zone B,Temporary,Production,Wireless,1963-05-27,MA,Female,White,Widowed,Fully Meets,4,2022-08-21,5,4,2,2023-03-05,Leadership Development,External,Completed,4,544.43,59,1,132.78780487804877,3.6666666666666665
2279,2022-06-27,Production Manager,EW,Active,Contract,Zone C,Full-Time,Production,Safety,1977-12-02,MA,Male,Other,Divorced,Fully Meets,1,2023-05-28,2,5,1,2023-03-23,Technical Skills,External,Passed,4,230.57,45,1,56.236585365853664,2.6666666666666665
2280,2018-12-04,Production Manager,PYZ,Terminated,Contract,Zone A,Temporary,Production,Catv,1985-06-03,MA,Female,White,Married,Fully Meets,4,2023-02-23,4,2,5,2023-04-05,Customer Service,External,Passed,3,493.98,33,1,159.3483870967742,3.6666666666666665
2281,2019-09-10,Production Manager,PL,Active,Full-Time,Zone C,Full-Time,Production,Field Operations,1998-12-09,MA,Male,Hispanic,Single,Fully Meets,4,2022-09-24,1,4,2,2022-11-29,Technical Skills,Internal,Failed,4,761.7,21,0,185.78048780487808,2.3333333333333335
2282,2019-04-25,Production Manager,PL,Active,Part-Time,Zone A,Full-Time,Production,Fielders,1967-07-28,MA,Male,Asian,Single,Fully Meets,4,2022-02-11,1,5,3,2022-10-20,Leadership Development,External,Incomplete,5,454.55,52,0,89.12745098039217,3.0
2283,2018-10-03,Shared Services Manager,WBL,Terminated,Part-Time,Zone B,Temporary,Admin Offices,Field Operations,1961-12-17,MA,Male,White,Single,Fully Meets,4,2022-10-20,4,2,1,2023-04-23,Leadership Development,External,Failed,1,183.88,57,0,167.16363636363636,2.3333333333333335
2284,2022-06-14,CIO,EW,Active,Part-Time,Zone C,Part-Time,IT/IS,Wireline Construction,1960-09-23,MA,Female,Other,Widowed,Fully Meets,2,2022-11-10,1,4,4,2023-07-09,Technical Skills,External,Passed,3,839.16,62,1,270.6967741935484,3.0
2285,2022-02-15,Production Manager,BPC,Active,Full-Time,Zone C,Temporary,Production,Project Management - Con,1971-05-28,MA,Male,Other,Single,Fully Meets,5,2023-05-22,4,3,3,2022-12-02,Customer Service,Internal,Completed,4,679.57,51,1,165.7487804878049,3.3333333333333335
2286,2018-09-24,Production Manager,NEL,Active,Contract,Zone B,Temporary,Production,General - Eng,1981-10-10,MA,Male,Black,Divorced,Fully Meets,2,2023-01-20,4,4,4,2022-09-27,Project Management,External,Failed,5,107.64,37,0,21.10588235294118,4.0
2287,2022-03-09,Production Manager,PYZ,Active,Contract,Zone B,Part-Time,Production,General - Con,1961-03-20,MA,Female,White,Single,Fully Meets,2,2022-11-11,4,4,2,2023-03-29,Communication Skills,Internal,Passed,4,560.64,61,1,136.74146341463415,3.3333333333333335
2288,2018-11-07,Production Manager,NEL,Active,Full-Time,Zone A,Temporary,Production,Fielders,1984-09-09,MA,Female,Black,Divorced,Fully Meets,5,2023-09-07,5,1,4,2022-09-25,Communication Skills,Internal,Failed,2,187.85,34,0,89.45238095238095,3.3333333333333335
2289,2019-08-31,Shared Services Manager,BPC,Active,Full-Time,Zone A,Part-Time,Admin Offices,Field Operations,1962-05-03,MA,Male,White,Single,Fully Meets,4,2023-12-03,2,5,3,2023-06-14,Technical Skills,External,Completed,3,353.58,57,1,114.05806451612902,3.3333333333333335
2290,2020-11-27,Director of Sales,EW,Active,Full-Time,Zone B,Temporary,Sales,Wireline Construction,1942-04-16,RI,Female,Hispanic,Widowed,Fully Meets,2,2023-04-14,4,1,3,2023-04-23,Communication Skills,Internal,Failed,4,575.55,78,0,140.3780487804878,2.6666666666666665
2291,2020-07-07,Director of Operations,NEL,Active,Contract,Zone B,Part-Time,Production,General - Con,1985-02-17,MA,Female,Black,Married,Fully Meets,4,2022-08-20,3,4,1,2023-07-01,Project Management,Internal,Incomplete,5,973.53,35,0,190.88823529411766,2.6666666666666665
2292,2020-01-11,Production Manager,TNS,Active,Contract,Zone C,Temporary,Production,Aerial,1963-07-04,MA,Male,White,Widowed,Fully Meets,2,2022-11-15,5,1,1,2023-03-11,Communication Skills,External,Completed,3,894.38,57,1,288.50967741935483,2.3333333333333335
2293,2020-06-15,Production Manager,CCDR,Active,Contract,Zone B,Full-Time,Production,Field Operations,1998-01-04,MA,Male,Other,Single,Fully Meets,2,2023-06-19,5,3,1,2023-04-17,Project Management,Internal,Failed,1,510.67,22,0,464.24545454545455,3.0
2294,2020-10-10,Production Manager,PYZ,Active,Contract,Zone A,Part-Time,Production,Field Operations,1975-03-12,MA,Male,Black,Single,Fully Meets,4,2022-08-30,4,4,4,2023-04-09,Communication Skills,External,Failed,1,261.17,45,0,237.42727272727274,4.0
2295,2022-05-19,Production Manager,SVG,Active,Full-Time,Zone B,Temporary,Production,Field Operations,1999-01-25,MA,Female,Asian,Divorced,Fully Meets,5,2022-11-26,3,5,4,2022-11-12,Communication Skills,Internal,Passed,5,448.38,23,1,87.91764705882353,4.0
2296,2021-08-25,Production Manager,TNS,Active,Full-Time,Zone B,Temporary,Production,Field Operations,1973-04-18,MA,Female,Hispanic,Divorced,Fully Meets,1,2023-06-15,4,4,5,2022-11-09,Technical Skills,Internal,Passed,4,808.77,48,1,197.26097560975612,4.333333333333333
2297,2018-12-18,Production Manager,WBL,Terminated,Part-Time,Zone C,Full-Time,Production,Aerial,1958-09-23,MA,Female,Black,Single,Fully Meets,2,2022-09-14,5,4,1,2022-12-28,Leadership Development,Internal,Completed,5,691.71,60,1,135.6294117647059,3.3333333333333335
2298,2023-08-05,Production Manager,WBL,Active,Full-Time,Zone B,Full-Time,Production,Field Operations,1958-04-27,MA,Female,Other,Married,Fully Meets,4,2022-04-11,3,2,1,2023-03-02,Communication Skills,External,Failed,1,145.08,65,0,131.8909090909091,2.0
2299,2022-04-13,Production Manager,TNS,Active,Part-Time,Zone A,Temporary,Production,Field Operations,1942-02-24,MA,Female,Asian,Married,Fully Meets,2,2022-08-18,2,1,2,2023-04-13,Customer Service,External,Failed,4,922.03,80,0,224.88536585365856,1.6666666666666667
2300,2020-09-26,Production Manager,SVG,Active,Full-Time,Zone A,Full-Time,Production,Underground,1947-04-09,MA,Female,Black,Single,Fully Meets,5,2022-08-10,5,1,2,2022-09-27,Customer Service,External,Completed,2,668.1,73,1,318.14285714285717,2.6666666666666665
2301,2021-02-12,Production Manager,PYZ,Active,Part-Time,Zone C,Temporary,Production,Underground,1946-12-08,MA,Female,Asian,Single,Fully Meets,1,2023-07-26,3,1,4,2023-02-27,Technical Skills,Internal,Incomplete,4,475.03,75,0,115.8609756097561,2.6666666666666665
2302,2019-01-02,Production Manager,PL,Terminated,Contract,Zone C,Temporary,Production,Wireline Construction,1988-11-28,MA,Female,Hispanic,Married,Fully Meets,4,2023-12-04,2,5,3,2023-03-11,Project Management,Internal,Passed,2,173.45,31,1,82.59523809523809,3.3333333333333335
2303,2019-10-26,Production Manager,NEL,Terminated,Contract,Zone C,Temporary,Production,Field Operations,1957-12-27,MA,Female,Black,Divorced,Fully Meets,5,2023-01-02,5,5,1,2023-01-13,Customer Service,External,Passed,2,813.39,62,1,387.3285714285714,3.6666666666666665
2304,2021-04-11,President & CEO,MSC,Active,Full-Time,Zone B,Part-Time,Production,General - Con,1957-04-21,MA,Female,White,Divorced,Fully Meets,2,2023-06-29,5,1,2,2022-10-19,Customer Service,Internal,Passed,5,759.9,64,1,149.0,2.6666666666666665
2305,2019-12-11,Network Engineer,EW,Active,Part-Time,Zone A,Full-Time,Production,Field Operations,1970-03-10,MA,Female,White,Divorced,Fully Meets,2,2023-05-26,4,5,5,2023-04-24,Communication Skills,External,Incomplete,2,933.39,49,0,444.47142857142853,4.666666666666667
2306,2020-10-21,Network Engineer,CCDR,Active,Part-Time,Zone B,Full-Time,Production,Project Management - Con,1999-06-11,MA,Male,Hispanic,Married,Fully Meets,1,2023-04-25,3,4,3,2023-02-28,Communication Skills,External,Failed,2,217.33,21,0,103.49047619047619,3.3333333333333335
2307,2020-05-08,Network Engineer,BPC,Active,Part-Time,Zone C,Part-Time,Executive Office,Project Management - Con,1988-05-05,MA,Male,Asian,Single,Fully Meets,2,2023-07-22,5,2,3,2023-05-21,Customer Service,Internal,Passed,2,856.15,32,1,407.69047619047615,3.3333333333333335
2308,2022-05-24,Data Analyst,EW,Active,Full-Time,Zone A,Full-Time,Production,Field Operations,1999-09-05,MA,Male,Other,Divorced,Fully Meets,5,2023-11-03,1,2,3,2022-09-08,Communication Skills,Internal,Completed,4,751.86,23,1,183.38048780487807,2.0
2309,2019-06-05,Data Analyst,CCDR,Active,Part-Time,Zone A,Part-Time,Production,General - Con,1991-07-04,MA,Male,Hispanic,Widowed,Fully Meets,2,2023-03-01,2,5,5,2023-07-20,Communication Skills,Internal,Incomplete,1,309.24,28,0,281.1272727272727,4.0
2310,2022-04-21,Data Analyst,BPC,Active,Part-Time,Zone B,Part-Time,Production,Fielders,1983-11-21,MA,Male,Hispanic,Single,Fully Meets,5,2022-04-10,4,1,3,2022-12-27,Leadership Development,Internal,Incomplete,4,581.95,39,0,141.93902439024393,2.6666666666666665
2311,2019-12-10,Data Analyst,PYZ,Active,Part-Time,Zone A,Full-Time,Production,Field Operations,1971-03-25,MA,Female,Black,Divorced,Fully Meets,2,2023-03-15,5,3,2,2023-04-04,Leadership Development,External,Passed,5,616.43,48,1,120.86862745098038,3.3333333333333335
2312,2019-11-26,Data Analyst,WBL,Active,Full-Time,Zone C,Part-Time,IT/IS,Field Operations,1951-11-12,MA,Male,Asian,Widowed,Fully Meets,4,2023-02-04,1,4,3,2023-01-06,Leadership Development,Internal,Completed,3,623.75,68,1,201.20967741935485,2.6666666666666665
2313,2021-09-13,Data Analyst,NEL,Active,Part-Time,Zone C,Full-Time,IT/IS,Shop (Fleet),2000-10-30,MA,Male,Asian,Divorced,Fully Meets,2,2023-04-04,5,2,3,2023-02-04,Project Management,External,Passed,1,802.99,21,1,729.990909090909,3.3333333333333335
2314,2019-08-19,Data Analyst,PL,Active,Part-Time,Zone C,Part-Time,IT/IS,Field Operations,1961-10-18,MA,Female,Asian,Married,Fully Meets,1,2023-06-23,4,1,3,2022-11-18,Communication Skills,External,Failed,1,725.98,58,0,659.9818181818182,2.6666666666666665
2315,2022-06-12,Production Manager,CCDR,Active,Full-Time,Zone A,Full-Time,Production,Project Management - Con,1986-02-19,MA,Female,Other,Married,Fully Meets,4,2022-10-08,4,3,2,2022-12-05,Customer Service,External,Incomplete,1,252.59,36,0,229.62727272727273,3.0
2316,2021-07-21,Production Manager,SVG,Active,Full-Time,Zone B,Full-Time,Production,Field Operations,1973-09-29,MA,Male,Asian,Divorced,Fully Meets,2,2022-06-09,4,2,5,2023-05-23,Communication Skills,Internal,Failed,1,731.84,48,0,665.3090909090909,3.6666666666666665
2317,2020-11-13,Production Manager,EW,Active,Full-Time,Zone A,Temporary,Production,Yard (Material Handling),1944-06-16,MA,Female,Black,Single,Fully Meets,1,2023-07-02,2,2,1,2023-02-09,Customer Service,External,Failed,1,787.01,76,0,715.4636363636363,1.6666666666666667
2318,2022-02-20,Production Manager,MSC,Active,Part-Time,Zone A,Temporary,Production,Field Operations,1957-03-25,MA,Female,White,Widowed,Fully Meets,2,2022-12-20,2,1,5,2023-06-22,Communication Skills,External,Incomplete,2,303.8,65,0,144.66666666666666,2.6666666666666665
2319,2019-03-28,Production Manager,TNS,Terminated,Contract,Zone A,Part-Time,Production,General - Sga,1983-02-18,MA,Female,White,Widowed,Fully Meets,5,2023-03-29,5,4,3,2022-12-21,Customer Service,Internal,Passed,3,832.15,36,1,268.43548387096774,4.0
2320,2022-10-26,Production Manager,PYZ,Terminated,Part-Time,Zone A,Full-Time,Production,Fielders,1964-09-09,MA,Female,White,Single,Fully Meets,4,2023-12-02,5,1,3,2023-07-25,Communication Skills,External,Incomplete,5,509.71,58,0,99.94313725490197,3.0
2321,2023-05-10,Production Manager,WBL,Active,Full-Time,Zone C,Full-Time,Production,Field Operations,1951-08-21,MA,Female,Black,Divorced,Fully Meets,2,2022-07-11,4,2,5,2022-09-06,Communication Skills,Internal,Incomplete,3,781.95,72,0,252.24193548387098,3.6666666666666665
2322,2022-09-01,Production Manager,NEL,Active,Contract,Zone C,Part-Time,Production,Field Operations,1963-04-27,MA,Female,Asian,Divorced,Fully Meets,5,2022-08-20,4,3,4,2023-03-04,Communication Skills,Internal,Completed,3,178.4,59,1,57.54838709677419,3.6666666666666665
2323,2021-04-21,Production Manager,PL,Active,Part-Time,Zone C,Temporary,Production,Project Management - Con,1959-05-07,MA,Female,Asian,Divorced,Fully Meets,5,2022-11-21,2,1,3,2022-12-30,Project Management,External,Incomplete,3,964.4,62,0,311.09677419354836,2.0
2324,2021-07-23,Production Manager,BPC,Terminated,Part-Time,Zone A,Temporary,Production,General - Con,1996-07-17,MA,Female,Black,Widowed,Fully Meets,4,2023-06-24,1,2,4,2023-04-29,Communication Skills,External,Incomplete,1,299.75,25,0,272.5,2.3333333333333335
2325,2020-12-29,Production Manager,CCDR,Active,Part-Time,Zone A,Temporary,Production,Field Operations,1999-10-20,MA,Female,Asian,Divorced,Fully Meets,1,2022-12-27,4,4,1,2023-01-04,Project Management,Internal,Completed,2,745.68,21,1,355.08571428571423,3.0
2326,2022-08-08,President & CEO,SVG,Active,Contract,Zone A,Temporary,Production,Project Management - Con,1947-11-19,MA,Female,Black,Single,Fully Meets,2,2023-04-19,3,1,4,2023-01-06,Customer Service,External,Completed,5,263.21,75,1,51.60980392156863,2.6666666666666665
2327,2020-07-30,Network Engineer,EW,Active,Full-Time,Zone A,Part-Time,Production,Field Operations,1971-11-27,MA,Male,Black,Married,Fully Meets,4,2023-03-29,4,1,2,2022-10-20,Customer Service,External,Incomplete,1,802.98,49,0,729.9818181818181,2.3333333333333335
2328,2019-03-18,Network Engineer,MSC,Active,Full-Time,Zone B,Part-Time,Production,General - Con,1980-05-26,MA,Male,Asian,Divorced,Fully Meets,4,2022-02-09,1,4,3,2023-03-01,Communication Skills,Internal,Passed,3,960.9,39,1,309.96774193548384,2.6666666666666665
2329,2019-07-25,Network Engineer,TNS,Active,Full-Time,Zone A,Full-Time,Executive Office,Aerial,1962-10-26,MA,Male,Asian,Single,Fully Meets,2,2022-02-09,2,3,1,2023-01-21,Leadership Development,External,Incomplete,2,209.86,57,0,99.93333333333334,2.0
2330,2021-10-16,Data Analyst,SVG,Active,Full-Time,Zone C,Part-Time,Production,Executive,1957-12-13,MA,Male,Other,Married,Fully Meets,2,2022-11-09,3,4,5,2023-03-21,Customer Service,Internal,Passed,2,942.81,64,1,448.9571428571428,4.0
2331,2019-12-06,Data Analyst,TNS,Active,Contract,Zone C,Part-Time,Production,Wireline Construction,1952-02-14,MA,Male,Black,Divorced,Fully Meets,1,2022-11-12,2,5,3,2023-01-16,Technical Skills,Internal,Failed,3,108.2,67,0,34.903225806451616,3.3333333333333335
2332,2019-06-29,Data Analyst,WBL,Active,Contract,Zone C,Full-Time,Production,Fielders,1971-08-21,MA,Male,White,Widowed,Fully Meets,4,2022-02-11,1,1,1,2022-11-29,Communication Skills,Internal,Completed,3,144.68,48,1,46.670967741935485,1.0
2333,2019-04-03,Data Analyst,BPC,Active,Full-Time,Zone C,Temporary,IT/IS,Yard (Material Handling),1951-07-19,MA,Female,Asian,Divorced,Fully Meets,1,2023-04-19,5,4,2,2023-04-01,Technical Skills,Internal,Failed,4,769.76,68,0,187.74634146341464,3.6666666666666665
2334,2021-07-21,Data Analyst,CCDR,Active,Contract,Zone A,Temporary,IT/IS,Engineers,1983-02-19,MA,Male,Asian,Single,Fully Meets,4,2022-01-12,3,3,5,2023-03-21,Project Management,Internal,Failed,5,860.16,38,0,168.65882352941176,3.6666666666666665
2335,2022-07-27,Data Analyst,EW,Active,Full-Time,Zone C,Temporary,IT/IS,General - Con,1944-11-19,MA,Male,White,Divorced,Fully Meets,4,2023-03-24,1,5,5,2022-09-01,Communication Skills,Internal,Completed,4,957.24,78,1,233.47317073170734,3.6666666666666665
2336,2019-10-06,Production Manager,CCDR,Active,Contract,Zone A,Full-Time,Production,General - Con,1984-06-05,MA,Female,Other,Single,Fully Meets,4,2022-10-08,5,1,5,2023-02-06,Communication Skills,External,Completed,3,301.03,35,1,97.10645161290321,3.6666666666666665
2337,2021-04-16,Production Manager,SVG,Active,Full-Time,Zone C,Part-Time,Production,Engineers,1989-01-25,MA,Male,Other,Single,Fully Meets,4,2023-09-07,1,4,3,2023-07-15,Project Management,Internal,Incomplete,2,366.82,32,0,174.67619047619047,2.6666666666666665
2338,2018-10-10,Production Manager,EW,Active,Part-Time,Zone C,Temporary,Production,Project Management - Con,1971-06-08,MA,Female,Other,Married,Fully Meets,4,2022-09-09,2,3,5,2023-06-18,Customer Service,External,Completed,2,819.8,47,1,390.38095238095235,3.3333333333333335
2339,2022-07-25,Production Manager,MSC,Terminated,Full-Time,Zone B,Part-Time,Production,General - Sga,1972-06-08,MA,Female,Black,Married,Fully Meets,1,2023-03-22,3,1,5,2022-12-02,Leadership Development,Internal,Failed,5,369.94,50,0,72.5372549019608,3.0
2340,2021-03-17,Production Manager,TNS,Terminated,Contract,Zone A,Temporary,Production,General - Con,2001-02-27,MA,Female,White,Single,Fully Meets,5,2023-05-23,4,5,3,2023-05-05,Project Management,External,Failed,1,811.91,20,0,738.0999999999999,4.0
2341,2018-10-13,Production Manager,PYZ,Active,Full-Time,Zone A,Full-Time,Production,General - Sga,1984-02-11,MA,Female,Hispanic,Divorced,Fully Meets,2,2022-10-14,1,5,2,2023-04-06,Communication Skills,Internal,Failed,2,121.05,34,0,57.64285714285714,2.6666666666666665
2342,2020-01-09,Production Manager,WBL,Active,Part-Time,Zone C,Temporary,Production,Field Operations,1967-05-14,MA,Female,Other,Single,Fully Meets,5,2023-07-24,1,4,3,2023-05-30,Communication Skills,Internal,Completed,1,704.53,53,1,640.4818181818181,2.6666666666666665
2343,2019-09-18,Production Manager,NEL,Active,Full-Time,Zone B,Temporary,Production,Wireless,1998-10-17,MA,Female,Hispanic,Single,Fully Meets,4,2022-11-22,1,3,4,2023-05-31,Customer Service,Internal,Completed,5,959.22,21,1,188.08235294117648,2.6666666666666665
2344,2019-10-26,Production Manager,PL,Active,Contract,Zone C,Temporary,Production,Yard (Material Handling),1991-08-23,MA,Female,Other,Divorced,Fully Meets,1,2023-08-02,2,5,5,2023-03-13,Technical Skills,External,Completed,2,967.05,28,1,460.49999999999994,4.0
2345,2020-09-14,Production Manager,BPC,Terminated,Full-Time,Zone B,Temporary,Production,Field Operations,1971-10-01,MA,Female,Hispanic,Married,Fully Meets,2,2023-01-14,2,1,5,2022-10-09,Project Management,External,Incomplete,3,379.57,49,0,122.44193548387096,2.6666666666666665
2346,2023-04-09,Production Manager,CCDR,Active,Part-Time,Zone A,Full-Time,Production,Field Operations,1984-02-28,MA,Female,Hispanic,Widowed,Fully Meets,4,2023-06-02,5,3,1,2022-10-02,Customer Service,External,Completed,3,811.14,39,1,261.658064516129,3.0
2347,2019-10-25,President & CEO,SVG,Active,Full-Time,Zone A,Part-Time,Production,Field Operations,1977-07-11,MA,Female,White,Single,Fully Meets,1,2023-09-01,2,3,2,2022-12-14,Communication Skills,Internal,Passed,1,780.53,42,1,709.5727272727272,2.3333333333333335
2348,2022-06-25,Network Engineer,EW,Active,Part-Time,Zone C,Full-Time,Production,Field Operations,1976-02-21,MA,Male,Asian,Single,Fully Meets,1,2022-12-10,4,4,2,2023-04-13,Technical Skills,Internal,Passed,1,927.52,46,1,843.1999999999999,3.3333333333333335
2349,2023-01-26,Network Engineer,MSC,Active,Part-Time,Zone C,Full-Time,Production,General - Con,1956-03-06,MA,Male,Black,Widowed,Fully Meets,4,2022-05-11,5,5,1,2023-04-22,Communication Skills,Internal,Completed,2,317.31,67,1,151.1,3.6666666666666665
2350,2020-02-19,Network Engineer,TNS,Active,Part-Time,Zone A,Temporary,Executive Office,Wireline Construction,1973-04-24,MA,Male,Black,Divorced,Fully Meets,2,2022-08-24,1,4,5,2023-03-09,Leadership Development,Internal,Failed,3,858.34,47,0,276.8838709677419,3.3333333333333335
2351,2019-12-24,Data Analyst,EW,Active,Contract,Zone B,Temporary,Production,Engineers,1943-02-27,MA,Male,Hispanic,Widowed,Fully Meets,4,2023-02-21,3,3,5,2023-03-11,Communication Skills,Internal,Incomplete,4,173.96,76,0,42.429268292682934,3.6666666666666665
2352,2020-10-16,Data Analyst,MSC,Active,Full-Time,Zone B,Temporary,Production,General - Con,1993-12-31,MA,Male,White,Widowed,Fully Meets,2,2023-11-07,2,3,3,2022-09-11,Communication Skills,External,Completed,4,889.07,27,1,216.84634146341466,2.6666666666666665
2353,2018-09-07,Data Analyst,TNS,Active,Part-Time,Zone B,Full-Time,IT/IS,Field Operations,1997-07-26,MA,Female,Hispanic,Married,Fully Meets,2,2022-10-17,2,4,3,2023-07-18,Technical Skills,Internal,Failed,3,198.56,21,0,64.0516129032258,3.0
2354,2022-01-07,Data Analyst,PYZ,Active,Part-Time,Zone C,Full-Time,IT/IS,Wireline Construction,1971-02-09,MA,Female,White,Divorced,Fully Meets,2,2023-10-06,5,1,1,2023-06-13,Communication Skills,External,Completed,5,572.14,51,1,112.1843137254902,2.3333333333333335
2355,2019-03-25,Data Analyst,WBL,Active,Contract,Zone C,Temporary,IT/IS,Field Operations,1943-01-17,MA,Male,Asian,Single,Fully Meets,1,2022-11-15,1,1,4,2023-07-16,Customer Service,External,Failed,3,945.93,76,0,305.13870967741934,2.0
2356,2021-11-18,Data Analyst,NEL,Active,Part-Time,Zone C,Temporary,IT/IS,Catv,1955-07-14,MA,Male,Black,Single,Fully Meets,4,2023-07-03,4,1,1,2023-05-25,Technical Skills,External,Passed,4,668.66,66,1,163.0878048780488,2.0
2357,2022-12-31,Production Manager,PL,Active,Contract,Zone B,Temporary,Production,General - Con,1943-09-15,MA,Female,Black,Married,Fully Meets,1,2022-12-11,1,2,3,2023-05-17,Leadership Development,Internal,Failed,3,483.49,79,0,155.96451612903226,2.0
2358,2020-05-14,Production Manager,PYZ,Active,Part-Time,Zone B,Temporary,Production,Executive,1993-03-20,MA,Male,Black,Married,Fully Meets,4,2022-07-09,5,3,3,2023-04-14,Project Management,External,Incomplete,3,164.22,27,0,52.97419354838709,3.6666666666666665
2359,2020-12-13,Production Manager,SVG,Active,Full-Time,Zone B,Part-Time,Production,Engineers,1996-01-07,MA,Female,Other,Married,Fully Meets,2,2023-08-07,4,4,3,2023-05-30,Technical Skills,External,Failed,3,850.73,24,0,274.4290322580645,3.6666666666666665
2360,2021-11-16,Production Manager,TNS,Terminated,Part-Time,Zone B,Part-Time,Production,Fielders,1990-06-10,MA,Female,Asian,Widowed,Fully Meets,1,2023-07-02,4,4,3,2022-10-13,Project Management,Internal,Passed,1,400.62,31,1,364.2,3.6666666666666665
2361,2022-12-01,Production Manager,WBL,Terminated,Full-Time,Zone C,Full-Time,Production,Project Management - Con,1996-05-12,MA,Female,Asian,Divorced,Fully Meets,2,2023-12-02,4,4,2,2022-09-08,Customer Service,External,Failed,4,148.29,26,0,36.16829268292683,3.3333333333333335
2362,2020-10-30,Production Manager,BPC,Active,Full-Time,Zone C,Part-Time,Production,Field Operations,1974-06-05,MA,Female,Asian,Married,Fully Meets,2,2023-01-21,5,4,5,2023-02-06,Project Management,Internal,Incomplete,3,543.65,46,0,175.37096774193546,4.666666666666667
2363,2021-02-08,Production Manager,CCDR,Active,Full-Time,Zone C,Temporary,Production,Wireline Construction,1983-02-17,MA,Female,Hispanic,Widowed,Fully Meets,2,2023-07-16,2,5,1,2023-02-04,Communication Skills,External,Incomplete,3,282.26,38,0,91.0516129032258,2.6666666666666665
2364,2019-08-05,Production Manager,EW,Active,Full-Time,Zone A,Temporary,Production,Field Operations,1960-08-24,MA,Male,Black,Widowed,Fully Meets,5,2023-02-02,4,2,4,2022-12-04,Project Management,External,Completed,3,123.81,59,1,39.938709677419354,3.3333333333333335
2365,2018-11-29,Production Manager,MSC,Terminated,Contract,Zone A,Temporary,Production,Engineers,1953-08-25,MA,Female,Black,Married,Fully Meets,1,2022-07-09,1,1,1,2022-08-11,Communication Skills,External,Passed,5,355.8,65,1,69.76470588235294,1.0
2366,2018-11-16,Production Manager,NEL,Terminated,Full-Time,Zone B,Part-Time,Production,Fielders,1944-07-22,MA,Female,Asian,Divorced,Fully Meets,2,2023-04-30,4,2,5,2022-08-16,Project Management,Internal,Incomplete,3,184.59,74,0,59.54516129032258,3.6666666666666665
2367,2020-08-23,Production Manager,PL,Active,Contract,Zone C,Part-Time,Production,Wireline Construction,1959-07-29,MA,Female,Hispanic,Widowed,Fully Meets,5,2022-10-26,3,2,5,2023-04-27,Project Management,Internal,Completed,3,249.77,61,1,80.57096774193549,3.3333333333333335
2368,2020-08-22,President & CEO,PYZ,Active,Full-Time,Zone B,Temporary,Production,Wireline Construction,1950-03-31,MA,Female,White,Single,Fully Meets,1,2022-06-11,5,2,1,2023-03-30,Technical Skills,External,Completed,4,285.54,70,1,69.6439024390244,2.6666666666666665
2369,2021-10-19,Network Engineer,SVG,Active,Part-Time,Zone B,Full-Time,Production,Field Operations,1987-09-16,MA,Male,Other,Divorced,Fully Meets,5,2023-02-18,5,2,4,2023-07-26,Leadership Development,External,Failed,5,711.15,34,0,139.44117647058823,3.6666666666666665
2370,2020-02-21,Network Engineer,TNS,Active,Contract,Zone B,Full-Time,Production,Field Operations,1952-01-31,MA,Male,Other,Widowed,Fully Meets,5,2022-03-10,1,2,4,2023-06-07,Leadership Development,External,Incomplete,3,644.97,68,0,208.05483870967743,2.3333333333333335
2371,2022-11-21,Data Analyst,EW,Active,Contract,Zone B,Temporary,Production,Field Operations,2000-05-30,MA,Male,White,Married,Fully Meets,1,2023-10-01,2,1,5,2023-04-19,Customer Service,Internal,Passed,4,133.56,22,1,32.57560975609756,2.6666666666666665
2372,2019-08-05,Data Analyst,CCDR,Active,Full-Time,Zone A,Part-Time,Production,Field Operations,1992-10-03,MA,Female,Hispanic,Single,Fully Meets,2,2023-02-08,3,4,5,2023-01-27,Leadership Development,Internal,Completed,2,784.93,27,1,373.77619047619044,4.0
2373,2020-11-05,Data Analyst,BPC,Active,Full-Time,Zone A,Full-Time,IT/IS,Catv,1982-10-22,MA,Female,Other,Divorced,Fully Meets,2,2023-07-21,3,5,5,2023-02-16,Project Management,External,Completed,4,801.63,38,1,195.51951219512196,4.333333333333333
2374,2021-06-12,Data Analyst,WBL,Active,Part-Time,Zone A,Part-Time,IT/IS,Field Operations,1962-09-08,MA,Female,Asian,Divorced,Fully Meets,2,2023-01-16,1,2,1,2023-05-01,Customer Service,External,Incomplete,2,650.48,59,0,309.752380952381,1.3333333333333333
2375,2018-09-13,Data Analyst,TNS,Active,Contract,Zone B,Full-Time,IT/IS,General - Con,1958-02-11,MA,Male,Black,Single,Fully Meets,1,2022-08-14,2,4,2,2022-11-20,Project Management,External,Failed,5,770.33,60,0,151.0450980392157,2.6666666666666665
2376,2023-04-09,Production Manager,CCDR,Active,Full-Time,Zone A,Temporary,Production,Field Operations,1983-10-10,MA,Female,Asian,Divorced,Fully Meets,4,2022-07-12,5,2,4,2023-04-26,Communication Skills,Internal,Completed,5,755.69,40,1,148.17450980392158,3.6666666666666665
2377,2021-01-09,Production Manager,SVG,Active,Contract,Zone B,Part-Time,Production,Executive,1960-06-14,MA,Male,White,Single,Fully Meets,4,2022-12-31,1,2,1,2022-12-25,Leadership Development,External,Failed,1,921.26,61,0,837.5090909090908,1.3333333333333333
2378,2020-03-23,Production Manager,EW,Active,Part-Time,Zone A,Full-Time,Production,Project Management - Eng,1944-11-23,MA,Female,Other,Married,Fully Meets,2,2023-04-07,2,5,3,2023-04-07,Leadership Development,Internal,Passed,3,751.79,76,1,242.51290322580644,3.3333333333333335
2379,2019-10-19,Production Manager,MSC,Terminated,Full-Time,Zone C,Part-Time,Production,Fielders,1991-12-22,MA,Female,Asian,Divorced,Fully Meets,2,2023-01-07,2,5,1,2022-08-24,Communication Skills,External,Completed,4,146.18,28,1,35.65365853658537,2.6666666666666665
2380,2023-07-02,Production Manager,TNS,Active,Full-Time,Zone A,Temporary,Production,General - Con,1956-12-19,MA,Female,Other,Married,Fully Meets,2,2022-10-25,2,1,3,2022-11-03,Customer Service,Internal,Completed,5,910.96,67,1,178.6196078431373,2.0
2381,2019-08-29,Production Manager,PYZ,Active,Part-Time,Zone B,Part-Time,Production,Catv,1988-08-04,MA,Female,Other,Divorced,Fully Meets,2,2023-02-15,2,3,3,2023-01-27,Technical Skills,External,Passed,1,404.78,31,1,367.98181818181814,2.6666666666666665
2382,2023-07-17,Production Manager,WBL,Active,Part-Time,Zone C,Temporary,Production,Catv,1943-10-12,MA,Male,Asian,Single,Fully Meets,1,2022-11-19,4,3,4,2023-08-01,Project Management,Internal,Completed,1,751.78,80,1,683.4363636363636,3.6666666666666665
2383,2020-02-02,Production Manager,NEL,Active,Full-Time,Zone A,Full-Time,Production,Field Operations,1973-08-04,MA,Male,Asian,Widowed,Fully Meets,4,2022-11-21,5,3,5,2022-08-09,Customer Service,External,Incomplete,1,374.73,47,0,340.66363636363633,4.333333333333333
2384,2021-10-14,Production Manager,PL,Terminated,Full-Time,Zone A,Temporary,Production,Field Operations,1979-11-09,MA,Female,Hispanic,Married,Fully Meets,5,2022-03-09,2,2,2,2022-10-03,Communication Skills,Internal,Failed,3,166.1,42,0,53.58064516129032,2.0
2385,2020-04-10,Production Manager,BPC,Active,Contract,Zone A,Part-Time,Production,Yard (Material Handling),1953-11-19,MA,Female,Asian,Single,Fully Meets,2,2023-01-15,2,1,3,2023-03-31,Technical Skills,Internal,Incomplete,1,574.91,67,0,522.6454545454545,2.0
2386,2018-12-14,Production Manager,CCDR,Active,Part-Time,Zone B,Part-Time,Production,Finance & Accounting,1975-12-25,MA,Female,Black,Widowed,Fully Meets,1,2022-12-16,1,4,3,2022-09-28,Customer Service,External,Failed,3,390.96,43,0,126.11612903225806,2.6666666666666665
2387,2022-06-27,President & CEO,SVG,Active,Contract,Zone C,Temporary,Production,Safety,1994-05-28,MA,Male,Hispanic,Widowed,Fully Meets,1,2023-06-01,1,2,5,2023-03-05,Communication Skills,Internal,Failed,2,459.27,28,0,218.7,2.6666666666666665
2388,2020-09-07,Network Engineer,EW,Active,Contract,Zone C,Temporary,Production,Fielders,1953-05-15,MA,Male,Other,Single,Fully Meets,2,2023-06-06,5,2,4,2023-06-30,Project Management,Internal,Completed,4,949.32,67,1,231.54146341463417,3.6666666666666665
2389,2019-11-03,Data Analyst,EW,Active,Contract,Zone C,Part-Time,Production,General - Eng,1976-05-22,MA,Male,White,Widowed,Fully Meets,2,2023-06-06,1,4,2,2023-07-28,Technical Skills,Internal,Completed,1,718.39,43,1,653.0818181818181,2.3333333333333335
2390,2020-05-15,Data Analyst,MSC,Active,Part-Time,Zone C,Part-Time,Production,Engineers,1943-02-13,MA,Female,Asian,Divorced,Fully Meets,1,2022-10-18,1,5,4,2023-07-19,Customer Service,External,Completed,5,923.06,77,1,180.9921568627451,3.3333333333333335
2391,2023-04-28,Data Analyst,TNS,Active,Part-Time,Zone B,Full-Time,IT/IS,Splicing,1964-11-02,MA,Female,Asian,Widowed,Fully Meets,1,2023-06-22,3,3,3,2022-12-10,Technical Skills,External,Failed,3,363.35,59,0,117.20967741935485,3.0
2392,2019-08-05,Data Analyst,BPC,Active,Full-Time,Zone A,Full-Time,IT/IS,People Services,1944-09-27,MA,Male,Black,Single,Fully Meets,1,2023-06-19,4,3,2,2022-12-17,Customer Service,External,Failed,5,652.9,75,0,128.01960784313727,3.0
2393,2018-12-05,Production Manager,NEL,Active,Full-Time,Zone C,Part-Time,Production,Engineers,1993-04-09,MA,Female,Other,Widowed,Fully Meets,5,2023-12-05,3,2,2,2023-02-27,Project Management,External,Completed,5,803.82,25,1,157.61176470588236,2.3333333333333335
2394,2022-04-25,Production Manager,PL,Active,Full-Time,Zone C,Full-Time,Production,Field Operations,1980-09-17,MA,Male,White,Single,Fully Meets,2,2022-11-18,4,1,1,2022-09-22,Customer Service,Internal,Completed,1,661.88,42,1,601.7090909090908,2.0
2395,2019-12-10,Production Manager,PYZ,Active,Part-Time,Zone C,Part-Time,Production,General - Eng,1983-06-24,MA,Male,Black,Divorced,Fully Meets,1,2023-02-23,1,1,4,2023-03-29,Customer Service,External,Completed,5,337.08,36,1,66.09411764705882,2.0
2396,2022-06-30,Production Manager,SVG,Terminated,Contract,Zone C,Part-Time,Production,General - Eng,1960-07-18,MA,Female,Other,Single,Fully Meets,1,2022-12-14,3,4,2,2022-11-22,Project Management,External,Completed,5,887.46,62,1,174.01176470588237,3.0
2397,2018-09-19,Production Manager,TNS,Active,Part-Time,Zone B,Full-Time,Production,Field Operations,1990-08-22,MA,Female,Other,Widowed,Fully Meets,2,2022-08-09,2,5,2,2022-11-10,Project Management,External,Completed,5,514.94,28,1,100.9686274509804,3.0
2398,2019-07-08,Production Manager,WBL,Active,Contract,Zone C,Temporary,Production,General - Con,1959-11-06,MA,Female,White,Widowed,Fully Meets,5,2023-07-01,4,3,3,2022-12-13,Technical Skills,External,Incomplete,3,304.35,60,0,98.17741935483872,3.3333333333333335
2399,2023-05-25,Production Manager,PYZ,Active,Full-Time,Zone B,Part-Time,Production,Wireline Construction,1958-06-13,MA,Male,White,Married,Fully Meets,4,2022-11-29,1,4,2,2023-03-15,Customer Service,External,Passed,1,329.83,65,1,299.8454545454545,2.3333333333333335
2400,2018-11-03,Production Manager,WBL,Active,Contract,Zone A,Part-Time,Production,General - Sga,1961-12-06,MA,Male,Black,Married,Fully Meets,2,2023-03-28,4,4,3,2023-07-23,Communication Skills,External,Completed,4,872.57,57,1,212.82195121951221,3.6666666666666665
2401,2022-11-09,Production Manager,NEL,Terminated,Full-Time,Zone C,Part-Time,Production,Field Operations,1945-09-23,MA,Female,Asian,Divorced,Fully Meets,5,2022-12-23,1,1,3,2022-11-01,Customer Service,Internal,Failed,4,935.2,77,0,228.09756097560978,1.6666666666666667
2402,2022-04-14,Production Manager,PL,Terminated,Full-Time,Zone C,Full-Time,Production,Shop (Fleet),1985-09-19,MA,Female,Black,Widowed,Fully Meets,2,2022-10-29,3,2,2,2023-02-18,Communication Skills,External,Failed,1,478.73,37,0,435.2090909090909,2.3333333333333335
2403,2020-08-06,Production Manager,BPC,Active,Full-Time,Zone C,Temporary,Production,Finance & Accounting,1958-03-22,MA,Female,Hispanic,Married,Fully Meets,4,2022-07-11,3,3,3,2022-08-25,Technical Skills,External,Failed,5,766.04,62,0,150.20392156862746,3.0
2404,2019-06-26,Production Manager,CCDR,Active,Contract,Zone C,Temporary,Production,General - Con,1949-05-19,MA,Female,White,Divorced,Fully Meets,2,2023-01-05,3,3,1,2023-04-21,Project Management,External,Failed,3,561.63,70,0,181.17096774193547,2.3333333333333335
2405,2020-09-13,President & CEO,SVG,Terminated,Full-Time,Zone B,Part-Time,Production,Field Operations,1950-06-04,MA,Male,White,Divorced,Fully Meets,4,2023-07-25,4,1,2,2023-03-19,Technical Skills,External,Completed,1,722.5,70,1,656.8181818181818,2.3333333333333335
2406,2018-11-13,Network Engineer,EW,Active,Part-Time,Zone B,Part-Time,Production,Engineers,1971-03-25,MA,Male,Black,Widowed,Fully Meets,1,2023-02-24,1,4,4,2023-05-19,Communication Skills,Internal,Failed,1,100.04,47,0,90.94545454545454,3.0
2407,2019-10-06,Data Analyst,EW,Active,Full-Time,Zone C,Temporary,Production,Finance & Accounting,1953-04-17,MA,Male,Other,Widowed,Fully Meets,4,2022-09-23,3,5,5,2022-11-15,Project Management,Internal,Completed,2,545.35,66,1,259.6904761904762,4.333333333333333
2408,2021-09-15,Data Analyst,MSC,Active,Full-Time,Zone B,Part-Time,IT/IS,Field Operations,1962-10-01,MA,Female,Black,Divorced,Fully Meets,5,2022-08-26,2,5,5,2022-09-04,Project Management,Internal,Failed,1,968.87,59,0,880.790909090909,4.0
2409,2020-02-06,Data Analyst,TNS,Active,Full-Time,Zone B,Full-Time,IT/IS,Engineers,1996-10-30,MA,Female,White,Single,Fully Meets,4,2023-11-01,3,3,3,2023-04-07,Customer Service,External,Passed,1,949.78,24,1,863.4363636363636,3.0
2410,2022-10-21,Data Analyst,PYZ,Active,Full-Time,Zone B,Part-Time,IT/IS,Engineers,1957-11-19,MA,Male,White,Divorced,Fully Meets,2,2023-03-05,4,4,1,2022-09-24,Technical Skills,External,Failed,3,341.65,65,0,110.20967741935483,3.0
2411,2022-10-11,Production Manager,NEL,Active,Part-Time,Zone B,Temporary,Production,General - Con,1994-07-16,MA,Female,Black,Widowed,Fully Meets,2,2023-01-23,2,3,3,2023-02-27,Project Management,External,Failed,4,798.7,28,0,194.80487804878052,2.6666666666666665
2412,2022-01-30,Production Manager,PL,Active,Full-Time,Zone B,Part-Time,Production,Engineers,1994-10-13,MA,Male,White,Widowed,Fully Meets,2,2023-10-04,5,4,5,2023-01-21,Project Management,Internal,Passed,5,859.0,28,1,168.4313725490196,4.666666666666667
2413,2022-07-27,Production Manager,PYZ,Active,Full-Time,Zone B,Temporary,Production,General - Con,1942-10-04,MA,Female,White,Single,Fully Meets,4,2022-08-11,4,2,2,2022-09-01,Communication Skills,External,Failed,1,193.51,80,0,175.9181818181818,2.6666666666666665
2414,2022-05-26,Production Manager,SVG,Active,Part-Time,Zone B,Part-Time,Production,General - Con,1952-07-16,MA,Female,Asian,Single,Fully Meets,2,2022-05-09,1,1,5,2022-09-01,Technical Skills,External,Failed,5,506.08,70,0,99.23137254901961,2.3333333333333335
2415,2021-02-08,Production Manager,TNS,Active,Full-Time,Zone B,Full-Time,Production,Field Operations,1952-10-09,MA,Female,White,Married,Fully Meets,4,2023-08-02,1,2,5,2022-08-18,Customer Service,Internal,Failed,4,938.18,69,0,228.82439024390246,2.6666666666666665
2416,2022-06-06,Production Manager,WBL,Active,Contract,Zone C,Full-Time,Production,General - Con,1994-08-06,MA,Male,Asian,Single,Fully Meets,2,2022-01-11,4,5,1,2023-05-06,Communication Skills,Internal,Failed,2,344.8,28,0,164.19047619047618,3.3333333333333335
2417,2021-02-27,Production Manager,BPC,Active,Contract,Zone C,Full-Time,Production,Engineers,1986-10-11,MA,Male,White,Single,Fully Meets,4,2022-09-17,2,3,4,2022-10-31,Communication Skills,External,Passed,4,587.29,35,1,143.24146341463415,3.0
2418,2022-01-26,Production Manager,CCDR,Terminated,Contract,Zone B,Temporary,Production,Project Management - Con,1942-06-20,MA,Male,Black,Married,Fully Meets,1,2023-08-03,3,2,5,2023-01-27,Technical Skills,External,Failed,5,966.19,80,0,189.44901960784316,3.3333333333333335
2419,2020-04-01,Production Manager,EW,Active,Part-Time,Zone A,Temporary,Production,Wireline Construction,2000-08-16,MA,Female,White,Married,Fully Meets,2,2022-12-22,2,2,1,2023-07-05,Project Management,External,Completed,4,433.85,20,1,105.81707317073172,1.6666666666666667
2420,2020-06-03,Production Manager,MSC,Active,Contract,Zone B,Full-Time,Production,Project Management - Con,1949-01-04,MA,Female,White,Single,Fully Meets,5,2023-07-05,4,3,1,2023-01-29,Project Management,Internal,Passed,3,684.64,71,1,220.8516129032258,2.6666666666666665
2421,2021-11-20,Production Manager,NEL,Active,Full-Time,Zone C,Part-Time,Production,Engineers,1986-03-09,MA,Female,Asian,Married,Fully Meets,2,2023-03-04,1,3,5,2023-07-08,Customer Service,Internal,Completed,3,442.48,35,1,142.73548387096776,3.0
2422,2021-12-21,Production Manager,PL,Terminated,Part-Time,Zone A,Temporary,Production,General - Con,1949-03-16,MA,Male,Hispanic,Widowed,Fully Meets,2,2022-10-18,5,4,5,2022-08-29,Leadership Development,External,Failed,1,400.73,72,0,364.3,4.666666666666667
2423,2018-10-10,President & CEO,PYZ,Active,Contract,Zone A,Full-Time,Production,General - Con,1977-10-11,MA,Male,Asian,Divorced,Fully Meets,1,2023-06-04,3,3,5,2023-06-15,Technical Skills,Internal,Failed,5,523.75,41,0,102.69607843137256,3.6666666666666665
2424,2019-02-26,Network Engineer,SVG,Active,Full-Time,Zone C,Full-Time,Executive Office,Engineers,1974-08-18,MA,Male,Hispanic,Divorced,Fully Meets,2,2023-02-25,2,1,4,2022-10-18,Customer Service,Internal,Failed,1,292.85,45,0,266.22727272727275,2.3333333333333335
2425,2022-06-19,Director of Operations,MSC,Active,Contract,Zone C,Full-Time,Production,Wireline Construction,1982-06-15,MA,Male,Asian,Divorced,Fully Meets,2,2023-03-28,2,2,2,2023-04-23,Technical Skills,External,Failed,3,136.76,40,0,44.11612903225806,2.0
2426,2020-07-20,Data Analyst,EW,Active,Full-Time,Zone C,Part-Time,Production,General - Con,1959-03-03,MA,Female,White,Widowed,Fully Meets,2,2022-10-21,5,5,3,2022-11-21,Leadership Development,External,Incomplete,4,107.48,61,0,26.214634146341467,4.333333333333333
2427,2020-01-17,Data Analyst,CCDR,Active,Part-Time,Zone C,Full-Time,IT/IS,Field Operations,1956-11-22,MA,Female,Asian,Divorced,Fully Meets,5,2023-04-14,2,2,1,2023-01-27,Communication Skills,Internal,Passed,2,528.76,64,1,251.79047619047617,1.6666666666666667
2428,2021-06-04,Data Analyst,BPC,Active,Part-Time,Zone B,Temporary,IT/IS,Yard (Material Handling),1963-01-22,MA,Female,White,Divorced,Fully Meets,4,2022-11-30,2,5,5,2023-07-13,Customer Service,External,Passed,4,549.8,58,1,134.09756097560975,4.0
2429,2019-04-19,Production Manager,BPC,Active,Part-Time,Zone C,Temporary,Production,Field Operations,1999-01-05,MA,Male,Black,Widowed,Fully Meets,4,2022-06-11,3,4,2,2022-12-09,Communication Skills,External,Completed,5,308.1,20,1,60.41176470588236,3.0
2430,2018-11-17,Production Manager,CCDR,Active,Full-Time,Zone B,Part-Time,Production,General - Con,1948-04-25,MA,Male,White,Single,Fully Meets,2,2022-09-22,2,1,1,2023-05-26,Technical Skills,External,Passed,2,622.08,70,1,296.22857142857146,1.3333333333333333
2431,2022-08-18,Production Manager,SVG,Active,Contract,Zone A,Full-Time,Production,General - Con,1942-12-03,MA,Female,Asian,Widowed,Fully Meets,4,2022-10-31,4,2,5,2023-03-17,Customer Service,External,Incomplete,3,730.23,80,0,235.55806451612904,3.6666666666666665
2432,2023-02-10,Production Manager,EW,Terminated,Contract,Zone C,Full-Time,Production,Yard (Material Handling),1963-04-18,MA,Female,Asian,Married,Fully Meets,2,2023-07-30,1,1,2,2022-08-17,Customer Service,External,Failed,1,353.71,60,0,321.5545454545454,1.3333333333333333
2433,2020-04-22,Production Manager,MSC,Active,Contract,Zone C,Temporary,Production,Engineers,1976-08-30,MA,Male,White,Widowed,Fully Meets,1,2022-05-08,1,5,3,2023-04-20,Technical Skills,Internal,Completed,4,580.82,44,1,141.66341463414636,3.0
2434,2023-01-14,Production Manager,TNS,Active,Part-Time,Zone A,Full-Time,Production,General - Con,1991-09-22,MA,Male,Asian,Single,Fully Meets,5,2022-08-14,5,2,5,2022-09-06,Leadership Development,External,Failed,4,810.59,32,0,197.7048780487805,4.0
2435,2023-03-13,Production Manager,PYZ,Terminated,Full-Time,Zone C,Part-Time,Production,Engineers,1982-05-06,MA,Male,Other,Widowed,Fully Meets,2,2023-01-29,1,3,2,2023-03-26,Communication Skills,Internal,Incomplete,5,150.58,41,0,29.525490196078437,2.0
2436,2022-12-30,Production Manager,WBL,Terminated,Full-Time,Zone B,Part-Time,Production,Field Operations,1958-04-23,MA,Male,Asian,Widowed,Fully Meets,4,2022-04-11,1,3,3,2023-05-09,Project Management,External,Failed,5,985.02,64,0,193.14117647058825,2.3333333333333335
2437,2020-06-04,Production Manager,NEL,Terminated,Full-Time,Zone A,Full-Time,Production,Shop (Fleet),1977-05-30,MA,Female,Other,Single,Fully Meets,2,2022-10-17,3,5,2,2023-05-02,Customer Service,External,Completed,2,669.99,43,1,319.04285714285714,3.3333333333333335
2438,2022-03-13,Production Manager,PL,Active,Contract,Zone A,Full-Time,Production,Wireless,1964-09-22,MA,Female,Black,Divorced,Fully Meets,5,2022-09-11,4,1,4,2022-11-14,Customer Service,External,Failed,1,101.26,58,0,92.05454545454545,3.0
2439,2021-08-21,Production Manager,BPC,Active,Contract,Zone B,Part-Time,Production,Engineers,1944-10-05,MA,Female,White,Single,Fully Meets,5,2022-08-15,4,3,5,2022-10-29,Project Management,External,Failed,4,816.24,77,0,199.0829268292683,4.0
2440,2021-05-15,Production Manager,CCDR,Active,Contract,Zone B,Temporary,Production,General - Con,1962-07-23,MA,Male,Other,Divorced,Fully Meets,1,2023-08-03,2,5,2,2022-11-24,Communication Skills,Internal,Failed,4,809.02,59,0,197.32195121951221,3.0
2441,2021-07-14,President & CEO,SVG,Active,Contract,Zone B,Part-Time,Production,General - Sga,1973-12-19,MA,Male,Hispanic,Married,Fully Meets,2,2022-10-17,2,4,2,2022-10-17,Project Management,External,Passed,5,559.08,48,1,109.62352941176472,2.6666666666666665
2442,2023-01-31,Director of Operations,SVG,Active,Contract,Zone C,Full-Time,Production,Executive,1973-04-16,MA,Female,Black,Divorced,Fully Meets,1,2023-01-26,2,1,5,2023-01-18,Communication Skills,Internal,Failed,2,688.8,50,0,327.99999999999994,2.6666666666666665
2443,2020-07-27,Data Analyst,EW,Active,Part-Time,Zone B,Full-Time,Production,Wireline Construction,1976-03-28,MA,Female,White,Widowed,Fully Meets,1,2022-08-17,4,3,5,2022-12-30,Project Management,External,Completed,5,300.21,44,1,58.86470588235294,4.0
2444,2023-04-16,Data Analyst,MSC,Active,Part-Time,Zone C,Part-Time,IT/IS,Wireline Construction,1957-07-09,MA,Female,Black,Single,Fully Meets,4,2023-05-08,1,1,5,2022-11-03,Project Management,External,Completed,1,851.57,66,1,774.1545454545454,2.3333333333333335
2445,2019-12-30,Production Manager,MSC,Active,Contract,Zone B,Temporary,Production,General - Con,1969-12-31,MA,Female,Asian,Widowed,Fully Meets,2,2022-11-20,3,4,5,2023-05-11,Leadership Development,External,Failed,1,833.89,50,0,758.0818181818181,4.0
2446,2021-12-06,Production Manager,NEL,Active,Contract,Zone C,Full-Time,Production,Executive,1948-10-20,MA,Male,Black,Divorced,Fully Meets,5,2023-09-06,1,2,5,2023-06-19,Communication Skills,External,Passed,1,129.32,73,1,117.56363636363635,2.6666666666666665
2447,2020-02-02,Production Manager,PL,Active,Full-Time,Zone A,Full-Time,Production,Engineers,1992-04-13,MA,Female,White,Widowed,Fully Meets,4,2023-01-02,5,3,4,2022-08-21,Technical Skills,Internal,Completed,1,505.6,28,1,459.6363636363636,4.0
2448,2020-10-23,Production Manager,PYZ,Terminated,Full-Time,Zone C,Part-Time,Production,General - Eng,1989-01-17,MA,Female,Asian,Single,Fully Meets,4,2023-04-14,2,2,5,2022-09-29,Customer Service,Internal,Passed,5,633.54,31,1,124.2235294117647,3.0
2449,2020-04-29,Production Manager,SVG,Terminated,Part-Time,Zone B,Temporary,Production,Aerial,1986-10-02,MA,Female,Hispanic,Single,Fully Meets,4,2023-01-28,4,5,3,2023-01-18,Project Management,External,Passed,4,485.29,34,1,118.36341463414635,4.0
2450,2022-08-18,Production Manager,TNS,Active,Full-Time,Zone A,Part-Time,Production,Aerial,1996-10-15,MA,Male,Asian,Single,Fully Meets,1,2023-01-21,5,3,2,2023-01-18,Project Management,Internal,Completed,5,302.62,26,1,59.33725490196079,3.3333333333333335
2451,2020-09-08,Production Manager,WBL,Active,Contract,Zone A,Temporary,Production,Splicing,1943-11-14,MA,Male,Black,Married,Fully Meets,5,2023-03-17,5,3,1,2023-07-31,Communication Skills,External,Incomplete,1,510.72,77,0,464.29090909090905,3.0
2452,2022-10-14,Production Manager,BPC,Active,Full-Time,Zone C,Part-Time,Production,Project Management - Con,1972-10-23,MA,Male,Asian,Married,Fully Meets,2,2022-02-09,3,3,1,2023-06-29,Communication Skills,Internal,Incomplete,3,241.25,50,0,77.82258064516128,2.3333333333333335
2453,2023-05-13,Production Manager,CCDR,Active,Full-Time,Zone C,Full-Time,Production,Underground,1988-09-22,MA,Male,Other,Widowed,Fully Meets,1,2022-12-23,3,3,3,2022-11-28,Technical Skills,External,Incomplete,3,285.55,35,0,92.11290322580645,3.0
2454,2021-02-28,Production Manager,EW,Active,Full-Time,Zone A,Part-Time,Production,Fielders,1989-12-03,MA,Female,Asian,Married,Fully Meets,5,2022-09-24,1,4,3,2022-10-06,Leadership Development,Internal,Completed,1,524.51,32,1,476.82727272727266,2.6666666666666665
2455,2020-03-03,Production Manager,MSC,Active,Full-Time,Zone B,Full-Time,Production,General - Con,1991-06-12,MA,Female,Hispanic,Single,Fully Meets,2,2023-11-06,3,3,1,2023-06-08,Customer Service,External,Completed,4,218.61,29,1,53.31951219512196,2.3333333333333335
2456,2021-11-29,Production Manager,NEL,Active,Full-Time,Zone A,Full-Time,Production,Wireline Construction,1970-08-27,MA,Male,Asian,Single,Fully Meets,5,2022-09-22,4,5,3,2022-08-22,Customer Service,External,Failed,2,263.3,51,0,125.38095238095238,4.0
2457,2018-08-24,Production Manager,PL,Active,Part-Time,Zone A,Part-Time,Production,Field Operations,1961-04-14,MA,Male,Hispanic,Single,Fully Meets,2,2023-04-27,3,2,3,2023-05-19,Technical Skills,Internal,Incomplete,5,423.81,57,0,83.10000000000001,2.6666666666666665
2458,2020-10-21,President & CEO,PYZ,Active,Part-Time,Zone B,Temporary,Production,Shop (Fleet),1979-10-03,MA,Male,Other,Widowed,Fully Meets,2,2022-09-19,5,3,1,2023-05-20,Customer Service,Internal,Failed,5,912.62,41,0,178.9450980392157,3.0
2459,2020-12-15,Director of Operations,SVG,Active,Full-Time,Zone A,Temporary,Production,Field Operations,1995-10-07,RI,Female,Asian,Married,Fully Meets,4,2022-10-14,5,5,5,2022-11-27,Project Management,External,Failed,4,973.11,25,0,237.34390243902442,5.0
2460,2018-09-05,Data Analyst,EW,Active,Contract,Zone C,Full-Time,IT/IS,Finance & Accounting,1959-10-21,MA,Female,White,Widowed,Fully Meets,2,2023-03-24,3,4,2,2022-11-25,Communication Skills,External,Passed,5,637.58,59,1,125.01568627450982,3.0
2461,2021-09-27,Shared Services Manager,EW,Active,Part-Time,Zone A,Full-Time,Admin Offices,Splicing,1979-05-06,MA,Male,Black,Divorced,Fully Meets,5,2022-03-12,3,2,4,2023-07-13,Communication Skills,External,Completed,2,103.04,42,1,49.06666666666667,3.0
2462,2020-01-09,Production Manager,NEL,Active,Part-Time,Zone C,Full-Time,Production,General - Con,1948-03-11,MA,Female,White,Married,Fully Meets,2,2023-09-05,4,1,2,2023-02-05,Customer Service,External,Completed,3,758.62,72,1,244.71612903225807,2.3333333333333335
2463,2018-12-06,Production Manager,PL,Active,Part-Time,Zone A,Part-Time,Production,Fielders,1986-03-04,MA,Female,Hispanic,Widowed,Fully Meets,4,2022-04-12,3,5,5,2023-06-02,Leadership Development,Internal,Passed,3,792.67,32,1,255.7,4.333333333333333
2464,2022-08-11,Production Manager,BPC,Active,Full-Time,Zone B,Temporary,Production,Field Operations,1955-05-24,MA,Male,White,Widowed,Fully Meets,2,2023-02-18,2,3,2,2023-07-14,Leadership Development,External,Passed,1,795.5,67,1,723.1818181818181,2.3333333333333335
2465,2020-04-13,Production Manager,CCDR,Active,Contract,Zone A,Full-Time,Production,Field Operations,1961-09-11,MA,Female,White,Single,Fully Meets,2,2023-06-01,3,3,1,2023-07-22,Project Management,Internal,Incomplete,3,475.26,59,0,153.30967741935484,2.3333333333333335
2466,2021-11-14,Production Manager,SVG,Terminated,Contract,Zone A,Full-Time,Production,Fielders,1967-09-13,MA,Female,White,Widowed,Fully Meets,2,2022-09-14,2,4,1,2022-11-04,Customer Service,External,Failed,3,652.89,54,0,210.60967741935482,2.3333333333333335
2467,2022-03-17,Production Manager,EW,Terminated,Full-Time,Zone B,Full-Time,Production,Engineers,1979-02-01,MA,Female,Other,Married,Fully Meets,5,2022-08-14,1,1,4,2023-03-08,Customer Service,External,Passed,1,832.16,43,1,756.5090909090908,2.0
2468,2019-05-06,Production Manager,MSC,Active,Part-Time,Zone A,Part-Time,Production,General - Con,1957-11-15,MA,Male,Hispanic,Married,Fully Meets,5,2023-03-23,5,4,3,2023-02-24,Communication Skills,Internal,Passed,3,629.25,62,1,202.98387096774192,4.0
2469,2021-11-27,Production Manager,TNS,Active,Part-Time,Zone C,Part-Time,Production,Field Operations,2001-04-02,MA,Male,Hispanic,Divorced,Fully Meets,4,2023-04-13,2,1,5,2022-09-15,Project Management,External,Completed,5,780.71,20,1,153.08039215686276,2.6666666666666665
2470,2021-02-09,Production Manager,BPC,Active,Full-Time,Zone C,Temporary,Production,General - Con,1988-10-24,MA,Male,Asian,Single,Fully Meets,5,2022-10-21,5,5,2,2023-04-05,Communication Skills,Internal,Completed,2,999.0,33,1,475.7142857142857,4.0
2471,2022-01-06,Production Manager,CCDR,Active,Part-Time,Zone C,Part-Time,Production,Fielders,1959-07-25,MA,Male,Other,Divorced,Fully Meets,2,2023-01-23,5,5,3,2022-08-06,Leadership Development,External,Passed,3,489.29,63,1,157.83548387096775,4.333333333333333
2472,2023-07-28,Production Manager,EW,Active,Full-Time,Zone B,Temporary,Production,Aerial,1975-10-26,MA,Female,Asian,Married,Fully Meets,2,2023-06-22,5,2,3,2023-04-28,Project Management,External,Failed,1,942.75,48,0,857.0454545454545,3.3333333333333335
2473,2021-03-27,Production Manager,MSC,Active,Contract,Zone B,Full-Time,Production,Corp Operations,1982-07-15,MA,Male,Hispanic,Single,Fully Meets,4,2022-09-16,4,4,3,2022-11-02,Leadership Development,Internal,Completed,5,938.63,39,1,184.0450980392157,3.6666666666666665
2474,2023-03-12,Production Manager,NEL,Active,Contract,Zone A,Temporary,Production,Field Operations,1959-01-13,MA,Male,Black,Married,Fully Meets,4,2023-12-06,4,5,2,2022-11-18,Project Management,Internal,Completed,5,543.64,64,1,106.59607843137255,3.6666666666666665
2475,2022-10-05,Production Manager,PL,Terminated,Part-Time,Zone C,Temporary,Production,General - Con,1942-02-26,MA,Male,White,Single,Fully Meets,4,2023-05-18,1,4,1,2022-11-30,Leadership Development,Internal,Failed,2,117.83,80,0,56.10952380952381,2.0
2476,2021-10-01,President & CEO,PYZ,Active,Part-Time,Zone B,Full-Time,Executive Office,Yard (Material Handling),1967-11-07,MA,Male,Other,Single,Fully Meets,2,2023-03-18,3,5,5,2023-06-29,Technical Skills,External,Completed,3,350.21,54,1,112.97096774193547,4.333333333333333
2477,2022-01-31,Director of Sales,PL,Active,Contract,Zone A,Full-Time,Sales,Field Operations,1982-09-14,RI,Female,Asian,Divorced,Fully Meets,2,2023-09-01,4,4,3,2022-10-26,Leadership Development,Internal,Passed,4,961.47,40,1,234.5048780487805,3.6666666666666665
2478,2020-06-01,Director of Operations,PYZ,Active,Full-Time,Zone A,Temporary,Production,General - Con,1994-07-26,RI,Female,White,Single,Fully Meets,5,2023-01-30,4,4,1,2022-09-26,Customer Service,Internal,Passed,4,548.18,26,1,133.70243902439023,3.0
2479,2023-04-18,Data Analyst,SVG,Active,Contract,Zone C,Part-Time,IT/IS,General - Con,1946-12-17,MA,Female,Hispanic,Divorced,Fully Meets,4,2022-10-31,2,1,2,2023-06-18,Technical Skills,Internal,Passed,2,439.17,77,1,209.12857142857143,1.6666666666666667
2480,2020-07-25,IT Director,CCDR,Active,Part-Time,Zone C,Part-Time,IT/IS,Splicing,1977-03-26,MA,Male,White,Widowed,Fully Meets,2,2023-12-02,3,2,3,2023-01-11,Customer Service,External,Passed,1,610.88,43,1,555.3454545454545,2.6666666666666665
2481,2018-12-12,IT Manager - DB,PL,Active,Full-Time,Zone A,Part-Time,IT/IS,Aerial,1997-03-07,MA,Male,Black,Divorced,Fully Meets,1,2022-07-08,2,5,1,2022-11-11,Technical Skills,External,Incomplete,4,994.03,21,0,242.44634146341465,2.6666666666666665
2482,2018-09-01,IT Manager - Support,PYZ,Active,Contract,Zone C,Full-Time,IT/IS,Isp,1950-04-17,MA,Male,Black,Married,Fully Meets,4,2023-01-19,4,2,5,2023-05-23,Customer Service,External,Incomplete,4,688.55,68,0,167.9390243902439,3.6666666666666665
2483,2019-11-24,IT Manager - Infra,WBL,Active,Part-Time,Zone A,Temporary,IT/IS,Fielders,1944-05-22,MA,Male,Black,Divorced,Fully Meets,2,2023-08-03,5,1,3,2022-10-22,Communication Skills,Internal,Failed,4,889.91,75,0,217.05121951219513,3.0
2484,2021-12-26,BI Director,SVG,Active,Part-Time,Zone A,Part-Time,IT/IS,Field Operations,1947-11-27,MA,Male,Black,Single,Fully Meets,4,2023-01-06,1,2,2,2023-04-03,Communication Skills,External,Failed,3,163.61,74,0,52.77741935483871,1.6666666666666667
2485,2020-03-04,Software Engineering Manager,NEL,Active,Part-Time,Zone B,Part-Time,Software Engineering,Wireless,1945-10-25,MA,Male,White,Widowed,Fully Meets,4,2023-05-14,3,5,5,2022-08-30,Communication Skills,Internal,Completed,2,642.68,75,1,306.0380952380952,4.333333333333333
2486,2020-05-03,IT Manager - DB,TNS,Active,Part-Time,Zone A,Temporary,IT/IS,General - Con,1985-08-24,MA,Male,Black,Married,Fully Meets,5,2022-12-31,1,1,5,2023-05-11,Technical Skills,Internal,Passed,4,703.29,35,1,171.5341463414634,2.3333333333333335
2487,2019-07-20,IT Manager - DB,PYZ,Active,Part-Time,Zone A,Temporary,IT/IS,Splicing,1978-09-12,MA,Male,White,Single,Fully Meets,4,2023-06-05,1,1,4,2022-11-26,Technical Skills,Internal,Failed,4,102.96,41,0,25.11219512195122,2.0
2488,2022-05-26,IT Director,PL,Active,Contract,Zone A,Full-Time,IT/IS,Field Operations,1989-01-31,MA,Male,Other,Married,Fully Meets,1,2023-10-01,2,4,5,2022-12-03,Customer Service,External,Completed,5,278.96,33,1,54.69803921568627,3.6666666666666665
2489,2021-07-24,Director of Sales,NEL,Active,Contract,Zone A,Part-Time,IT/IS,Field Operations,1954-07-23,MA,Male,Hispanic,Single,Fully Meets,5,2022-09-22,1,3,2,2023-03-30,Communication Skills,Internal,Incomplete,4,168.1,67,0,41.0,2.0
2490,2021-09-27,Director of Operations,MSC,Active,Contract,Zone A,Part-Time,IT/IS,General - Con,1954-07-21,MA,Male,Other,Widowed,Fully Meets,4,2023-01-25,2,2,4,2023-06-04,Leadership Development,Internal,Incomplete,1,886.63,67,0,806.0272727272727,2.6666666666666665
2491,2019-04-07,Software Engineer,BPC,Active,Contract,Zone A,Full-Time,Software Engineering,General - Con,1944-05-28,MA,Male,Black,Single,Fully Meets,1,2023-02-23,4,5,2,2023-06-27,Customer Service,External,Incomplete,5,721.79,75,0,141.52745098039216,3.6666666666666665
2492,2019-07-20,Software Engineer,CCDR,Active,Full-Time,Zone C,Temporary,Software Engineering,General - Con,1957-04-12,MA,Male,White,Married,Fully Meets,2,2023-02-01,3,2,5,2022-11-14,Leadership Development,External,Completed,4,765.32,62,1,186.66341463414636,3.3333333333333335
2493,2022-12-03,Software Engineer,SVG,Active,Contract,Zone C,Full-Time,Software Engineering,Field Operations,1981-05-16,MA,Male,Black,Divorced,Fully Meets,4,2023-01-23,1,3,1,2023-01-07,Communication Skills,Internal,Completed,2,443.46,41,1,211.17142857142855,1.6666666666666667
2494,2020-04-04,IT Manager - DB,MSC,Active,Contract,Zone A,Temporary,IT/IS,Field Operations,1978-04-08,MA,Male,Asian,Married,Fully Meets,4,2022-06-11,1,1,1,2022-11-06,Customer Service,Internal,Incomplete,2,203.97,42,0,97.12857142857142,1.0
2495,2020-03-08,IT Director,NEL,Active,Contract,Zone B,Part-Time,IT/IS,Fielders,1970-01-26,MA,Male,Black,Married,Fully Meets,1,2023-10-01,5,1,2,2022-08-27,Project Management,Internal,Incomplete,3,180.44,50,0,58.20645161290322,2.6666666666666665
2496,2020-09-28,Director of Sales,PL,Active,Part-Time,Zone B,Temporary,IT/IS,Underground,1961-03-18,MA,Male,Other,Single,Fully Meets,2,2022-12-15,2,3,3,2023-02-12,Technical Skills,Internal,Passed,3,647.25,59,1,208.79032258064515,2.6666666666666665
2497,2021-07-14,Director of Operations,PYZ,Active,Full-Time,Zone C,Temporary,IT/IS,Field Operations,1955-05-09,MA,Male,White,Single,Fully Meets,4,2022-10-27,5,2,5,2022-09-07,Customer Service,Internal,Passed,4,833.99,66,1,203.41219512195124,4.0
2498,2019-10-17,BI Developer,PYZ,Terminated,Full-Time,Zone A,Temporary,IT/IS,Field Operations,1999-08-09,MA,Female,Asian,Divorced,Fully Meets,4,2023-05-07,5,3,5,2022-11-30,Project Management,Internal,Incomplete,4,825.58,20,0,201.36097560975614,4.333333333333333
2499,2023-04-08,Software Engineer,PL,Active,Contract,Zone B,Full-Time,Software Engineering,Project Management - Con,1989-04-09,MA,Male,Asian,Married,Fully Meets,4,2023-01-05,5,5,3,2022-10-12,Project Management,Internal,Failed,2,190.49,34,0,90.70952380952382,4.333333333333333
2500,2019-07-25,Software Engineer,BPC,Active,Full-Time,Zone C,Part-Time,Software Engineering,Field Operations,1948-06-17,MA,Male,Hispanic,Married,Fully Meets,2,2023-01-07,1,3,5,2023-07-08,Project Management,Internal,Completed,3,961.33,71,1,310.10645161290324,3.0
2501,2022-12-25,Software Engineer,CCDR,Active,Full-Time,Zone A,Temporary,Software Engineering,Finance & Accounting,1952-12-10,MA,Male,Black,Divorced,Fully Meets,2,2023-01-21,1,5,3,2022-09-20,Communication Skills,Internal,Completed,2,608.46,70,1,289.74285714285713,3.0
2502,2019-01-27,Software Engineer,SVG,Active,Part-Time,Zone C,Temporary,Software Engineering,Wireline Construction,1999-06-06,MA,Male,White,Divorced,Fully Meets,2,2023-07-21,3,3,5,2022-08-08,Technical Skills,Internal,Passed,3,971.57,20,1,313.40967741935486,3.6666666666666665
2503,2021-12-26,IT Manager - DB,PL,Active,Contract,Zone C,Temporary,IT/IS,General - Con,1949-12-23,MA,Male,White,Married,Fully Meets,5,2022-06-12,1,1,1,2023-05-14,Technical Skills,External,Incomplete,3,354.28,72,0,114.28387096774192,1.0
2504,2023-01-12,IT Director,BPC,Active,Full-Time,Zone A,Part-Time,IT/IS,Engineers,1976-02-16,MA,Male,Black,Single,Fully Meets,4,2022-10-22,1,5,3,2022-09-02,Communication Skills,Internal,Failed,5,108.02,47,0,21.180392156862744,3.0
2505,2019-07-02,Director of Sales,CCDR,Active,Contract,Zone B,Temporary,IT/IS,Splicing,1988-01-05,MA,Male,Asian,Single,Fully Meets,1,2022-10-30,3,2,3,2022-11-23,Communication Skills,External,Completed,5,508.85,31,1,99.77450980392157,2.6666666666666665
2506,2022-06-30,Director of Operations,SVG,Active,Full-Time,Zone C,Full-Time,IT/IS,Field Operations,1947-12-07,MA,Male,White,Single,Fully Meets,5,2022-04-09,3,3,2,2023-02-13,Communication Skills,Internal,Passed,3,811.4,75,1,261.741935483871,2.6666666666666665
2507,2023-01-05,BI Developer,CCDR,Terminated,Part-Time,Zone B,Temporary,IT/IS,Aerial,1985-06-09,MA,Female,White,Single,Fully Meets,5,2023-07-31,2,3,4,2022-12-06,Technical Skills,External,Incomplete,2,680.09,38,0,323.85238095238094,3.0
2508,2018-11-18,BI Developer,SVG,Active,Full-Time,Zone A,Part-Time,IT/IS,Field Operations,1972-06-20,MA,Male,Other,Single,Fully Meets,5,2023-01-07,1,4,1,2023-04-25,Technical Skills,External,Completed,3,133.88,46,1,43.18709677419355,2.0
2509,2020-09-21,Software Engineer,EW,Active,Part-Time,Zone C,Full-Time,Software Engineering,Billable Consultants,1998-03-19,MA,Female,Hispanic,Married,Fully Meets,2,2023-10-03,1,2,3,2023-02-08,Communication Skills,Internal,Completed,1,433.69,22,1,394.26363636363635,2.0
2510,2019-11-25,Software Engineer,MSC,Active,Contract,Zone C,Temporary,Software Engineering,Aerial,1988-03-24,MA,Male,Asian,Single,Fully Meets,1,2022-10-09,2,2,2,2022-08-22,Customer Service,Internal,Completed,2,580.84,31,1,276.5904761904762,2.0
2511,2021-02-05,Software Engineer,NEL,Active,Full-Time,Zone C,Part-Time,Software Engineering,Engineers,1946-12-27,MA,Male,Asian,Single,Fully Meets,4,2023-06-24,4,3,1,2023-04-20,Technical Skills,External,Incomplete,4,830.45,75,0,202.54878048780492,2.6666666666666665
2512,2023-04-16,Software Engineer,PL,Active,Part-Time,Zone B,Temporary,Software Engineering,Field Operations,1967-06-03,MA,Male,Hispanic,Widowed,Fully Meets,4,2022-02-09,1,4,2,2023-02-19,Communication Skills,External,Failed,5,802.2,56,0,157.29411764705884,2.3333333333333335
2513,2021-08-19,IT Manager - DB,PYZ,Active,Full-Time,Zone A,Full-Time,IT/IS,General - Eng,1941-10-18,MA,Male,Asian,Divorced,Fully Meets,2,2023-03-28,5,2,4,2022-12-05,Communication Skills,Internal,Failed,4,337.06,80,0,82.20975609756098,3.6666666666666665
2514,2022-01-14,IT Director,PL,Active,Part-Time,Zone A,Full-Time,IT/IS,Engineers,1957-09-09,MA,Male,White,Single,Fully Meets,1,2023-10-06,5,2,2,2023-06-14,Technical Skills,Internal,Incomplete,3,538.16,65,0,173.6,3.0
2515,2018-09-11,Director of Sales,NEL,Active,Contract,Zone A,Full-Time,IT/IS,General - Sga,1996-10-06,MA,Male,Hispanic,Single,Fully Meets,4,2023-03-28,1,1,1,2023-07-19,Technical Skills,Internal,Passed,1,190.1,22,1,172.8181818181818,1.0
2516,2022-02-18,Director of Operations,MSC,Active,Full-Time,Zone C,Temporary,IT/IS,Field Operations,1989-07-25,MA,Male,Hispanic,Widowed,Fully Meets,5,2023-05-15,5,1,5,2023-01-31,Customer Service,Internal,Completed,1,397.27,33,1,361.1545454545454,3.6666666666666665
2517,2019-12-01,BI Developer,CCDR,Active,Full-Time,Zone A,Full-Time,IT/IS,Aerial,1963-10-02,MA,Male,Asian,Single,Fully Meets,2,2023-05-07,5,5,1,2023-04-01,Technical Skills,Internal,Incomplete,5,826.65,56,0,162.08823529411765,3.6666666666666665
2518,2021-02-28,BI Developer,SVG,Active,Full-Time,Zone A,Full-Time,IT/IS,Wireline Construction,1963-12-26,MA,Male,White,Widowed,Fully Meets,4,2022-12-28,4,2,1,2022-10-29,Customer Service,Internal,Completed,4,732.18,58,1,178.58048780487806,2.3333333333333335
2519,2021-11-13,Software Engineer,NEL,Active,Part-Time,Zone A,Part-Time,Software Engineering,Splicing,1963-05-14,MA,Female,White,Married,Fully Meets,4,2022-03-09,3,5,5,2023-02-08,Technical Skills,External,Failed,2,564.38,58,0,268.7523809523809,4.333333333333333
2520,2020-09-27,Software Engineer,PL,Active,Part-Time,Zone C,Part-Time,Software Engineering,Project Management - Con,1948-06-17,MA,Male,Asian,Divorced,Fully Meets,1,2023-06-02,2,1,1,2023-02-07,Customer Service,Internal,Incomplete,2,512.02,72,0,243.8190476190476,1.3333333333333333
2521,2022-09-03,Software Engineer,BPC,Active,Contract,Zone C,Temporary,Software Engineering,Engineers,1954-08-24,MA,Male,White,Divorced,Fully Meets,1,2023-07-06,4,4,4,2022-11-18,Project Management,Internal,Completed,1,599.41,68,1,544.9181818181818,4.0
2522,2020-10-09,IT Manager - DB,PL,Active,Full-Time,Zone C,Temporary,IT/IS,Field Operations,1949-01-21,MA,Male,Other,Married,Fully Meets,4,2022-08-13,3,3,2,2023-06-30,Communication Skills,Internal,Passed,4,839.04,71,1,204.6439024390244,2.6666666666666665
2523,2021-11-06,IT Director,BPC,Active,Full-Time,Zone A,Temporary,IT/IS,General - Con,1970-08-09,MA,Male,Hispanic,Single,Fully Meets,5,2023-02-17,1,1,3,2023-06-28,Customer Service,External,Incomplete,4,391.4,51,0,95.46341463414635,1.6666666666666667
2524,2023-06-24,Director of Sales,CCDR,Active,Contract,Zone A,Part-Time,IT/IS,Finance & Accounting,1969-03-17,MA,Male,Black,Married,Fully Meets,1,2023-10-07,3,3,4,2022-10-15,Leadership Development,Internal,Incomplete,1,569.5,54,0,517.7272727272726,3.3333333333333335
2525,2021-09-15,Director of Operations,SVG,Active,Full-Time,Zone B,Full-Time,Sales,General - Con,1952-07-02,MA,Male,Other,Married,Fully Meets,2,2023-07-23,2,5,1,2023-04-24,Leadership Development,External,Incomplete,3,450.81,69,0,145.42258064516128,2.6666666666666665
2526,2022-10-14,BI Developer,NEL,Active,Contract,Zone C,Part-Time,IT/IS,Engineers,1964-03-28,MA,Female,Other,Single,Fully Meets,1,2022-10-22,1,1,1,2023-06-23,Technical Skills,Internal,Passed,2,265.46,58,1,126.40952380952379,1.0
2527,2019-07-22,BI Developer,PL,Active,Full-Time,Zone A,Temporary,IT/IS,Engineers,1991-06-14,MA,Male,Asian,Married,Fully Meets,2,2022-10-28,3,4,5,2022-11-24,Technical Skills,Internal,Passed,2,462.98,28,1,220.46666666666667,4.0
2528,2023-03-20,BI Developer,PYZ,Active,Part-Time,Zone C,Part-Time,IT/IS,Project Management - Con,1985-09-06,MA,Male,White,Married,Fully Meets,1,2023-10-07,2,4,2,2023-07-25,Communication Skills,Internal,Passed,3,760.34,38,1,245.2709677419355,2.6666666666666665
2529,2022-05-02,Software Engineer,NEL,Active,Full-Time,Zone B,Part-Time,Software Engineering,Underground,1953-05-17,MA,Female,Other,Single,Fully Meets,2,2022-08-12,4,5,1,2022-10-16,Communication Skills,External,Failed,1,383.84,69,0,348.9454545454545,3.3333333333333335
2530,2022-10-20,Software Engineer,PL,Active,Part-Time,Zone C,Temporary,Software Engineering,Yard (Material Handling),1980-11-04,MA,Male,White,Divorced,Fully Meets,2,2023-07-18,4,1,1,2022-12-11,Technical Skills,External,Failed,4,723.57,42,0,176.48048780487807,2.0
2531,2023-07-24,Software Engineer,BPC,Active,Part-Time,Zone B,Full-Time,Software Engineering,Executive,1951-05-21,MA,Male,Black,Widowed,Fully Meets,2,2022-08-28,2,5,4,2022-11-01,Communication Skills,Internal,Incomplete,1,725.34,72,0,659.4,3.6666666666666665
2532,2020-07-18,IT Manager - DB,NEL,Active,Contract,Zone A,Part-Time,IT/IS,General - Con,1972-04-09,MA,Male,Other,Widowed,Fully Meets,4,2023-03-26,1,1,4,2023-05-18,Leadership Development,Internal,Incomplete,2,119.48,48,0,56.89523809523809,2.0
2533,2021-05-05,IT Manager - DB,PL,Active,Full-Time,Zone A,Temporary,IT/IS,Field Operations,1966-06-13,MA,Male,White,Divorced,Fully Meets,1,2022-08-20,1,1,3,2023-07-22,Communication Skills,External,Completed,1,226.93,55,1,206.29999999999998,1.6666666666666667
2534,2019-04-15,IT Director,BPC,Active,Part-Time,Zone B,Temporary,IT/IS,Project Management - Con,1960-05-07,MA,Male,Other,Divorced,Fully Meets,1,2022-10-15,2,2,5,2022-08-22,Leadership Development,Internal,Passed,3,739.85,59,1,238.66129032258064,3.0
2535,2020-08-24,Director of Sales,CCDR,Active,Contract,Zone B,Part-Time,Sales,Field Operations,1978-09-22,MA,Male,Other,Single,Fully Meets,2,2022-06-08,2,5,2,2022-10-02,Project Management,Internal,Incomplete,2,369.68,42,0,176.03809523809522,3.0
2536,2022-12-31,Director of Operations,SVG,Active,Contract,Zone C,Temporary,Sales,Field Operations,1951-03-02,MA,Male,Hispanic,Married,Fully Meets,2,2022-12-16,2,1,2,2022-08-26,Leadership Development,External,Completed,1,243.63,71,1,221.48181818181817,1.6666666666666667
2537,2022-09-18,BI Developer,PL,Active,Full-Time,Zone A,Full-Time,IT/IS,Field Operations,1951-07-24,MA,Female,White,Single,Fully Meets,2,2023-07-26,4,5,4,2023-03-19,Project Management,External,Failed,5,475.8,71,0,93.29411764705883,4.333333333333333
2538,2019-09-14,BI Developer,BPC,Active,Full-Time,Zone C,Part-Time,IT/IS,Wireline Construction,1986-02-19,MA,Female,Hispanic,Single,Fully Meets,5,2022-02-10,5,4,5,2023-04-06,Leadership Development,External,Passed,3,418.25,33,1,134.91935483870967,4.666666666666667
2539,2019-03-19,BI Developer,CCDR,Active,Part-Time,Zone B,Temporary,IT/IS,Wireline Construction,1953-04-10,MA,Male,Black,Married,Fully Meets,2,2022-08-12,4,2,3,2022-11-10,Communication Skills,Internal,Passed,4,703.84,66,1,171.66829268292685,3.0
2540,2022-10-18,Software Engineering Manager,CCDR,Active,Contract,Zone B,Part-Time,Software Engineering,Finance & Accounting,1994-08-26,MA,Female,Black,Divorced,Fully Meets,4,2023-04-16,3,4,4,2022-10-12,Project Management,Internal,Failed,2,602.26,28,0,286.79047619047617,3.6666666666666665
2541,2022-07-31,Software Engineer,EW,Active,Full-Time,Zone B,Temporary,Software Engineering,Engineers,1973-09-01,MA,Female,Other,Married,Fully Meets,1,2023-07-22,3,4,3,2022-08-11,Communication Skills,Internal,Passed,2,517.83,49,1,246.5857142857143,3.3333333333333335
2542,2023-03-06,Software Engineer,MSC,Active,Part-Time,Zone A,Part-Time,Software Engineering,Engineers,1959-01-09,MA,Male,Black,Single,Fully Meets,4,2022-09-21,2,1,3,2022-08-21,Communication Skills,External,Completed,5,605.99,64,1,118.82156862745099,2.0
2543,2019-01-30,Software Engineer,NEL,Terminated,Full-Time,Zone A,Full-Time,Software Engineering,General - Con,1991-12-25,MA,Male,White,Divorced,Fully Meets,2,2023-06-07,3,4,3,2022-09-04,Communication Skills,Internal,Passed,1,100.45,28,1,91.31818181818181,3.3333333333333335
2544,2023-05-22,IT Manager - DB,SVG,Active,Full-Time,Zone C,Temporary,IT/IS,Splicing,1946-04-14,MA,Male,White,Married,Fully Meets,1,2023-07-07,2,3,2,2023-01-27,Communication Skills,Internal,Completed,2,767.56,77,1,365.50476190476184,2.3333333333333335
2545,2018-12-22,IT Manager - DB,PYZ,Active,Contract,Zone B,Full-Time,IT/IS,Project Management - Con,1951-08-10,MA,Male,Hispanic,Widowed,Fully Meets,4,2023-12-02,3,2,3,2023-06-27,Leadership Development,Internal,Completed,1,352.45,67,1,320.4090909090909,2.6666666666666665
2546,2022-11-08,IT Director,PL,Active,Part-Time,Zone A,Part-Time,IT/IS,Finance & Accounting,1990-02-14,MA,Male,Other,Married,Fully Meets,4,2022-06-11,4,4,5,2023-05-22,Customer Service,Internal,Completed,3,463.57,32,1,149.53870967741935,4.333333333333333
2547,2021-07-03,Director of Sales,NEL,Active,Full-Time,Zone A,Temporary,Sales,General - Con,1970-07-15,MA,Male,Hispanic,Widowed,Fully Meets,4,2023-05-26,2,5,1,2022-09-07,Leadership Development,Internal,Completed,4,372.08,51,1,90.75121951219512,2.6666666666666665
2548,2018-11-14,BI Developer,PYZ,Active,Contract,Zone A,Temporary,IT/IS,General - Sga,1954-02-16,MA,Female,Other,Divorced,Fully Meets,1,2022-07-08,2,5,3,2023-01-14,Project Management,External,Failed,3,670.58,64,0,216.31612903225806,3.3333333333333335
2549,2021-09-18,BI Developer,PL,Active,Contract,Zone A,Part-Time,IT/IS,Field Operations,1963-04-07,MA,Female,White,Divorced,Fully Meets,5,2023-01-18,4,3,5,2022-12-18,Project Management,Internal,Passed,2,399.97,58,1,190.46190476190478,4.0
2550,2020-11-19,Software Engineering Manager,WBL,Active,Contract,Zone A,Part-Time,Software Engineering,General - Con,1952-04-25,MA,Female,White,Widowed,Fully Meets,5,2023-01-01,3,1,1,2022-10-09,Project Management,Internal,Incomplete,5,997.89,68,0,195.66470588235296,1.6666666666666667
2551,2023-05-04,Software Engineer,NEL,Active,Full-Time,Zone B,Temporary,Software Engineering,General - Con,1988-12-05,MA,Female,Other,Widowed,Fully Meets,1,2022-03-09,4,2,2,2023-08-02,Communication Skills,Internal,Completed,2,985.0,35,1,469.04761904761904,2.6666666666666665
2552,2023-01-21,Software Engineer,PL,Active,Full-Time,Zone B,Temporary,Software Engineering,Project Management - Con,1954-03-11,MA,Male,White,Single,Fully Meets,5,2022-10-19,3,2,3,2022-09-21,Customer Service,Internal,Completed,5,573.47,69,1,112.4450980392157,2.6666666666666665
2553,2022-08-19,IT Manager - DB,NEL,Active,Contract,Zone B,Part-Time,IT/IS,Aerial,1973-09-10,MA,Male,Other,Divorced,Fully Meets,2,2022-10-16,2,2,2,2022-10-03,Project Management,External,Failed,2,414.08,49,0,197.18095238095236,2.0
2554,2022-07-18,IT Manager - DB,PL,Active,Part-Time,Zone A,Full-Time,IT/IS,General - Eng,1991-03-10,MA,Male,Hispanic,Widowed,Fully Meets,1,2022-12-29,5,1,4,2023-07-29,Communication Skills,External,Completed,5,889.09,31,1,174.33137254901962,3.3333333333333335
2555,2019-08-14,IT Director,BPC,Active,Full-Time,Zone A,Temporary,IT/IS,Wireless,1956-10-26,MA,Male,Other,Widowed,Fully Meets,2,2023-05-14,5,1,4,2023-01-18,Technical Skills,Internal,Passed,3,650.08,63,1,209.70322580645163,3.3333333333333335
2556,2020-12-10,Director of Sales,CCDR,Active,Part-Time,Zone A,Full-Time,Sales,Project Management - Eng,1996-04-25,MA,Male,White,Married,Fully Meets,2,2023-01-02,4,1,3,2022-08-19,Customer Service,Internal,Passed,5,283.57,24,1,55.601960784313725,2.6666666666666665
2557,2019-09-20,BI Developer,MSC,Active,Full-Time,Zone B,Temporary,IT/IS,Engineers,1964-06-17,MA,Female,Black,Married,Fully Meets,2,2022-04-09,1,3,1,2022-08-20,Technical Skills,Internal,Completed,1,908.5,55,1,825.9090909090909,1.6666666666666667
2558,2021-11-19,Software Engineering Manager,WBL,Active,Full-Time,Zone B,Full-Time,Software Engineering,Field Operations,1965-11-25,MA,Female,Asian,Widowed,Fully Meets,4,2022-12-15,2,4,5,2022-11-07,Technical Skills,Internal,Failed,2,900.85,56,0,428.9761904761905,3.6666666666666665
2559,2022-04-29,Software Engineer,NEL,Active,Part-Time,Zone B,Full-Time,Software Engineering,Field Operations,1957-11-23,MA,Male,White,Widowed,Fully Meets,1,2023-10-07,3,5,3,2022-09-19,Communication Skills,External,Passed,3,449.84,65,1,145.10967741935482,3.6666666666666665
2560,2021-06-30,IT Manager - Infra,WBL,Active,Part-Time,Zone A,Part-Time,IT/IS,Field Operations,1977-05-01,MA,Male,Black,Widowed,Fully Meets,4,2022-10-19,5,1,5,2023-08-03,Communication Skills,External,Failed,5,981.9,44,0,192.52941176470588,3.6666666666666665
2561,2021-07-15,IT Manager - DB,NEL,Active,Contract,Zone B,Temporary,IT/IS,General - Con,1956-11-06,MA,Male,Hispanic,Married,Fully Meets,2,2023-04-15,3,5,4,2022-12-19,Technical Skills,External,Failed,4,289.37,65,0,70.57804878048782,4.0
2562,2021-04-12,IT Manager - DB,PL,Active,Contract,Zone B,Full-Time,IT/IS,Field Operations,1967-11-18,MA,Male,Other,Married,Fully Meets,4,2023-04-17,1,4,3,2023-07-09,Customer Service,Internal,Failed,1,657.23,54,0,597.4818181818182,2.6666666666666665
2563,2020-12-08,IT Director,BPC,Active,Contract,Zone B,Temporary,IT/IS,Fielders,1953-11-17,MA,Male,Other,Widowed,Fully Meets,2,2022-09-24,2,2,4,2023-08-03,Customer Service,External,Passed,5,416.37,67,1,81.64117647058823,2.6666666666666665
2564,2019-10-31,Director of Sales,CCDR,Active,Contract,Zone B,Full-Time,Sales,General - Con,1995-11-07,MA,Male,Hispanic,Married,Fully Meets,1,2022-11-12,1,4,4,2023-07-18,Leadership Development,Internal,Completed,4,624.9,24,1,152.41463414634148,3.0
2565,2020-01-22,BI Developer,PL,Active,Contract,Zone C,Temporary,IT/IS,Field Operations,1985-11-14,MA,Female,White,Married,Fully Meets,2,2022-08-17,2,5,4,2022-09-11,Communication Skills,Internal,Passed,2,559.06,35,1,266.21904761904756,3.6666666666666665
2566,2022-09-20,Software Engineering Manager,CCDR,Active,Full-Time,Zone B,Full-Time,Software Engineering,General - Con,1966-09-30,MA,Male,Other,Married,Fully Meets,2,2023-05-19,3,2,2,2023-07-29,Project Management,External,Incomplete,5,327.37,56,0,64.19019607843138,2.3333333333333335
2567,2022-12-22,IT Manager - Infra,CCDR,Active,Full-Time,Zone B,Part-Time,IT/IS,Field Operations,1959-10-15,MA,Male,Black,Widowed,Fully Meets,5,2022-08-17,4,3,5,2022-10-24,Communication Skills,Internal,Failed,2,660.4,63,0,314.4761904761904,4.0
2568,2019-03-12,IT Manager - DB,EW,Active,Full-Time,Zone C,Full-Time,IT/IS,Aerial,1990-04-27,MA,Male,Asian,Widowed,Fully Meets,4,2023-06-22,3,5,2,2022-12-15,Leadership Development,External,Passed,5,477.46,29,1,93.61960784313726,3.3333333333333335
2569,2021-10-07,IT Manager - DB,MSC,Active,Full-Time,Zone C,Temporary,IT/IS,General - Con,1995-03-28,MA,Male,Black,Single,Fully Meets,2,2023-05-28,3,4,3,2023-01-15,Project Management,Internal,Completed,2,694.21,26,1,330.5761904761905,3.3333333333333335
2570,2019-06-16,IT Director,NEL,Active,Contract,Zone A,Full-Time,IT/IS,Field Operations,1991-11-18,MA,Male,Black,Single,Fully Meets,4,2023-04-15,3,3,1,2023-05-23,Customer Service,Internal,Incomplete,2,737.84,28,0,351.35238095238094,2.3333333333333335
2571,2021-03-17,BI Director,SVG,Active,Part-Time,Zone A,Full-Time,IT/IS,Field Operations,1989-11-02,MA,Female,Asian,Divorced,Fully Meets,2,2023-06-19,3,3,5,2022-08-15,Technical Skills,Internal,Failed,2,919.95,32,0,438.07142857142856,3.6666666666666665
2572,2022-08-07,BI Developer,PYZ,Active,Contract,Zone A,Temporary,IT/IS,Engineers,1994-05-20,MA,Male,Asian,Widowed,Fully Meets,4,2022-10-19,1,1,2,2022-09-02,Technical Skills,Internal,Completed,5,797.82,28,1,156.4352941176471,1.3333333333333333
2573,2020-01-17,Area Sales Manager,NEL,Terminated,Contract,Zone A,Temporary,Sales,Field Operations,1987-02-01,VA,Female,Black,Divorced,Fully Meets,4,2023-04-24,1,4,3,2022-09-27,Customer Service,Internal,Passed,2,806.47,33,1,384.0333333333333,2.6666666666666665
2574,2022-06-11,Area Sales Manager,EW,Active,Full-Time,Zone C,Full-Time,Sales,Billable Consultants,1971-11-18,UT,Male,Hispanic,Widowed,Fully Meets,2,2023-03-20,3,1,4,2023-07-18,Technical Skills,External,Failed,1,376.59,51,0,342.3545454545454,2.6666666666666665
2575,2021-03-03,Area Sales Manager,PYZ,Active,Contract,Zone C,Temporary,Sales,Splicing,1951-06-21,ID,Male,Other,Widowed,Fully Meets,4,2023-05-26,4,3,4,2023-02-26,Communication Skills,Internal,Incomplete,2,157.17,70,0,74.84285714285713,3.6666666666666665
2576,2020-04-16,Area Sales Manager,CCDR,Active,Contract,Zone B,Part-Time,Sales,General - Sga,1969-12-27,MT,Female,Asian,Widowed,Fully Meets,1,2022-11-19,2,4,1,2023-02-23,Leadership Development,External,Incomplete,2,608.82,51,0,289.9142857142857,2.3333333333333335
2577,2022-09-22,Area Sales Manager,PYZ,Active,Full-Time,Zone A,Temporary,Sales,Wireline Construction,1963-07-28,WA,Female,Other,Married,Fully Meets,2,2022-09-18,5,2,4,2023-07-04,Communication Skills,Internal,Failed,5,928.48,59,0,182.05490196078432,3.6666666666666665
2578,2023-05-30,Area Sales Manager,MSC,Active,Part-Time,Zone A,Full-Time,Sales,Shop (Fleet),1996-01-28,VT,Female,Black,Single,Fully Meets,5,2023-06-17,4,5,3,2022-10-10,Customer Service,External,Incomplete,1,812.01,27,0,738.190909090909,4.0
2579,2021-01-14,Area Sales Manager,MSC,Active,Full-Time,Zone C,Full-Time,Sales,General - Eng,1977-06-29,AZ,Female,White,Married,Fully Meets,2,2023-05-08,3,4,4,2022-10-02,Project Management,External,Incomplete,4,941.61,44,0,229.66097560975612,3.6666666666666665
2580,2020-04-29,Area Sales Manager,BPC,Active,Full-Time,Zone A,Part-Time,Sales,Finance & Accounting,1954-07-04,NH,Male,White,Single,Fully Meets,2,2022-10-28,1,2,4,2023-03-07,Communication Skills,Internal,Incomplete,1,227.13,66,0,206.48181818181817,2.3333333333333335
2581,2021-07-07,Area Sales Manager,MSC,Active,Full-Time,Zone A,Full-Time,Sales,Field Operations,1970-12-11,AL,Male,Other,Divorced,Fully Meets,1,2023-02-20,2,3,4,2023-05-13,Project Management,External,Passed,1,257.4,51,1,233.99999999999997,3.0
2582,2020-07-28,Area Sales Manager,MSC,Active,Part-Time,Zone C,Temporary,Sales,Wireline Construction,1992-08-31,OH,Female,Hispanic,Single,Fully Meets,1,2022-09-20,3,2,5,2023-03-17,Leadership Development,Internal,Incomplete,2,360.65,28,0,171.7380952380952,3.3333333333333335
2583,2020-09-16,Area Sales Manager,PYZ,Active,Contract,Zone B,Temporary,Sales,Engineers,1996-02-29,NY,Male,Black,Married,Fully Meets,5,2023-05-20,5,5,3,2023-05-25,Customer Service,External,Completed,5,892.97,24,1,175.09215686274513,4.333333333333333
2584,2023-04-23,Area Sales Manager,TNS,Active,Part-Time,Zone C,Part-Time,Sales,Engineers,1956-09-27,ME,Male,White,Single,Fully Meets,4,2023-07-20,4,4,5,2023-03-16,Technical Skills,Internal,Incomplete,4,746.93,67,0,182.1780487804878,4.333333333333333
2585,2021-06-04,Area Sales Manager,PYZ,Active,Contract,Zone A,Temporary,Sales,General - Con,2001-05-21,TN,Male,Asian,Divorced,Fully Meets,2,2023-03-05,5,1,4,2023-02-18,Customer Service,External,Incomplete,1,909.6,20,0,826.9090909090909,3.3333333333333335
2586,2020-04-15,Area Sales Manager,CCDR,Active,Full-Time,Zone B,Temporary,Sales,Field Operations,1980-04-25,NC,Male,Asian,Divorced,Fully Meets,4,2022-04-11,2,4,2,2022-08-05,Customer Service,Internal,Completed,5,222.04,40,1,43.537254901960786,2.6666666666666665
2587,2019-09-04,Area Sales Manager,NEL,Active,Full-Time,Zone A,Part-Time,Sales,Field Operations,2000-07-31,MA,Male,Other,Widowed,Fully Meets,5,2022-11-24,4,4,4,2023-01-27,Project Management,Internal,Failed,3,583.69,19,0,188.28709677419357,4.0
2588,2020-08-18,Area Sales Manager,PL,Active,Full-Time,Zone C,Full-Time,Sales,Field Operations,1988-07-24,MA,Male,Other,Single,Fully Meets,5,2022-12-12,5,1,5,2023-07-09,Communication Skills,Internal,Passed,3,856.44,32,1,276.2709677419355,3.6666666666666665
2589,2020-12-05,Area Sales Manager,BPC,Active,Contract,Zone A,Temporary,Sales,Fielders,1950-12-26,AZ,Male,Asian,Single,Fully Meets,5,2022-11-25,2,5,1,2023-04-03,Communication Skills,External,Completed,4,919.1,70,1,224.1707317073171,2.6666666666666665
2590,2023-01-13,Area Sales Manager,CCDR,Active,Part-Time,Zone A,Full-Time,Sales,Engineers,1998-07-02,AZ,Male,Asian,Married,Fully Meets,5,2022-08-28,1,1,4,2023-06-14,Leadership Development,External,Incomplete,3,606.76,25,0,195.7290322580645,2.0
2591,2019-09-17,Area Sales Manager,SVG,Active,Full-Time,Zone B,Full-Time,Sales,General - Con,1993-08-08,AZ,Male,Asian,Single,Fully Meets,4,2023-07-28,4,5,5,2022-10-06,Customer Service,Internal,Completed,2,745.31,26,1,354.90952380952376,4.666666666666667
2592,2020-10-15,Area Sales Manager,EW,Active,Contract,Zone B,Part-Time,Sales,Field Operations,1949-12-06,TN,Male,Asian,Single,Fully Meets,2,2023-06-27,5,1,2,2023-02-10,Technical Skills,Internal,Incomplete,3,240.57,71,0,77.6032258064516,2.6666666666666665
2593,2018-12-01,Area Sales Manager,MSC,Active,Contract,Zone A,Temporary,Sales,General - Con,1972-08-02,TN,Male,Other,Widowed,Fully Meets,1,2023-04-04,3,1,2,2022-08-16,Communication Skills,Internal,Failed,3,659.82,46,0,212.84516129032258,2.0
2594,2023-07-24,Area Sales Manager,TNS,Active,Part-Time,Zone C,Temporary,Sales,Fielders,1956-03-27,TN,Male,Other,Divorced,Fully Meets,1,2022-04-12,1,5,3,2022-12-01,Communication Skills,Internal,Failed,3,273.94,67,0,88.36774193548386,3.0
2595,2019-10-08,Area Sales Manager,PYZ,Active,Part-Time,Zone A,Full-Time,Sales,Aerial,1998-03-25,TN,Male,Asian,Divorced,Fully Meets,4,2022-12-18,3,5,4,2022-08-12,Customer Service,External,Failed,4,920.91,21,0,224.61219512195123,4.0
2596,2021-10-16,Area Sales Manager,WBL,Active,Contract,Zone A,Full-Time,Sales,Corp Operations,1977-05-20,ID,Male,Black,Divorced,Fully Meets,2,2023-06-06,4,1,2,2023-02-22,Communication Skills,External,Incomplete,2,114.28,44,0,54.41904761904762,2.3333333333333335
2597,2020-04-03,Area Sales Manager,NEL,Active,Contract,Zone A,Full-Time,Sales,Field Operations,1944-09-25,ID,Male,Asian,Divorced,Fully Meets,2,2023-08-05,4,5,4,2022-10-22,Communication Skills,External,Passed,3,242.28,76,1,78.15483870967742,4.333333333333333
2598,2020-01-08,Area Sales Manager,PL,Active,Part-Time,Zone A,Temporary,Sales,General - Con,1964-05-09,ID,Male,Asian,Divorced,Fully Meets,4,2023-05-21,5,3,2,2022-12-14,Customer Service,External,Completed,3,420.06,56,1,135.5032258064516,3.3333333333333335
2599,2022-03-27,Administrative Assistant,BPC,Active,Contract,Zone A,Temporary,Sales,Yard (Material Handling),1942-11-07,ID,Female,Black,Widowed,Fully Meets,2,2023-03-31,1,4,2,2023-02-13,Customer Service,External,Failed,2,288.93,80,0,137.5857142857143,2.3333333333333335
2600,2018-09-18,Administrative Assistant,CCDR,Active,Full-Time,Zone C,Temporary,Sales,Aerial,1965-01-16,WA,Female,Asian,Widowed,Fully Meets,2,2022-09-28,5,2,4,2023-05-14,Project Management,Internal,Completed,3,637.45,53,1,205.6290322580645,3.6666666666666665
2601,2019-11-29,Administrative Assistant,SVG,Active,Full-Time,Zone C,Part-Time,Sales,General - Con,2001-02-03,WA,Female,Hispanic,Widowed,Fully Meets,1,2022-06-10,3,5,5,2023-06-29,Communication Skills,External,Failed,5,944.24,18,0,185.1450980392157,4.333333333333333
2602,2019-04-16,Accountant I,EW,Active,Full-Time,Zone C,Full-Time,Admin Offices,Wireline Construction,1982-07-08,MA,Female,Other,Widowed,Fully Meets,2,2023-10-02,5,5,2,2022-12-25,Leadership Development,Internal,Failed,4,364.41,37,0,88.88048780487806,4.0
2603,2019-03-05,Area Sales Manager,NEL,Active,Part-Time,Zone A,Full-Time,Sales,Splicing,1999-08-06,MA,Male,Other,Divorced,Fully Meets,2,2022-04-12,4,1,4,2022-10-20,Communication Skills,Internal,Passed,5,605.84,20,1,118.79215686274512,3.0
2604,2018-12-20,Area Sales Manager,PL,Active,Contract,Zone C,Full-Time,Sales,Aerial,1987-10-03,MA,Male,Other,Divorced,Fully Meets,5,2023-01-23,1,1,2,2022-11-01,Leadership Development,Internal,Failed,5,990.59,31,0,194.23333333333335,1.3333333333333333
2605,2021-03-08,Area Sales Manager,BPC,Active,Full-Time,Zone C,Part-Time,Sales,Wireline Construction,1968-11-08,AZ,Male,Black,Married,Fully Meets,4,2023-02-25,3,4,3,2022-11-14,Project Management,External,Completed,4,549.19,53,1,133.9487804878049,3.3333333333333335
2606,2020-10-23,Area Sales Manager,CCDR,Active,Full-Time,Zone C,Part-Time,Sales,Project Management - Con,1951-02-08,AZ,Male,White,Single,Fully Meets,2,2022-12-23,1,5,1,2022-11-15,Leadership Development,External,Incomplete,1,587.34,69,0,533.9454545454545,2.3333333333333335
2607,2019-03-29,Area Sales Manager,SVG,Active,Contract,Zone B,Part-Time,Sales,Fielders,1976-10-14,AL,Male,White,Married,Fully Meets,2,2023-02-26,3,1,2,2022-12-26,Technical Skills,External,Completed,3,918.96,43,1,296.43870967741935,2.0
2608,2020-10-25,Area Sales Manager,EW,Active,Contract,Zone A,Full-Time,Sales,Field Operations,1977-01-12,TN,Male,Asian,Married,Fully Meets,4,2022-07-08,1,4,5,2023-01-21,Project Management,Internal,Incomplete,2,525.41,43,0,250.19523809523807,3.3333333333333335
2609,2019-12-06,Area Sales Manager,MSC,Active,Part-Time,Zone B,Temporary,Sales,General - Sga,1971-08-13,TN,Male,Asian,Widowed,Fully Meets,2,2023-04-29,3,3,4,2022-09-04,Communication Skills,External,Passed,1,484.08,48,1,440.0727272727272,3.3333333333333335
2610,2022-09-23,Area Sales Manager,TNS,Active,Full-Time,Zone B,Full-Time,Sales,General - Con,1947-12-30,TN,Male,White,Widowed,Fully Meets,2,2022-04-11,5,1,2,2023-06-25,Customer Service,External,Passed,5,184.63,75,1,36.20196078431373,2.6666666666666665
2611,2019-12-26,Area Sales Manager,PYZ,Active,Part-Time,Zone A,Temporary,Sales,Wireline Construction,1956-09-22,TN,Male,Black,Widowed,Fully Meets,2,2023-06-25,5,3,1,2022-10-29,Customer Service,Internal,Failed,3,793.77,63,0,256.0548387096774,3.0
2612,2018-08-27,Area Sales Manager,WBL,Active,Part-Time,Zone B,Part-Time,Sales,Field Operations,1963-01-07,ID,Male,White,Married,Fully Meets,4,2023-03-26,2,2,5,2023-04-23,Customer Service,Internal,Completed,3,301.02,55,1,97.1032258064516,3.0
2613,2022-12-12,Area Sales Manager,NEL,Active,Part-Time,Zone B,Full-Time,Sales,Project Management - Eng,1944-07-16,ID,Male,Black,Single,Fully Meets,5,2023-04-03,2,1,2,2022-10-28,Leadership Development,Internal,Failed,3,253.86,78,0,81.89032258064516,1.6666666666666667
2614,2021-05-13,Area Sales Manager,PL,Active,Part-Time,Zone A,Full-Time,Sales,Field Operations,1987-03-14,ID,Male,Black,Divorced,Fully Meets,5,2022-11-19,5,1,1,2022-11-09,Project Management,External,Completed,2,468.59,34,1,223.13809523809522,2.3333333333333335
2615,2021-03-31,Administrative Assistant,BPC,Active,Contract,Zone B,Part-Time,Sales,Finance & Accounting,1962-05-25,WA,Female,Black,Single,Fully Meets,4,2022-05-12,5,1,3,2023-03-10,Leadership Development,Internal,Completed,5,689.87,59,1,135.2686274509804,3.0
2616,2019-08-14,Administrative Assistant,CCDR,Active,Full-Time,Zone A,Part-Time,Sales,Engineers,1972-12-18,WA,Female,Black,Married,Fully Meets,1,2022-12-09,3,1,3,2023-04-16,Customer Service,External,Failed,5,428.33,47,0,83.98627450980392,2.3333333333333335
2617,2020-08-02,Administrative Assistant,SVG,Active,Full-Time,Zone C,Full-Time,Sales,Catv,1995-04-26,WA,Female,Hispanic,Single,Fully Meets,4,2022-12-23,4,4,2,2023-07-24,Project Management,External,Completed,2,806.47,25,1,384.0333333333333,3.3333333333333335
2618,2019-06-04,Accountant I,EW,Active,Part-Time,Zone A,Full-Time,Admin Offices,Wireline Construction,1994-11-20,MA,Female,White,Married,Fully Meets,4,2023-01-08,5,3,3,2023-01-23,Communication Skills,Internal,Passed,3,399.63,25,1,128.91290322580645,3.6666666666666665
2619,2020-06-17,Area Sales Manager,WBL,Active,Contract,Zone A,Temporary,Sales,Field Operations,1946-06-04,MA,Male,Hispanic,Divorced,Fully Meets,5,2023-03-21,1,2,1,2022-12-30,Technical Skills,Internal,Completed,3,440.24,74,1,142.01290322580644,1.3333333333333333
2620,2021-03-04,Area Sales Manager,NEL,Active,Full-Time,Zone B,Full-Time,Sales,General - Con,1973-02-10,MA,Male,Asian,Married,Fully Meets,1,2023-04-02,4,3,4,2023-01-24,Communication Skills,External,Passed,1,485.2,48,1,441.09090909090907,3.6666666666666665
2621,2018-09-14,Area Sales Manager,PL,Active,Part-Time,Zone B,Temporary,Sales,Technology / It,1942-06-08,AZ,Male,White,Single,Fully Meets,2,2023-02-01,3,5,4,2023-03-03,Project Management,Internal,Incomplete,2,451.56,76,0,215.0285714285714,4.0
2622,2020-07-20,Area Sales Manager,BPC,Active,Contract,Zone B,Full-Time,Sales,Executive,1991-09-30,AZ,Male,Asian,Widowed,Fully Meets,4,2022-06-10,3,5,1,2022-12-08,Leadership Development,External,Passed,5,159.37,29,1,31.24901960784314,3.0
2623,2020-05-21,Area Sales Manager,CCDR,Active,Contract,Zone C,Full-Time,Sales,Field Operations,1953-07-13,AZ,Male,Asian,Divorced,Fully Meets,2,2022-10-11,2,5,3,2022-08-28,Leadership Development,Internal,Incomplete,4,310.28,67,0,75.6780487804878,3.3333333333333335
2624,2023-06-11,Area Sales Manager,SVG,Active,Part-Time,Zone C,Temporary,Sales,Wireline Construction,1984-07-22,AL,Male,Other,Single,Fully Meets,2,2023-01-24,1,4,3,2022-11-04,Customer Service,Internal,Incomplete,2,227.91,39,0,108.52857142857142,2.6666666666666665
2625,2022-11-27,Area Sales Manager,EW,Active,Full-Time,Zone B,Full-Time,Sales,Splicing,1943-09-11,TN,Male,Asian,Divorced,Fully Meets,2,2022-11-10,5,5,3,2022-10-01,Technical Skills,Internal,Failed,3,379.25,79,0,122.33870967741935,4.333333333333333
2626,2020-03-02,Area Sales Manager,MSC,Active,Full-Time,Zone C,Temporary,Sales,Project Management - Con,1976-04-09,TN,Male,Asian,Widowed,Fully Meets,4,2022-10-23,1,4,2,2023-01-05,Technical Skills,Internal,Incomplete,3,197.3,44,0,63.645161290322584,2.3333333333333335
2627,2023-01-29,Area Sales Manager,TNS,Active,Full-Time,Zone C,Part-Time,Sales,Wireline Construction,1990-05-26,TN,Male,Other,Divorced,Fully Meets,4,2022-08-15,5,3,3,2022-08-18,Customer Service,Internal,Completed,4,862.64,33,1,210.4,3.6666666666666665
2628,2021-12-07,Area Sales Manager,BPC,Active,Part-Time,Zone A,Temporary,Sales,Sales & Marketing,1991-11-19,TN,Male,Hispanic,Divorced,Fully Meets,2,2022-06-12,5,4,2,2022-09-05,Technical Skills,Internal,Passed,1,896.12,30,1,814.6545454545454,3.6666666666666665
2629,2023-03-19,Area Sales Manager,CCDR,Active,Contract,Zone B,Temporary,Sales,Underground,1975-04-02,ID,Male,White,Single,Fully Meets,1,2022-10-24,1,5,4,2023-01-05,Communication Skills,External,Completed,4,750.65,48,1,183.08536585365854,3.3333333333333335
2630,2022-06-10,Area Sales Manager,EW,Active,Part-Time,Zone B,Full-Time,Sales,Field Operations,1994-04-11,ID,Male,Asian,Widowed,Fully Meets,5,2022-04-09,1,5,4,2022-09-07,Technical Skills,External,Incomplete,4,424.19,28,0,103.4609756097561,3.3333333333333335
2631,2021-03-03,Area Sales Manager,MSC,Active,Full-Time,Zone C,Full-Time,Sales,Catv,1998-09-04,ID,Female,Black,Widowed,Fully Meets,2,2023-08-01,5,1,4,2022-10-11,Customer Service,External,Incomplete,4,775.32,23,0,189.10243902439026,3.3333333333333335
2632,2022-03-06,Administrative Assistant,NEL,Active,Contract,Zone C,Part-Time,Sales,Field Operations,1975-10-20,WA,Female,Hispanic,Divorced,Fully Meets,4,2023-07-07,1,4,2,2023-04-19,Customer Service,External,Incomplete,2,209.47,47,0,99.74761904761904,2.3333333333333335
2633,2022-08-08,Administrative Assistant,PL,Active,Part-Time,Zone C,Full-Time,Sales,Project Management - Con,1985-09-09,WA,Female,White,Single,Fully Meets,5,2023-01-07,5,2,3,2023-02-09,Project Management,Internal,Completed,2,859.39,37,1,409.2333333333333,3.3333333333333335
2634,2023-03-12,Administrative Assistant,PYZ,Active,Part-Time,Zone B,Temporary,Sales,Field Operations,1943-02-16,WA,Female,Asian,Single,Fully Meets,4,2022-12-12,3,5,3,2023-05-26,Project Management,External,Completed,1,532.85,80,1,484.4090909090909,3.6666666666666665
2635,2019-05-01,Accountant I,SVG,Active,Full-Time,Zone B,Temporary,Admin Offices,General - Con,1957-07-26,MA,Female,Asian,Divorced,Fully Meets,1,2023-06-21,3,1,3,2023-02-03,Communication Skills,External,Passed,2,136.6,62,1,65.04761904761904,2.3333333333333335
2636,2018-09-13,Area Sales Manager,PYZ,Active,Full-Time,Zone B,Temporary,Sales,General - Eng,1970-11-20,MA,Male,Asian,Married,Fully Meets,5,2022-12-20,5,3,3,2023-07-14,Communication Skills,Internal,Passed,4,483.54,48,1,117.93658536585367,3.6666666666666665
2637,2022-11-16,Area Sales Manager,WBL,Active,Contract,Zone A,Temporary,Sales,Project Management - Con,1967-04-10,MA,Male,Asian,Divorced,Fully Meets,5,2023-06-27,2,2,2,2023-04-24,Communication Skills,Internal,Completed,1,709.79,55,1,645.2636363636362,2.0
2638,2021-11-20,Area Sales Manager,NEL,Active,Contract,Zone B,Full-Time,Sales,Catv,1957-10-01,AZ,Male,Asian,Divorced,Fully Meets,2,2023-04-28,1,2,2,2023-05-28,Technical Skills,External,Passed,2,152.85,64,1,72.78571428571428,1.6666666666666667
2639,2020-09-29,Area Sales Manager,PL,Active,Part-Time,Zone C,Temporary,Sales,Project Management - Con,1975-09-22,AZ,Male,Asian,Married,Fully Meets,2,2023-01-31,1,3,3,2023-02-19,Project Management,Internal,Completed,4,977.29,45,1,238.36341463414635,2.3333333333333335
2640,2021-08-28,Area Sales Manager,BPC,Active,Contract,Zone B,Full-Time,Sales,Wireline Construction,1962-06-11,AZ,Male,Black,Single,Fully Meets,4,2023-07-17,1,5,2,2023-02-20,Project Management,Internal,Failed,4,237.14,59,0,57.83902439024391,2.6666666666666665
2641,2021-04-28,Area Sales Manager,CCDR,Active,Full-Time,Zone A,Full-Time,Sales,Aerial,1975-07-20,AZ,Male,Asian,Married,Fully Meets,2,2022-11-25,2,3,5,2022-08-25,Technical Skills,Internal,Passed,5,637.84,46,1,125.06666666666668,3.3333333333333335
2642,2022-06-15,Area Sales Manager,SVG,Active,Full-Time,Zone C,Full-Time,Sales,Field Operations,1951-06-13,AL,Male,Asian,Divorced,Fully Meets,4,2022-09-12,2,3,1,2023-07-01,Project Management,Internal,Completed,1,889.73,71,1,808.8454545454545,2.0
2643,2022-04-15,Area Sales Manager,EW,Active,Full-Time,Zone A,Temporary,Sales,Wireline Construction,1966-12-24,TN,Male,Black,Divorced,Fully Meets,5,2023-01-05,4,3,5,2023-06-15,Project Management,Internal,Failed,2,357.94,56,0,170.44761904761904,4.0
2644,2020-07-19,Area Sales Manager,MSC,Active,Full-Time,Zone C,Part-Time,Sales,Aerial,1999-01-23,TN,Male,Other,Single,Fully Meets,5,2022-11-22,4,1,2,2023-04-01,Customer Service,Internal,Incomplete,1,150.96,21,0,137.23636363636362,2.3333333333333335
2645,2020-07-02,Area Sales Manager,TNS,Active,Contract,Zone C,Temporary,Sales,Wireline Construction,1947-06-27,TN,Male,Asian,Married,Fully Meets,4,2022-10-25,4,3,5,2022-11-02,Technical Skills,Internal,Completed,2,933.2,73,1,444.3809523809524,4.0
2646,2019-08-04,Area Sales Manager,PYZ,Active,Contract,Zone A,Part-Time,Sales,Project Management - Con,2001-06-17,ID,Male,Black,Widowed,Fully Meets,1,2022-12-14,4,2,2,2023-07-15,Project Management,External,Failed,3,378.6,18,0,122.12903225806453,2.6666666666666665
2647,2019-01-09,Area Sales Manager,WBL,Active,Contract,Zone A,Temporary,Sales,Project Management - Con,1950-03-11,ID,Male,Hispanic,Single,Fully Meets,5,2022-08-23,5,5,3,2023-01-28,Project Management,Internal,Completed,5,162.93,69,1,31.947058823529414,4.333333333333333
2648,2022-10-01,Area Sales Manager,NEL,Active,Part-Time,Zone A,Part-Time,Sales,Fielders,1994-05-07,ID,Male,Other,Married,Fully Meets,2,2023-04-22,4,2,1,2023-03-07,Project Management,External,Incomplete,3,294.91,28,0,95.13225806451614,2.3333333333333335
2649,2020-09-28,Area Sales Manager,PL,Active,Part-Time,Zone A,Full-Time,Sales,Project Management - Con,1973-03-21,NY,Female,White,Widowed,Fully Meets,4,2022-12-26,4,4,1,2022-09-25,Communication Skills,Internal,Passed,1,836.76,47,1,760.690909090909,3.0
2650,2018-11-15,Administrative Assistant,BPC,Active,Part-Time,Zone B,Full-Time,Sales,Project Management - Con,1964-08-15,WA,Female,Black,Single,Fully Meets,1,2023-03-24,1,1,1,2022-08-29,Communication Skills,Internal,Passed,1,136.23,54,1,123.84545454545453,1.0
2651,2020-11-24,Administrative Assistant,CCDR,Active,Contract,Zone C,Full-Time,Sales,Project Management - Con,1992-02-03,WA,Female,Hispanic,Divorced,Fully Meets,2,2023-05-31,1,3,2,2023-06-12,Customer Service,External,Completed,3,236.69,28,1,76.3516129032258,2.0
2652,2023-07-09,Administrative Assistant,SVG,Active,Contract,Zone C,Temporary,Sales,General - Sga,1954-08-03,MA,Female,Other,Widowed,Fully Meets,4,2022-11-11,1,4,2,2022-10-23,Customer Service,External,Incomplete,1,424.44,69,0,385.8545454545454,2.3333333333333335
2653,2023-04-20,Area Sales Manager,PYZ,Active,Full-Time,Zone C,Part-Time,Sales,Wireline Construction,1944-04-21,MA,Male,White,Widowed,Fully Meets,1,2023-02-23,4,5,3,2023-01-24,Technical Skills,Internal,Incomplete,3,139.71,79,0,45.06774193548387,4.0
2654,2019-08-22,Area Sales Manager,WBL,Active,Full-Time,Zone C,Temporary,Sales,General - Con,1955-09-07,MA,Male,Black,Divorced,Fully Meets,4,2023-07-03,4,1,3,2023-03-18,Communication Skills,External,Passed,3,428.13,64,1,138.10645161290321,2.6666666666666665
2655,2022-08-02,Area Sales Manager,NEL,Active,Contract,Zone A,Part-Time,Sales,General - Con,1964-08-11,AZ,Male,Black,Divorced,Fully Meets,2,2022-08-29,2,5,5,2023-05-31,Project Management,External,Incomplete,3,972.66,58,0,313.76129032258063,4.0
2656,2018-10-31,Area Sales Manager,PL,Active,Part-Time,Zone B,Part-Time,Sales,Aerial,1957-10-02,AZ,Male,Hispanic,Single,Fully Meets,4,2023-03-15,5,4,3,2023-02-25,Communication Skills,External,Failed,1,877.57,61,0,797.790909090909,4.0
2657,2021-11-23,Area Sales Manager,BPC,Active,Contract,Zone B,Temporary,Sales,Isp,1995-06-06,AZ,Male,White,Widowed,Fully Meets,2,2023-04-03,4,3,3,2023-05-08,Project Management,External,Failed,3,751.13,26,0,242.29999999999998,3.3333333333333335
2658,2023-07-01,Area Sales Manager,CCDR,Active,Full-Time,Zone A,Temporary,Sales,Engineers,1960-03-28,AZ,Male,Black,Married,Fully Meets,2,2022-10-22,3,1,1,2023-06-29,Technical Skills,External,Passed,1,471.89,63,1,428.99090909090904,1.6666666666666667
2659,2022-07-18,Area Sales Manager,SVG,Active,Part-Time,Zone B,Temporary,Sales,General - Con,1990-07-13,AL,Male,Black,Single,Fully Meets,2,2023-05-22,5,3,2,2022-08-30,Customer Service,External,Failed,3,957.63,32,0,308.9129032258064,3.3333333333333335
2660,2019-08-09,Area Sales Manager,EW,Active,Part-Time,Zone C,Part-Time,Sales,Shop (Fleet),1959-10-27,TN,Male,Asian,Divorced,Fully Meets,4,2022-08-23,5,1,1,2022-09-07,Project Management,External,Passed,1,788.33,60,1,716.6636363636363,2.3333333333333335
2661,2021-07-06,Area Sales Manager,MSC,Active,Part-Time,Zone A,Temporary,Sales,Engineers,1970-11-08,TN,Male,Black,Married,Fully Meets,2,2023-02-25,3,3,2,2023-01-12,Communication Skills,Internal,Completed,4,220.32,51,1,53.736585365853664,2.6666666666666665
2662,2021-02-02,Area Sales Manager,TNS,Active,Contract,Zone A,Part-Time,Sales,General - Con,1945-12-09,ID,Male,Asian,Single,Fully Meets,2,2023-08-07,4,1,1,2023-03-10,Project Management,External,Completed,5,406.1,76,1,79.62745098039217,2.0
2663,2023-01-06,Area Sales Manager,PYZ,Active,Part-Time,Zone B,Part-Time,Sales,Splicing,1971-07-21,ID,Male,Hispanic,Divorced,Fully Meets,5,2022-07-08,3,4,1,2022-12-17,Customer Service,External,Passed,4,819.64,52,1,199.91219512195124,2.6666666666666665
2664,2021-11-13,Area Sales Manager,WBL,Active,Full-Time,Zone C,Full-Time,Sales,Project Management - Con,1961-06-25,ID,Male,Hispanic,Divorced,Fully Meets,1,2023-06-13,5,2,2,2022-09-13,Project Management,External,Incomplete,3,355.84,60,0,114.78709677419354,3.0
2665,2020-03-15,Area Sales Manager,NEL,Active,Contract,Zone A,Part-Time,Sales,Splicing,1991-07-14,NY,Male,Hispanic,Married,Fully Meets,4,2022-05-10,1,5,5,2022-09-03,Communication Skills,Internal,Completed,4,786.38,29,1,191.8,3.6666666666666665
2666,2018-11-07,Area Sales Manager,PL,Active,Part-Time,Zone C,Full-Time,Sales,Yard (Material Handling),1946-01-19,WA,Female,Other,Single,Fully Meets,4,2023-05-24,5,5,3,2023-02-02,Project Management,Internal,Failed,2,460.62,72,0,219.34285714285713,4.333333333333333
2667,2019-10-03,Administrative Assistant,BPC,Active,Full-Time,Zone B,Part-Time,Sales,Billable Consultants,1965-08-10,WA,Female,Other,Widowed,Fully Meets,2,2022-12-28,3,2,3,2023-02-05,Leadership Development,External,Passed,4,821.39,54,1,200.3390243902439,2.6666666666666665
2668,2022-08-12,Administrative Assistant,CCDR,Active,Contract,Zone C,Part-Time,Sales,General - Con,1978-12-11,MA,Female,Asian,Married,Fully Meets,2,2023-04-28,4,4,1,2023-01-19,Project Management,Internal,Passed,3,968.31,44,1,312.358064516129,3.0
2669,2018-12-22,Administrative Assistant,SVG,Active,Part-Time,Zone C,Full-Time,Sales,Field Operations,1952-01-19,MA,Female,Black,Single,Fully Meets,1,2023-04-27,4,2,1,2023-03-17,Project Management,Internal,Completed,3,912.22,66,1,294.26451612903224,2.3333333333333335
2670,2021-03-27,Area Sales Manager,PYZ,Active,Part-Time,Zone A,Full-Time,Sales,Engineers,1994-06-03,MA,Male,Other,Widowed,Fully Meets,1,2023-06-26,4,2,1,2023-06-28,Project Management,External,Completed,4,144.83,27,1,35.32439024390244,2.3333333333333335
2671,2022-07-18,Area Sales Manager,WBL,Active,Part-Time,Zone C,Temporary,Sales,Field Operations,1944-06-23,MA,Male,Asian,Widowed,Fully Meets,5,2023-12-02,1,2,5,2023-01-14,Project Management,Internal,Passed,4,425.59,78,1,103.80243902439025,2.6666666666666665
2672,2020-04-09,Area Sales Manager,NEL,Active,Contract,Zone A,Full-Time,Sales,Fielders,1999-07-23,AZ,Male,Asian,Married,Fully Meets,1,2023-04-06,5,2,2,2023-07-18,Project Management,Internal,Incomplete,2,118.43,21,0,56.3952380952381,3.0
2673,2022-01-07,Area Sales Manager,PL,Active,Full-Time,Zone B,Full-Time,Sales,Splicing,1999-07-19,AZ,Male,Other,Single,Fully Meets,4,2022-10-13,5,1,1,2023-05-11,Customer Service,Internal,Incomplete,2,281.27,23,0,133.93809523809523,2.3333333333333335
2674,2022-07-15,Area Sales Manager,BPC,Active,Part-Time,Zone A,Part-Time,Sales,Fielders,1968-12-16,AZ,Male,White,Widowed,Fully Meets,1,2022-06-11,1,1,4,2023-04-05,Customer Service,External,Incomplete,5,283.65,54,0,55.61764705882353,2.0
2675,2020-11-29,Area Sales Manager,CCDR,Active,Part-Time,Zone C,Part-Time,Sales,Engineers,1946-07-06,AL,Male,Hispanic,Divorced,Fully Meets,5,2023-01-30,2,4,4,2022-10-07,Customer Service,Internal,Completed,3,475.75,74,1,153.46774193548387,3.3333333333333335
2676,2019-03-20,Area Sales Manager,SVG,Active,Part-Time,Zone C,Part-Time,Sales,Engineers,1972-01-08,AL,Male,Asian,Single,Fully Meets,2,2022-10-16,4,3,4,2022-10-11,Leadership Development,External,Failed,3,188.07,47,0,60.66774193548387,3.6666666666666665
2677,2019-03-16,Area Sales Manager,EW,Active,Contract,Zone B,Full-Time,Sales,Splicing,1990-10-13,TN,Male,Hispanic,Divorced,Fully Meets,1,2022-11-29,2,1,5,2022-12-30,Technical Skills,External,Incomplete,4,843.69,29,0,205.77804878048784,2.6666666666666665
2678,2021-05-30,Area Sales Manager,MSC,Active,Full-Time,Zone C,Part-Time,Sales,Field Operations,1966-01-05,ID,Male,White,Single,Fully Meets,5,2023-07-18,5,3,3,2023-04-06,Project Management,External,Failed,3,166.28,55,0,53.63870967741936,3.6666666666666665
2679,2022-11-17,Area Sales Manager,TNS,Active,Contract,Zone A,Part-Time,Sales,General - Con,1951-10-20,ID,Male,Hispanic,Divorced,Fully Meets,5,2023-02-02,4,4,1,2022-08-17,Communication Skills,External,Completed,2,119.62,71,1,56.96190476190476,3.0
2680,2020-12-25,Area Sales Manager,PYZ,Active,Contract,Zone A,Full-Time,Sales,Billable Consultants,1948-01-24,ID,Male,Black,Single,Fully Meets,2,2022-08-31,1,4,4,2023-05-11,Customer Service,Internal,Failed,2,400.81,72,0,190.86190476190475,3.0
2681,2020-06-16,Area Sales Manager,WBL,Active,Part-Time,Zone C,Full-Time,Sales,Field Operations,1984-04-02,ID,Male,Black,Married,Fully Meets,1,2023-07-22,3,3,3,2023-01-26,Leadership Development,Internal,Completed,1,318.38,36,1,289.4363636363636,3.0
2682,2020-07-28,Area Sales Manager,NEL,Active,Contract,Zone A,Temporary,Sales,Field Operations,1976-05-06,NY,Male,Asian,Widowed,Fully Meets,2,2022-02-11,1,2,2,2023-05-05,Communication Skills,External,Failed,3,238.12,44,0,76.81290322580645,1.6666666666666667
2683,2021-12-31,Area Sales Manager,PL,Active,Contract,Zone A,Temporary,Sales,General - Con,1952-10-14,WA,Female,Other,Divorced,Fully Meets,4,2022-12-23,3,4,2,2022-08-26,Technical Skills,External,Passed,2,412.34,69,1,196.35238095238094,3.0
2684,2022-02-07,Administrative Assistant,BPC,Active,Full-Time,Zone C,Part-Time,Sales,General - Sga,1983-07-10,MA,Female,White,Widowed,Fully Meets,5,2022-09-14,3,4,2,2023-01-23,Communication Skills,Internal,Passed,5,776.58,39,1,152.27058823529413,3.0
2685,2021-11-23,Administrative Assistant,CCDR,Active,Full-Time,Zone B,Temporary,Sales,General - Sga,1964-08-08,MA,Female,Black,Divorced,Fully Meets,2,2023-09-07,3,1,1,2023-02-07,Project Management,External,Passed,4,231.34,57,1,56.424390243902444,1.6666666666666667
2686,2021-08-15,Area Sales Manager,PYZ,Active,Contract,Zone C,Part-Time,Sales,Project Management - Con,1955-09-05,MA,Male,Other,Single,Fully Meets,4,2023-01-23,5,3,4,2022-11-12,Project Management,External,Completed,1,278.7,66,1,253.36363636363635,4.0
2687,2021-06-21,Area Sales Manager,WBL,Active,Part-Time,Zone A,Full-Time,Sales,Engineers,1945-03-16,AZ,Male,White,Single,Fully Meets,2,2023-02-20,4,5,5,2023-07-20,Technical Skills,External,Incomplete,1,272.22,76,0,247.47272727272727,4.666666666666667
2688,2021-02-13,Area Sales Manager,NEL,Active,Contract,Zone B,Full-Time,Sales,Engineers,1967-09-02,AZ,Male,Black,Married,Fully Meets,1,2022-11-21,2,3,3,2022-11-18,Customer Service,External,Completed,2,638.6,54,1,304.0952380952381,2.6666666666666665
2689,2020-12-28,Area Sales Manager,PL,Active,Part-Time,Zone C,Part-Time,Sales,Wireline Construction,1954-09-05,AZ,Male,Other,Single,Fully Meets,1,2022-06-10,2,1,1,2023-07-12,Project Management,External,Passed,1,812.6,66,1,738.7272727272726,1.3333333333333333
2690,2022-04-12,Area Sales Manager,BPC,Active,Part-Time,Zone B,Part-Time,Sales,Project Management - Con,1997-04-14,AZ,Male,Black,Married,Fully Meets,4,2022-10-29,1,3,2,2023-02-23,Technical Skills,External,Completed,1,134.11,25,1,121.91818181818182,2.0
2691,2019-01-02,Area Sales Manager,CCDR,Active,Part-Time,Zone C,Full-Time,Sales,General - Sga,1972-11-29,AL,Male,Black,Widowed,Fully Meets,1,2022-12-21,4,1,1,2022-12-29,Project Management,External,Failed,3,934.3,47,0,301.38709677419354,2.0
2692,2020-08-01,Area Sales Manager,SVG,Active,Full-Time,Zone A,Full-Time,Sales,Underground,1997-11-22,TN,Male,White,Widowed,Fully Meets,4,2023-04-05,4,5,2,2023-05-30,Communication Skills,External,Completed,1,614.11,23,1,558.2818181818182,3.6666666666666665
2693,2020-10-14,Area Sales Manager,EW,Active,Part-Time,Zone C,Temporary,Sales,General - Sga,1987-09-26,TN,Male,White,Married,Fully Meets,4,2022-06-11,2,5,2,2023-05-16,Project Management,External,Failed,2,175.75,33,0,83.69047619047619,3.0
2694,2023-05-26,Area Sales Manager,MSC,Active,Full-Time,Zone C,Full-Time,Sales,Engineers,1980-12-15,ID,Male,Black,Widowed,Fully Meets,4,2022-12-29,3,4,4,2022-08-08,Customer Service,External,Failed,2,167.34,43,0,79.68571428571428,3.6666666666666665
2695,2021-08-26,Area Sales Manager,TNS,Active,Full-Time,Zone A,Temporary,Sales,Underground,1960-10-24,ID,Male,Other,Married,Fully Meets,2,2022-04-12,5,2,3,2023-01-25,Customer Service,External,Passed,2,123.83,61,1,58.96666666666666,3.3333333333333335
2696,2022-11-20,Area Sales Manager,PYZ,Active,Contract,Zone A,Temporary,Sales,Project Management - Con,1953-09-03,ID,Male,Other,Married,Fully Meets,4,2023-05-13,3,1,3,2023-03-29,Technical Skills,External,Incomplete,2,932.48,69,0,444.03809523809525,2.3333333333333335
2697,2020-02-22,Area Sales Manager,WBL,Active,Full-Time,Zone A,Full-Time,Sales,Splicing,1964-08-02,NY,Male,White,Married,Fully Meets,1,2023-05-30,1,5,3,2023-02-19,Project Management,Internal,Completed,4,714.81,56,1,174.3439024390244,3.0
2698,2021-04-04,Area Sales Manager,NEL,Active,Contract,Zone B,Full-Time,Sales,Field Operations,1969-01-02,NY,Male,Hispanic,Single,Fully Meets,4,2023-05-24,5,4,5,2022-12-12,Project Management,Internal,Incomplete,3,152.78,52,0,49.28387096774193,4.666666666666667
2699,2023-08-05,Area Sales Manager,PL,Active,Contract,Zone C,Temporary,Sales,Engineers,1985-08-24,WA,Female,Other,Married,Fully Meets,5,2022-07-12,1,1,5,2023-01-31,Technical Skills,External,Incomplete,2,717.16,38,0,341.5047619047619,2.3333333333333335
2700,2023-01-10,Administrative Assistant,BPC,Active,Full-Time,Zone B,Temporary,Sales,Project Management - Con,1992-01-09,MA,Female,Other,Single,Fully Meets,4,2023-01-17,3,5,1,2023-06-29,Technical Skills,External,Failed,1,272.59,31,0,247.80909090909086,3.0
2701,2019-04-19,Administrative Assistant,CCDR,Active,Contract,Zone A,Full-Time,Sales,Field Operations,1959-06-09,MA,Female,Black,Married,Fully Meets,5,2023-07-20,5,5,3,2023-04-20,Leadership Development,External,Incomplete,5,155.14,60,0,30.419607843137253,4.333333333333333
2702,2019-10-02,Area Sales Manager,BPC,Active,Contract,Zone B,Full-Time,Sales,Aerial,1962-09-18,MA,Male,Asian,Married,Fully Meets,2,2023-12-04,5,1,2,2022-09-05,Communication Skills,Internal,Completed,1,328.74,57,1,298.8545454545454,2.6666666666666665
2703,2018-11-14,Area Sales Manager,CCDR,Active,Full-Time,Zone A,Part-Time,Sales,General - Con,1986-07-04,AZ,Male,Other,Single,Fully Meets,5,2023-05-27,1,5,4,2023-03-31,Leadership Development,Internal,Passed,2,775.58,32,1,369.32380952380953,3.3333333333333335
2704,2020-01-27,Area Sales Manager,EW,Active,Part-Time,Zone A,Full-Time,Sales,Field Operations,1998-07-30,AZ,Male,Black,Widowed,Fully Meets,4,2022-09-14,2,4,4,2022-12-10,Leadership Development,Internal,Incomplete,2,499.97,22,0,238.0809523809524,3.3333333333333335
2705,2018-11-04,Area Sales Manager,MSC,Active,Full-Time,Zone B,Temporary,Sales,General - Con,2000-10-24,AZ,Female,Hispanic,Divorced,Fully Meets,2,2023-08-07,3,2,2,2023-05-24,Communication Skills,External,Incomplete,1,826.31,18,0,751.190909090909,2.3333333333333335
2706,2018-12-13,Area Sales Manager,NEL,Active,Part-Time,Zone A,Part-Time,Sales,Field Operations,1975-09-24,NC,Male,Asian,Widowed,Fully Meets,2,2022-12-18,3,2,5,2023-03-28,Leadership Development,Internal,Failed,5,258.38,43,0,50.66274509803922,3.3333333333333335
2707,2022-11-28,Area Sales Manager,PL,Active,Full-Time,Zone B,Part-Time,Sales,General - Con,1992-08-20,AL,Male,White,Married,Fully Meets,4,2023-01-28,1,2,1,2022-11-16,Customer Service,External,Incomplete,3,412.09,30,0,132.9322580645161,1.3333333333333333
2708,2022-06-08,Area Sales Manager,PYZ,Active,Full-Time,Zone C,Part-Time,Sales,General - Con,1965-07-31,TN,Male,Asian,Married,Fully Meets,2,2023-01-15,1,3,5,2022-12-04,Leadership Development,Internal,Failed,5,294.23,57,0,57.69215686274511,3.0
2709,2022-04-03,Area Sales Manager,SVG,Active,Full-Time,Zone A,Full-Time,Sales,Field Operations,1985-01-28,ID,Male,Asian,Married,Fully Meets,2,2022-08-28,1,2,2,2022-10-15,Technical Skills,Internal,Failed,2,415.45,37,0,197.83333333333331,1.6666666666666667
2710,2022-02-28,Area Sales Manager,TNS,Active,Part-Time,Zone C,Full-Time,Sales,Field Operations,1994-04-14,ID,Male,Black,Single,Fully Meets,5,2022-12-08,4,2,3,2023-07-20,Customer Service,Internal,Failed,5,807.71,28,0,158.3745098039216,3.0
2711,2021-08-19,Area Sales Manager,WBL,Active,Contract,Zone C,Temporary,Sales,Field Operations,1973-09-06,ID,Male,Black,Divorced,Fully Meets,2,2023-07-02,4,2,5,2022-09-13,Leadership Development,Internal,Completed,1,408.39,48,1,371.2636363636363,3.6666666666666665
2712,2018-08-19,Area Sales Manager,PYZ,Active,Full-Time,Zone A,Full-Time,Sales,General - Con,1992-08-07,NY,Male,Other,Married,Fully Meets,1,2023-06-24,3,2,5,2023-01-30,Communication Skills,External,Passed,1,741.6,26,1,674.1818181818181,3.3333333333333335
2713,2019-10-15,Area Sales Manager,WBL,Active,Full-Time,Zone A,Full-Time,Sales,Aerial,1997-09-02,NY,Male,Black,Married,Fully Meets,5,2022-12-22,5,2,4,2023-04-09,Technical Skills,External,Completed,3,193.48,22,1,62.412903225806446,3.6666666666666665
2714,2023-02-23,Area Sales Manager,NEL,Active,Part-Time,Zone C,Temporary,Sales,Field Operations,1972-11-07,WA,Male,Asian,Widowed,Fully Meets,1,2022-10-20,3,1,3,2023-01-08,Technical Skills,Internal,Incomplete,5,831.09,51,0,162.95882352941177,2.3333333333333335
2715,2023-02-01,Area Sales Manager,PL,Active,Full-Time,Zone B,Temporary,Sales,Field Operations,1995-08-18,WA,Female,Asian,Divorced,Fully Meets,4,2023-11-01,3,5,1,2022-10-14,Customer Service,External,Completed,5,573.56,28,1,112.4627450980392,3.0
2716,2023-05-07,Administrative Assistant,BPC,Active,Contract,Zone A,Temporary,Sales,Executive,1969-12-21,MA,Female,Asian,Widowed,Fully Meets,2,2022-09-28,3,2,2,2023-01-16,Leadership Development,Internal,Completed,4,247.11,54,1,60.27073170731708,2.3333333333333335
2717,2020-05-26,Area Sales Manager,PYZ,Active,Full-Time,Zone A,Temporary,Sales,Field Operations,1995-05-11,MA,Male,Black,Divorced,Fully Meets,1,2023-07-25,1,1,2,2023-03-25,Communication Skills,Internal,Passed,5,866.13,25,1,169.8294117647059,1.3333333333333333
2718,2022-02-09,Area Sales Manager,WBL,Active,Part-Time,Zone A,Part-Time,Sales,Aerial,1999-01-26,AZ,Male,Other,Married,Fully Meets,5,2023-01-06,3,5,5,2022-11-13,Project Management,Internal,Incomplete,5,760.24,23,0,149.0666666666667,4.333333333333333
2719,2022-06-20,Area Sales Manager,NEL,Active,Contract,Zone C,Temporary,Sales,Finance & Accounting,1996-11-02,AZ,Male,Hispanic,Divorced,Fully Meets,4,2022-09-11,5,5,5,2023-07-25,Leadership Development,Internal,Passed,5,992.93,26,1,194.6921568627451,5.0
2720,2022-01-08,Area Sales Manager,PL,Active,Contract,Zone A,Temporary,Sales,Field Operations,1994-08-13,NC,Female,Asian,Widowed,Fully Meets,4,2022-12-12,3,3,2,2023-05-09,Customer Service,External,Failed,2,960.4,28,0,457.3333333333333,2.6666666666666665
2721,2020-03-01,Area Sales Manager,BPC,Active,Full-Time,Zone A,Full-Time,Sales,Shop (Fleet),1981-11-15,NC,Male,Hispanic,Married,Fully Meets,4,2023-03-26,1,4,3,2022-10-19,Project Management,Internal,Incomplete,4,173.54,39,0,42.326829268292684,2.6666666666666665
2722,2020-10-05,Area Sales Manager,CCDR,Active,Contract,Zone C,Temporary,Sales,General - Con,1979-02-12,AL,Male,White,Single,Fully Meets,2,2022-12-18,3,4,2,2023-07-17,Leadership Development,External,Passed,1,334.08,41,1,303.7090909090909,3.0
2723,2021-05-12,Area Sales Manager,SVG,Active,Part-Time,Zone C,Temporary,Sales,Field Operations,1975-03-17,TN,Male,White,Widowed,Fully Meets,2,2023-01-31,3,1,5,2023-07-22,Leadership Development,External,Incomplete,3,763.23,46,0,246.2032258064516,3.0
2724,2023-01-01,Area Sales Manager,EW,Active,Part-Time,Zone B,Temporary,Sales,Catv,1943-01-15,ID,Male,Other,Divorced,Fully Meets,1,2023-01-01,5,3,4,2023-06-03,Leadership Development,External,Completed,2,611.51,80,1,291.1952380952381,4.0
2725,2019-11-18,Area Sales Manager,MSC,Active,Contract,Zone B,Full-Time,Sales,Field Operations,1969-07-21,ID,Male,White,Single,Fully Meets,4,2023-01-30,4,1,5,2022-12-29,Technical Skills,Internal,Incomplete,2,354.21,50,0,168.67142857142855,3.3333333333333335
2726,2021-05-12,Area Sales Manager,TNS,Active,Contract,Zone B,Full-Time,Sales,Wireline Construction,1971-02-23,NY,Male,Asian,Single,Fully Meets,2,2023-07-29,2,4,2,2023-01-16,Customer Service,External,Passed,3,502.39,50,1,162.06129032258065,2.6666666666666665
2727,2020-02-14,Area Sales Manager,PYZ,Active,Contract,Zone C,Full-Time,Sales,General - Con,1984-12-10,NY,Male,White,Divorced,Fully Meets,5,2023-06-17,1,3,3,2022-12-31,Communication Skills,Internal,Incomplete,2,687.99,36,0,327.6142857142857,2.3333333333333335
2728,2020-05-08,Area Sales Manager,WBL,Active,Full-Time,Zone B,Full-Time,Sales,Splicing,1956-07-09,WA,Male,Hispanic,Single,Fully Meets,2,2022-03-12,3,2,1,2023-01-27,Project Management,Internal,Completed,5,877.47,64,1,172.0529411764706,2.0
2729,2018-12-10,Area Sales Manager,NEL,Active,Part-Time,Zone B,Full-Time,Sales,Engineers,1948-10-03,WA,Female,Hispanic,Divorced,Fully Meets,2,2023-02-24,3,5,1,2023-07-06,Leadership Development,External,Passed,2,700.04,70,1,333.35238095238094,3.0
2730,2021-12-08,Area Sales Manager,PL,Active,Contract,Zone B,Part-Time,Sales,Underground,1967-07-28,VT,Female,Hispanic,Single,Fully Meets,2,2022-09-16,2,3,4,2023-05-20,Project Management,External,Incomplete,5,486.43,54,0,95.37843137254903,3.0
2731,2019-01-31,Administrative Assistant,BPC,Active,Part-Time,Zone C,Full-Time,Sales,General - Con,1949-12-30,MA,Female,Other,Married,Fully Meets,1,2023-04-26,2,3,2,2023-04-20,Technical Skills,Internal,Failed,1,897.96,70,0,816.3272727272727,2.3333333333333335
2732,2022-08-31,Area Sales Manager,PYZ,Active,Contract,Zone A,Full-Time,Sales,Shop (Fleet),1989-07-04,ME,Male,Black,Single,Fully Meets,2,2022-04-11,1,5,3,2023-02-23,Customer Service,Internal,Completed,3,147.28,33,1,47.50967741935484,3.0
2733,2022-02-01,Area Sales Manager,WBL,Active,Contract,Zone A,Temporary,Sales,General - Sga,1996-05-01,AZ,Male,Black,Single,Fully Meets,5,2023-03-04,3,4,1,2023-02-12,Leadership Development,Internal,Completed,5,612.96,26,1,120.18823529411766,2.6666666666666665
2734,2020-12-02,Area Sales Manager,NEL,Active,Contract,Zone C,Part-Time,Sales,General - Con,1948-03-12,AZ,Female,Black,Married,Fully Meets,4,2023-05-14,2,2,3,2023-02-22,Communication Skills,External,Completed,5,953.92,72,1,187.04313725490198,2.3333333333333335
2735,2020-10-16,Area Sales Manager,PL,Active,Contract,Zone B,Part-Time,Sales,Field Operations,2001-10-04,NC,Female,Asian,Single,Fully Meets,2,2023-02-06,5,1,2,2022-11-12,Leadership Development,External,Incomplete,1,519.23,19,0,472.0272727272727,2.6666666666666665
2736,2020-05-27,Area Sales Manager,BPC,Active,Contract,Zone A,Full-Time,Sales,General - Con,1963-02-13,AL,Male,Other,Married,Fully Meets,5,2022-11-26,4,2,2,2023-03-05,Technical Skills,Internal,Passed,1,297.94,57,1,270.8545454545454,2.6666666666666665
2737,2021-08-20,Area Sales Manager,CCDR,Active,Full-Time,Zone C,Temporary,Sales,General - Con,1972-05-26,UT,Male,Black,Married,Fully Meets,4,2022-09-20,5,5,3,2023-04-18,Communication Skills,Internal,Failed,5,317.55,49,0,62.26470588235295,4.333333333333333
2738,2019-02-07,Area Sales Manager,SVG,Active,Full-Time,Zone C,Full-Time,Sales,Field Operations,1957-09-23,TN,Male,Hispanic,Married,Fully Meets,5,2023-03-16,4,3,1,2022-10-01,Communication Skills,Internal,Incomplete,5,880.42,62,0,172.6313725490196,2.6666666666666665
2739,2021-02-18,Area Sales Manager,EW,Active,Contract,Zone A,Part-Time,Sales,General - Con,1944-09-21,ID,Male,Black,Single,Fully Meets,4,2023-06-26,1,2,5,2022-08-21,Customer Service,Internal,Completed,1,457.71,77,1,416.09999999999997,2.6666666666666665
2740,2022-12-02,Area Sales Manager,MSC,Active,Full-Time,Zone B,Part-Time,Sales,General - Sga,1983-09-25,ID,Male,Black,Single,Fully Meets,1,2023-06-06,2,5,1,2023-05-17,Communication Skills,Internal,Completed,3,200.27,39,1,64.60322580645162,2.6666666666666665
2741,2021-07-29,Area Sales Manager,TNS,Active,Full-Time,Zone A,Part-Time,Sales,Wireline Construction,1974-10-27,NY,Male,Asian,Divorced,Fully Meets,4,2022-09-10,4,3,1,2022-09-26,Technical Skills,External,Failed,5,573.08,47,0,112.36862745098041,2.6666666666666665
2742,2022-04-23,Area Sales Manager,PYZ,Active,Full-Time,Zone B,Full-Time,Sales,Field Operations,1991-09-10,NH,Male,Asian,Married,Fully Meets,2,2022-11-25,5,3,4,2022-09-05,Communication Skills,Internal,Incomplete,4,785.39,31,0,191.55853658536586,4.0
2743,2021-07-31,Area Sales Manager,WBL,Active,Full-Time,Zone B,Temporary,Sales,Field Operations,1982-01-28,WA,Male,Black,Married,Fully Meets,4,2022-08-31,3,2,5,2023-04-20,Technical Skills,Internal,Failed,3,437.36,39,0,141.08387096774194,3.3333333333333335
2744,2020-06-12,Area Sales Manager,NEL,Active,Contract,Zone C,Full-Time,Sales,Field Operations,1954-07-21,VT,Female,Asian,Married,Fully Meets,4,2023-06-25,2,4,2,2022-10-29,Technical Skills,External,Incomplete,5,955.17,66,0,187.28823529411764,2.6666666666666665
2745,2019-01-25,Area Sales Manager,PL,Active,Contract,Zone B,Part-Time,Sales,Executive,2001-04-29,VA,Female,Hispanic,Divorced,Fully Meets,5,2023-01-13,1,2,2,2022-10-12,Technical Skills,Internal,Failed,3,542.56,18,0,175.01935483870966,1.6666666666666667
2746,2020-10-24,Administrative Assistant,BPC,Terminated,Full-Time,Zone A,Full-Time,Sales,Project Management - Con,1977-05-17,MA,Female,Hispanic,Widowed,Fully Meets,5,2023-07-13,4,4,5,2023-02-12,Project Management,External,Incomplete,5,399.23,43,0,78.28039215686276,4.333333333333333
2747,2018-08-18,Production Technician I,SVG,Active,Part-Time,Zone B,Part-Time,Production,General - Con,1960-11-23,MA,Female,Hispanic,Married,Fully Meets,4,2023-05-13,3,1,5,2022-10-15,Technical Skills,External,Failed,2,677.74,58,0,322.73333333333335,3.0
2748,2022-07-11,Production Technician I,PYZ,Active,Full-Time,Zone C,Full-Time,Production,General - Sga,1964-06-15,MA,Female,Hispanic,Widowed,Fully Meets,1,2023-04-08,5,2,5,2023-01-14,Project Management,External,Completed,2,301.42,58,1,143.53333333333333,4.0
2749,2018-11-15,Production Technician I,BPC,Terminated,Full-Time,Zone B,Part-Time,Production,Technology / It,1949-08-04,MA,Female,Black,Widowed,Fully Meets,5,2023-06-24,5,3,4,2022-11-19,Customer Service,External,Failed,5,149.65,69,0,29.343137254901965,4.0
2750,2022-06-04,Production Technician II,TNS,Active,Full-Time,Zone B,Full-Time,Production,Field Operations,1949-03-04,MA,Male,Asian,Divorced,Fully Meets,4,2023-11-07,3,4,4,2023-02-27,Customer Service,Internal,Passed,1,462.45,73,1,420.4090909090909,3.6666666666666665
2752,2022-10-21,Production Technician I,TNS,Active,Part-Time,Zone A,Temporary,Production,General - Con,1976-05-28,MA,Male,Hispanic,Divorced,Fully Meets,4,2023-07-05,3,5,1,2022-12-06,Customer Service,Internal,Incomplete,5,450.64,46,0,88.36078431372549,3.0
2753,2023-01-13,Production Technician I,CCDR,Active,Contract,Zone B,Part-Time,Production,Field Operations,1984-11-06,MA,Female,Black,Widowed,Fully Meets,4,2023-05-05,3,1,4,2022-10-18,Communication Skills,Internal,Completed,1,437.7,39,1,397.9090909090909,2.6666666666666665
2754,2020-04-05,Production Technician I,SVG,Active,Full-Time,Zone C,Full-Time,Production,Engineers,1977-05-05,MA,Male,Other,Married,Fully Meets,2,2023-02-14,1,5,1,2023-04-04,Project Management,Internal,Failed,1,823.08,43,0,748.2545454545455,2.3333333333333335
2755,2022-05-26,Production Technician I,EW,Active,Contract,Zone B,Temporary,Production,General - Con,1955-11-20,MA,Male,Other,Single,Fully Meets,2,2022-12-15,5,5,4,2022-12-21,Technical Skills,Internal,Completed,4,118.68,67,1,28.946341463414637,4.666666666666667
2756,2021-05-05,Production Technician II,TNS,Active,Part-Time,Zone A,Part-Time,Production,Field Operations,1986-07-21,MA,Male,White,Divorced,Fully Meets,2,2022-10-30,1,3,1,2023-04-04,Communication Skills,External,Completed,5,120.79,35,1,23.6843137254902,1.6666666666666667
2758,2018-12-20,Production Technician I,TNS,Terminated,Part-Time,Zone A,Full-Time,Production,Wireline Construction,1946-12-02,MA,Male,Other,Divorced,Fully Meets,2,2023-02-15,1,3,1,2023-05-17,Technical Skills,External,Incomplete,4,100.17,72,0,24.431707317073172,1.6666666666666667
2759,2018-08-26,Production Technician I,PYZ,Active,Full-Time,Zone B,Full-Time,Production,Aerial,1989-04-05,MA,Male,White,Divorced,Fully Meets,2,2022-06-11,3,1,3,2023-06-30,Project Management,Internal,Incomplete,1,662.8,29,0,602.5454545454545,2.3333333333333335
2760,2020-12-06,Production Technician II,BPC,Active,Part-Time,Zone B,Temporary,Production,Fielders,1969-07-20,MA,Male,Other,Single,Fully Meets,2,2022-09-26,2,1,4,2023-05-03,Leadership Development,Internal,Completed,3,287.59,51,1,92.77096774193548,2.3333333333333335
2761,2021-12-13,Production Technician I,EW,Active,Contract,Zone C,Temporary,Production,Wireline Construction,1997-07-02,MA,Female,Asian,Married,Fully Meets,4,2023-02-15,1,4,3,2022-11-26,Project Management,External,Incomplete,4,653.32,24,0,159.34634146341466,2.6666666666666665
2762,2021-06-27,Production Technician II,CCDR,Terminated,Part-Time,Zone A,Temporary,Production,Field Operations,1944-09-12,MA,Female,Asian,Single,Fully Meets,4,2023-08-01,3,1,2,2023-04-26,Leadership Development,Internal,Failed,3,254.85,77,0,82.20967741935483,2.0
2763,2019-10-19,Production Technician I,NEL,Active,Part-Time,Zone C,Full-Time,Production,Field Operations,1991-05-18,MA,Female,Hispanic,Single,Fully Meets,2,2022-05-08,4,2,4,2022-11-24,Technical Skills,External,Completed,4,430.35,28,1,104.96341463414636,3.3333333333333335
2764,2022-11-26,Production Technician I,WBL,Active,Part-Time,Zone C,Full-Time,Production,Engineers,1993-03-24,MA,Male,Black,Single,Fully Meets,2,2022-10-22,2,4,3,2023-06-14,Communication Skills,External,Incomplete,5,755.77,29,0,148.19019607843137,3.0
2765,2019-08-19,Production Technician I,PL,Active,Full-Time,Zone C,Full-Time,Production,Wireline Construction,1967-09-07,MA,Male,Black,Widowed,Fully Meets,4,2023-05-01,3,1,3,2023-03-30,Customer Service,Internal,Incomplete,2,529.91,52,0,252.3380952380952,2.3333333333333335
2766,2018-08-22,Production Technician II,EW,Terminated,Part-Time,Zone A,Full-Time,Production,Engineers,1957-06-28,MA,Female,Hispanic,Married,Fully Meets,2,2022-09-22,3,5,5,2023-03-25,Technical Skills,External,Completed,1,440.14,61,1,400.12727272727267,4.333333333333333
2767,2022-05-04,Production Technician I,BPC,Active,Full-Time,Zone A,Full-Time,Production,Field Operations,1949-01-15,MA,Female,Asian,Divorced,Fully Meets,2,2022-12-14,3,3,4,2023-01-21,Customer Service,Internal,Passed,2,972.3,73,1,462.99999999999994,3.3333333333333335
2768,2022-06-12,Production Technician I,WBL,Active,Part-Time,Zone B,Temporary,Production,Underground,1981-02-20,MA,Male,Asian,Married,Fully Meets,2,2022-08-20,2,1,5,2022-10-24,Project Management,Internal,Incomplete,5,176.6,41,0,34.627450980392155,2.6666666666666665
2769,2018-11-08,Production Technician I,NEL,Active,Contract,Zone A,Part-Time,Production,Aerial,1950-08-31,MA,Male,Other,Widowed,Fully Meets,4,2022-07-08,3,1,3,2023-07-17,Project Management,Internal,Completed,1,747.74,68,1,679.7636363636364,2.3333333333333335
2770,2021-07-05,Production Technician I,PL,Active,Part-Time,Zone A,Part-Time,Production,Field Operations,1945-11-19,MA,Male,Black,Divorced,Fully Meets,5,2023-02-25,1,2,3,2023-07-07,Customer Service,External,Passed,5,451.03,76,1,88.43725490196078,2.0
2771,2020-07-08,Production Technician I,BPC,Terminated,Full-Time,Zone A,Temporary,Production,Wireline Construction,1950-10-03,MA,Male,Other,Divorced,Fully Meets,5,2023-01-28,2,4,2,2022-12-11,Technical Skills,Internal,Incomplete,5,255.16,70,0,50.03137254901961,2.6666666666666665
2772,2020-03-13,Production Technician I,CCDR,Active,Full-Time,Zone A,Temporary,Production,Wireline Construction,1973-04-15,MA,Male,Other,Married,Fully Meets,1,2023-04-25,2,4,5,2023-02-06,Leadership Development,Internal,Passed,5,258.08,47,1,50.60392156862745,3.6666666666666665
2773,2022-12-28,Production Technician I,SVG,Active,Full-Time,Zone B,Full-Time,Production,Splicing,1964-06-20,MA,Male,White,Widowed,Fully Meets,2,2023-05-29,2,5,4,2023-02-02,Communication Skills,Internal,Completed,4,697.67,58,1,170.16341463414633,3.6666666666666665
2774,2020-03-17,Production Technician I,EW,Active,Full-Time,Zone B,Part-Time,Production,Field Operations,1993-05-06,MA,Male,Other,Divorced,Fully Meets,5,2023-05-28,1,5,3,2023-08-05,Communication Skills,Internal,Passed,5,694.23,27,1,136.1235294117647,3.0
2775,2023-01-07,Production Technician I,MSC,Active,Part-Time,Zone B,Temporary,Production,Field Operations,1966-02-19,MA,Female,White,Single,Fully Meets,2,2023-04-08,1,4,3,2022-11-05,Technical Skills,Internal,Incomplete,1,703.45,57,0,639.5,2.6666666666666665
2776,2021-12-22,Production Technician I,TNS,Active,Full-Time,Zone B,Part-Time,Production,General - Eng,1975-06-02,MA,Male,White,Single,Fully Meets,4,2022-12-26,5,3,5,2023-07-09,Leadership Development,External,Incomplete,1,134.44,46,0,122.2181818181818,4.333333333333333
2777,2020-04-29,Production Technician I,PYZ,Active,Part-Time,Zone B,Full-Time,Production,General - Con,1944-07-31,MA,Male,Hispanic,Single,Fully Meets,5,2023-02-08,5,1,3,2023-07-25,Communication Skills,Internal,Failed,2,458.37,76,0,218.27142857142857,3.0
2778,2020-12-02,Production Technician I,WBL,Active,Part-Time,Zone C,Temporary,Production,Wireless,1955-02-28,MA,Male,Asian,Divorced,Fully Meets,5,2023-02-19,1,1,4,2022-10-06,Project Management,External,Failed,5,594.73,65,0,116.61372549019609,2.0
2779,2021-12-08,Production Technician I,NEL,Active,Contract,Zone A,Part-Time,Production,Field Operations,1957-07-16,MA,Male,Hispanic,Married,Fully Meets,2,2022-08-28,4,1,1,2023-02-13,Leadership Development,Internal,Completed,3,330.68,64,1,106.67096774193548,2.0
2780,2022-04-13,Production Technician I,PL,Active,Contract,Zone B,Part-Time,Production,General - Con,1951-04-26,MA,Male,White,Married,Fully Meets,4,2022-08-29,3,5,2,2022-12-24,Communication Skills,Internal,Incomplete,3,625.69,71,0,201.83548387096775,3.3333333333333335
2781,2020-12-23,Production Technician I,BPC,Terminated,Contract,Zone A,Part-Time,Production,Field Operations,1969-10-22,MA,Male,Asian,Divorced,Fully Meets,4,2023-12-02,1,2,2,2022-11-12,Leadership Development,Internal,Completed,5,437.26,51,1,85.73725490196078,1.6666666666666667
2782,2019-03-31,Production Technician I,CCDR,Active,Full-Time,Zone C,Temporary,Production,General - Con,1987-06-18,MA,Female,Black,Single,Fully Meets,2,2022-07-10,3,5,3,2022-10-17,Leadership Development,Internal,Passed,2,134.99,32,1,64.28095238095239,3.6666666666666665
2783,2023-06-11,Production Technician II,SVG,Active,Part-Time,Zone A,Temporary,Production,Wireline Construction,1977-10-21,MA,Male,White,Married,Fully Meets,1,2023-06-01,3,1,1,2023-05-20,Technical Skills,External,Incomplete,4,880.21,46,0,214.68536585365857,1.6666666666666667
2784,2021-05-20,Production Technician II,TNS,Active,Contract,Zone B,Full-Time,Production,Field Operations,1981-08-03,MA,Male,White,Divorced,Fully Meets,2,2023-09-01,4,3,4,2022-09-08,Customer Service,Internal,Completed,5,427.99,40,1,83.91960784313726,3.6666666666666665
2785,2020-11-14,Production Technician II,WBL,Active,Full-Time,Zone C,Full-Time,Production,Field Operations,1967-06-07,MA,Male,Hispanic,Widowed,Fully Meets,4,2022-08-15,3,1,5,2022-11-26,Technical Skills,Internal,Completed,1,925.68,53,1,841.5272727272726,3.0
2786,2018-12-29,Production Technician II,PYZ,Active,Contract,Zone A,Full-Time,Production,Field Operations,2000-07-13,MA,Female,Asian,Widowed,Fully Meets,1,2022-07-12,4,3,1,2023-06-16,Communication Skills,External,Incomplete,4,485.05,18,0,118.3048780487805,2.6666666666666665
2787,2021-04-22,Production Technician II,WBL,Active,Contract,Zone A,Full-Time,Production,Executive,1948-10-12,MA,Female,White,Divorced,Fully Meets,4,2023-10-04,4,2,5,2023-04-18,Technical Skills,External,Passed,5,720.07,73,1,141.1901960784314,3.6666666666666665
2788,2023-06-03,Production Technician II,NEL,Terminated,Contract,Zone C,Full-Time,Production,Project Management - Con,1949-07-02,MA,Female,Black,Widowed,Fully Meets,1,2023-05-29,4,1,3,2023-01-21,Project Management,External,Incomplete,5,161.15,74,0,31.598039215686278,2.6666666666666665
2789,2021-04-26,Production Technician I,CCDR,Active,Contract,Zone B,Temporary,Production,Wireless,1942-04-06,MA,Male,Asian,Divorced,Fully Meets,4,2022-03-12,1,2,2,2023-06-06,Project Management,Internal,Completed,4,899.17,79,1,219.30975609756098,1.6666666666666667
2790,2019-04-30,Production Technician I,EW,Active,Contract,Zone B,Part-Time,Production,Catv,1959-08-08,MA,Male,Hispanic,Widowed,Fully Meets,4,2023-03-01,1,5,2,2022-09-20,Communication Skills,External,Incomplete,1,438.31,60,0,398.46363636363634,2.6666666666666665
2791,2021-07-04,Production Technician I,MSC,Active,Contract,Zone B,Temporary,Production,Field Operations,1946-10-28,MA,Male,White,Widowed,Fully Meets,2,2023-01-19,1,3,1,2023-04-08,Communication Skills,Internal,Passed,3,903.18,75,1,291.34838709677416,1.6666666666666667
2792,2023-02-24,Production Technician I,NEL,Active,Part-Time,Zone A,Temporary,Production,Engineers,1953-10-05,MA,Male,Black,Single,Fully Meets,1,2022-09-09,3,4,4,2023-05-21,Technical Skills,External,Passed,2,607.81,70,1,289.4333333333333,3.6666666666666665
2793,2021-03-02,Production Technician I,PL,Active,Full-Time,Zone A,Full-Time,Production,Yard (Material Handling),1981-08-19,MA,Male,Black,Divorced,Fully Meets,1,2023-03-27,2,5,3,2022-10-09,Project Management,External,Incomplete,1,774.44,40,0,704.0363636363636,3.3333333333333335
2794,2021-12-27,Production Technician I,PYZ,Active,Contract,Zone B,Temporary,Production,Field Operations,1976-05-16,MA,Male,Hispanic,Single,Fully Meets,5,2022-03-09,5,4,4,2023-01-10,Customer Service,Internal,Incomplete,3,644.38,45,0,207.86451612903224,4.333333333333333
2795,2022-07-10,Production Technician I,SVG,Active,Part-Time,Zone C,Temporary,Production,General - Eng,1949-01-26,MA,Female,Asian,Single,Fully Meets,4,2023-06-06,5,1,1,2023-04-30,Customer Service,Internal,Failed,4,457.74,73,0,111.6439024390244,2.3333333333333335
2796,2022-09-19,Production Technician I,TNS,Active,Contract,Zone A,Full-Time,Production,Engineers,1991-01-09,MA,Female,Asian,Married,Fully Meets,1,2023-05-08,2,4,2,2022-10-19,Communication Skills,External,Incomplete,2,840.27,31,0,400.1285714285714,2.6666666666666665
2797,2021-05-30,Production Technician I,WBL,Active,Contract,Zone A,Temporary,Production,Aerial,1964-11-13,MA,Male,Other,Married,Exceeds,1,2022-05-08,2,1,2,2022-12-18,Communication Skills,External,Failed,1,559.59,57,0,508.7181818181818,1.6666666666666667
2798,2020-04-07,Production Technician I,BPC,Active,Contract,Zone A,Part-Time,Production,Engineers,1969-05-17,MA,Male,Asian,Divorced,Fully Meets,2,2023-05-29,3,4,2,2023-04-24,Leadership Development,External,Completed,1,840.65,51,1,764.2272727272726,3.0
2799,2021-04-20,Production Technician I,CCDR,Active,Part-Time,Zone A,Part-Time,Production,Engineers,1988-02-21,MA,Male,White,Divorced,Fully Meets,2,2023-01-02,2,1,1,2023-07-28,Communication Skills,Internal,Incomplete,1,543.46,33,0,494.05454545454546,1.3333333333333333
2800,2019-08-02,Production Technician I,EW,Active,Contract,Zone B,Temporary,Production,General - Con,1948-10-07,MA,Male,Black,Married,Fully Meets,1,2023-06-20,1,2,2,2022-12-20,Customer Service,External,Incomplete,1,729.03,71,0,662.7545454545453,1.6666666666666667
2801,2022-01-11,Production Technician I,MSC,Active,Full-Time,Zone C,Temporary,Production,Field Operations,1995-09-28,MA,Male,White,Divorced,Fully Meets,5,2022-09-20,1,3,4,2023-06-14,Leadership Development,External,Incomplete,4,449.65,27,0,109.67073170731707,2.6666666666666665
2802,2020-11-15,Production Technician I,NEL,Active,Contract,Zone C,Part-Time,Production,General - Con,1977-11-08,MA,Female,White,Married,Fully Meets,4,2023-01-07,2,3,5,2023-04-21,Technical Skills,External,Passed,3,213.38,43,1,68.83225806451613,3.3333333333333335
2803,2020-05-08,Production Technician I,PL,Active,Part-Time,Zone B,Part-Time,Production,General - Con,1965-03-09,MA,Female,Asian,Married,Fully Meets,5,2022-04-11,4,4,5,2023-01-29,Leadership Development,Internal,Failed,4,106.21,55,0,25.90487804878049,4.333333333333333
2804,2019-03-10,Production Technician II,SVG,Active,Part-Time,Zone B,Full-Time,Production,Project Management - Con,1953-01-03,MA,Male,Hispanic,Married,Fully Meets,4,2022-05-12,5,4,2,2023-01-26,Leadership Development,Internal,Completed,5,483.07,66,1,94.71960784313725,3.6666666666666665
2805,2022-04-19,Production Technician II,TNS,Active,Full-Time,Zone C,Part-Time,Production,Field Operations,1988-07-30,MA,Male,White,Widowed,Fully Meets,1,2023-05-19,5,3,2,2023-07-18,Project Management,Internal,Passed,2,515.31,34,1,245.38571428571424,3.3333333333333335
2806,2019-11-30,Production Technician II,WBL,Active,Full-Time,Zone A,Part-Time,Production,Catv,1962-06-22,MA,Female,Asian,Divorced,Fully Meets,2,2023-04-14,1,3,1,2023-05-27,Communication Skills,Internal,Incomplete,5,290.8,57,0,57.01960784313726,1.6666666666666667
2807,2021-07-06,Production Technician II,BPC,Terminated,Part-Time,Zone A,Part-Time,Production,Wireline Construction,1977-04-17,MA,Female,White,Married,Fully Meets,2,2023-01-13,3,2,4,2023-04-16,Customer Service,Internal,Passed,4,977.46,44,1,238.40487804878052,3.0
2808,2018-11-27,Production Technician II,CCDR,Active,Part-Time,Zone B,Temporary,Production,Billable Consultants,1993-12-25,MA,Female,Asian,Divorced,Fully Meets,4,2023-03-13,5,2,4,2022-09-23,Communication Skills,External,Passed,5,105.41,25,1,20.66862745098039,3.6666666666666665
2809,2023-01-30,Production Technician I,WBL,Active,Full-Time,Zone C,Part-Time,Production,Splicing,1964-02-24,MA,Male,Hispanic,Single,Fully Meets,2,2023-02-13,1,1,5,2022-12-21,Technical Skills,Internal,Failed,2,856.23,59,0,407.7285714285714,2.3333333333333335
2810,2022-11-17,Production Technician I,NEL,Active,Full-Time,Zone A,Part-Time,Production,Field Operations,1959-10-04,MA,Male,Other,Married,Fully Meets,4,2023-07-13,2,5,5,2023-04-05,Technical Skills,Internal,Incomplete,3,964.33,63,0,311.0741935483871,4.0
2811,2018-08-13,Production Technician I,PL,Active,Part-Time,Zone A,Full-Time,Production,Field Operations,1996-04-01,MA,Male,Hispanic,Widowed,Fully Meets,2,2023-04-13,3,4,3,2022-11-04,Technical Skills,External,Completed,3,589.88,22,1,190.28387096774193,3.3333333333333335
2812,2021-07-02,Production Technician I,BPC,Terminated,Part-Time,Zone B,Temporary,Production,General - Eng,1946-05-16,MA,Male,White,Divorced,Fully Meets,4,2022-08-14,3,2,5,2022-11-25,Leadership Development,External,Incomplete,4,663.36,75,0,161.79512195121953,3.3333333333333335
2813,2022-06-28,Production Technician I,CCDR,Active,Contract,Zone B,Full-Time,Production,Wireline Construction,1973-08-27,MA,Male,Other,Single,Fully Meets,1,2022-08-28,4,4,2,2023-04-20,Technical Skills,Internal,Completed,2,249.88,49,1,118.99047619047619,3.3333333333333335
2814,2019-01-25,Production Technician I,SVG,Active,Part-Time,Zone A,Temporary,Production,Field Operations,1975-09-28,MA,Male,Hispanic,Single,Fully Meets,2,2023-07-13,4,1,1,2023-07-31,Leadership Development,Internal,Passed,2,809.89,44,1,385.66190476190474,2.0
2815,2023-07-23,Production Technician I,EW,Active,Contract,Zone C,Part-Time,Production,Project Management - Con,1978-07-29,MA,Female,Asian,Single,Fully Meets,4,2022-09-22,2,5,3,2023-05-10,Project Management,Internal,Completed,5,224.58,45,1,44.03529411764706,3.3333333333333335
2816,2022-07-25,Production Technician I,MSC,Active,Full-Time,Zone C,Temporary,Production,General - Con,1992-04-12,MA,Female,Black,Married,Fully Meets,5,2023-07-13,4,2,4,2023-03-17,Project Management,External,Incomplete,3,251.78,30,0,81.21935483870968,3.3333333333333335
2817,2023-01-11,Production Technician I,TNS,Active,Contract,Zone A,Part-Time,Production,Field Operations,1998-12-09,MA,Male,White,Widowed,Fully Meets,4,2022-12-08,4,1,5,2023-01-13,Technical Skills,External,Failed,2,314.0,25,0,149.52380952380952,3.3333333333333335
2818,2023-07-28,Production Technician I,PYZ,Active,Part-Time,Zone B,Temporary,Production,Fielders,1964-01-19,MA,Male,Hispanic,Single,Exceeds,2,2023-06-21,4,3,3,2023-02-27,Technical Skills,External,Completed,5,453.51,59,1,88.9235294117647,3.3333333333333335
2819,2023-05-06,Production Technician I,WBL,Active,Full-Time,Zone C,Part-Time,Production,General - Con,2000-03-02,MA,Male,White,Widowed,Fully Meets,4,2022-12-31,2,3,4,2023-07-31,Leadership Development,Internal,Failed,2,595.4,23,0,283.5238095238095,3.0
2820,2022-09-18,Production Technician I,NEL,Active,Full-Time,Zone C,Temporary,Production,Wireline Construction,1979-09-07,MA,Male,Hispanic,Divorced,Fully Meets,2,2022-10-16,2,1,5,2022-10-23,Project Management,External,Completed,2,606.3,43,1,288.71428571428567,2.6666666666666665
2821,2019-09-08,Production Technician I,PL,Active,Full-Time,Zone B,Temporary,Production,Field Operations,1998-09-22,MA,Male,Hispanic,Single,Fully Meets,2,2023-12-04,2,5,5,2023-03-06,Technical Skills,Internal,Incomplete,5,841.22,21,0,164.9450980392157,4.0
2822,2019-08-30,Production Technician I,BPC,Active,Part-Time,Zone B,Part-Time,Production,Aerial,1959-03-15,MA,Female,White,Divorced,Fully Meets,4,2023-05-24,2,3,3,2022-09-18,Communication Skills,Internal,Failed,4,912.5,60,0,222.56097560975613,2.6666666666666665
2823,2023-05-22,Production Technician I,CCDR,Active,Contract,Zone B,Part-Time,Production,General - Con,1985-07-12,MA,Female,White,Divorced,Fully Meets,2,2023-01-23,5,2,1,2022-09-04,Communication Skills,External,Incomplete,2,196.27,38,0,93.46190476190476,2.6666666666666665
2824,2021-03-02,Production Technician II,EW,Active,Part-Time,Zone A,Full-Time,Production,Wireline Construction,1962-12-25,MA,Male,Hispanic,Widowed,Fully Meets,5,2022-09-09,1,4,1,2022-09-07,Project Management,Internal,Incomplete,1,224.09,59,0,203.71818181818182,2.0
2825,2023-02-13,Production Technician II,MSC,Active,Full-Time,Zone C,Temporary,Production,Project Management - Eng,1982-12-29,MA,Male,Hispanic,Widowed,Fully Meets,4,2023-02-22,5,4,4,2022-11-02,Technical Skills,External,Completed,2,363.8,41,1,173.23809523809524,4.333333333333333
2827,2020-02-19,Production Technician II,PYZ,Terminated,Full-Time,Zone A,Full-Time,Production,Field Operations,1980-09-08,MA,Female,Other,Married,Fully Meets,4,2022-08-30,4,4,5,2022-09-07,Leadership Development,Internal,Incomplete,1,629.85,40,0,572.5909090909091,4.333333333333333
2828,2021-10-15,Production Technician II,WBL,Terminated,Full-Time,Zone A,Temporary,Production,Field Operations,1944-11-05,MA,Female,Black,Single,Fully Meets,2,2023-02-26,5,5,3,2023-01-30,Communication Skills,Internal,Completed,3,915.92,77,1,295.458064516129,4.333333333333333
2829,2022-11-16,Production Technician I,WBL,Active,Part-Time,Zone B,Part-Time,Production,Engineers,1947-04-14,MA,Male,Other,Single,Fully Meets,2,2023-07-02,2,5,3,2022-10-26,Customer Service,External,Passed,3,487.27,75,1,157.18387096774194,3.3333333333333335
2830,2022-06-30,Production Technician I,NEL,Active,Full-Time,Zone B,Part-Time,Production,General - Eng,1994-05-26,MA,Male,White,Married,Fully Meets,1,2022-09-12,1,2,2,2022-12-06,Project Management,External,Completed,1,266.42,28,1,242.2,1.6666666666666667
2831,2021-07-28,Production Technician I,PL,Active,Full-Time,Zone C,Full-Time,Production,Aerial,1952-04-29,MA,Male,White,Widowed,Fully Meets,2,2023-07-13,5,1,4,2023-02-09,Communication Skills,External,Incomplete,1,277.22,69,0,252.01818181818183,3.3333333333333335
2832,2021-11-21,Production Technician I,BPC,Active,Contract,Zone C,Full-Time,Production,Field Operations,1975-03-01,MA,Male,White,Married,Fully Meets,5,2022-11-14,4,5,5,2022-12-23,Customer Service,Internal,Incomplete,1,545.87,46,0,496.2454545454545,4.666666666666667
2833,2020-10-12,Production Technician I,CCDR,Active,Contract,Zone A,Full-Time,Production,General - Con,1989-03-25,MA,Male,Asian,Married,Fully Meets,2,2022-02-09,2,5,2,2022-08-24,Leadership Development,External,Incomplete,3,182.84,31,0,58.98064516129032,3.0
2834,2018-10-02,Production Technician I,SVG,Active,Full-Time,Zone A,Full-Time,Production,General - Con,1943-11-16,MA,Female,Asian,Divorced,Fully Meets,5,2023-04-30,5,3,3,2023-06-10,Technical Skills,External,Completed,4,149.67,75,1,36.50487804878049,3.6666666666666665
2835,2021-07-17,Production Technician I,EW,Active,Contract,Zone C,Part-Time,Production,Engineers,1995-11-04,MA,Female,White,Divorced,Fully Meets,5,2023-03-30,4,5,3,2022-11-22,Customer Service,Internal,Completed,4,939.72,26,1,229.20000000000002,4.0
2836,2022-04-13,Production Technician I,MSC,Active,Contract,Zone C,Part-Time,Production,Catv,1988-07-10,MA,Female,Black,Divorced,Fully Meets,2,2022-08-13,5,4,1,2023-05-18,Customer Service,External,Completed,5,410.04,34,1,80.4,3.3333333333333335
2837,2021-03-20,Production Technician I,TNS,Active,Part-Time,Zone C,Temporary,Production,Splicing,1944-10-07,MA,Male,Asian,Single,Fully Meets,4,2022-08-08,4,1,4,2023-06-08,Communication Skills,External,Incomplete,1,945.59,77,0,859.6272727272727,3.0
2838,2021-09-09,Production Technician I,PYZ,Active,Part-Time,Zone A,Temporary,Production,General - Sga,1945-05-13,MA,Male,Black,Single,Fully Meets,5,2023-03-07,4,4,2,2023-05-18,Communication Skills,Internal,Completed,4,539.06,76,1,131.4780487804878,3.3333333333333335
2839,2019-12-06,Production Technician I,WBL,Active,Part-Time,Zone C,Part-Time,Production,General - Con,1969-06-09,MA,Male,Black,Married,Fully Meets,1,2022-10-23,1,4,5,2022-08-07,Customer Service,External,Incomplete,2,837.22,50,0,398.67619047619047,3.3333333333333335
2840,2023-04-26,Production Technician I,NEL,Active,Contract,Zone B,Part-Time,Production,Fielders,2000-04-29,MA,Male,Hispanic,Divorced,Fully Meets,2,2023-07-05,3,2,3,2022-10-04,Customer Service,Internal,Incomplete,3,360.08,23,0,116.1548387096774,2.6666666666666665
2841,2019-04-06,Production Technician I,PL,Active,Contract,Zone B,Temporary,Production,General - Con,1961-10-14,MA,Male,Hispanic,Married,Fully Meets,5,2022-10-10,2,2,2,2023-04-22,Customer Service,Internal,Completed,2,405.48,58,1,193.0857142857143,2.0
2842,2020-10-19,Production Technician I,BPC,Terminated,Part-Time,Zone B,Temporary,Production,General - Con,1965-07-16,MA,Female,Black,Widowed,Fully Meets,1,2022-10-11,2,1,5,2022-12-22,Project Management,Internal,Failed,4,577.78,55,0,140.9219512195122,2.6666666666666665
2843,2021-11-22,Production Technician II,SVG,Active,Full-Time,Zone C,Temporary,Production,General - Con,1942-02-12,MA,Male,Black,Married,Fully Meets,1,2022-03-10,5,1,4,2022-10-01,Leadership Development,External,Completed,2,102.16,79,1,48.647619047619045,3.3333333333333335
2845,2020-09-03,Production Technician II,WBL,Active,Full-Time,Zone B,Part-Time,Production,General - Con,1979-06-18,MA,Female,White,Single,Fully Meets,4,2022-11-14,3,4,2,2023-02-06,Customer Service,External,Completed,2,764.22,41,1,363.9142857142857,3.0
2846,2019-10-14,Production Technician II,BPC,Terminated,Contract,Zone C,Full-Time,Production,Wireless,1955-02-09,MA,Female,White,Divorced,Fully Meets,5,2023-05-04,1,1,4,2022-09-02,Communication Skills,Internal,Incomplete,2,326.54,64,0,155.4952380952381,2.0
2848,2022-03-13,Production Technician I,BPC,Terminated,Full-Time,Zone A,Temporary,Production,Project Management - Con,1946-01-28,MA,Male,White,Single,Exceeds,1,2022-11-08,2,1,1,2023-07-21,Customer Service,Internal,Failed,2,510.12,76,0,242.9142857142857,1.3333333333333333
2849,2018-10-02,Production Technician I,CCDR,Active,Part-Time,Zone C,Full-Time,Production,General - Con,1949-07-27,MA,Male,Hispanic,Single,Fully Meets,5,2023-09-02,5,1,1,2023-05-06,Technical Skills,Internal,Failed,3,706.23,69,0,227.81612903225806,2.3333333333333335
2850,2022-10-06,Production Technician I,EW,Active,Full-Time,Zone C,Part-Time,Production,General - Con,1972-07-29,MA,Male,Hispanic,Divorced,Exceeds,1,2023-03-31,4,1,4,2023-04-26,Technical Skills,External,Passed,2,634.36,50,1,302.07619047619045,3.0
2851,2020-09-21,Production Technician I,MSC,Active,Full-Time,Zone B,Part-Time,Production,Field Operations,1967-05-03,MA,Male,Black,Divorced,Fully Meets,4,2022-10-16,4,3,3,2023-07-16,Communication Skills,Internal,Failed,2,718.77,53,0,342.27142857142854,3.3333333333333335
2852,2021-12-06,Production Technician I,NEL,Active,Part-Time,Zone C,Temporary,Production,Field Operations,1946-11-20,MA,Male,Other,Widowed,Fully Meets,1,2023-02-02,2,1,2,2023-06-23,Communication Skills,Internal,Incomplete,3,820.39,75,0,264.64193548387095,1.6666666666666667
2853,2022-11-16,Production Technician I,PL,Terminated,Contract,Zone B,Part-Time,Production,General - Con,1994-06-04,MA,Male,Other,Widowed,Needs Improvement,5,2023-07-31,5,1,1,2023-01-01,Leadership Development,Internal,Passed,1,835.07,28,1,759.1545454545454,2.3333333333333335
2854,2022-08-02,Production Technician I,PYZ,Active,Part-Time,Zone A,Full-Time,Production,Executive,1945-12-18,MA,Female,Hispanic,Married,Needs Improvement,2,2023-05-03,1,3,4,2023-04-18,Project Management,External,Incomplete,4,670.82,77,0,163.6146341463415,2.6666666666666665
2855,2022-01-19,Production Technician I,SVG,Active,Part-Time,Zone C,Full-Time,Production,Field Operations,1979-02-18,MA,Female,Black,Single,Needs Improvement,4,2023-03-27,3,5,5,2022-09-05,Technical Skills,External,Passed,1,596.23,43,1,542.0272727272727,4.333333333333333
2856,2022-04-09,Production Technician I,TNS,Active,Full-Time,Zone A,Temporary,Production,Sales & Marketing,1952-08-16,MA,Female,White,Married,Needs Improvement,5,2023-01-23,4,5,2,2023-01-03,Customer Service,Internal,Completed,2,842.67,70,1,401.27142857142854,3.6666666666666665
2857,2019-07-19,Production Technician I,WBL,Active,Full-Time,Zone A,Part-Time,Production,General - Con,1974-01-11,MA,Male,White,Single,Fully Meets,2,2022-12-24,5,2,5,2022-12-25,Customer Service,Internal,Completed,3,229.18,45,1,73.92903225806451,4.0
2858,2021-09-02,Production Technician I,BPC,Active,Full-Time,Zone C,Temporary,Production,Engineers,1974-01-14,MA,Male,Other,Married,Fully Meets,5,2023-12-07,1,2,5,2022-11-10,Project Management,Internal,Failed,3,851.72,47,0,274.7483870967742,2.6666666666666665
2859,2019-02-01,Production Technician I,CCDR,Active,Full-Time,Zone C,Part-Time,Production,Field Operations,1945-07-03,MA,Male,Other,Divorced,Needs Improvement,2,2022-08-19,1,3,3,2022-09-23,Technical Skills,Internal,Completed,1,798.08,74,1,725.5272727272727,2.3333333333333335
2860,2023-04-13,Production Technician I,EW,Active,Part-Time,Zone C,Part-Time,Production,General - Con,1961-10-31,MA,Male,Black,Married,Fully Meets,2,2023-01-31,2,1,4,2022-09-13,Leadership Development,External,Passed,3,587.16,62,1,189.4064516129032,2.3333333333333335
2861,2018-10-06,Production Technician I,MSC,Active,Full-Time,Zone C,Full-Time,Production,General - Con,1986-07-13,MA,Male,White,Widowed,Fully Meets,2,2023-07-21,2,4,5,2022-11-07,Project Management,External,Completed,2,828.48,32,1,394.51428571428573,3.6666666666666665
2862,2020-03-24,Production Technician II,SVG,Active,Part-Time,Zone B,Part-Time,Production,Engineers,1943-07-14,MA,Male,Other,Single,Fully Meets,4,2023-10-03,1,2,3,2023-04-11,Communication Skills,Internal,Incomplete,3,192.39,77,0,62.06129032258064,2.0
2863,2021-10-08,Production Technician II,EW,Active,Full-Time,Zone B,Temporary,Production,Yard (Material Handling),1943-09-12,MA,Male,Other,Widowed,Needs Improvement,4,2023-03-13,2,2,1,2022-12-08,Customer Service,Internal,Completed,4,422.27,78,1,102.99268292682927,1.6666666666666667
2864,2022-05-16,Production Technician II,MSC,Active,Part-Time,Zone B,Full-Time,Production,Field Operations,1995-12-26,MA,Male,Asian,Single,Fully Meets,2,2022-11-16,1,3,4,2023-06-16,Leadership Development,External,Failed,4,242.25,27,0,59.085365853658544,2.6666666666666665
2865,2022-05-10,Production Technician II,TNS,Terminated,Part-Time,Zone C,Part-Time,Production,General - Con,1969-08-27,MA,Female,White,Divorced,Fully Meets,1,2022-10-23,2,2,3,2023-03-22,Customer Service,External,Passed,4,653.99,53,1,159.509756097561,2.3333333333333335
2866,2021-11-16,Production Technician II,BPC,Active,Part-Time,Zone C,Temporary,Production,Field Operations,1951-07-09,MA,Female,Hispanic,Single,Fully Meets,2,2023-09-07,3,3,2,2023-04-11,Project Management,External,Passed,5,792.46,70,1,155.38431372549022,2.6666666666666665
2867,2019-02-25,Production Technician II,CCDR,Active,Part-Time,Zone A,Temporary,Production,Technology / It,1994-06-15,MA,Female,White,Single,Fully Meets,2,2023-07-03,3,1,3,2023-02-21,Leadership Development,External,Incomplete,4,317.26,25,0,77.38048780487806,2.3333333333333335
2868,2022-07-01,Production Technician I,TNS,Active,Full-Time,Zone A,Temporary,Production,Executive,1946-05-25,MA,Male,Black,Married,Fully Meets,5,2023-02-13,3,4,1,2023-06-17,Leadership Development,External,Failed,5,866.79,76,0,169.95882352941177,2.6666666666666665
2869,2022-12-17,Production Technician I,PYZ,Active,Contract,Zone A,Full-Time,Production,Aerial,1943-03-22,MA,Male,Black,Widowed,Fully Meets,2,2023-03-24,2,5,4,2023-05-04,Leadership Development,Internal,Completed,2,422.63,79,1,201.25238095238095,3.6666666666666665
2870,2023-07-26,Production Technician I,WBL,Active,Part-Time,Zone B,Part-Time,Production,Sales & Marketing,1950-08-09,MA,Male,Black,Married,Fully Meets,4,2022-11-28,5,3,2,2023-02-24,Project Management,Internal,Passed,5,413.42,73,1,81.06274509803923,3.3333333333333335
2871,2022-03-11,Production Technician I,NEL,Active,Contract,Zone A,Part-Time,Production,Catv,1953-04-27,MA,Male,Hispanic,Divorced,Fully Meets,5,2023-05-31,2,5,2,2022-10-16,Communication Skills,External,Incomplete,5,900.02,69,0,176.47450980392156,3.0
2872,2020-06-29,Production Technician I,PL,Active,Contract,Zone B,Full-Time,Production,Wireline Construction,1967-03-12,MA,Male,Hispanic,Married,Fully Meets,2,2023-08-06,3,5,1,2023-03-20,Communication Skills,Internal,Passed,3,573.84,53,1,185.10967741935485,3.0
2873,2022-03-28,Production Technician I,BPC,Active,Part-Time,Zone A,Full-Time,Production,Field Operations,1998-12-09,MA,Male,Hispanic,Divorced,Fully Meets,4,2022-12-15,4,2,3,2023-06-05,Project Management,Internal,Failed,2,801.16,24,0,381.5047619047619,3.0
2874,2022-02-14,Production Technician I,CCDR,Active,Part-Time,Zone A,Full-Time,Production,Fielders,1953-12-12,MA,Male,White,Divorced,Fully Meets,1,2023-03-14,3,5,1,2022-09-27,Project Management,Internal,Passed,5,107.25,69,1,21.029411764705884,3.0
2875,2020-12-25,Production Technician I,SVG,Active,Full-Time,Zone C,Temporary,Production,General - Con,1981-03-06,MA,Female,Black,Divorced,Fully Meets,4,2023-12-06,3,5,4,2022-09-17,Project Management,External,Incomplete,1,892.56,39,0,811.4181818181817,4.0
2876,2023-04-27,Production Technician I,EW,Active,Part-Time,Zone A,Temporary,Production,Field Operations,1957-09-04,MA,Female,Asian,Divorced,Fully Meets,4,2022-12-21,3,3,2,2023-07-05,Project Management,External,Failed,1,429.89,66,0,390.80909090909086,2.6666666666666665
2877,2022-11-11,Production Technician I,MSC,Active,Contract,Zone B,Part-Time,Production,Project Management - Con,1944-12-28,MA,Female,Asian,Widowed,Fully Meets,2,2023-02-03,2,4,1,2022-12-10,Customer Service,Internal,Failed,4,664.5,78,0,162.07317073170734,2.3333333333333335
2878,2021-05-04,Production Technician I,TNS,Active,Part-Time,Zone A,Part-Time,Production,General - Sga,1957-11-08,MA,Male,Black,Married,Fully Meets,2,2022-09-12,2,3,3,2022-12-01,Project Management,Internal,Incomplete,5,925.8,64,0,181.52941176470588,2.6666666666666665
2879,2018-12-20,Production Technician I,PYZ,Active,Full-Time,Zone A,Full-Time,Production,Executive,1962-11-15,MA,Male,Black,Married,Fully Meets,2,2023-07-01,1,5,2,2023-06-15,Customer Service,External,Failed,3,118.94,56,0,38.36774193548387,2.6666666666666665
2880,2021-06-11,Production Technician I,WBL,Active,Contract,Zone A,Temporary,Production,General - Con,2000-08-21,MA,Female,Black,Single,Fully Meets,4,2023-01-13,1,1,2,2023-02-15,Project Management,Internal,Failed,4,932.34,21,0,227.40000000000003,1.3333333333333333
2881,2023-06-07,Production Technician I,NEL,Active,Contract,Zone B,Full-Time,Production,Field Operations,1956-04-22,MA,Male,Asian,Divorced,Fully Meets,4,2022-10-20,5,4,1,2023-05-18,Leadership Development,External,Incomplete,1,624.59,67,0,567.8090909090909,3.3333333333333335
2882,2019-05-21,Production Technician I,PL,Terminated,Part-Time,Zone B,Full-Time,Production,Shop (Fleet),1978-11-29,MA,Male,Asian,Widowed,Fully Meets,4,2023-10-01,3,2,5,2023-04-21,Leadership Development,Internal,Failed,4,835.35,41,0,203.74390243902442,3.3333333333333335
2883,2019-03-01,Production Technician II,CCDR,Active,Part-Time,Zone C,Full-Time,Production,General - Con,1960-02-07,MA,Male,Hispanic,Married,Fully Meets,4,2023-06-14,4,3,4,2023-05-11,Customer Service,External,Completed,4,597.63,59,1,145.76341463414636,3.6666666666666665
2884,2022-02-26,Production Technician II,SVG,Active,Part-Time,Zone A,Part-Time,Production,Wireline Construction,1979-09-14,MA,Male,Other,Married,Fully Meets,2,2022-08-08,3,2,4,2023-05-01,Technical Skills,External,Passed,4,974.28,43,1,237.62926829268295,3.0
2886,2020-08-06,Production Technician II,MSC,Active,Contract,Zone A,Temporary,Production,Field Operations,1983-10-30,MA,Male,Asian,Married,Fully Meets,2,2023-02-17,5,5,1,2023-07-09,Technical Skills,External,Incomplete,4,263.04,37,0,64.15609756097562,3.6666666666666665
2887,2020-01-28,Production Technician II,TNS,Terminated,Full-Time,Zone A,Temporary,Production,Shop (Fleet),1987-04-27,MA,Female,Black,Married,Fully Meets,5,2023-06-24,5,1,1,2023-04-15,Communication Skills,Internal,Completed,5,411.52,33,1,80.69019607843137,2.3333333333333335
2890,2022-10-07,Production Technician I,TNS,Active,Full-Time,Zone A,Full-Time,Production,General - Sga,1988-07-20,MA,Male,Black,Single,Fully Meets,2,2023-01-17,3,5,5,2022-10-10,Technical Skills,Internal,Completed,5,838.84,34,1,164.47843137254904,4.333333333333333
2891,2021-08-11,Production Technician I,PYZ,Active,Contract,Zone A,Temporary,Production,Wireline Construction,1995-08-16,MA,Male,Black,Widowed,Fully Meets,1,2023-05-27,5,2,3,2022-12-31,Technical Skills,External,Incomplete,4,767.51,26,0,187.19756097560978,3.3333333333333335
2892,2021-04-10,Production Technician I,WBL,Active,Contract,Zone A,Full-Time,Production,Catv,1960-06-12,MA,Male,Hispanic,Divorced,Fully Meets,2,2023-05-02,2,1,5,2022-08-10,Technical Skills,External,Passed,5,990.52,61,1,194.21960784313725,2.6666666666666665
2893,2022-02-24,Production Technician I,NEL,Active,Full-Time,Zone A,Temporary,Production,Field Operations,1945-01-25,MA,Male,White,Divorced,Fully Meets,2,2022-10-14,3,1,1,2023-06-05,Leadership Development,Internal,Completed,5,205.24,77,1,40.24313725490197,1.6666666666666667
2894,2022-07-01,Production Technician I,PL,Active,Part-Time,Zone B,Full-Time,Production,Field Operations,1949-07-22,MA,Male,White,Single,Fully Meets,4,2023-01-20,1,4,4,2023-06-30,Customer Service,Internal,Completed,5,203.06,73,1,39.81568627450981,3.0
2895,2023-04-04,Production Technician I,BPC,Terminated,Full-Time,Zone A,Temporary,Production,Field Operations,1998-11-04,MA,Male,Asian,Married,Fully Meets,2,2023-05-31,1,2,5,2022-11-15,Project Management,External,Incomplete,4,555.6,25,0,135.51219512195124,2.6666666666666665
2896,2021-10-25,Production Technician I,CCDR,Active,Full-Time,Zone B,Part-Time,Production,Field Operations,1979-11-28,MA,Male,Other,Divorced,Fully Meets,4,2023-01-07,5,4,1,2023-07-01,Technical Skills,Internal,Passed,5,794.92,42,1,155.86666666666667,3.3333333333333335
2897,2022-03-04,Production Technician I,SVG,Active,Full-Time,Zone C,Part-Time,Production,Field Operations,1963-10-06,MA,Female,Hispanic,Widowed,Fully Meets,4,2023-04-04,3,5,2,2022-11-26,Leadership Development,Internal,Passed,2,926.17,59,1,441.0333333333333,3.3333333333333335
2898,2019-12-20,Production Technician I,EW,Active,Contract,Zone A,Full-Time,Production,Field Operations,1987-09-01,MA,Female,Other,Single,Fully Meets,4,2022-11-20,1,4,3,2023-06-22,Leadership Development,Internal,Completed,1,832.37,32,1,756.6999999999999,2.6666666666666665
2899,2020-09-11,Production Technician I,MSC,Active,Part-Time,Zone B,Part-Time,Production,Project Management - Con,1992-04-29,MA,Male,Other,Single,Fully Meets,5,2022-10-24,1,5,3,2023-03-26,Leadership Development,Internal,Completed,5,128.8,28,1,25.254901960784316,3.0
2900,2021-10-31,Production Technician I,TNS,Active,Part-Time,Zone B,Temporary,Production,General - Con,1952-01-10,MA,Male,White,Widowed,Exceeds,2,2022-10-29,1,4,1,2023-01-16,Customer Service,External,Passed,4,255.02,69,1,62.20000000000001,2.0
2901,2018-10-21,Production Technician I,PYZ,Active,Part-Time,Zone A,Part-Time,Production,Wireline Construction,1991-12-21,MA,Female,White,Single,Fully Meets,4,2023-05-20,1,4,5,2023-07-13,Leadership Development,Internal,Incomplete,4,674.34,27,0,164.47317073170734,3.3333333333333335
2902,2021-01-07,Production Technician I,WBL,Active,Part-Time,Zone B,Part-Time,Production,Field Operations,1961-11-03,MA,Female,Black,Widowed,Fully Meets,1,2022-10-23,5,4,3,2023-03-31,Project Management,External,Incomplete,2,778.36,60,0,370.64761904761906,4.0
2903,2023-02-09,Production Technician I,NEL,Active,Part-Time,Zone A,Full-Time,Production,Engineers,1998-02-26,MA,Male,Asian,Single,Needs Improvement,5,2022-09-08,3,3,5,2023-06-22,Customer Service,External,Failed,2,906.63,25,0,431.7285714285714,3.6666666666666665
2904,2020-02-15,Production Technician I,PL,Terminated,Full-Time,Zone A,Part-Time,Production,Project Management - Con,1946-05-10,MA,Female,Other,Widowed,Exceeds,4,2022-08-27,4,2,4,2023-05-06,Technical Skills,External,Failed,4,986.01,74,0,240.49024390243903,3.3333333333333335
2905,2022-10-14,Production Technician II,PL,Active,Full-Time,Zone C,Full-Time,Production,Yard (Material Handling),1973-05-12,MA,Male,Asian,Divorced,Fully Meets,1,2022-10-09,2,5,1,2022-10-14,Leadership Development,External,Passed,5,846.88,49,1,166.05490196078432,2.6666666666666665
2906,2018-10-02,Production Technician II,PYZ,Active,Contract,Zone B,Part-Time,Production,Field Operations,1979-11-02,MA,Male,Asian,Divorced,Needs Improvement,5,2023-07-15,2,5,4,2022-12-06,Technical Skills,External,Incomplete,1,998.74,39,0,907.9454545454545,3.6666666666666665
2907,2020-06-22,Production Technician II,SVG,Active,Full-Time,Zone C,Part-Time,Production,Yard (Material Handling),1962-04-03,MA,Male,White,Widowed,Needs Improvement,4,2023-03-15,1,4,5,2023-02-12,Communication Skills,External,Completed,4,510.69,58,1,124.55853658536586,3.3333333333333335
2908,2021-03-19,Production Technician II,TNS,Active,Contract,Zone C,Temporary,Production,Project Management - Con,1980-06-04,MA,Male,Asian,Single,Exceeds,1,2023-05-14,4,2,5,2022-11-28,Leadership Development,External,Passed,1,100.55,41,1,91.40909090909089,3.6666666666666665
2909,2019-03-28,Production Technician II,WBL,Active,Full-Time,Zone C,Part-Time,Production,Field Operations,1941-02-10,MA,Female,Hispanic,Single,Needs Improvement,1,2023-02-13,2,4,4,2023-05-12,Technical Skills,Internal,Passed,4,818.39,78,1,199.60731707317075,3.3333333333333335
2910,2022-05-01,Production Technician II,BPC,Active,Part-Time,Zone A,Full-Time,Production,Field Operations,1946-10-01,MA,Female,White,Divorced,Exceeds,1,2023-05-05,5,1,3,2022-09-19,Technical Skills,Internal,Incomplete,1,763.78,76,0,694.3454545454545,3.0
2911,2018-08-07,Production Technician I,TNS,Active,Part-Time,Zone A,Full-Time,Production,Finance & Accounting,1952-12-17,MA,Male,Asian,Divorced,Exceeds,2,2022-10-27,5,2,2,2023-03-28,Technical Skills,Internal,Passed,1,292.36,66,1,265.78181818181815,3.0
2912,2022-05-01,Production Technician I,PYZ,Active,Full-Time,Zone C,Temporary,Production,Project Management - Con,1962-05-30,MA,Male,Black,Widowed,Needs Improvement,4,2023-07-07,3,5,3,2023-01-11,Communication Skills,Internal,Completed,2,990.45,60,1,471.64285714285717,3.6666666666666665
2913,2019-12-03,Production Technician I,WBL,Active,Full-Time,Zone B,Part-Time,Production,Splicing,1950-10-15,MA,Male,Hispanic,Divorced,Needs Improvement,2,2023-05-05,4,1,2,2022-12-01,Communication Skills,External,Completed,3,989.75,69,1,319.2741935483871,2.3333333333333335
2914,2020-01-02,Production Technician I,NEL,Active,Full-Time,Zone C,Part-Time,Production,Splicing,1972-02-12,MA,Male,Hispanic,Widowed,Exceeds,2,2023-05-29,5,3,3,2022-10-15,Communication Skills,Internal,Failed,1,194.13,48,0,176.48181818181817,3.6666666666666665
2915,2022-04-30,Production Technician I,PL,Terminated,Full-Time,Zone B,Part-Time,Production,Field Operations,1992-03-09,MA,Male,Asian,Widowed,Exceeds,1,2023-04-29,3,4,2,2023-03-25,Technical Skills,Internal,Incomplete,2,993.79,30,0,473.2333333333333,3.0
2916,2020-07-04,Production Technician I,BPC,Terminated,Part-Time,Zone C,Temporary,Production,General - Sga,1953-01-27,MA,Male,White,Single,Needs Improvement,2,2023-02-20,4,4,2,2022-10-09,Technical Skills,Internal,Incomplete,2,932.4,67,0,443.99999999999994,3.3333333333333335
2917,2020-02-05,Production Technician I,CCDR,Active,Contract,Zone A,Part-Time,Production,Field Operations,1991-12-25,MA,Male,Other,Widowed,Exceeds,4,2023-01-17,1,4,5,2022-10-15,Customer Service,External,Passed,3,636.37,29,1,205.28064516129032,3.3333333333333335
2918,2018-12-22,Production Technician I,SVG,Active,Part-Time,Zone B,Full-Time,Production,Field Operations,1979-08-05,MA,Female,Black,Widowed,Exceeds,4,2022-11-12,4,3,1,2022-08-28,Project Management,External,Failed,1,333.03,39,0,302.7545454545454,2.6666666666666665
2919,2019-04-21,Production Technician I,EW,Active,Full-Time,Zone A,Part-Time,Production,Field Operations,1988-07-11,MA,Female,White,Single,Needs Improvement,5,2023-11-06,5,1,2,2023-04-23,Technical Skills,Internal,Failed,1,195.63,31,0,177.84545454545452,2.6666666666666665
2920,2020-04-03,Production Technician I,MSC,Active,Full-Time,Zone A,Part-Time,Production,Field Operations,1959-11-02,MA,Male,Hispanic,Single,Exceeds,5,2023-04-02,2,4,4,2022-09-27,Technical Skills,External,Completed,2,140.27,61,1,66.79523809523809,3.3333333333333335
2921,2018-09-22,Production Technician I,TNS,Active,Full-Time,Zone B,Part-Time,Production,Aerial,1957-08-08,MA,Female,Asian,Divorced,Exceeds,2,2023-03-15,5,2,3,2023-01-11,Customer Service,External,Incomplete,1,465.54,61,0,423.2181818181818,3.3333333333333335
2922,2022-10-14,Production Technician I,BPC,Active,Part-Time,Zone B,Full-Time,Production,General - Con,1993-04-25,MA,Female,Other,Married,Exceeds,5,2023-04-29,4,2,5,2023-05-19,Technical Skills,External,Incomplete,1,713.3,29,0,648.4545454545454,3.6666666666666665
2923,2022-02-12,Production Technician I,CCDR,Active,Part-Time,Zone A,Part-Time,Production,Field Operations,1980-01-07,MA,Female,White,Married,Needs Improvement,4,2023-06-05,5,1,2,2022-10-15,Technical Skills,Internal,Failed,4,632.73,42,0,154.32439024390246,2.6666666666666665
2924,2021-03-23,Production Technician I,EW,Terminated,Contract,Zone B,Part-Time,Production,Field Operations,1979-05-15,MA,Male,Asian,Married,Exceeds,5,2023-05-16,5,4,4,2022-10-31,Technical Skills,External,Failed,1,244.84,42,0,222.58181818181816,4.333333333333333
2925,2018-08-30,Production Technician II,CCDR,Active,Part-Time,Zone B,Temporary,Production,General - Sga,1972-09-18,MA,Male,Other,Divorced,Exceeds,4,2023-07-30,1,3,1,2023-04-14,Communication Skills,External,Failed,4,689.93,46,0,168.27560975609757,1.6666666666666667
2928,2021-01-10,Production Technician II,MSC,Active,Full-Time,Zone B,Part-Time,Production,General - Con,1972-12-04,MA,Female,Hispanic,Divorced,Fully Meets,5,2022-08-28,5,4,1,2023-06-21,Communication Skills,External,Incomplete,2,175.63,49,0,83.63333333333333,3.3333333333333335
2929,2020-08-19,Production Technician II,TNS,Terminated,Full-Time,Zone B,Temporary,Production,Field Operations,1986-05-06,MA,Female,White,Widowed,Needs Improvement,2,2023-01-28,1,3,4,2022-09-23,Project Management,Internal,Passed,5,120.14,34,1,23.55686274509804,2.6666666666666665
2930,2023-04-21,Production Technician II,PYZ,Active,Part-Time,Zone A,Full-Time,Production,Wireless,1999-03-20,MA,Female,Black,Widowed,Exceeds,2,2023-06-19,1,4,2,2023-02-23,Technical Skills,External,Failed,5,871.29,24,0,170.84117647058824,2.3333333333333335
2931,2020-01-29,Production Technician I,MSC,Terminated,Full-Time,Zone B,Temporary,Production,Field Operations,1969-11-07,MA,Male,Hispanic,Single,Exceeds,2,2022-09-20,5,4,4,2023-07-23,Leadership Development,External,Passed,1,485.84,51,1,441.67272727272723,4.333333333333333
2932,2021-08-19,Production Technician I,TNS,Terminated,Part-Time,Zone A,Full-Time,Production,Finance & Accounting,1948-01-13,MA,Male,Hispanic,Widowed,Fully Meets,4,2023-04-28,4,4,3,2023-05-17,Communication Skills,External,Completed,2,275.36,73,1,131.1238095238095,3.6666666666666665
2933,2021-03-18,Production Technician I,PYZ,Active,Full-Time,Zone A,Part-Time,Production,Wireline Construction,1949-03-13,MA,Male,White,Single,Needs Improvement,1,2023-02-05,3,1,4,2023-07-02,Communication Skills,External,Incomplete,3,933.67,72,0,301.18387096774194,2.6666666666666665
2934,2021-10-24,Production Technician I,WBL,Active,Contract,Zone B,Temporary,Production,Field Operations,1963-11-14,MA,Male,Asian,Widowed,Fully Meets,2,2022-11-16,4,3,1,2023-03-14,Technical Skills,Internal,Passed,4,927.08,58,1,226.11707317073174,2.6666666666666665
2935,2020-10-03,Production Technician I,NEL,Active,Contract,Zone B,Part-Time,Production,Wireline Construction,1995-09-12,MA,Male,White,Divorced,Fully Meets,5,2023-02-14,5,1,1,2023-07-25,Communication Skills,External,Passed,4,395.52,25,1,96.46829268292683,2.3333333333333335
2936,2023-02-21,Production Technician I,PL,Active,Contract,Zone C,Part-Time,Production,General - Con,1984-09-15,MA,Male,Asian,Married,Needs Improvement,1,2022-09-18,4,3,1,2022-12-23,Leadership Development,Internal,Completed,3,123.26,39,1,39.76129032258065,2.6666666666666665
2937,2020-08-01,Production Technician I,BPC,Active,Contract,Zone A,Temporary,Production,Yard (Material Handling),1952-07-23,MA,Male,Black,Married,Needs Improvement,2,2022-09-12,1,4,4,2023-07-25,Leadership Development,Internal,Completed,3,198.45,68,1,64.01612903225806,3.0
2938,2023-01-08,Production Technician I,CCDR,Active,Full-Time,Zone C,Full-Time,Production,Aerial,1972-11-12,MA,Male,White,Married,Needs Improvement,1,2023-01-30,2,5,1,2023-05-18,Communication Skills,Internal,Passed,2,478.07,51,1,227.65238095238095,2.6666666666666665
2939,2022-07-26,Production Technician I,SVG,Active,Contract,Zone B,Full-Time,Production,General - Eng,1980-07-23,MA,Female,Hispanic,Single,Needs Improvement,2,2023-04-13,4,3,3,2022-09-06,Project Management,External,Completed,3,285.5,42,1,92.09677419354838,3.3333333333333335
2940,2020-08-31,Production Technician I,EW,Active,Contract,Zone A,Part-Time,Production,Yard (Material Handling),1972-05-12,MA,Female,Black,Single,Needs Improvement,5,2023-04-18,5,1,3,2023-06-14,Communication Skills,External,Passed,2,490.26,48,1,233.45714285714286,3.0
2941,2022-11-05,Production Technician I,MSC,Active,Part-Time,Zone B,Full-Time,Production,Engineers,1994-04-26,MA,Male,Hispanic,Divorced,Needs Improvement,2,2022-12-14,5,2,5,2022-11-11,Customer Service,Internal,Completed,3,828.68,28,1,267.31612903225806,4.0
2942,2019-05-30,Production Technician I,TNS,Active,Full-Time,Zone C,Part-Time,Production,General - Sga,1949-01-03,MA,Female,Black,Widowed,Needs Improvement,2,2022-10-17,3,3,4,2023-02-20,Technical Skills,External,Incomplete,2,858.29,70,0,408.7095238095238,3.3333333333333335
2943,2019-12-09,Production Technician I,PYZ,Active,Full-Time,Zone B,Part-Time,Production,General - Sga,1963-02-14,MA,Female,Other,Single,Needs Improvement,2,2022-10-18,4,1,5,2023-04-04,Communication Skills,External,Completed,3,494.19,56,1,159.41612903225806,3.3333333333333335
2944,2019-05-10,Production Technician I,WBL,Active,Part-Time,Zone C,Part-Time,Production,General - Eng,1952-08-04,MA,Female,Other,Widowed,Needs Improvement,1,2023-05-21,2,4,1,2023-02-17,Communication Skills,Internal,Passed,4,502.56,67,1,122.57560975609758,2.3333333333333335
2945,2019-09-03,Production Technician I,NEL,Terminated,Full-Time,Zone B,Temporary,Production,Aerial,1976-08-21,MA,Male,White,Widowed,Needs Improvement,4,2022-09-21,4,2,1,2023-07-01,Communication Skills,External,Failed,5,826.82,43,0,162.121568627451,2.3333333333333335
2946,2018-09-13,Production Technician II,BPC,Active,Contract,Zone A,Full-Time,Production,Splicing,1984-06-29,MA,Male,Black,Divorced,Needs Improvement,2,2023-01-20,4,5,3,2023-07-12,Leadership Development,Internal,Failed,4,655.83,34,0,159.9585365853659,4.0
2947,2021-06-10,Production Technician II,CCDR,Active,Part-Time,Zone C,Temporary,Production,Wireline Construction,1958-08-18,MA,Male,Asian,Divorced,Fully Meets,1,2023-11-02,3,4,2,2022-08-13,Project Management,External,Incomplete,1,543.81,63,0,494.37272727272716,3.0
2950,2018-09-14,Production Technician II,MSC,Terminated,Part-Time,Zone C,Temporary,Production,People Services,1943-04-01,MA,Female,White,Married,Needs Improvement,4,2022-08-21,3,3,5,2023-03-19,Technical Skills,Internal,Completed,2,331.52,75,1,157.86666666666665,3.6666666666666665
2951,2019-05-26,Production Technician II,TNS,Active,Full-Time,Zone C,Part-Time,Production,General - Con,1943-05-10,MA,Female,Black,Widowed,Fully Meets,2,2023-05-31,3,1,3,2022-09-07,Leadership Development,External,Passed,3,973.96,76,1,314.18064516129033,2.3333333333333335
2952,2019-07-05,Production Technician II,PYZ,Active,Contract,Zone C,Full-Time,Production,General - Eng,1952-04-26,MA,Female,Black,Widowed,Fully Meets,4,2023-01-04,5,3,2,2023-05-08,Communication Skills,Internal,Completed,3,149.09,67,1,48.093548387096774,3.3333333333333335
2953,2019-11-05,Production Technician I,TNS,Active,Full-Time,Zone B,Full-Time,Production,Field Operations,1957-03-19,MA,Male,Other,Widowed,Fully Meets,5,2023-01-06,2,3,4,2022-12-11,Leadership Development,External,Incomplete,4,925.16,62,0,225.64878048780488,3.0
2954,2019-07-22,Production Technician I,WBL,Active,Part-Time,Zone B,Part-Time,Production,Field Operations,1955-10-08,MA,Female,Black,Widowed,Fully Meets,2,2023-07-24,5,2,1,2022-10-23,Project Management,External,Passed,2,833.13,64,1,396.7285714285714,2.6666666666666665
2955,2020-09-21,Production Technician I,PYZ,Active,Full-Time,Zone A,Part-Time,Production,General - Con,1959-06-14,MA,Male,Other,Married,Fully Meets,1,2023-12-06,5,2,3,2023-06-04,Project Management,External,Failed,5,191.49,61,0,37.54705882352942,3.3333333333333335
2956,2019-11-11,Production Technician I,WBL,Active,Part-Time,Zone C,Full-Time,Production,Engineers,1999-12-15,MA,Male,Hispanic,Widowed,Fully Meets,2,2023-06-02,5,4,1,2022-10-13,Customer Service,External,Passed,3,474.15,20,1,152.9516129032258,3.3333333333333335
2957,2021-02-08,Production Technician I,NEL,Active,Part-Time,Zone B,Temporary,Production,Field Operations,1960-01-13,MA,Male,Hispanic,Single,Fully Meets,1,2023-02-21,1,3,4,2022-08-30,Project Management,External,Failed,1,550.42,61,0,500.3818181818181,2.6666666666666665
2958,2020-06-01,Production Technician I,PL,Active,Contract,Zone C,Full-Time,Production,People Services,1945-09-04,MA,Male,Black,Divorced,Fully Meets,4,2023-05-16,1,2,4,2023-02-09,Technical Skills,External,Incomplete,1,681.23,75,0,619.3,2.3333333333333335
2959,2022-10-26,Production Technician I,BPC,Terminated,Part-Time,Zone A,Temporary,Production,Aerial,1942-08-30,MA,Male,Hispanic,Widowed,Fully Meets,2,2023-05-07,1,5,2,2023-07-06,Customer Service,Internal,Incomplete,5,657.64,80,0,128.94901960784316,2.6666666666666665
2960,2019-02-12,Production Technician I,CCDR,Active,Full-Time,Zone C,Part-Time,Production,General - Con,1976-09-21,MA,Female,White,Divorced,Fully Meets,2,2022-09-23,2,4,3,2022-12-16,Project Management,Internal,Incomplete,4,449.66,43,0,109.67317073170733,3.0
2961,2022-10-19,Production Technician I,SVG,Active,Full-Time,Zone A,Full-Time,Production,Field Operations,1977-12-20,MA,Female,Asian,Divorced,Fully Meets,2,2023-12-02,2,2,4,2023-01-19,Leadership Development,External,Passed,5,587.25,45,1,115.14705882352942,2.6666666666666665
2962,2019-12-12,Production Technician I,EW,Active,Full-Time,Zone A,Full-Time,Production,Engineers,1982-03-10,MA,Female,Hispanic,Single,Fully Meets,1,2022-12-19,1,2,3,2022-08-28,Customer Service,Internal,Failed,2,198.55,37,0,94.54761904761905,2.0
2963,2021-11-29,Production Technician I,MSC,Active,Full-Time,Zone B,Full-Time,Production,Field Operations,1975-04-09,MA,Male,Other,Married,Fully Meets,2,2022-02-10,1,3,2,2023-06-08,Customer Service,External,Completed,5,629.24,46,1,123.38039215686275,2.0
2964,2021-05-15,Production Technician I,TNS,Active,Part-Time,Zone B,Full-Time,Production,Field Operations,1958-02-06,MA,Female,Other,Divorced,Fully Meets,2,2022-12-15,4,1,3,2022-10-14,Communication Skills,Internal,Incomplete,2,614.06,63,0,292.40952380952376,2.6666666666666665
2965,2023-01-27,Production Technician I,PYZ,Active,Contract,Zone B,Temporary,Production,Field Operations,1957-04-01,MA,Female,Hispanic,Divorced,Fully Meets,1,2023-07-13,4,4,5,2023-03-07,Project Management,External,Completed,3,426.26,66,1,137.5032258064516,4.333333333333333
2966,2020-07-03,Production Technician I,WBL,Active,Full-Time,Zone A,Temporary,Production,Aerial,1961-04-23,MA,Male,White,Divorced,Fully Meets,4,2023-06-03,5,2,5,2022-10-17,Project Management,Internal,Passed,5,197.73,59,1,38.77058823529412,4.0
2967,2022-12-26,Production Technician I,NEL,Active,Full-Time,Zone A,Part-Time,Production,Field Operations,1983-06-12,MA,Female,Other,Married,Fully Meets,4,2022-11-08,2,3,1,2023-07-21,Customer Service,External,Incomplete,3,145.68,39,0,46.99354838709677,2.0
2968,2018-12-23,Production Technician I,CCDR,Active,Part-Time,Zone B,Temporary,Production,General - Con,1981-05-06,MA,Female,Black,Single,Fully Meets,4,2023-05-23,1,5,4,2022-11-20,Customer Service,Internal,Failed,3,764.74,37,0,246.69032258064516,3.3333333333333335
2969,2020-09-28,Production Technician II,WBL,Terminated,Contract,Zone A,Part-Time,Production,General - Con,1987-12-28,MA,Female,Hispanic,Married,Fully Meets,2,2022-11-21,4,5,5,2022-10-18,Customer Service,Internal,Passed,3,405.4,33,1,130.77419354838707,4.666666666666667
2970,2020-09-16,Production Technician I,MSC,Active,Full-Time,Zone B,Temporary,Production,General - Con,1982-04-30,MA,Female,Hispanic,Widowed,Fully Meets,5,2022-10-23,5,5,5,2023-01-16,Leadership Development,External,Failed,4,689.49,38,0,168.16829268292685,5.0
2971,2020-02-09,Production Technician II,TNS,Active,Contract,Zone C,Temporary,Production,Aerial,1996-07-10,MA,Female,White,Divorced,Fully Meets,1,2022-10-14,3,5,4,2023-04-12,Project Management,Internal,Incomplete,2,141.14,24,0,67.2095238095238,4.0
2972,2023-02-13,Production Technician I,TNS,Active,Full-Time,Zone B,Part-Time,Production,General - Con,1948-03-04,MA,Female,Other,Widowed,Fully Meets,1,2022-11-24,3,4,3,2023-03-01,Leadership Development,Internal,Passed,1,788.69,75,1,716.9909090909091,3.3333333333333335
2973,2019-12-01,Production Technician I,SVG,Active,Part-Time,Zone C,Part-Time,Production,General - Con,1951-06-14,MA,Female,Other,Married,Fully Meets,5,2022-09-12,1,3,3,2023-07-13,Technical Skills,Internal,Failed,5,458.81,68,0,89.96274509803922,2.3333333333333335
2974,2022-11-04,Production Technician I,SVG,Active,Full-Time,Zone C,Part-Time,Production,Field Operations,1945-06-02,MA,Female,Black,Single,Fully Meets,5,2022-11-26,4,5,4,2023-04-27,Project Management,Internal,Passed,5,140.91,77,1,27.629411764705882,4.333333333333333
2975,2021-04-14,Production Technician I,WBL,Active,Full-Time,Zone A,Temporary,Production,Billable Consultants,1948-06-17,MA,Male,Asian,Married,Fully Meets,4,2022-12-29,2,3,4,2023-07-12,Leadership Development,External,Completed,5,551.76,73,1,108.18823529411765,3.0
2977,2020-08-28,Production Technician II,NEL,Active,Part-Time,Zone A,Temporary,Production,Yard (Material Handling),1987-10-12,MA,Male,Black,Divorced,Fully Meets,2,2023-03-21,2,4,3,2023-04-01,Project Management,Internal,Passed,4,640.05,33,1,156.109756097561,3.0
2978,2022-08-16,Production Technician I,CCDR,Active,Full-Time,Zone C,Part-Time,Production,Yard (Material Handling),1981-11-09,MA,Male,Hispanic,Divorced,Fully Meets,4,2022-08-29,5,2,4,2022-11-02,Communication Skills,Internal,Failed,1,470.62,41,0,427.8363636363636,3.6666666666666665
2979,2022-02-26,Production Technician I,PL,Active,Full-Time,Zone A,Temporary,Production,Field Operations,2001-06-16,MA,Female,Other,Widowed,Fully Meets,2,2023-08-01,4,5,4,2023-06-10,Leadership Development,External,Failed,4,257.87,21,0,62.895121951219515,4.333333333333333
2980,2019-12-30,Production Technician I,SVG,Active,Part-Time,Zone A,Temporary,Production,General - Con,1957-09-09,MA,Female,Hispanic,Divorced,Fully Meets,2,2023-06-02,1,3,5,2023-02-17,Customer Service,External,Passed,4,970.09,62,1,236.60731707317075,3.0
2981,2022-07-23,Production Technician I,TNS,Active,Part-Time,Zone B,Full-Time,Production,Aerial,1979-12-25,MA,Female,Black,Single,Fully Meets,1,2022-09-21,5,3,2,2023-06-25,Communication Skills,External,Completed,2,197.96,43,1,94.26666666666667,3.3333333333333335
2982,2018-10-14,Production Technician II,WBL,Active,Full-Time,Zone B,Temporary,Production,Field Operations,1952-01-24,MA,Female,Other,Married,Fully Meets,2,2022-09-13,5,4,3,2022-10-31,Project Management,External,Failed,2,166.78,66,0,79.41904761904762,4.0
2983,2021-02-20,Production Technician II,PL,Active,Full-Time,Zone C,Temporary,Production,Splicing,1962-04-15,MA,Male,Hispanic,Widowed,Fully Meets,2,2023-01-07,4,5,4,2023-06-25,Project Management,External,Passed,4,267.6,59,1,65.26829268292684,4.333333333333333
2984,2020-03-28,Production Technician II,PYZ,Active,Contract,Zone B,Temporary,Production,Engineers,1975-03-04,MA,Female,Black,Divorced,Fully Meets,5,2022-09-12,4,1,1,2023-05-24,Project Management,Internal,Incomplete,1,671.21,45,0,610.190909090909,2.0
2985,2019-02-05,Production Technician I,SVG,Active,Contract,Zone A,Part-Time,Production,General - Sga,1970-09-17,MA,Male,Hispanic,Married,Fully Meets,1,2023-07-14,3,5,2,2022-10-25,Customer Service,Internal,Failed,4,813.43,49,0,198.39756097560976,3.3333333333333335
2986,2023-04-19,Production Technician I,NEL,Active,Full-Time,Zone B,Temporary,Production,General - Eng,1971-11-01,MA,Female,Asian,Single,Fully Meets,1,2023-12-07,4,5,3,2023-02-20,Communication Skills,Internal,Completed,1,501.89,52,1,456.2636363636363,4.0
2987,2020-09-24,Production Technician I,TNS,Active,Contract,Zone B,Full-Time,Production,Shop (Fleet),1966-02-20,MA,Male,Other,Single,Fully Meets,4,2023-06-07,4,3,3,2023-01-20,Leadership Development,External,Failed,4,133.4,54,0,32.53658536585366,3.3333333333333335
2988,2020-11-14,Production Technician I,MSC,Active,Full-Time,Zone A,Part-Time,Production,General - Con,1972-01-18,MA,Male,Hispanic,Married,Fully Meets,1,2023-07-15,4,4,4,2023-01-03,Customer Service,Internal,Failed,4,312.8,48,0,76.29268292682927,4.0
2989,2021-09-16,Production Technician I,TNS,Active,Contract,Zone B,Temporary,Production,Engineers,1942-05-26,MA,Female,Hispanic,Widowed,Fully Meets,4,2023-06-18,2,3,3,2022-11-24,Communication Skills,External,Failed,3,272.76,79,0,87.98709677419355,2.6666666666666665
2990,2019-04-21,Production Technician I,PYZ,Active,Full-Time,Zone C,Part-Time,Production,General - Con,1999-05-28,MA,Female,White,Single,Fully Meets,2,2023-05-21,2,2,3,2023-05-14,Project Management,External,Passed,3,494.03,20,1,159.36451612903224,2.3333333333333335
2991,2020-03-13,Production Technician I,WBL,Active,Contract,Zone A,Full-Time,Production,General - Con,1999-03-17,MA,Female,White,Single,Exceeds,2,2022-08-23,5,5,3,2022-12-02,Project Management,Internal,Completed,3,722.92,21,1,233.2,4.333333333333333
2992,2022-04-16,Production Technician I,NEL,Active,Full-Time,Zone A,Part-Time,Production,Field Operations,1973-10-18,MA,Female,Asian,Married,Fully Meets,4,2022-07-12,1,4,2,2023-02-03,Leadership Development,Internal,Passed,1,125.34,49,1,113.94545454545454,2.3333333333333335
2993,2019-03-18,Production Technician I,PL,Active,Full-Time,Zone A,Full-Time,Production,General - Con,1946-07-01,MA,Male,White,Widowed,Fully Meets,4,2022-12-14,5,5,1,2022-11-03,Communication Skills,Internal,Incomplete,3,559.24,73,0,180.4,3.6666666666666665
2994,2022-02-18,Production Technician I,BPC,Active,Part-Time,Zone B,Temporary,Production,Engineers,1953-10-05,MA,Male,Other,Married,Fully Meets,4,2022-12-16,5,5,3,2022-12-14,Project Management,External,Incomplete,1,936.24,69,0,851.1272727272726,4.333333333333333
2995,2018-09-03,Production Technician I,CCDR,Active,Full-Time,Zone A,Full-Time,Production,General - Con,1954-10-17,MA,Male,Other,Single,Needs Improvement,4,2023-01-19,1,5,2,2023-07-03,Technical Skills,Internal,Passed,1,440.35,64,1,400.3181818181818,2.6666666666666665
2996,2022-06-15,Production Technician I,SVG,Active,Contract,Zone B,Temporary,Production,General - Con,1989-09-30,MA,Female,Other,Widowed,Fully Meets,4,2022-08-27,3,2,2,2022-09-30,Technical Skills,Internal,Passed,2,727.12,33,1,346.247619047619,2.3333333333333335
2997,2022-02-14,Production Technician I,EW,Active,Contract,Zone B,Part-Time,Production,General - Con,1985-06-30,MA,Female,Other,Married,Fully Meets,2,2022-11-30,1,2,5,2023-02-16,Communication Skills,External,Completed,4,433.14,37,1,105.6439024390244,2.6666666666666665
2998,2023-07-09,Production Technician I,MSC,Active,Contract,Zone C,Part-Time,Production,General - Con,1968-02-06,MA,Male,White,Widowed,Needs Improvement,1,2023-04-02,4,3,3,2022-10-17,Customer Service,External,Failed,1,764.14,55,0,694.6727272727272,3.3333333333333335
2999,2018-10-28,Production Technician I,TNS,Active,Contract,Zone B,Part-Time,Production,Field Operations,1970-03-16,MA,Male,Asian,Divorced,Fully Meets,2,2023-01-24,2,1,4,2023-06-14,Customer Service,Internal,Passed,5,800.21,48,1,156.90392156862748,2.3333333333333335
3000,2022-07-09,Production Technician I,PYZ,Active,Contract,Zone B,Full-Time,Production,Isp,1973-09-27,MA,Male,Other,Single,Fully Meets,1,2023-07-17,2,2,5,2023-05-11,Technical Skills,External,Incomplete,2,172.72,49,0,82.24761904761904,3.0
3001,2018-09-27,Production Technician I,WBL,Active,Full-Time,Zone C,Part-Time,Production,General - Con,1942-10-15,MA,Male,Asian,Widowed,Fully Meets,5,2023-04-13,5,4,3,2022-12-26,Communication Skills,Internal,Passed,5,346.93,76,1,68.02549019607844,4.0
3002,2020-10-27,Production Technician II,BPC,Active,Full-Time,Zone A,Part-Time,Production,General - Con,1991-05-16,MA,Female,White,Widowed,Fully Meets,2,2022-10-09,3,3,3,2023-02-05,Leadership Development,Internal,Passed,4,247.81,29,1,60.44146341463415,3.0
3003,2021-10-01,Production Technician II,CCDR,Active,Full-Time,Zone A,Part-Time,Production,Field Operations,1990-08-31,MA,Female,Other,Single,Fully Meets,5,2023-01-17,4,3,5,2022-11-16,Technical Skills,Internal,Passed,4,144.84,31,1,35.326829268292684,4.0
3004,2019-08-29,Production Technician II,EW,Active,Full-Time,Zone B,Full-Time,Production,General - Con,1996-01-24,MA,Female,Asian,Divorced,Fully Meets,5,2022-10-21,4,3,4,2023-03-07,Technical Skills,Internal,Incomplete,1,183.63,23,0,166.9363636363636,3.6666666666666665
3005,2020-12-29,Production Technician II,MSC,Active,Contract,Zone C,Part-Time,Production,General - Con,1943-01-20,MA,Female,Hispanic,Widowed,Fully Meets,2,2023-01-18,4,5,1,2023-03-21,Communication Skills,Internal,Passed,5,997.4,77,1,195.56862745098042,3.3333333333333335
3006,2022-10-04,Production Technician II,NEL,Active,Part-Time,Zone C,Full-Time,Production,Field Operations,1968-07-26,MA,Female,Asian,Single,Fully Meets,1,2023-02-28,3,5,2,2023-05-13,Communication Skills,External,Passed,3,415.18,54,1,133.92903225806452,3.3333333333333335
3007,2019-03-21,Production Technician II,PL,Active,Part-Time,Zone A,Full-Time,Production,General - Con,1949-10-13,MA,Female,Black,Married,Fully Meets,2,2023-05-15,2,5,3,2023-07-19,Customer Service,External,Incomplete,5,147.35,70,0,28.8921568627451,3.3333333333333335
3008,2020-04-03,Production Technician II,PYZ,Active,Full-Time,Zone A,Full-Time,Production,General - Sga,1977-06-03,MA,Female,Black,Widowed,Fully Meets,4,2023-09-04,2,1,4,2023-03-15,Leadership Development,Internal,Incomplete,3,967.08,43,0,311.9612903225806,2.3333333333333335
3009,2019-06-02,Production Technician I,EW,Active,Part-Time,Zone C,Part-Time,Production,Billable Consultants,1997-01-05,MA,Male,White,Married,Fully Meets,2,2022-10-27,1,2,4,2022-11-20,Leadership Development,Internal,Incomplete,4,637.86,22,0,155.57560975609758,2.3333333333333335
3013,2019-05-18,Production Technician I,CCDR,Active,Full-Time,Zone C,Full-Time,Production,Splicing,1982-03-25,MA,Female,Asian,Widowed,PIP,1,2023-07-13,5,2,4,2023-05-23,Leadership Development,Internal,Incomplete,4,776.3,37,0,189.34146341463415,3.6666666666666665
3014,2022-11-23,Production Technician I,EW,Active,Contract,Zone B,Temporary,Production,Field Operations,1967-07-17,MA,Male,Hispanic,Single,PIP,2,2023-03-19,3,4,2,2023-02-01,Leadership Development,Internal,Completed,3,326.37,55,1,105.28064516129032,3.0
3015,2020-12-02,Production Technician I,MSC,Active,Part-Time,Zone C,Part-Time,Production,General - Sga,1976-06-14,MA,Male,Hispanic,Single,PIP,2,2022-04-12,5,5,5,2022-11-18,Customer Service,External,Completed,1,108.95,44,1,99.04545454545455,5.0
3016,2022-01-05,Production Technician I,NEL,Active,Part-Time,Zone A,Part-Time,Production,Finance & Accounting,2000-02-07,MA,Male,Black,Widowed,PIP,4,2022-11-29,3,1,2,2023-01-26,Communication Skills,Internal,Completed,4,550.9,22,1,134.3658536585366,2.0
3017,2023-04-16,Production Technician I,PL,Active,Full-Time,Zone B,Full-Time,Production,Field Operations,1994-12-12,MA,Female,Other,Divorced,PIP,5,2022-09-28,3,5,3,2022-08-19,Technical Skills,Internal,Incomplete,4,795.89,29,0,194.11951219512196,3.6666666666666665
3018,2020-10-10,Production Technician I,PYZ,Active,Contract,Zone C,Part-Time,Production,Project Management - Con,1974-06-13,MA,Female,Black,Widowed,PIP,2,2022-09-13,1,1,4,2023-04-02,Communication Skills,External,Passed,1,980.49,46,1,891.3545454545454,2.0
3019,2022-04-15,Production Technician I,SVG,Active,Contract,Zone B,Full-Time,Production,Finance & Accounting,1979-09-21,MA,Female,Asian,Married,PIP,2,2022-11-09,3,4,2,2022-11-18,Technical Skills,External,Failed,1,155.46,43,0,141.3272727272727,3.0
3020,2023-07-25,Production Technician I,TNS,Active,Part-Time,Zone C,Part-Time,Production,General - Con,1944-07-01,MA,Male,Black,Widowed,PIP,2,2023-07-28,2,5,1,2023-06-19,Project Management,External,Completed,2,367.74,79,1,175.1142857142857,2.6666666666666665
3021,2020-08-31,Production Technician I,WBL,Active,Contract,Zone A,Temporary,Production,Wireline Construction,1987-05-14,MA,Male,Other,Single,PIP,2,2022-10-19,5,3,4,2023-08-04,Customer Service,External,Passed,3,115.55,33,1,37.274193548387096,4.0
3022,2018-10-10,Production Technician I,BPC,Active,Full-Time,Zone C,Full-Time,Production,Splicing,1976-07-16,MA,Male,Other,Married,PIP,1,2023-05-02,2,2,3,2022-12-15,Communication Skills,External,Completed,3,848.52,42,1,273.71612903225804,2.3333333333333335
3023,2019-01-15,Production Technician II,TNS,Terminated,Contract,Zone B,Part-Time,Production,General - Con,1958-01-30,MA,Female,Black,Widowed,PIP,2,2022-09-19,3,5,3,2023-05-04,Project Management,Internal,Passed,5,321.61,61,1,63.0607843137255,3.6666666666666665
3024,2021-12-26,Production Technician II,BPC,Active,Contract,Zone A,Full-Time,Production,Project Management - Con,1962-03-28,MA,Female,Hispanic,Widowed,Fully Meets,2,2023-05-03,4,5,5,2022-12-21,Technical Skills,External,Passed,4,957.12,59,1,233.4439024390244,4.666666666666667
3025,2022-05-23,Production Technician II,CCDR,Active,Contract,Zone C,Temporary,Production,Project Management - Con,1999-03-29,MA,Female,Black,Married,Fully Meets,1,2023-01-25,3,4,5,2022-08-27,Communication Skills,External,Incomplete,3,177.63,23,0,57.3,4.0
3026,2022-08-23,Production Technician II,EW,Active,Contract,Zone C,Part-Time,Production,Project Management - Con,1943-05-08,MA,Female,Asian,Divorced,Fully Meets,2,2022-10-17,3,2,4,2022-11-02,Customer Service,External,Passed,3,864.03,79,1,278.71935483870965,3.0
3027,2023-05-27,Production Technician II,MSC,Active,Part-Time,Zone A,Full-Time,Production,General - Eng,1943-08-05,MA,Female,White,Single,Fully Meets,5,2023-02-17,3,2,4,2023-07-05,Communication Skills,External,Incomplete,4,707.06,80,0,172.45365853658538,3.0
3028,2018-08-10,Production Technician II,NEL,Terminated,Contract,Zone B,Temporary,Production,Engineers,2000-02-05,MA,Female,Asian,Married,Fully Meets,2,2023-01-04,5,4,1,2022-10-20,Communication Skills,Internal,Completed,4,690.29,18,1,168.36341463414635,3.3333333333333335
3029,2021-10-24,Production Technician II,PL,Active,Contract,Zone C,Full-Time,Production,Finance & Accounting,1959-06-14,MA,Female,Asian,Widowed,Fully Meets,4,2023-08-02,1,1,3,2023-07-03,Project Management,External,Incomplete,1,721.83,62,0,656.209090909091,1.6666666666666667
3030,2022-07-05,Production Technician II,PYZ,Active,Full-Time,Zone C,Part-Time,Production,Wireline Construction,1953-10-08,MA,Female,White,Single,Fully Meets,1,2022-05-12,2,2,5,2022-12-24,Technical Skills,Internal,Passed,2,287.34,69,1,136.82857142857142,3.0
3031,2022-01-22,Production Technician I,SVG,Active,Contract,Zone B,Temporary,Production,Project Management - Con,1960-07-13,MA,Male,Asian,Married,Fully Meets,1,2022-12-20,2,3,2,2022-12-31,Technical Skills,External,Incomplete,2,783.36,62,0,373.0285714285714,2.3333333333333335
3034,2021-10-16,Production Technician I,TNS,Active,Full-Time,Zone B,Temporary,Production,Field Operations,1967-04-05,MA,Female,White,Single,Fully Meets,2,2022-11-10,1,4,2,2022-11-25,Leadership Development,Internal,Passed,2,947.76,54,1,451.3142857142857,2.3333333333333335
3035,2019-06-14,Production Technician I,PYZ,Active,Contract,Zone C,Temporary,Production,Engineers,1950-09-14,MA,Female,Other,Divorced,Fully Meets,1,2023-06-04,2,4,5,2023-05-09,Customer Service,Internal,Completed,1,498.19,69,1,452.9,3.6666666666666665
3036,2020-07-05,Production Technician I,WBL,Active,Full-Time,Zone B,Temporary,Production,Technology / It,1957-06-28,MA,Female,White,Widowed,Fully Meets,2,2023-02-25,1,4,2,2023-06-19,Technical Skills,Internal,Failed,3,516.4,63,0,166.5806451612903,2.3333333333333335
3037,2020-03-02,Production Technician I,NEL,Active,Full-Time,Zone C,Full-Time,Production,Field Operations,1989-06-10,MA,Male,Asian,Married,Fully Meets,4,2023-01-14,3,4,2,2023-05-01,Leadership Development,Internal,Failed,5,374.69,31,0,73.46862745098039,3.0
3038,2020-11-11,Production Technician I,PL,Active,Part-Time,Zone B,Temporary,Production,Field Operations,1955-08-20,MA,Male,White,Divorced,Fully Meets,2,2022-06-10,5,5,5,2022-08-17,Customer Service,Internal,Incomplete,5,244.22,65,0,47.886274509803926,5.0
3039,2019-12-22,Production Technician I,BPC,Active,Contract,Zone B,Temporary,Production,Project Management - Con,1966-03-24,MA,Female,Other,Single,Fully Meets,5,2023-03-08,4,2,1,2023-01-05,Leadership Development,Internal,Completed,2,130.81,53,1,62.29047619047619,2.3333333333333335
3040,2020-12-14,Production Technician I,CCDR,Active,Full-Time,Zone A,Full-Time,Production,Field Operations,1984-01-02,MA,Female,White,Divorced,Fully Meets,5,2022-10-23,5,1,4,2022-12-30,Technical Skills,Internal,Passed,5,321.03,36,1,62.94705882352941,3.3333333333333335
3041,2020-06-20,Production Technician I,SVG,Active,Contract,Zone C,Full-Time,Production,General - Con,2000-04-22,MA,Female,White,Single,Fully Meets,2,2023-05-18,5,5,4,2023-07-28,Project Management,Internal,Completed,4,354.82,20,1,86.54146341463415,4.666666666666667
3042,2023-06-09,Production Technician I,EW,Active,Contract,Zone B,Temporary,Production,Fielders,1961-06-24,MA,Female,White,Widowed,Exceeds,4,2023-01-13,4,1,2,2023-02-03,Technical Skills,Internal,Incomplete,2,513.54,62,0,244.54285714285712,2.3333333333333335
3043,2022-09-25,Production Technician I,MSC,Active,Contract,Zone C,Full-Time,Production,Catv,1963-06-03,MA,Male,Black,Widowed,Exceeds,2,2023-01-05,5,3,3,2023-02-21,Customer Service,External,Completed,5,658.12,59,1,129.04313725490198,3.6666666666666665
3044,2020-08-26,Production Technician I,TNS,Active,Contract,Zone B,Part-Time,Production,General - Con,1966-02-27,MA,Male,White,Single,Exceeds,2,2023-07-06,1,1,3,2022-12-20,Leadership Development,Internal,Passed,2,643.75,54,1,306.54761904761904,1.6666666666666667
3045,2019-08-28,Production Technician I,PYZ,Active,Full-Time,Zone C,Temporary,Production,General - Eng,1968-10-02,MA,Male,Other,Single,Exceeds,2,2023-12-01,5,4,1,2023-03-03,Communication Skills,External,Incomplete,2,290.75,51,0,138.45238095238093,3.3333333333333335
3046,2023-06-02,Production Technician II,TNS,Terminated,Part-Time,Zone A,Full-Time,Production,Wireline Construction,1983-05-06,MA,Female,Other,Single,Exceeds,4,2023-06-03,2,5,3,2023-01-14,Communication Skills,Internal,Passed,2,767.56,40,1,365.50476190476184,3.3333333333333335
3047,2018-09-12,Production Technician II,PYZ,Active,Full-Time,Zone C,Full-Time,Production,Engineers,1965-03-10,MA,Female,White,Married,Exceeds,5,2022-11-13,4,2,1,2023-06-13,Customer Service,External,Passed,1,507.74,53,1,461.58181818181816,2.3333333333333335
3048,2023-07-15,Production Technician II,WBL,Active,Contract,Zone B,Part-Time,Production,Isp,1978-03-13,MA,Female,White,Married,Fully Meets,2,2023-04-02,2,2,3,2023-01-08,Customer Service,Internal,Completed,2,919.75,45,1,437.9761904761905,2.3333333333333335
3049,2023-07-02,Production Technician II,NEL,Active,Part-Time,Zone A,Temporary,Production,General - Con,1948-12-05,MA,Female,Asian,Married,Fully Meets,4,2022-10-10,5,3,2,2023-01-20,Project Management,External,Incomplete,4,510.95,75,0,124.6219512195122,3.3333333333333335
3050,2020-02-10,Production Technician II,PL,Active,Contract,Zone C,Full-Time,Production,Splicing,1970-09-22,MA,Female,White,Single,Fully Meets,4,2022-09-26,1,3,4,2022-11-06,Project Management,External,Completed,2,826.19,50,1,393.42380952380955,2.6666666666666665
3051,2021-08-27,Production Technician II,BPC,Terminated,Contract,Zone B,Temporary,Production,Underground,1972-02-13,MA,Female,Asian,Widowed,Fully Meets,5,2023-09-02,3,5,5,2023-05-02,Leadership Development,External,Incomplete,1,992.48,49,0,902.2545454545455,4.333333333333333
3052,2020-01-25,Production Technician II,CCDR,Active,Full-Time,Zone A,Full-Time,Production,General - Sga,1948-09-06,MA,Female,White,Single,Fully Meets,5,2023-07-22,5,1,3,2022-10-01,Technical Skills,External,Incomplete,3,824.73,72,0,266.041935483871,3.0
3053,2020-03-26,Production Technician II,SVG,Active,Part-Time,Zone A,Full-Time,Production,General - Con,1958-04-01,MA,Female,Asian,Widowed,Fully Meets,2,2023-03-02,2,1,3,2023-07-04,Communication Skills,External,Failed,2,588.35,62,0,280.1666666666667,2.0
3054,2020-10-23,Production Technician I,SVG,Active,Contract,Zone C,Full-Time,Production,Field Operations,1949-10-26,MA,Male,White,Married,Fully Meets,1,2022-11-14,5,5,2,2023-06-07,Leadership Development,External,Incomplete,5,144.66,71,0,28.364705882352943,4.0
3056,2022-06-21,Production Technician I,MSC,Active,Part-Time,Zone A,Temporary,Production,Wireless,1943-10-29,MA,Female,Other,Divorced,Fully Meets,5,2023-08-04,5,5,2,2023-06-20,Communication Skills,External,Passed,1,535.51,79,1,486.82727272727266,4.0
3059,2021-03-28,Production Technician I,WBL,Active,Part-Time,Zone A,Temporary,Production,Project Management - Con,1972-05-08,MA,Female,White,Widowed,Fully Meets,1,2023-03-28,2,1,3,2023-07-10,Communication Skills,External,Completed,1,164.35,49,1,149.40909090909088,2.0
3060,2020-08-29,Production Technician I,NEL,Active,Part-Time,Zone A,Part-Time,Production,Yard (Material Handling),1951-03-01,MA,Male,Asian,Widowed,Fully Meets,2,2022-09-14,5,2,4,2022-08-30,Customer Service,Internal,Failed,3,165.67,69,0,53.441935483870964,3.6666666666666665
3061,2023-01-03,Production Technician I,PL,Active,Part-Time,Zone C,Full-Time,Production,Wireline Construction,1956-09-26,MA,Male,Other,Married,Fully Meets,4,2023-07-19,5,1,3,2022-09-10,Technical Skills,External,Incomplete,5,602.56,67,0,118.14901960784313,3.0
3062,2022-11-28,Production Technician I,BPC,Active,Part-Time,Zone A,Temporary,Production,General - Con,1987-11-16,MA,Female,Asian,Divorced,Fully Meets,1,2023-05-20,3,4,1,2023-07-26,Leadership Development,Internal,Passed,1,312.91,35,1,284.46363636363634,2.6666666666666665
3063,2021-12-22,Production Technician I,CCDR,Active,Contract,Zone B,Part-Time,Production,Field Operations,1983-10-21,MA,Female,Other,Widowed,Fully Meets,5,2022-06-10,1,5,1,2022-09-28,Project Management,External,Failed,3,767.52,38,0,247.58709677419353,2.3333333333333335
3064,2023-07-08,Production Technician I,SVG,Active,Contract,Zone A,Full-Time,Production,Field Operations,1962-08-23,MA,Female,Other,Divorced,Fully Meets,4,2022-02-12,2,2,5,2023-07-31,Project Management,Internal,Incomplete,5,166.35,61,0,32.61764705882353,3.0
3065,2021-04-21,Production Technician I,EW,Active,Part-Time,Zone A,Temporary,Production,Field Operations,1976-07-10,MA,Female,Black,Divorced,Fully Meets,4,2022-01-12,3,1,2,2023-06-11,Project Management,Internal,Incomplete,1,997.24,45,0,906.5818181818181,2.0
3066,2022-07-28,Production Technician I,MSC,Active,Full-Time,Zone B,Full-Time,Production,Field Operations,1967-12-04,MA,Male,Hispanic,Divorced,Fully Meets,1,2022-04-12,5,4,1,2022-10-18,Communication Skills,External,Failed,3,258.73,55,0,83.46129032258065,3.3333333333333335
3067,2019-11-05,Production Technician I,TNS,Active,Part-Time,Zone B,Part-Time,Production,Field Operations,1982-03-21,MA,Male,Hispanic,Single,Fully Meets,4,2022-12-26,3,1,2,2022-09-01,Communication Skills,External,Completed,1,483.26,37,1,439.32727272727266,2.0
3068,2022-05-22,Production Technician I,PYZ,Terminated,Full-Time,Zone A,Temporary,Production,Finance & Accounting,1947-02-05,MA,Male,Asian,Single,Fully Meets,5,2023-12-05,3,2,1,2022-11-18,Customer Service,External,Completed,3,261.81,75,1,84.45483870967742,2.0
3069,2019-10-19,Production Technician II,WBL,Active,Full-Time,Zone A,Temporary,Production,General - Con,1999-02-14,MA,Female,White,Married,Fully Meets,4,2023-05-14,1,2,3,2023-05-10,Technical Skills,External,Incomplete,1,767.33,20,0,697.5727272727272,2.0
3070,2019-12-25,Production Technician II,BPC,Active,Full-Time,Zone C,Temporary,Production,Wireline Construction,1972-05-05,MA,Female,White,Divorced,Fully Meets,1,2023-04-15,1,5,4,2022-12-05,Communication Skills,External,Failed,5,848.76,47,0,166.42352941176472,3.3333333333333335
3071,2022-11-04,Production Technician II,CCDR,Active,Full-Time,Zone B,Part-Time,Production,General - Con,1956-01-26,MA,Female,Black,Married,Fully Meets,2,2022-09-19,1,4,2,2023-05-30,Project Management,External,Incomplete,4,647.01,66,0,157.80731707317074,2.3333333333333335
3072,2023-04-26,Production Technician II,EW,Active,Full-Time,Zone B,Part-Time,Production,Wireless,1986-02-15,MA,Female,Asian,Divorced,Fully Meets,1,2022-01-11,2,4,1,2023-01-19,Project Management,Internal,Failed,1,230.6,37,0,209.63636363636363,2.3333333333333335
3073,2022-10-26,Production Technician II,MSC,Terminated,Contract,Zone A,Part-Time,Production,General - Con,1987-04-26,MA,Female,Black,Single,Fully Meets,4,2023-03-01,2,3,5,2023-01-28,Customer Service,Internal,Completed,1,681.4,35,1,619.4545454545454,3.3333333333333335
3074,2020-07-14,Production Technician II,NEL,Terminated,Contract,Zone A,Full-Time,Production,Splicing,1963-04-10,MA,Female,Hispanic,Single,Fully Meets,1,2022-10-23,1,3,2,2023-07-03,Leadership Development,Internal,Passed,1,356.98,57,1,324.5272727272727,2.0
3075,2023-03-12,Production Technician II,PL,Active,Full-Time,Zone B,Part-Time,Production,Fielders,1969-09-01,MA,Female,Other,Single,Fully Meets,5,2023-07-20,5,3,1,2023-02-20,Leadership Development,External,Completed,4,602.12,54,1,146.85853658536587,3.0
3076,2023-04-26,Production Technician II,PYZ,Active,Part-Time,Zone C,Full-Time,Production,General - Con,1998-05-26,MA,Male,White,Married,Fully Meets,5,2022-08-10,2,1,5,2022-11-14,Communication Skills,External,Passed,5,547.83,25,1,107.41764705882355,2.6666666666666665
3077,2022-09-17,Production Technician I,CCDR,Active,Contract,Zone A,Temporary,Production,General - Con,1958-08-16,MA,Male,Hispanic,Married,Fully Meets,1,2023-05-07,2,1,2,2022-10-31,Project Management,External,Failed,3,726.88,64,0,234.4774193548387,1.6666666666666667
3078,2021-01-08,Production Technician I,SVG,Active,Contract,Zone B,Part-Time,Production,General - Con,1960-04-14,MA,Male,Black,Widowed,Fully Meets,1,2023-01-28,1,1,5,2023-03-05,Leadership Development,Internal,Completed,1,548.95,61,1,499.04545454545456,2.3333333333333335
3081,2020-10-20,Production Technician I,TNS,Active,Part-Time,Zone C,Part-Time,Production,Finance & Accounting,1980-03-17,MA,Male,White,Widowed,Fully Meets,2,2023-04-20,3,3,1,2022-08-28,Customer Service,Internal,Completed,2,316.38,40,1,150.65714285714284,2.3333333333333335
3082,2022-11-18,Production Technician I,PYZ,Active,Part-Time,Zone A,Part-Time,Production,Field Operations,1988-04-10,MA,Female,Other,Single,Fully Meets,1,2023-07-30,4,3,4,2023-05-15,Project Management,External,Incomplete,4,696.51,34,0,169.88048780487807,3.6666666666666665
3083,2023-01-14,Production Technician I,WBL,Active,Contract,Zone C,Full-Time,Production,Aerial,1967-05-24,MA,Male,Asian,Widowed,Fully Meets,2,2023-02-24,4,4,3,2023-05-08,Technical Skills,External,Completed,2,413.66,56,1,196.98095238095237,3.6666666666666665
3084,2020-10-27,Production Technician I,NEL,Active,Part-Time,Zone A,Temporary,Production,General - Con,1996-06-29,MA,Male,Black,Widowed,Fully Meets,4,2022-06-12,5,3,3,2023-03-14,Customer Service,External,Completed,5,109.14,24,1,21.400000000000002,3.6666666666666665
3085,2020-08-29,Production Technician I,PL,Active,Full-Time,Zone C,Full-Time,Production,Field Operations,1963-04-03,MA,Female,Asian,Single,Fully Meets,2,2022-10-12,4,3,5,2023-02-23,Technical Skills,External,Failed,2,855.84,57,0,407.54285714285714,4.0
3086,2019-12-23,Production Technician I,BPC,Active,Part-Time,Zone B,Temporary,Production,Aerial,1987-03-29,MA,Female,Asian,Divorced,Fully Meets,1,2023-07-13,4,2,2,2023-06-27,Communication Skills,Internal,Incomplete,2,288.09,32,0,137.18571428571425,2.6666666666666665
3087,2023-07-03,Production Technician I,CCDR,Active,Contract,Zone B,Part-Time,Production,Project Management - Con,1948-08-02,MA,Female,Black,Married,Fully Meets,4,2022-08-23,4,3,4,2023-07-08,Communication Skills,Internal,Passed,2,776.34,75,1,369.6857142857143,3.6666666666666665
3088,2022-09-26,Production Technician I,SVG,Active,Part-Time,Zone B,Part-Time,Production,Field Operations,1944-03-20,MA,Female,Other,Married,Fully Meets,5,2022-05-11,5,3,5,2023-05-25,Customer Service,External,Incomplete,3,732.88,78,0,236.41290322580645,4.333333333333333
3089,2020-05-09,Production Technician I,EW,Active,Contract,Zone A,Temporary,Production,Field Operations,1963-05-16,MA,Female,Black,Single,Fully Meets,4,2023-08-06,5,3,5,2023-01-02,Leadership Development,Internal,Failed,4,788.1,57,0,192.21951219512198,4.333333333333333
3090,2023-03-08,Production Technician I,MSC,Active,Part-Time,Zone B,Part-Time,Production,Field Operations,1957-02-14,MA,Male,Black,Married,Fully Meets,5,2023-01-15,3,2,4,2022-11-24,Technical Skills,Internal,Incomplete,4,284.29,66,0,69.3390243902439,3.0
3091,2019-02-27,Production Technician I,TNS,Terminated,Contract,Zone B,Part-Time,Production,Billable Consultants,1958-06-03,MA,Male,White,Single,Fully Meets,5,2023-10-02,2,2,4,2022-11-10,Project Management,External,Completed,5,872.29,61,1,171.03725490196078,2.6666666666666665
3092,2020-01-12,Production Technician II,TNS,Active,Contract,Zone A,Full-Time,Production,Field Operations,1979-10-12,MA,Female,Other,Married,Fully Meets,2,2023-04-15,4,4,1,2022-10-07,Leadership Development,Internal,Passed,1,372.99,41,1,339.08181818181816,3.0
3093,2019-06-29,Production Technician II,PYZ,Active,Full-Time,Zone B,Full-Time,Production,Splicing,1976-09-21,MA,Female,Asian,Divorced,Fully Meets,2,2022-12-31,3,4,5,2023-04-25,Communication Skills,Internal,Passed,5,229.87,43,1,45.07254901960785,4.0
3094,2021-07-15,Production Technician II,WBL,Active,Contract,Zone C,Full-Time,Production,Engineers,1963-10-18,MA,Female,Other,Widowed,Fully Meets,1,2023-04-26,2,3,1,2023-03-01,Project Management,Internal,Failed,2,544.31,58,0,259.19523809523804,2.0
3095,2022-08-19,Production Technician II,NEL,Active,Contract,Zone A,Part-Time,Production,Field Operations,1943-11-03,MA,Female,Other,Divorced,Fully Meets,4,2023-07-21,5,2,3,2022-08-26,Communication Skills,Internal,Failed,4,461.79,79,0,112.63170731707318,3.3333333333333335
3096,2019-09-23,Production Technician II,PL,Terminated,Contract,Zone B,Part-Time,Production,Engineers,1974-07-09,MA,Female,Hispanic,Single,Fully Meets,5,2023-05-05,1,3,2,2023-04-29,Technical Skills,Internal,Failed,1,108.99,45,0,99.08181818181816,2.0
3097,2020-10-11,Production Technician II,BPC,Terminated,Part-Time,Zone C,Temporary,Production,Project Management - Con,1961-11-06,MA,Female,White,Married,Fully Meets,4,2022-08-09,5,3,4,2022-12-30,Project Management,Internal,Incomplete,5,166.08,59,0,32.564705882352946,4.0
3098,2021-08-18,Production Technician II,CCDR,Active,Full-Time,Zone A,Full-Time,Production,Fielders,1944-09-06,MA,Male,Black,Widowed,Fully Meets,4,2023-05-23,3,5,4,2022-10-04,Leadership Development,External,Passed,1,801.69,77,1,728.8090909090909,4.0
3099,2022-12-17,Production Technician I,CCDR,Active,Full-Time,Zone A,Temporary,Production,Fielders,1965-02-09,MA,Male,Black,Divorced,Exceeds,4,2022-07-09,5,4,4,2023-05-31,Technical Skills,Internal,Passed,4,355.34,57,1,86.66829268292683,4.333333333333333
3100,2020-10-25,Production Technician I,SVG,Active,Contract,Zone B,Temporary,Production,General - Con,1950-08-06,MA,Female,White,Single,Fully Meets,5,2023-04-25,1,5,2,2023-07-16,Technical Skills,External,Incomplete,4,136.94,70,0,33.400000000000006,2.6666666666666665
3101,2023-01-23,Production Technician I,EW,Active,Full-Time,Zone B,Full-Time,Production,General - Con,1961-09-03,MA,Female,Asian,Single,Fully Meets,2,2023-08-06,5,4,1,2023-05-21,Technical Skills,Internal,Completed,4,849.63,62,1,207.2268292682927,3.3333333333333335
3104,2022-05-29,Production Technician I,PYZ,Active,Contract,Zone C,Part-Time,Production,General - Con,1944-01-14,MA,Female,Black,Married,Fully Meets,2,2022-11-10,5,2,3,2023-08-02,Project Management,Internal,Incomplete,3,852.79,78,0,275.09354838709675,3.3333333333333335
3105,2020-06-07,Production Technician I,WBL,Active,Full-Time,Zone B,Temporary,Production,Fielders,1943-12-05,MA,Male,Black,Married,Fully Meets,1,2022-10-31,2,1,2,2022-08-30,Technical Skills,External,Failed,3,805.93,77,0,259.9774193548387,1.6666666666666667
3106,2020-03-21,Production Technician I,NEL,Active,Part-Time,Zone A,Temporary,Production,Field Operations,2000-03-30,MA,Male,Hispanic,Divorced,Fully Meets,4,2023-04-29,5,1,2,2023-05-06,Communication Skills,External,Incomplete,3,957.31,20,0,308.8096774193548,2.6666666666666665
3107,2021-06-21,Production Technician I,PL,Active,Full-Time,Zone A,Temporary,Production,Wireline Construction,1971-12-26,MA,Female,Black,Widowed,Fully Meets,4,2022-10-12,2,1,4,2023-05-16,Leadership Development,Internal,Failed,1,855.26,50,0,777.5090909090908,2.3333333333333335
3108,2021-10-22,Production Technician I,BPC,Active,Full-Time,Zone B,Temporary,Production,General - Con,1945-05-07,MA,Female,Hispanic,Married,Fully Meets,2,2023-07-15,1,4,1,2023-07-07,Customer Service,External,Completed,1,755.13,76,1,686.4818181818181,2.0
3109,2018-10-20,Production Technician I,CCDR,Active,Full-Time,Zone A,Temporary,Production,Fielders,1999-04-25,MA,Female,White,Married,PIP,2,2022-06-10,1,2,1,2023-06-12,Customer Service,External,Failed,1,260.84,19,0,237.1272727272727,1.3333333333333333
3110,2022-03-16,Production Technician I,SVG,Active,Contract,Zone C,Full-Time,Production,Wireline Construction,1956-11-02,MA,Female,Hispanic,Single,Fully Meets,2,2022-12-30,1,2,1,2022-10-29,Technical Skills,External,Completed,3,299.97,66,1,96.76451612903226,1.3333333333333333
3111,2018-12-13,Production Technician I,EW,Active,Part-Time,Zone B,Temporary,Production,Field Operations,1958-07-05,MA,Female,Other,Divorced,Fully Meets,1,2023-07-27,2,5,2,2023-06-06,Leadership Development,Internal,Incomplete,1,374.9,60,0,340.81818181818176,3.0
3112,2021-10-08,Production Technician I,MSC,Terminated,Part-Time,Zone B,Full-Time,Production,Shop (Fleet),1946-11-15,MA,Male,Asian,Single,Fully Meets,4,2023-02-20,5,2,3,2022-09-23,Technical Skills,Internal,Passed,5,168.79,75,1,33.09607843137255,3.3333333333333335
3113,2019-02-03,Production Technician II,TNS,Active,Contract,Zone C,Full-Time,Production,Project Management - Con,1981-02-07,MA,Female,White,Divorced,Fully Meets,4,2022-07-10,5,2,5,2022-11-19,Leadership Development,Internal,Passed,5,236.27,38,1,46.327450980392165,4.0
3114,2018-09-30,Production Technician II,PYZ,Active,Contract,Zone C,Full-Time,Production,Isp,1957-06-07,MA,Female,Asian,Divorced,Fully Meets,2,2022-08-24,2,2,2,2023-01-10,Technical Skills,Internal,Passed,5,569.5,61,1,111.66666666666667,2.0
3115,2021-07-12,Production Technician II,WBL,Active,Contract,Zone A,Temporary,Production,Project Management - Con,1964-01-01,MA,Female,Hispanic,Divorced,Fully Meets,4,2023-06-29,1,3,5,2023-07-02,Technical Skills,Internal,Incomplete,3,386.26,57,0,124.6,3.0
3116,2021-03-04,Production Technician II,NEL,Active,Part-Time,Zone B,Temporary,Production,Field Operations,1981-10-24,MA,Female,Hispanic,Married,Fully Meets,5,2023-03-18,2,1,4,2022-08-23,Project Management,External,Failed,4,323.12,40,0,78.80975609756098,2.3333333333333335
3117,2019-10-27,Production Technician II,PL,Active,Part-Time,Zone C,Part-Time,Production,General - Sga,1941-12-14,MA,Female,White,Married,Fully Meets,2,2022-08-30,2,3,1,2023-04-16,Communication Skills,External,Passed,5,461.57,78,1,90.50392156862746,2.0
3118,2019-01-28,Production Technician II,BPC,Terminated,Part-Time,Zone A,Full-Time,Production,Catv,1956-12-14,MA,Female,Black,Divorced,Fully Meets,2,2022-10-25,3,2,3,2022-11-06,Technical Skills,External,Incomplete,2,543.74,63,0,258.9238095238095,2.6666666666666665
3119,2021-01-10,Production Technician I,NEL,Active,Part-Time,Zone C,Part-Time,Production,General - Con,1993-05-06,MA,Male,Other,Single,Fully Meets,5,2022-12-23,4,5,2,2023-02-26,Leadership Development,External,Passed,1,899.2,28,1,817.4545454545454,3.6666666666666665
3120,2021-08-05,Production Technician I,PL,Active,Part-Time,Zone A,Full-Time,Production,Aerial,1946-03-02,MA,Female,Asian,Widowed,Fully Meets,4,2023-10-04,1,5,3,2023-07-05,Project Management,External,Incomplete,2,144.25,75,0,68.69047619047619,3.0
3121,2022-11-07,Production Technician I,PYZ,Active,Part-Time,Zone C,Full-Time,Production,Project Management - Con,1949-10-17,MA,Female,Black,Single,Fully Meets,4,2023-04-13,4,1,3,2023-04-22,Leadership Development,External,Failed,1,854.54,73,0,776.8545454545454,2.6666666666666665
3123,2021-07-12,Production Technician I,TNS,Active,Full-Time,Zone C,Part-Time,Production,Splicing,1951-03-05,MA,Male,Hispanic,Married,Fully Meets,4,2023-12-07,5,2,2,2023-01-01,Communication Skills,External,Failed,4,479.0,70,0,116.82926829268294,3.0
3126,2022-04-27,Production Technician I,WBL,Active,Contract,Zone C,Full-Time,Production,Project Management - Con,1978-02-07,MA,Male,Black,Divorced,Fully Meets,2,2022-08-19,4,5,1,2023-07-21,Communication Skills,External,Passed,4,667.54,44,1,162.81463414634146,3.3333333333333335
3127,2022-06-14,Production Technician I,NEL,Active,Part-Time,Zone A,Part-Time,Production,Project Management - Con,1991-10-26,MA,Male,White,Married,Fully Meets,2,2023-09-04,4,5,5,2023-02-19,Project Management,External,Failed,5,309.74,31,0,60.73333333333334,4.666666666666667
3128,2019-01-13,Production Technician I,PL,Active,Part-Time,Zone A,Temporary,Production,Field Operations,1974-04-15,MA,Female,Black,Widowed,Fully Meets,2,2023-04-25,3,5,4,2023-02-28,Communication Skills,Internal,Completed,1,830.63,45,1,755.1181818181817,4.0
3129,2019-06-21,Production Technician I,BPC,Active,Full-Time,Zone A,Part-Time,Production,Underground,1985-11-07,MA,Female,Black,Widowed,Fully Meets,5,2023-03-31,4,2,4,2023-06-11,Technical Skills,Internal,Incomplete,4,277.31,34,0,67.63658536585366,3.3333333333333335
3130,2020-08-10,Production Technician I,CCDR,Active,Part-Time,Zone A,Temporary,Production,Wireline Construction,1981-09-05,MA,Female,Black,Widowed,Fully Meets,5,2022-12-28,4,3,3,2023-03-21,Customer Service,Internal,Incomplete,3,501.5,39,0,161.7741935483871,3.3333333333333335
3131,2021-04-13,Production Technician I,SVG,Active,Contract,Zone C,Temporary,Production,Wireline Construction,1954-01-28,MA,Female,Hispanic,Single,Fully Meets,2,2022-07-08,3,2,5,2023-01-15,Leadership Development,Internal,Completed,3,937.85,67,1,302.5322580645161,3.3333333333333335
3132,2020-04-27,Production Technician I,EW,Active,Full-Time,Zone A,Full-Time,Production,Field Operations,1979-09-20,MA,Female,Asian,Divorced,Fully Meets,4,2023-06-19,2,2,1,2023-03-16,Communication Skills,Internal,Incomplete,3,134.92,41,0,43.522580645161284,1.6666666666666667
3133,2022-02-25,Production Technician I,MSC,Terminated,Contract,Zone C,Part-Time,Production,Project Management - Con,1958-10-23,MA,Male,White,Married,Fully Meets,5,2022-09-21,1,5,1,2022-10-10,Communication Skills,External,Incomplete,3,946.99,64,0,305.48064516129034,2.3333333333333335
3134,2018-12-06,Production Technician II,TNS,Active,Part-Time,Zone C,Full-Time,Production,Fielders,1947-04-15,MA,Female,Hispanic,Married,Exceeds,5,2022-11-20,3,2,1,2023-03-18,Technical Skills,External,Completed,4,945.68,71,1,230.65365853658537,2.0
3135,2020-03-12,Production Technician II,BPC,Active,Part-Time,Zone A,Temporary,Production,Project Management - Con,1993-04-25,MA,Female,White,Single,Fully Meets,4,2022-10-24,1,2,1,2023-01-28,Communication Skills,Internal,Passed,5,142.21,27,1,27.8843137254902,1.3333333333333333
3136,2022-11-16,Production Technician II,CCDR,Active,Full-Time,Zone B,Full-Time,Production,Project Management - Con,1997-05-17,MA,Female,Hispanic,Married,Fully Meets,4,2023-06-21,5,3,5,2022-11-22,Project Management,External,Failed,2,386.95,25,0,184.26190476190476,4.333333333333333
3137,2018-12-09,Production Technician II,EW,Terminated,Contract,Zone B,Temporary,Production,Field Operations,1995-03-06,MA,Female,Other,Single,Fully Meets,2,2023-03-23,1,2,4,2023-06-11,Technical Skills,External,Passed,4,641.68,23,1,156.50731707317073,2.3333333333333335
3138,2022-12-25,Production Technician II,MSC,Terminated,Contract,Zone A,Full-Time,Production,Field Operations,1987-07-04,MA,Female,Black,Single,Fully Meets,4,2023-10-07,5,3,1,2023-07-26,Project Management,Internal,Failed,2,295.67,35,0,140.7952380952381,3.0
3139,2021-11-19,Production Technician II,NEL,Active,Part-Time,Zone A,Temporary,Production,Field Operations,1971-11-08,MA,Female,Asian,Single,Fully Meets,4,2022-11-29,3,2,1,2023-04-23,Communication Skills,External,Completed,4,649.64,50,1,158.4487804878049,2.0
3140,2022-03-01,Production Technician I,PL,Active,Contract,Zone C,Full-Time,Production,Catv,1990-02-04,MA,Male,Hispanic,Widowed,Fully Meets,5,2023-07-05,1,1,1,2022-12-12,Technical Skills,External,Failed,1,402.77,32,0,366.1545454545454,1.0
3141,2021-03-17,Production Technician I,BPC,Active,Full-Time,Zone B,Temporary,Production,Field Operations,1970-10-07,MA,Male,Black,Married,Exceeds,2,2023-02-16,3,1,4,2023-04-01,Leadership Development,Internal,Incomplete,3,311.92,51,0,100.61935483870968,2.6666666666666665
3142,2021-02-10,Production Technician I,CCDR,Active,Full-Time,Zone B,Part-Time,Production,General - Con,1949-07-20,MA,Female,White,Single,Fully Meets,4,2022-10-08,4,5,1,2023-01-09,Communication Skills,External,Incomplete,5,730.99,72,0,143.33137254901962,3.3333333333333335
3143,2018-09-28,Production Technician I,SVG,Active,Full-Time,Zone A,Temporary,Production,Aerial,1947-06-25,MA,Female,Black,Widowed,Fully Meets,2,2023-07-31,1,4,1,2023-05-22,Project Management,Internal,Incomplete,3,330.04,71,0,106.46451612903226,2.0
3144,2021-02-09,Production Technician I,EW,Active,Contract,Zone C,Part-Time,Production,Engineers,1956-09-19,MA,Male,Hispanic,Married,Exceeds,2,2022-12-18,3,4,3,2023-07-15,Communication Skills,Internal,Passed,3,848.99,65,1,273.8677419354839,3.3333333333333335
3146,2018-12-16,Production Technician I,TNS,Active,Part-Time,Zone C,Temporary,Production,Project Management - Con,1978-10-18,MA,Female,White,Widowed,Fully Meets,4,2022-05-09,5,1,1,2023-03-06,Technical Skills,External,Passed,5,560.03,40,1,109.80980392156863,2.3333333333333335
3147,2023-07-17,Production Technician I,PYZ,Active,Contract,Zone B,Temporary,Production,General - Sga,1999-04-23,MA,Male,Hispanic,Divorced,Fully Meets,5,2023-07-24,2,2,5,2022-12-20,Project Management,External,Completed,4,820.65,24,1,200.15853658536585,3.0
3148,2020-05-28,Production Technician I,WBL,Active,Full-Time,Zone C,Temporary,Production,Aerial,1950-01-03,MA,Male,White,Single,Exceeds,2,2023-06-24,4,5,1,2023-04-10,Communication Skills,External,Completed,2,727.06,70,1,346.21904761904756,3.3333333333333335
3149,2021-03-01,Production Technician I,NEL,Active,Full-Time,Zone A,Part-Time,Production,Field Operations,1983-09-27,MA,Female,Black,Single,Exceeds,2,2023-03-31,2,1,4,2023-07-07,Customer Service,Internal,Failed,2,858.12,38,0,408.62857142857143,2.3333333333333335
3150,2022-02-12,Production Technician I,PL,Active,Full-Time,Zone C,Part-Time,Production,Aerial,1955-02-08,MA,Female,Asian,Widowed,Fully Meets,2,2022-08-29,3,2,2,2023-01-28,Customer Service,External,Failed,4,781.04,67,0,190.49756097560976,2.3333333333333335
3151,2022-02-26,Production Technician I,BPC,Active,Part-Time,Zone C,Temporary,Production,Field Operations,1965-11-15,MA,Female,White,Widowed,Exceeds,4,2023-02-24,3,3,1,2022-10-06,Project Management,Internal,Passed,2,978.88,57,1,466.1333333333333,2.3333333333333335
3152,2022-07-05,Production Technician I,CCDR,Active,Contract,Zone C,Temporary,Production,Field Operations,1953-12-29,MA,Female,Black,Widowed,Exceeds,5,2023-04-28,1,3,1,2023-03-24,Communication Skills,Internal,Failed,4,955.95,69,0,233.15853658536588,1.6666666666666667
3153,2019-11-29,Production Technician I,SVG,Active,Part-Time,Zone A,Full-Time,Production,Field Operations,1994-12-13,MA,Female,Other,Single,Fully Meets,4,2022-04-11,1,5,3,2023-07-11,Communication Skills,External,Passed,5,897.64,25,1,176.00784313725492,3.0
3154,2019-02-22,Production Technician I,EW,Active,Full-Time,Zone B,Temporary,Production,Engineers,1949-05-21,MA,Female,Black,Single,Fully Meets,2,2023-03-06,1,3,5,2023-05-25,Customer Service,External,Passed,4,418.08,70,1,101.97073170731707,3.0
3155,2020-07-16,Production Technician I,MSC,Terminated,Contract,Zone B,Temporary,Production,General - Con,1951-03-14,MA,Male,Black,Married,Fully Meets,2,2022-08-18,2,5,4,2022-08-27,Communication Skills,External,Failed,5,336.64,69,0,66.00784313725491,3.6666666666666665
3156,2019-07-18,Production Technician II,MSC,Terminated,Contract,Zone B,Part-Time,Production,General - Con,1962-07-16,MA,Female,Black,Married,Fully Meets,5,2023-01-27,4,2,2,2023-04-02,Communication Skills,External,Failed,4,171.46,57,0,41.81951219512196,2.6666666666666665
3157,2019-03-10,Production Technician II,TNS,Active,Contract,Zone A,Full-Time,Production,Billable Consultants,1984-03-16,MA,Female,White,Divorced,Exceeds,5,2023-11-04,4,1,3,2023-05-26,Project Management,Internal,Incomplete,3,401.9,35,0,129.64516129032256,2.6666666666666665
3158,2023-05-30,Production Technician II,PYZ,Active,Part-Time,Zone A,Full-Time,Production,General - Sga,1976-01-21,MA,Female,Hispanic,Divorced,Exceeds,2,2023-02-02,1,1,3,2022-12-19,Communication Skills,Internal,Passed,5,266.62,47,1,52.27843137254902,1.6666666666666667
3159,2018-08-23,Production Technician II,WBL,Active,Full-Time,Zone B,Part-Time,Production,Field Operations,1978-05-29,MA,Female,Asian,Married,Fully Meets,4,2023-04-23,1,1,2,2023-04-19,Technical Skills,External,Failed,2,913.36,40,0,434.93333333333334,1.3333333333333333
3160,2019-03-06,Production Technician II,NEL,Active,Full-Time,Zone A,Part-Time,Production,Splicing,1951-04-18,MA,Female,Other,Single,Exceeds,4,2022-08-20,5,5,3,2023-01-11,Leadership Development,Internal,Failed,3,619.29,68,0,199.77096774193546,4.333333333333333
3161,2023-08-01,Production Technician II,PL,Terminated,Full-Time,Zone C,Full-Time,Production,General - Con,1983-04-17,MA,Female,Black,Divorced,Fully Meets,1,2023-07-15,1,5,4,2022-09-15,Customer Service,External,Passed,3,398.98,40,1,128.70322580645163,3.3333333333333335
3162,2020-02-24,Production Technician II,BPC,Active,Part-Time,Zone A,Temporary,Production,Isp,1997-08-27,MA,Male,White,Single,Fully Meets,5,2023-03-20,4,4,2,2023-07-24,Technical Skills,Internal,Failed,5,569.76,23,0,111.71764705882353,3.3333333333333335
3163,2019-09-26,Production Technician I,PL,Active,Contract,Zone A,Full-Time,Production,Catv,1979-03-13,MA,Male,Black,Married,Fully Meets,4,2023-03-19,2,4,5,2022-10-01,Project Management,Internal,Passed,4,807.32,40,1,196.90731707317076,3.6666666666666665
3164,2022-12-07,Production Technician I,BPC,Terminated,Full-Time,Zone C,Temporary,Production,Field Operations,1997-03-18,MA,Female,Other,Married,Fully Meets,5,2022-02-10,4,2,3,2023-02-10,Project Management,External,Passed,3,981.17,25,1,316.5064516129032,3.0
3165,2019-03-08,Production Technician I,CCDR,Active,Part-Time,Zone C,Full-Time,Production,Field Operations,1994-12-24,MA,Female,Black,Single,Fully Meets,2,2023-06-17,1,5,5,2022-08-28,Leadership Development,External,Failed,4,972.9,25,0,237.2926829268293,3.6666666666666665
3166,2019-08-06,Production Technician I,SVG,Active,Part-Time,Zone A,Full-Time,Production,Field Operations,1993-02-11,MA,Female,White,Single,Exceeds,2,2023-01-26,2,4,1,2023-01-27,Project Management,Internal,Incomplete,4,928.71,26,0,226.51463414634148,2.3333333333333335
3167,2019-06-19,Production Technician I,EW,Active,Full-Time,Zone B,Part-Time,Production,Splicing,1943-09-19,MA,Male,Other,Divorced,Exceeds,4,2023-02-27,5,2,1,2023-01-15,Leadership Development,External,Passed,1,975.21,76,1,886.5545454545454,2.6666666666666665
3169,2019-06-08,Production Technician I,TNS,Active,Part-Time,Zone B,Part-Time,Production,Aerial,1951-03-04,MA,Female,Other,Single,Exceeds,4,2023-04-27,3,2,3,2023-02-25,Communication Skills,Internal,Completed,4,109.96,68,1,26.819512195121952,2.6666666666666665
3170,2022-01-28,Production Technician I,PYZ,Active,Full-Time,Zone C,Full-Time,Production,Field Operations,1992-01-23,MA,Male,Asian,Married,Fully Meets,2,2022-11-28,1,3,2,2022-08-28,Technical Skills,External,Failed,2,361.28,30,0,172.03809523809522,2.0
3171,2020-08-26,Production Technician I,WBL,Active,Part-Time,Zone A,Part-Time,Production,Engineers,1995-02-25,MA,Female,White,Widowed,Fully Meets,5,2023-08-01,4,1,5,2023-06-30,Leadership Development,External,Failed,4,248.66,25,0,60.648780487804885,3.3333333333333335
3172,2019-04-22,Production Technician I,NEL,Active,Contract,Zone C,Part-Time,Production,Shop (Fleet),1983-09-07,MA,Female,Asian,Divorced,Fully Meets,4,2022-02-09,2,3,1,2022-12-25,Customer Service,External,Failed,5,742.18,36,0,145.52549019607844,2.0
3173,2022-12-21,Production Technician I,PL,Active,Contract,Zone A,Part-Time,Production,Billable Consultants,1957-03-14,MA,Female,Asian,Married,Fully Meets,1,2023-07-13,5,4,3,2023-06-01,Communication Skills,External,Incomplete,3,573.31,65,0,184.93870967741933,4.0
3174,2022-10-12,Production Technician I,BPC,Active,Full-Time,Zone C,Part-Time,Production,Catv,1961-06-13,MA,Female,Hispanic,Single,Fully Meets,5,2023-02-01,1,5,5,2022-12-09,Communication Skills,External,Completed,4,860.91,61,1,209.97804878048782,3.6666666666666665
3175,2023-07-23,Production Technician I,CCDR,Active,Full-Time,Zone B,Full-Time,Production,Fielders,1947-11-07,MA,Female,Asian,Single,Fully Meets,1,2023-03-02,5,4,1,2023-05-22,Technical Skills,External,Failed,4,686.77,76,0,167.5048780487805,3.3333333333333335
3176,2018-12-13,Production Technician I,SVG,Active,Full-Time,Zone A,Full-Time,Production,Project Management - Con,2000-02-24,MA,Female,Other,Widowed,Exceeds,1,2023-09-02,5,3,5,2023-01-24,Leadership Development,External,Passed,5,638.26,18,1,125.14901960784314,4.333333333333333
3177,2019-09-30,Production Technician I,EW,Terminated,Full-Time,Zone A,Full-Time,Production,Project Management - Con,2000-03-13,MA,Female,Asian,Single,Fully Meets,1,2023-04-20,3,4,2,2023-03-25,Leadership Development,External,Incomplete,2,423.71,19,0,201.76666666666665,3.0
3178,2020-01-24,Production Technician II,MSC,Terminated,Part-Time,Zone C,Part-Time,Production,Field Operations,1990-04-30,MA,Female,White,Married,PIP,1,2022-07-10,5,2,1,2023-05-02,Communication Skills,Internal,Incomplete,3,708.78,30,0,228.63870967741934,2.6666666666666665
3179,2020-12-23,Production Technician II,TNS,Active,Full-Time,Zone C,Full-Time,Production,Field Operations,1941-12-22,MA,Male,Black,Divorced,Fully Meets,2,2023-05-27,5,2,1,2023-05-03,Leadership Development,Internal,Passed,2,376.96,79,1,179.5047619047619,2.6666666666666665
3180,2019-06-07,Production Technician II,PYZ,Terminated,Full-Time,Zone B,Temporary,Production,Field Operations,1997-10-27,MA,Female,Hispanic,Divorced,Fully Meets,4,2023-01-30,2,1,1,2023-07-03,Project Management,External,Completed,1,829.59,22,1,754.1727272727272,1.3333333333333333
3181,2019-12-25,Production Technician II,WBL,Active,Contract,Zone C,Temporary,Production,General - Con,1959-07-17,MA,Female,Other,Single,Fully Meets,4,2023-05-04,5,4,1,2023-01-13,Leadership Development,Internal,Incomplete,4,900.21,60,0,219.56341463414637,3.3333333333333335
3182,2023-01-26,Production Technician II,NEL,Active,Contract,Zone B,Temporary,Production,Field Operations,1971-11-21,MA,Female,White,Married,PIP,2,2022-08-15,3,3,4,2023-05-02,Technical Skills,Internal,Passed,2,825.61,52,1,393.14761904761906,3.3333333333333335
3183,2022-11-03,Production Technician II,PL,Terminated,Full-Time,Zone A,Temporary,Production,Engineers,1953-02-15,MA,Male,Other,Single,PIP,3,2023-06-05,1,1,4,2023-07-28,Customer Service,External,Completed,1,205.22,69,1,186.56363636363633,2.0
3184,2022-05-13,Production Technician I,MSC,Active,Part-Time,Zone A,Full-Time,Production,Field Operations,1972-05-21,MA,Female,Hispanic,Single,PIP,5,2023-03-07,3,1,4,2022-09-09,Technical Skills,Internal,Failed,3,441.79,50,0,142.51290322580647,2.6666666666666665
3185,2020-09-23,Production Technician I,NEL,Terminated,Contract,Zone C,Temporary,Production,Field Operations,1999-10-11,MA,Female,Other,Divorced,PIP,2,2022-08-20,5,4,5,2022-11-28,Communication Skills,External,Passed,3,491.87,21,1,158.66774193548386,4.666666666666667
3186,2021-08-29,Production Technician I,PL,Active,Part-Time,Zone A,Full-Time,Production,Aerial,1967-03-05,MA,Female,Black,Divorced,Fully Meets,2,2023-12-06,5,2,3,2023-04-10,Technical Skills,Internal,Failed,4,927.48,54,0,226.2146341463415,3.3333333333333335
3187,2022-12-13,Production Technician I,PYZ,Active,Contract,Zone C,Full-Time,Production,Wireline Construction,1962-08-04,MA,Female,Black,Single,PIP,3,2023-02-01,4,2,2,2023-07-26,Leadership Development,Internal,Completed,3,831.15,60,1,268.11290322580646,2.6666666666666665
3188,2022-11-06,Production Technician I,SVG,Active,Part-Time,Zone C,Part-Time,Production,Field Operations,1978-04-11,MA,Male,Hispanic,Divorced,Fully Meets,4,2023-07-23,5,2,4,2023-05-16,Leadership Development,Internal,Incomplete,3,976.9,44,0,315.1290322580645,3.6666666666666665
3189,2023-08-04,Production Technician I,TNS,Active,Full-Time,Zone C,Temporary,Production,Project Management - Con,1964-07-21,MA,Female,Asian,Married,PIP,1,2023-02-17,4,3,4,2022-09-11,Leadership Development,Internal,Passed,5,574.76,59,1,112.69803921568628,3.6666666666666665
3190,2020-11-15,Production Technician I,WBL,Active,Contract,Zone C,Part-Time,Production,General - Con,1998-10-02,MA,Male,White,Divorced,PIP,2,2022-10-15,4,5,5,2023-07-13,Leadership Development,External,Passed,3,911.6,22,1,294.06451612903226,4.666666666666667
3191,2022-07-06,Production Technician I,BPC,Active,Part-Time,Zone A,Part-Time,Production,Technology / It,1945-01-28,MA,Male,Black,Married,Fully Meets,2,2023-02-24,1,2,2,2023-02-05,Project Management,External,Incomplete,3,476.39,77,0,153.67419354838708,1.6666666666666667
3192,2019-04-21,Production Technician I,CCDR,Active,Full-Time,Zone A,Part-Time,Production,Aerial,1997-12-01,MA,Female,Black,Single,Fully Meets,3,2023-06-26,5,4,1,2022-08-28,Technical Skills,Internal,Incomplete,1,752.12,22,0,683.7454545454545,3.3333333333333335
3193,2021-08-28,Production Technician I,EW,Active,Full-Time,Zone C,Temporary,Production,General - Con,1946-01-24,MA,Female,Black,Divorced,PIP,3,2023-05-08,1,1,5,2023-04-16,Project Management,External,Completed,3,240.94,75,1,77.72258064516129,2.3333333333333335
3194,2021-03-25,Production Technician I,MSC,Active,Contract,Zone B,Full-Time,Production,Field Operations,1995-11-08,MA,Female,Asian,Divorced,Fully Meets,1,2022-12-26,2,5,5,2023-01-23,Leadership Development,Internal,Passed,5,143.28,26,1,28.094117647058827,4.0
3195,2020-07-16,Production Technician I,NEL,Active,Full-Time,Zone A,Full-Time,Production,General - Con,1981-01-31,MA,Female,White,Divorced,Fully Meets,2,2023-03-23,5,4,1,2023-06-28,Customer Service,External,Failed,1,556.09,39,0,505.5363636363636,3.3333333333333335
3196,2018-11-28,Production Technician I,PL,Active,Full-Time,Zone B,Temporary,Production,Engineers,1974-12-11,MA,Female,Other,Divorced,Fully Meets,2,2022-10-31,3,3,1,2023-06-06,Customer Service,Internal,Passed,5,518.62,44,1,101.69019607843138,2.3333333333333335
3197,2019-06-27,Production Technician I,PYZ,Active,Contract,Zone A,Full-Time,Production,General - Con,1977-03-31,MA,Female,Hispanic,Divorced,PIP,1,2022-09-20,5,5,2,2022-11-10,Customer Service,Internal,Failed,4,694.79,42,0,169.4609756097561,4.0
3198,2023-01-04,Production Technician I,SVG,Active,Contract,Zone A,Temporary,Production,General - Con,1979-09-24,MA,Female,Asian,Married,Fully Meets,2,2023-04-01,1,3,1,2023-06-01,Communication Skills,Internal,Completed,2,445.34,44,1,212.06666666666663,1.6666666666666667
3199,2018-11-22,Production Technician I,BPC,Active,Full-Time,Zone B,Full-Time,Production,Engineers,1978-01-17,MA,Female,Hispanic,Married,Fully Meets,2,2022-08-31,1,4,4,2022-09-23,Technical Skills,Internal,Incomplete,5,609.18,40,0,119.44705882352942,3.0
3200,2021-01-08,Production Technician II,PL,Active,Part-Time,Zone B,Temporary,Production,Billable Consultants,1975-07-26,MA,Male,Asian,Married,Fully Meets,4,2023-05-28,5,1,3,2023-03-18,Communication Skills,Internal,Completed,1,473.02,46,1,430.01818181818174,3.0
3201,2022-11-18,Production Technician I,EW,Active,Part-Time,Zone A,Part-Time,Production,Aerial,1984-07-16,MA,Female,Asian,Widowed,Fully Meets,4,2022-12-27,1,4,5,2023-06-05,Leadership Development,Internal,Failed,2,758.46,38,0,361.1714285714286,3.3333333333333335
3202,2020-06-21,Production Technician I,WBL,Terminated,Contract,Zone A,Full-Time,Production,Engineers,1999-03-28,MA,Female,Other,Single,Fully Meets,4,2022-12-25,2,5,1,2022-08-30,Customer Service,Internal,Passed,3,194.06,21,1,62.6,2.6666666666666665
3203,2021-01-19,Production Technician I,PYZ,Terminated,Contract,Zone C,Part-Time,Production,General - Sga,1961-10-09,MA,Female,White,Single,Fully Meets,4,2022-11-11,4,4,2,2022-09-01,Project Management,External,Passed,2,317.06,60,1,150.98095238095237,3.3333333333333335
3204,2023-06-04,Production Technician I,BPC,Active,Contract,Zone C,Full-Time,Production,General - Sga,1959-12-11,MA,Male,White,Single,Fully Meets,4,2022-12-27,4,1,1,2022-08-09,Communication Skills,Internal,Passed,1,291.9,64,1,265.3636363636363,2.0
3206,2019-09-06,Production Technician I,BPC,Active,Part-Time,Zone A,Part-Time,Production,Wireline Construction,1961-03-16,MA,Male,Hispanic,Divorced,Fully Meets,2,2022-09-13,2,4,4,2023-04-01,Leadership Development,Internal,Passed,2,143.32,58,1,68.24761904761904,3.3333333333333335
3207,2022-03-27,Production Technician I,PYZ,Active,Full-Time,Zone C,Temporary,Production,Project Management - Con,1981-08-28,MA,Female,White,Widowed,Fully Meets,5,2023-01-13,4,4,5,2023-02-17,Technical Skills,External,Passed,3,724.51,41,1,233.71290322580643,4.333333333333333
3208,2020-12-25,Production Technician I,CCDR,Terminated,Contract,Zone A,Temporary,Production,Field Operations,1973-04-09,MA,Male,Hispanic,Divorced,Fully Meets,2,2023-03-22,5,1,3,2023-04-03,Leadership Development,Internal,Passed,2,955.32,47,1,454.9142857142857,3.0
3209,2021-04-24,Production Technician II,PL,Active,Contract,Zone A,Full-Time,Production,General - Con,1983-03-17,MA,Male,Hispanic,Widowed,Fully Meets,5,2023-01-13,3,3,1,2023-03-06,Project Management,Internal,Incomplete,5,259.71,38,0,50.923529411764704,2.3333333333333335
3210,2020-05-12,Production Technician I,WBL,Active,Full-Time,Zone A,Full-Time,Production,Aerial,1993-06-13,MA,Female,Hispanic,Divorced,Fully Meets,5,2023-11-07,3,5,1,2022-12-31,Project Management,External,Failed,2,128.89,27,0,61.376190476190466,3.0
3211,2023-05-23,Production Technician II,SVG,Active,Part-Time,Zone B,Part-Time,Production,General - Sga,1955-08-26,MA,Female,Other,Married,Fully Meets,2,2022-09-10,1,5,3,2022-10-13,Customer Service,External,Incomplete,4,513.76,68,0,125.30731707317074,3.0
3212,2020-12-27,Production Technician II,PYZ,Terminated,Full-Time,Zone C,Part-Time,Production,Field Operations,1972-06-30,MA,Male,Asian,Married,Fully Meets,5,2023-09-03,2,5,4,2023-01-20,Customer Service,External,Failed,2,944.89,48,0,449.947619047619,3.6666666666666665
3213,2018-11-17,Production Technician I,WBL,Active,Full-Time,Zone A,Part-Time,Production,Field Operations,1952-06-28,MA,Male,Hispanic,Widowed,Fully Meets,2,2023-08-01,2,5,1,2023-04-09,Communication Skills,External,Passed,2,494.29,66,1,235.3761904761905,2.6666666666666665
3214,2019-07-16,Production Technician I,PYZ,Active,Part-Time,Zone B,Temporary,Production,General - Con,1972-12-22,MA,Female,Asian,Widowed,Fully Meets,2,2023-04-14,3,1,2,2023-01-25,Project Management,Internal,Incomplete,4,521.05,47,0,127.08536585365853,2.0
3215,2020-01-25,Production Technician II,SVG,Active,Contract,Zone A,Part-Time,Production,General - Sga,1973-03-06,MA,Male,White,Divorced,Fully Meets,3,2022-12-11,4,3,5,2023-07-06,Communication Skills,External,Failed,3,183.77,47,0,59.28064516129032,4.0
3216,2021-08-16,Production Technician I,MSC,Active,Part-Time,Zone A,Temporary,Production,Fielders,1972-02-28,MA,Female,Other,Divorced,Fully Meets,5,2023-03-29,1,4,3,2023-03-17,Leadership Development,External,Passed,5,143.08,49,1,28.054901960784317,2.6666666666666665
3217,2019-01-20,Production Technician II,BPC,Terminated,Contract,Zone B,Full-Time,Production,General - Con,1968-09-28,MA,Female,White,Single,Fully Meets,3,2022-01-11,1,2,1,2023-06-09,Customer Service,External,Passed,3,723.2,51,1,233.29032258064518,1.3333333333333333
3218,2018-09-04,Production Technician I,SVG,Active,Full-Time,Zone C,Part-Time,Production,Field Operations,1971-07-13,MA,Male,Other,Widowed,Fully Meets,5,2023-01-13,2,2,5,2023-01-21,Leadership Development,External,Incomplete,2,526.6,47,0,250.76190476190476,3.0
3219,2019-09-20,Production Technician II,PL,Active,Full-Time,Zone B,Full-Time,Production,Executive,2000-08-16,MA,Female,Black,Widowed,Fully Meets,3,2023-06-02,3,3,4,2023-03-28,Communication Skills,External,Passed,2,771.06,19,1,367.1714285714285,3.3333333333333335
3220,2023-07-24,Production Technician I,SVG,Active,Part-Time,Zone A,Full-Time,Production,Field Operations,1980-11-10,MA,Female,Other,Divorced,Fully Meets,1,2022-08-22,5,4,3,2022-11-11,Technical Skills,Internal,Failed,4,839.86,43,0,204.84390243902442,4.0
3221,2023-07-05,Production Technician I,PL,Active,Full-Time,Zone B,Temporary,Production,Wireline Construction,1945-12-31,MA,Male,Other,Single,Fully Meets,4,2023-01-04,1,3,5,2023-05-11,Communication Skills,Internal,Failed,4,628.77,78,0,153.35853658536587,3.0
3222,2021-01-11,Production Technician I,BPC,Active,Contract,Zone A,Part-Time,Production,Shop (Fleet),1990-08-14,MA,Female,Hispanic,Married,Fully Meets,2,2022-10-18,2,5,1,2022-09-25,Communication Skills,Internal,Completed,3,433.67,31,1,139.89354838709679,2.6666666666666665
3223,2022-11-06,Production Technician I,CCDR,Active,Full-Time,Zone A,Full-Time,Production,Splicing,1952-12-10,MA,Female,Asian,Single,Fully Meets,5,2022-11-11,4,4,2,2023-03-14,Communication Skills,Internal,Incomplete,4,158.97,70,0,38.77317073170732,3.3333333333333335
3224,2023-04-03,Production Technician I,SVG,Active,Part-Time,Zone A,Part-Time,Production,People Services,1970-06-02,MA,Female,White,Single,Fully Meets,5,2023-04-29,2,4,5,2022-09-14,Project Management,External,Completed,2,107.77,53,1,51.319047619047616,3.6666666666666665
3225,2021-06-07,Production Technician I,EW,Active,Contract,Zone B,Part-Time,Production,General - Con,1977-07-29,MA,Female,White,Divorced,Fully Meets,3,2022-09-30,3,1,1,2023-07-26,Communication Skills,Internal,Completed,1,374.1,44,1,340.09090909090907,1.6666666666666667
3226,2019-01-20,Production Technician I,MSC,Active,Contract,Zone B,Full-Time,Production,General - Eng,1988-12-31,MA,Female,Black,Married,Fully Meets,4,2022-06-10,1,2,3,2023-03-01,Leadership Development,External,Incomplete,2,471.42,31,0,224.4857142857143,2.0
3228,2019-05-27,Production Technician I,PYZ,Terminated,Full-Time,Zone C,Temporary,Production,Field Operations,1946-03-06,MA,Male,Hispanic,Single,Fully Meets,2,2022-11-13,3,5,3,2022-08-09,Customer Service,External,Passed,3,272.77,73,1,87.99032258064516,3.6666666666666665
3229,2022-12-18,Production Technician I,WBL,Active,Contract,Zone C,Temporary,Production,Engineers,1945-12-18,MA,Male,Other,Widowed,Fully Meets,1,2022-09-29,4,3,4,2022-12-30,Technical Skills,Internal,Incomplete,3,757.48,77,0,244.3483870967742,3.6666666666666665
3231,2021-05-24,Production Technician I,PL,Active,Full-Time,Zone C,Part-Time,Production,Shop (Fleet),1997-05-14,MA,Female,White,Divorced,Exceeds,2,2022-11-12,5,3,3,2022-10-24,Customer Service,External,Failed,3,668.59,24,0,215.6741935483871,3.6666666666666665
3234,2021-08-23,Production Technician I,SVG,Active,Part-Time,Zone B,Temporary,Production,General - Con,1959-04-25,MA,Male,Black,Widowed,Fully Meets,3,2023-09-04,1,3,4,2022-11-03,Leadership Development,Internal,Completed,3,185.58,62,1,59.86451612903226,2.6666666666666665
3235,2021-12-23,Production Technician I,EW,Active,Contract,Zone C,Temporary,Production,Engineers,1963-01-08,MA,Male,Hispanic,Married,Fully Meets,2,2022-10-22,3,4,1,2023-02-08,Project Management,Internal,Failed,3,667.23,58,0,215.23548387096776,2.6666666666666665
3236,2022-01-24,Production Technician II,NEL,Active,Contract,Zone C,Full-Time,Production,People Services,1979-04-06,MA,Female,Asian,Married,Fully Meets,5,2023-04-28,2,4,1,2022-12-17,Communication Skills,Internal,Completed,5,209.99,43,1,41.17450980392157,2.3333333333333335
3237,2022-11-21,Production Technician II,PL,Active,Contract,Zone B,Temporary,Production,General - Eng,1987-08-12,MA,Male,White,Married,Fully Meets,4,2023-10-02,5,1,2,2023-06-12,Leadership Development,Internal,Failed,5,114.81,35,0,22.511764705882356,2.6666666666666665
3238,2018-12-04,Production Technician II,PYZ,Terminated,Contract,Zone A,Part-Time,Production,Wireline Construction,2000-04-09,MA,Male,Other,Divorced,Fully Meets,4,2023-05-04,5,3,5,2023-02-08,Project Management,External,Incomplete,2,964.12,18,0,459.1047619047619,4.333333333333333
3239,2019-06-02,Production Technician II,SVG,Active,Part-Time,Zone C,Temporary,Production,Field Operations,1992-07-19,MA,Male,Black,Single,Fully Meets,3,2023-06-13,5,2,5,2022-10-15,Leadership Development,External,Passed,1,818.77,27,1,744.3363636363636,4.0
3240,2018-08-12,Production Technician II,TNS,Terminated,Full-Time,Zone C,Temporary,Production,Shop (Fleet),1980-05-03,MA,Female,Asian,Married,Fully Meets,2,2022-08-22,2,5,4,2022-10-15,Project Management,External,Passed,3,801.31,38,1,258.4870967741935,3.6666666666666665
3241,2022-05-15,Production Technician II,WBL,Active,Part-Time,Zone B,Full-Time,Production,General - Sga,1947-11-12,MA,Female,White,Divorced,Fully Meets,1,2023-03-06,1,5,3,2022-10-14,Communication Skills,Internal,Completed,5,674.84,75,1,132.321568627451,3.0
3242,2021-11-23,Production Technician I,NEL,Terminated,Contract,Zone C,Full-Time,Production,Aerial,1955-04-13,MA,Male,Hispanic,Single,Fully Meets,3,2023-09-06,3,3,1,2022-10-25,Communication Skills,Internal,Incomplete,2,364.55,66,0,173.5952380952381,2.3333333333333335
3243,2020-12-13,Production Technician I,PL,Active,Full-Time,Zone C,Full-Time,Production,Splicing,1955-08-02,MA,Male,Hispanic,Married,Fully Meets,2,2022-11-25,2,3,1,2022-09-20,Technical Skills,Internal,Completed,1,174.03,65,1,158.2090909090909,2.0
3244,2021-07-28,Production Technician I,BPC,Active,Part-Time,Zone C,Temporary,Production,Shop (Fleet),1948-12-17,MA,Female,Black,Divorced,Fully Meets,2,2023-03-25,2,1,1,2022-12-01,Communication Skills,Internal,Failed,4,816.37,73,0,199.11463414634147,1.3333333333333333
3245,2019-06-07,Production Technician I,CCDR,Terminated,Full-Time,Zone A,Full-Time,Production,Field Operations,1948-10-04,MA,Female,Black,Married,Fully Meets,1,2022-11-18,3,5,2,2023-04-29,Project Management,External,Incomplete,1,163.79,71,0,148.89999999999998,3.3333333333333335
3246,2019-06-12,Production Technician I,SVG,Terminated,Part-Time,Zone C,Part-Time,Production,Safety,1988-04-15,MA,Female,White,Married,Fully Meets,4,2023-03-05,1,1,4,2023-01-31,Technical Skills,Internal,Failed,1,325.19,31,0,295.6272727272727,2.0
3247,2023-04-20,Production Technician I,EW,Active,Full-Time,Zone C,Part-Time,Production,General - Con,1943-07-18,MA,Female,Black,Single,Fully Meets,3,2023-06-26,2,5,4,2023-02-26,Communication Skills,Internal,Completed,1,834.12,80,1,758.290909090909,3.6666666666666665
3248,2018-08-07,Production Technician I,MSC,Active,Contract,Zone B,Part-Time,Production,General - Con,1967-03-18,MA,Female,Hispanic,Single,Fully Meets,5,2022-04-11,4,3,3,2023-01-28,Customer Service,External,Completed,2,222.11,51,1,105.76666666666667,3.3333333333333335
3249,2018-12-06,Production Technician I,TNS,Active,Contract,Zone C,Part-Time,Production,Underground,1948-01-18,MA,Male,Black,Single,Fully Meets,3,2023-03-02,3,2,5,2023-03-08,Communication Skills,Internal,Failed,4,875.83,70,0,213.61707317073174,3.3333333333333335
3250,2021-03-25,Production Technician I,PYZ,Active,Full-Time,Zone B,Full-Time,Production,Project Management - Con,1997-11-06,MA,Male,Asian,Married,Fully Meets,2,2022-11-15,1,1,3,2023-02-06,Communication Skills,External,Completed,1,232.39,24,1,211.26363636363632,1.6666666666666667
3251,2019-02-15,Production Technician I,WBL,Terminated,Contract,Zone A,Part-Time,Production,Field Operations,1956-12-04,MA,Male,White,Divorced,Fully Meets,5,2023-09-04,5,1,2,2022-11-25,Leadership Development,Internal,Completed,4,719.24,63,1,175.42439024390245,2.6666666666666665
3252,2023-03-14,Production Technician I,NEL,Active,Full-Time,Zone A,Part-Time,Production,Shop (Fleet),1993-02-11,MA,Female,Black,Divorced,PIP,4,2023-05-08,1,3,1,2022-11-08,Communication Skills,Internal,Incomplete,5,102.7,30,0,20.137254901960787,1.6666666666666667
3255,2023-03-22,Production Technician I,CCDR,Active,Contract,Zone C,Part-Time,Production,Yard (Material Handling),1961-06-05,MA,Male,Other,Widowed,Fully Meets,3,2023-02-17,1,4,1,2022-08-07,Leadership Development,External,Incomplete,3,975.75,62,0,314.758064516129,2.0
3256,2019-01-24,Production Technician I,SVG,Active,Part-Time,Zone B,Part-Time,Production,General - Con,1954-11-15,MA,Male,Black,Divorced,Fully Meets,5,2023-04-07,4,1,4,2023-04-01,Customer Service,External,Failed,4,202.81,65,0,49.46585365853659,3.0
3257,2020-11-19,Production Technician II,PL,Active,Full-Time,Zone A,Full-Time,Production,Wireline Construction,1986-10-04,MA,Female,Other,Single,Fully Meets,3,2022-09-10,1,3,5,2023-06-24,Project Management,External,Completed,3,309.86,34,1,99.95483870967742,3.0
3258,2023-02-15,Production Technician II,BPC,Active,Part-Time,Zone B,Temporary,Production,Aerial,1971-05-23,MA,Male,White,Single,Fully Meets,2,2022-10-16,4,4,3,2023-07-16,Leadership Development,Internal,Completed,2,909.73,52,1,433.2047619047619,3.6666666666666665
3259,2022-05-09,Production Technician II,CCDR,Terminated,Full-Time,Zone B,Full-Time,Production,Field Operations,1946-11-25,MA,Male,Hispanic,Single,Fully Meets,2,2022-07-11,5,2,1,2023-01-11,Project Management,Internal,Failed,5,577.84,76,0,113.30196078431374,2.6666666666666665
3260,2021-10-06,Production Technician II,SVG,Active,Contract,Zone B,Temporary,Production,General - Con,1992-06-17,MA,Male,Hispanic,Single,Fully Meets,3,2022-10-27,5,2,1,2022-12-03,Customer Service,External,Failed,2,681.18,29,0,324.3714285714285,2.6666666666666665
3262,2022-03-22,Production Technician II,MSC,Active,Full-Time,Zone A,Full-Time,Production,Catv,1984-01-27,MA,Female,Black,Divorced,PIP,4,2022-06-10,4,3,3,2023-05-10,Communication Skills,Internal,Passed,4,959.73,38,1,234.08048780487806,3.3333333333333335
3263,2022-04-20,Production Technician I,NEL,Terminated,Full-Time,Zone A,Part-Time,Production,Engineers,1990-04-14,MA,Male,Asian,Single,PIP,2,2023-06-18,1,3,2,2023-04-11,Project Management,Internal,Passed,5,320.26,32,1,62.79607843137255,2.0
3264,2021-12-31,Production Technician I,PL,Terminated,Part-Time,Zone C,Part-Time,Production,General - Eng,1950-09-06,MA,Male,Asian,Married,Fully Meets,5,2023-07-19,1,4,3,2022-09-01,Leadership Development,Internal,Failed,4,506.18,71,0,123.45853658536586,2.6666666666666665
3265,2018-10-31,Production Technician I,BPC,Active,Part-Time,Zone C,Full-Time,Production,Aerial,1993-01-23,MA,Female,Asian,Single,Fully Meets,1,2022-10-09,4,3,2,2022-12-07,Customer Service,External,Failed,1,721.96,25,0,656.3272727272727,3.0
3266,2020-07-24,Production Technician I,CCDR,Active,Contract,Zone A,Full-Time,Production,Wireline Construction,1996-08-23,MA,Female,Black,Married,Fully Meets,2,2023-01-17,1,2,3,2022-11-17,Project Management,External,Incomplete,5,157.85,24,0,30.950980392156865,2.0
3267,2019-12-12,Production Technician I,SVG,Active,Contract,Zone C,Part-Time,Production,Splicing,1963-07-11,MA,Female,Other,Single,Fully Meets,5,2023-06-14,1,5,2,2022-10-27,Communication Skills,External,Incomplete,1,980.78,56,0,891.6181818181817,2.6666666666666665
3268,2023-06-22,Production Technician I,EW,Active,Contract,Zone A,Temporary,Production,Field Operations,1962-08-21,MA,Female,Asian,Single,Fully Meets,2,2023-06-30,1,5,4,2023-06-24,Project Management,Internal,Failed,5,988.08,61,0,193.74117647058824,3.3333333333333335
3269,2021-06-20,Production Technician I,MSC,Active,Full-Time,Zone C,Temporary,Production,Field Operations,2000-08-04,MA,Male,Asian,Married,Fully Meets,1,2022-11-30,1,5,2,2023-04-11,Customer Service,Internal,Passed,1,322.45,21,1,293.1363636363636,2.6666666666666665
3270,2019-10-31,Production Technician I,TNS,Active,Full-Time,Zone B,Full-Time,Production,Splicing,1958-09-04,MA,Male,Asian,Single,Fully Meets,2,2022-09-26,5,5,4,2022-10-13,Leadership Development,External,Passed,1,147.59,61,1,134.17272727272726,4.666666666666667
3271,2019-07-02,Production Technician I,PYZ,Terminated,Contract,Zone B,Part-Time,Production,Engineers,1970-04-29,MA,Male,Asian,Divorced,Fully Meets,3,2023-12-03,1,5,1,2023-03-15,Technical Skills,External,Passed,3,747.02,49,1,240.9741935483871,2.3333333333333335
3272,2023-02-10,Production Technician I,WBL,Active,Contract,Zone C,Part-Time,Production,Aerial,1959-08-22,MA,Male,Other,Widowed,Fully Meets,3,2023-02-03,5,5,2,2023-01-30,Leadership Development,External,Passed,2,419.09,64,1,199.56666666666663,4.0
3273,2022-09-16,Production Technician I,NEL,Active,Full-Time,Zone A,Temporary,Production,People Services,1998-08-12,MA,Female,Asian,Divorced,Fully Meets,4,2023-05-05,4,5,4,2022-11-04,Technical Skills,Internal,Passed,3,484.19,24,1,156.19032258064516,4.333333333333333
3275,2022-11-16,Production Technician I,BPC,Active,Part-Time,Zone B,Temporary,Production,General - Con,1991-12-31,MA,Male,Other,Divorced,PIP,3,2023-06-25,1,2,3,2022-11-28,Technical Skills,Internal,Incomplete,3,942.66,31,0,304.0838709677419,2.0
3276,2021-01-25,Production Technician I,CCDR,Active,Contract,Zone A,Temporary,Production,Engineers,1996-11-20,MA,Male,Asian,Divorced,Fully Meets,2,2023-03-20,2,2,4,2022-08-15,Project Management,External,Completed,3,826.54,25,1,266.6258064516129,2.6666666666666665
3277,2023-06-16,Production Technician II,NEL,Active,Part-Time,Zone B,Temporary,Production,Aerial,1980-05-21,MA,Female,Hispanic,Married,Fully Meets,5,2023-07-01,3,2,3,2023-03-14,Project Management,Internal,Passed,1,997.87,43,1,907.1545454545454,2.6666666666666665
3278,2020-09-08,Production Technician II,PL,Active,Contract,Zone A,Part-Time,Production,Field Operations,1944-11-15,MA,Female,Black,Married,Fully Meets,4,2022-10-14,1,4,4,2023-03-15,Leadership Development,Internal,Failed,3,855.9,76,0,276.09677419354836,3.0
3279,2019-01-23,Production Technician II,BPC,Active,Full-Time,Zone A,Full-Time,Production,Engineers,1994-01-31,MA,Male,Black,Married,Fully Meets,5,2023-01-04,5,2,1,2022-10-30,Technical Skills,Internal,Incomplete,4,518.24,25,0,126.40000000000002,2.6666666666666665
3280,2023-05-29,Production Technician II,CCDR,Terminated,Part-Time,Zone A,Temporary,Production,Project Management - Con,1983-09-07,MA,Male,Other,Divorced,Fully Meets,5,2023-03-08,4,5,4,2022-09-24,Project Management,External,Incomplete,3,580.09,40,0,187.1258064516129,4.333333333333333
3281,2019-08-16,Production Technician II,SVG,Active,Contract,Zone B,Full-Time,Production,General - Con,1954-07-23,MA,Male,Hispanic,Divorced,Fully Meets,5,2023-02-27,4,4,4,2023-01-23,Project Management,Internal,Passed,3,104.8,65,1,33.806451612903224,4.0
3282,2020-06-04,Production Technician II,EW,Active,Full-Time,Zone B,Full-Time,Production,Wireline Construction,1978-06-23,MA,Female,Asian,Married,Fully Meets,3,2023-04-30,5,1,1,2023-05-09,Project Management,External,Failed,2,939.86,42,0,447.55238095238093,2.3333333333333335
3283,2020-07-21,Production Technician II,MSC,Active,Contract,Zone B,Part-Time,Production,Wireline Construction,1988-08-13,MA,Female,Hispanic,Married,Fully Meets,3,2022-10-19,1,3,3,2023-03-03,Communication Skills,Internal,Incomplete,2,353.7,32,0,168.42857142857142,2.3333333333333335
3284,2022-08-21,Production Technician I,EW,Terminated,Contract,Zone A,Part-Time,Production,Fielders,1948-10-17,MA,Male,Other,Divorced,Fully Meets,2,2022-09-12,2,4,1,2022-10-20,Technical Skills,External,Incomplete,5,538.22,74,0,105.53333333333335,2.3333333333333335
3285,2021-07-16,Production Technician I,MSC,Terminated,Contract,Zone B,Part-Time,Production,Wireline Construction,1954-01-15,MA,Male,Other,Single,PIP,4,2023-05-29,3,3,3,2023-05-07,Project Management,External,Incomplete,2,698.54,67,0,332.6380952380952,3.0
3286,2019-11-06,Production Technician I,NEL,Active,Full-Time,Zone C,Temporary,Production,Project Management - Con,1970-08-15,MA,Female,White,Divorced,PIP,3,2023-04-25,3,1,4,2023-05-16,Project Management,External,Completed,1,692.96,49,1,629.9636363636364,2.6666666666666665
3287,2021-01-01,Production Technician I,PL,Active,Part-Time,Zone A,Temporary,Production,General - Con,1979-10-06,MA,Female,Asian,Divorced,Fully Meets,1,2023-03-31,5,1,2,2022-08-18,Project Management,Internal,Incomplete,3,997.37,42,0,321.73225806451615,2.6666666666666665
3288,2019-09-24,Production Technician I,PYZ,Active,Full-Time,Zone A,Temporary,Production,Field Operations,1967-12-16,MA,Female,White,Divorced,Fully Meets,2,2023-03-31,1,5,2,2022-12-15,Customer Service,Internal,Failed,1,523.79,52,0,476.17272727272723,2.6666666666666665
3289,2020-05-17,Production Technician I,SVG,Active,Contract,Zone A,Full-Time,Production,General - Con,1980-06-11,MA,Female,White,Divorced,Fully Meets,4,2023-06-13,3,5,1,2023-03-31,Customer Service,Internal,Completed,5,923.23,40,1,181.02549019607844,3.0
3290,2018-08-07,Production Technician I,TNS,Active,Part-Time,Zone A,Full-Time,Production,Field Operations,1995-07-12,MA,Male,Other,Single,Fully Meets,3,2023-07-14,1,1,2,2023-01-24,Customer Service,External,Completed,5,406.19,23,1,79.6450980392157,1.3333333333333333
3291,2023-08-01,Production Technician I,WBL,Active,Contract,Zone C,Full-Time,Production,General - Con,1957-09-08,MA,Male,Hispanic,Married,Fully Meets,2,2023-06-28,1,1,3,2022-10-02,Technical Skills,Internal,Completed,2,394.74,66,1,187.97142857142856,1.6666666666666667
3292,2019-01-12,Production Technician I,PYZ,Terminated,Part-Time,Zone C,Part-Time,Production,Field Operations,1946-05-13,MA,Male,Asian,Single,Fully Meets,4,2022-08-14,5,4,3,2023-01-03,Leadership Development,Internal,Passed,5,237.3,73,1,46.52941176470589,4.0
3293,2021-04-09,Production Technician I,WBL,Terminated,Contract,Zone C,Full-Time,Production,General - Con,1967-01-09,MA,Female,Black,Married,Fully Meets,3,2023-06-29,5,3,4,2023-01-19,Leadership Development,Internal,Incomplete,2,261.25,54,0,124.4047619047619,4.0
3295,2019-05-31,Production Technician I,PL,Active,Part-Time,Zone C,Full-Time,Production,Aerial,1954-11-18,MA,Female,Black,Divorced,Fully Meets,5,2022-11-08,1,2,1,2022-10-04,Leadership Development,Internal,Passed,4,286.88,65,1,69.97073170731707,1.3333333333333333
3298,2020-11-19,Production Technician II,EW,Active,Full-Time,Zone A,Full-Time,Production,Field Operations,1996-10-03,MA,Female,Hispanic,Widowed,Fully Meets,5,2022-12-12,3,4,4,2023-04-15,Customer Service,Internal,Completed,1,549.56,24,1,499.5999999999999,3.6666666666666665
3299,2022-11-10,Production Technician II,MSC,Active,Part-Time,Zone A,Full-Time,Production,Wireline Construction,1975-10-06,MA,Male,White,Widowed,Fully Meets,4,2023-01-31,4,1,2,2023-04-02,Leadership Development,Internal,Incomplete,4,721.03,47,0,175.8609756097561,2.3333333333333335
3300,2021-03-25,Production Technician II,NEL,Active,Full-Time,Zone B,Part-Time,Production,Field Operations,1946-11-27,MA,Male,White,Married,Fully Meets,2,2023-09-02,1,1,3,2023-04-24,Leadership Development,External,Incomplete,2,897.32,75,0,427.2952380952381,1.6666666666666667
3301,2019-05-13,Production Technician II,PL,Terminated,Contract,Zone B,Full-Time,Production,Field Operations,1997-08-27,MA,Male,Black,Divorced,Fully Meets,1,2022-10-11,2,2,2,2023-02-03,Customer Service,Internal,Incomplete,1,443.13,22,0,402.8454545454545,2.0
3303,2023-02-18,Production Technician II,SVG,Active,Full-Time,Zone A,Part-Time,Production,Field Operations,1981-11-11,MA,Female,Black,Single,Fully Meets,3,2023-08-03,1,2,1,2023-07-19,Customer Service,Internal,Incomplete,2,249.76,42,0,118.93333333333332,1.3333333333333333
3304,2019-04-02,Production Technician II,TNS,Active,Part-Time,Zone A,Temporary,Production,Wireline Construction,1984-07-12,MA,Female,Other,Single,Fully Meets,4,2023-06-15,2,4,2,2023-06-15,Communication Skills,External,Incomplete,2,123.32,35,0,58.72380952380952,2.6666666666666665
3305,2020-11-30,Production Technician I,WBL,Terminated,Contract,Zone C,Part-Time,Production,Project Management - Con,1992-09-07,MA,Female,Other,Widowed,Fully Meets,4,2022-08-08,5,4,5,2022-12-01,Project Management,Internal,Completed,1,149.24,28,1,135.67272727272726,4.666666666666667
3306,2022-09-24,Production Technician I,NEL,Terminated,Full-Time,Zone A,Temporary,Production,Field Operations,1992-03-31,MA,Male,White,Married,PIP,4,2022-12-17,3,5,1,2023-01-13,Project Management,External,Incomplete,3,267.72,30,0,86.36129032258066,3.0
3307,2019-06-21,Production Technician I,PL,Active,Full-Time,Zone C,Full-Time,Production,Executive,1978-10-18,MA,Male,Asian,Married,Fully Meets,4,2022-10-23,2,4,1,2023-01-28,Leadership Development,Internal,Passed,5,837.16,41,1,164.14901960784314,2.3333333333333335
3308,2022-06-10,Production Technician I,BPC,Active,Contract,Zone C,Temporary,Production,General - Sga,1998-11-22,MA,Female,Black,Married,Fully Meets,3,2023-05-01,1,3,2,2023-04-05,Project Management,Internal,Passed,4,864.47,24,1,210.84634146341466,2.0
3309,2020-10-18,Production Technician I,CCDR,Active,Part-Time,Zone B,Part-Time,Production,Finance & Accounting,2000-04-17,MA,Female,White,Single,Fully Meets,1,2023-05-31,2,3,5,2022-09-15,Customer Service,External,Completed,3,547.86,20,1,176.7290322580645,3.3333333333333335
3310,2022-02-02,Production Technician I,SVG,Active,Part-Time,Zone B,Part-Time,Production,Executive,1975-07-25,MA,Female,Asian,Married,Fully Meets,3,2022-04-11,4,5,5,2023-07-22,Project Management,External,Incomplete,3,514.23,47,0,165.88064516129032,4.666666666666667
3311,2021-06-17,Production Technician I,EW,Active,Contract,Zone A,Temporary,Production,Field Operations,1974-12-03,MA,Female,Black,Widowed,Fully Meets,4,2023-07-31,5,2,1,2022-12-10,Communication Skills,Internal,Passed,3,773.82,47,1,249.61935483870968,2.6666666666666665
3312,2018-12-01,Production Technician I,MSC,Active,Part-Time,Zone C,Temporary,Production,Engineers,1946-04-30,MA,Male,Hispanic,Married,Fully Meets,4,2023-06-14,3,1,4,2022-11-11,Communication Skills,Internal,Failed,4,760.81,72,0,185.56341463414634,2.6666666666666665
3313,2021-05-09,Production Technician I,TNS,Active,Full-Time,Zone B,Full-Time,Production,Wireline Construction,1976-02-16,MA,Male,Hispanic,Married,Fully Meets,3,2023-05-31,1,2,2,2023-03-30,Technical Skills,Internal,Failed,1,705.95,45,0,641.7727272727273,1.6666666666666667
3314,2019-01-01,Production Technician I,PYZ,Active,Part-Time,Zone A,Temporary,Production,General - Eng,1955-09-24,MA,Male,Other,Widowed,Fully Meets,4,2023-01-30,1,4,1,2023-06-10,Customer Service,External,Incomplete,2,651.52,64,0,310.247619047619,2.0
3315,2018-10-13,Production Technician I,WBL,Terminated,Full-Time,Zone C,Temporary,Production,Field Operations,1957-04-15,MA,Female,Other,Widowed,Fully Meets,3,2023-06-20,5,3,4,2023-02-03,Leadership Development,Internal,Incomplete,1,976.59,61,0,887.8090909090909,4.0
3317,2022-03-17,Production Technician I,PL,Active,Part-Time,Zone C,Full-Time,Production,Finance & Accounting,1983-08-04,MA,Female,Other,Single,Fully Meets,3,2023-11-03,1,5,5,2022-12-20,Customer Service,External,Passed,1,870.15,39,1,791.0454545454545,3.6666666666666665
3319,2019-10-09,Production Technician II,NEL,Active,Full-Time,Zone B,Temporary,Production,Field Operations,1963-01-25,MA,Female,Hispanic,Married,Fully Meets,3,2022-05-08,5,3,4,2023-06-27,Technical Skills,Internal,Completed,2,141.88,56,1,67.56190476190476,4.0
3320,2020-05-18,Production Technician II,PL,Active,Part-Time,Zone A,Part-Time,Production,General - Con,1969-06-07,MA,Male,Other,Divorced,Fully Meets,5,2023-10-01,1,4,4,2022-10-16,Project Management,Internal,Completed,3,678.77,51,1,218.958064516129,3.0
3321,2019-02-17,Production Technician II,BPC,Active,Contract,Zone B,Full-Time,Production,Engineers,1986-11-01,MA,Male,White,Single,Fully Meets,2,2023-05-01,4,1,3,2022-08-23,Project Management,Internal,Passed,1,134.05,33,1,121.86363636363636,2.6666666666666665
3322,2020-07-31,Production Technician II,CCDR,Terminated,Part-Time,Zone B,Full-Time,Production,Aerial,1943-09-10,MA,Male,White,Single,Fully Meets,4,2022-11-27,2,5,4,2023-05-11,Communication Skills,External,Failed,5,371.76,77,0,72.89411764705882,3.6666666666666665
3325,2021-07-13,Production Technician II,MSC,Terminated,Contract,Zone A,Part-Time,Production,Field Operations,1993-10-14,MA,Female,White,Single,Fully Meets,3,2023-03-20,4,5,5,2023-04-17,Technical Skills,External,Completed,4,747.42,28,1,182.29756097560977,4.666666666666667
3326,2022-01-14,Production Technician I,PYZ,Active,Contract,Zone A,Temporary,Production,General - Con,1941-03-09,MA,Male,Hispanic,Divorced,Fully Meets,3,2023-06-24,4,1,3,2022-11-06,Project Management,Internal,Completed,3,115.27,81,1,37.18387096774193,2.6666666666666665
3327,2020-01-01,Production Technician I,WBL,Active,Contract,Zone C,Full-Time,Production,Fielders,1979-04-27,MA,Female,Hispanic,Widowed,Fully Meets,1,2022-12-13,5,1,1,2023-06-04,Customer Service,Internal,Incomplete,3,454.55,41,0,146.6290322580645,2.3333333333333335
3328,2020-10-24,Production Technician I,NEL,Terminated,Part-Time,Zone A,Full-Time,Production,Engineers,1961-06-02,MA,Male,White,Married,Fully Meets,3,2023-05-19,2,5,4,2022-11-26,Technical Skills,Internal,Failed,1,391.22,59,0,355.6545454545454,3.6666666666666665
3329,2020-10-24,Production Technician I,PL,Active,Part-Time,Zone B,Full-Time,Production,General - Sga,1978-08-10,MA,Male,Hispanic,Divorced,Fully Meets,4,2022-03-12,4,4,3,2022-12-21,Customer Service,External,Incomplete,3,845.51,42,0,272.7451612903226,3.6666666666666665
3330,2020-08-09,Production Technician I,BPC,Active,Part-Time,Zone C,Part-Time,Production,Fielders,1976-03-19,MA,Female,White,Divorced,Fully Meets,4,2023-04-26,1,3,3,2023-04-22,Project Management,External,Incomplete,2,713.22,44,0,339.62857142857143,2.3333333333333335
3331,2019-03-24,Production Technician I,CCDR,Active,Full-Time,Zone A,Part-Time,Production,Field Operations,1963-06-11,MA,Female,Other,Single,Fully Meets,2,2022-08-26,1,5,5,2022-08-11,Communication Skills,Internal,Passed,2,242.55,56,1,115.5,3.6666666666666665
3332,2022-10-29,Production Technician I,SVG,Active,Part-Time,Zone B,Temporary,Production,Wireline Construction,1961-06-03,MA,Female,Other,Widowed,Fully Meets,3,2023-03-29,2,4,5,2023-02-09,Technical Skills,Internal,Completed,5,385.68,61,1,75.62352941176471,3.6666666666666665
3333,2023-05-16,Production Technician I,EW,Active,Contract,Zone B,Temporary,Production,Field Operations,1992-10-29,MA,Male,Hispanic,Single,Fully Meets,3,2022-12-23,2,3,1,2023-01-05,Customer Service,Internal,Passed,4,995.4,31,1,242.78048780487808,2.0
3334,2023-05-30,Production Technician I,MSC,Active,Part-Time,Zone B,Part-Time,Production,Project Management - Con,1989-05-19,MA,Male,White,Single,Fully Meets,3,2022-08-18,1,4,2,2022-10-23,Project Management,External,Completed,5,583.4,34,1,114.3921568627451,2.3333333333333335
3335,2019-06-28,Production Technician I,TNS,Terminated,Part-Time,Zone B,Temporary,Production,Field Operations,1992-07-04,MA,Male,Other,Divorced,Fully Meets,3,2022-01-12,5,1,3,2023-03-17,Project Management,Internal,Incomplete,5,388.61,27,0,76.19803921568628,3.0
3336,2023-03-25,Production Technician I,PYZ,Terminated,Contract,Zone A,Part-Time,Production,General - Con,1979-06-21,MA,Male,Asian,Divorced,Fully Meets,3,2023-01-25,4,4,2,2023-04-02,Leadership Development,Internal,Incomplete,4,290.13,44,0,70.76341463414634,3.3333333333333335
3337,2022-08-26,Production Technician I,WBL,Active,Full-Time,Zone A,Part-Time,Production,Engineers,1973-01-29,MA,Female,Black,Single,Fully Meets,3,2023-02-21,5,5,2,2023-04-28,Customer Service,Internal,Failed,3,933.76,49,0,301.21290322580643,4.0
3338,2019-11-15,Production Technician I,NEL,Active,Contract,Zone C,Temporary,Production,General - Con,1950-05-03,MA,Female,Hispanic,Divorced,Fully Meets,3,2023-03-28,3,2,4,2023-06-23,Project Management,External,Incomplete,3,796.62,69,0,256.97419354838706,3.0
3339,2021-08-22,Production Technician I,PL,Active,Part-Time,Zone C,Part-Time,Production,Technology / It,1951-11-12,MA,Male,Hispanic,Divorced,Fully Meets,5,2023-01-08,1,1,3,2023-02-02,Customer Service,External,Failed,4,986.69,70,0,240.65609756097564,1.6666666666666667
3340,2022-11-29,Production Technician I,BPC,Active,Part-Time,Zone A,Full-Time,Production,General - Con,1961-10-05,MA,Male,White,Married,Fully Meets,3,2022-12-14,5,2,3,2023-07-09,Technical Skills,External,Failed,4,965.82,61,0,235.5658536585366,3.3333333333333335
3341,2022-10-15,Production Technician II,WBL,Active,Full-Time,Zone C,Temporary,Production,General - Con,1955-01-28,MA,Female,White,Single,Fully Meets,1,2023-03-20,3,5,3,2023-07-19,Technical Skills,Internal,Failed,1,933.59,67,0,848.7181818181817,3.6666666666666665
3342,2021-07-31,Production Technician II,NEL,Active,Full-Time,Zone C,Part-Time,Production,Aerial,2000-02-17,MA,Male,Other,Widowed,Fully Meets,2,2022-12-12,3,4,1,2022-11-15,Leadership Development,Internal,Failed,4,583.66,21,0,142.35609756097563,2.6666666666666665
3343,2022-02-21,Production Technician II,PL,Active,Part-Time,Zone A,Full-Time,Production,Field Operations,1965-11-25,MA,Male,Hispanic,Married,Fully Meets,4,2023-07-21,4,2,5,2023-07-05,Technical Skills,External,Failed,2,819.62,57,0,390.29523809523806,3.6666666666666665
3344,2021-08-29,Production Technician II,BPC,Active,Contract,Zone B,Temporary,Production,General - Con,1958-12-03,MA,Male,White,Married,Fully Meets,3,2023-07-13,5,4,1,2022-11-20,Communication Skills,Internal,Failed,5,925.0,63,0,181.37254901960785,3.3333333333333335
3345,2021-12-13,Production Technician II,CCDR,Terminated,Full-Time,Zone C,Part-Time,Production,Project Management - Con,1981-09-04,MA,Male,Asian,Single,Fully Meets,4,2023-02-22,1,1,3,2022-12-28,Project Management,External,Incomplete,5,127.93,40,0,25.084313725490198,1.6666666666666667
3348,2019-10-31,Production Technician II,MSC,Active,Part-Time,Zone A,Part-Time,Production,General - Con,1987-01-12,MA,Female,Asian,Widowed,Fully Meets,2,2022-09-18,5,2,1,2023-04-29,Project Management,Internal,Passed,2,922.33,32,1,439.2047619047619,2.6666666666666665
3349,2022-11-07,Production Technician I,WBL,Active,Contract,Zone A,Full-Time,Production,General - Eng,1959-02-27,MA,Male,Hispanic,Divorced,Fully Meets,3,2022-01-12,1,4,3,2022-08-31,Project Management,Internal,Incomplete,5,306.01,63,0,60.00196078431373,2.6666666666666665
3350,2022-11-20,Production Technician I,BPC,Active,Full-Time,Zone B,Part-Time,Production,Project Management - Con,1973-07-01,MA,Female,Hispanic,Divorced,Fully Meets,5,2022-10-30,2,1,1,2022-09-30,Project Management,Internal,Passed,2,963.95,49,1,459.0238095238095,1.3333333333333333
3351,2021-12-15,Production Technician I,CCDR,Terminated,Contract,Zone C,Part-Time,Production,Shop (Fleet),1974-08-09,MA,Male,Hispanic,Married,Fully Meets,2,2023-02-14,4,2,3,2023-02-17,Communication Skills,External,Incomplete,1,388.02,47,0,352.7454545454545,3.0
3352,2023-02-22,Production Technician I,EW,Active,Part-Time,Zone B,Full-Time,Production,Field Operations,1986-05-04,MA,Male,Other,Single,Fully Meets,3,2023-01-22,2,5,2,2023-04-26,Project Management,Internal,Failed,1,140.61,37,0,127.82727272727273,3.0
3353,2020-03-29,Production Technician I,MSC,Active,Contract,Zone B,Part-Time,Production,General - Con,1978-11-06,MA,Female,Hispanic,Married,Fully Meets,3,2023-11-01,2,3,2,2023-03-14,Project Management,External,Incomplete,3,749.47,42,0,241.76451612903227,2.3333333333333335
3354,2021-08-09,Production Technician I,NEL,Active,Part-Time,Zone A,Temporary,Production,Field Operations,1961-04-21,MA,Female,Asian,Single,Fully Meets,3,2022-02-09,1,4,1,2022-11-19,Communication Skills,Internal,Incomplete,5,503.22,60,0,98.67058823529413,2.0
3355,2023-01-02,Production Technician I,PL,Active,Contract,Zone B,Part-Time,Production,Aerial,1991-02-23,MA,Female,White,Divorced,Fully Meets,5,2023-08-07,1,3,3,2023-06-14,Leadership Development,Internal,Passed,4,492.21,32,1,120.05121951219513,2.3333333333333335
3356,2018-11-10,Production Technician I,PYZ,Active,Full-Time,Zone C,Part-Time,Production,General - Eng,1991-08-14,MA,Female,Asian,Married,Needs Improvement,3,2022-10-08,2,5,1,2022-08-08,Leadership Development,External,Completed,5,890.94,27,1,174.69411764705885,2.6666666666666665
3357,2022-08-30,Production Technician I,SVG,Active,Full-Time,Zone B,Temporary,Production,Engineers,1942-09-08,MA,Male,Asian,Married,Exceeds,1,2022-07-12,3,3,1,2023-07-12,Technical Skills,Internal,Failed,2,621.3,80,0,295.85714285714283,2.3333333333333335
3359,2020-11-29,Production Technician I,WBL,Active,Full-Time,Zone C,Temporary,Production,Field Operations,1980-08-02,MA,Male,Hispanic,Married,Exceeds,3,2023-04-29,3,1,3,2023-04-13,Project Management,External,Passed,5,886.07,40,1,173.73921568627452,2.3333333333333335
3360,2021-03-24,Production Technician I,BPC,Active,Part-Time,Zone A,Part-Time,Production,General - Con,1974-05-20,MA,Female,Asian,Married,Exceeds,2,2023-06-25,4,4,1,2022-12-14,Customer Service,External,Passed,3,740.89,47,1,238.9967741935484,3.0
3361,2020-12-29,Production Technician I,CCDR,Terminated,Part-Time,Zone B,Temporary,Production,General - Con,1943-04-10,MA,Female,Other,Single,Exceeds,3,2023-03-23,1,3,3,2022-11-14,Communication Skills,External,Passed,1,921.81,77,1,838.0090909090908,2.3333333333333335
3362,2021-08-02,Production Technician I,EW,Active,Full-Time,Zone C,Temporary,Production,Field Operations,1967-10-11,MA,Female,Asian,Widowed,Exceeds,1,2023-03-19,1,5,1,2023-07-31,Customer Service,Internal,Passed,2,348.84,54,1,166.1142857142857,2.3333333333333335
3363,2022-03-30,Production Technician I,MSC,Active,Part-Time,Zone A,Temporary,Production,Field Operations,1957-07-26,MA,Male,Black,Married,Exceeds,5,2023-06-22,4,4,2,2023-05-22,Customer Service,External,Completed,2,826.15,65,1,393.40476190476187,3.3333333333333335
3364,2021-03-05,Production Technician II,WBL,Active,Part-Time,Zone A,Temporary,Production,Engineers,1960-05-06,MA,Female,Hispanic,Single,Exceeds,3,2023-03-18,1,5,2,2022-12-01,Leadership Development,Internal,Completed,1,205.35,61,1,186.68181818181816,2.6666666666666665
3365,2020-12-02,Production Technician II,NEL,Active,Contract,Zone B,Temporary,Production,Project Management - Con,1948-06-27,MA,Male,Asian,Divorced,Fully Meets,3,2023-07-25,1,1,4,2022-08-23,Communication Skills,External,Incomplete,1,349.86,72,0,318.05454545454546,2.0
3366,2019-01-20,Production Technician II,PL,Terminated,Contract,Zone C,Full-Time,Production,General - Con,1976-05-14,MA,Male,Black,Widowed,Exceeds,4,2022-08-21,4,5,5,2022-09-20,Project Management,External,Passed,1,546.47,43,1,496.79090909090905,4.666666666666667
3367,2020-05-30,Production Technician II,BPC,Terminated,Full-Time,Zone B,Full-Time,Production,Field Operations,1962-10-16,MA,Male,Other,Single,Exceeds,2,2022-11-09,4,1,5,2023-06-09,Leadership Development,Internal,Passed,2,448.21,58,1,213.4333333333333,3.3333333333333335
3370,2022-06-20,Production Technician II,EW,Active,Contract,Zone C,Temporary,Production,General - Con,1958-08-27,MA,Female,Asian,Widowed,Exceeds,3,2023-07-30,3,5,3,2023-06-06,Customer Service,External,Completed,2,264.88,64,1,126.13333333333333,3.6666666666666665
3371,2022-12-20,Production Technician II,MSC,Terminated,Full-Time,Zone A,Full-Time,Production,Wireless,1970-11-22,MA,Female,Hispanic,Married,Exceeds,3,2022-08-08,4,2,5,2022-12-01,Communication Skills,Internal,Passed,2,210.15,52,1,100.07142857142857,3.6666666666666665
3372,2023-01-14,Production Technician I,TNS,Terminated,Contract,Zone C,Part-Time,Production,Project Management - Con,1992-05-27,MA,Female,Asian,Divorced,Fully Meets,4,2023-07-13,1,3,1,2023-05-05,Technical Skills,External,Passed,4,627.18,31,1,152.97073170731707,1.6666666666666667
3373,2018-09-22,Production Technician I,PYZ,Active,Contract,Zone A,Temporary,Production,Aerial,1989-06-02,MA,Male,Other,Married,Exceeds,2,2023-03-08,2,4,4,2022-12-29,Customer Service,External,Incomplete,1,575.42,29,0,523.1090909090908,3.3333333333333335
3374,2022-09-24,Production Technician I,WBL,Terminated,Part-Time,Zone A,Temporary,Production,Field Operations,1999-04-12,MA,Male,Hispanic,Divorced,Exceeds,4,2023-03-17,1,3,3,2022-11-27,Communication Skills,Internal,Completed,4,123.64,23,1,30.156097560975613,2.3333333333333335
3375,2020-06-08,Production Technician I,NEL,Terminated,Full-Time,Zone B,Full-Time,Production,Engineers,1999-09-20,MA,Female,Black,Divorced,Exceeds,3,2023-01-24,2,4,3,2023-06-30,Technical Skills,Internal,Failed,1,655.61,21,0,596.0090909090909,3.0
3376,2023-07-06,Production Technician I,PL,Active,Part-Time,Zone B,Temporary,Production,Field Operations,1986-11-11,MA,Female,Asian,Single,Exceeds,5,2022-08-19,4,1,2,2023-02-20,Project Management,External,Incomplete,4,410.54,37,0,100.13170731707318,2.3333333333333335
3377,2020-02-24,Production Technician I,BPC,Active,Part-Time,Zone A,Temporary,Production,Splicing,1989-06-09,MA,Female,Asian,Widowed,Exceeds,4,2022-12-19,3,5,3,2022-10-24,Communication Skills,Internal,Completed,2,485.17,31,1,231.03333333333333,3.6666666666666665
3378,2021-05-26,Production Technician I,CCDR,Active,Contract,Zone B,Temporary,Production,General - Con,1993-04-09,MA,Female,White,Single,Exceeds,3,2023-12-04,5,1,4,2023-07-08,Technical Skills,External,Passed,1,731.18,28,1,664.7090909090908,3.3333333333333335
3380,2023-06-27,Production Technician I,EW,Active,Full-Time,Zone C,Temporary,Production,Field Operations,1984-12-19,MA,Male,Black,Widowed,Exceeds,1,2022-05-09,4,3,2,2022-10-26,Technical Skills,Internal,Incomplete,1,399.81,39,0,363.46363636363634,3.0
3381,2022-12-20,Production Technician I,MSC,Active,Contract,Zone C,Part-Time,Production,Field Operations,1954-11-29,MA,Male,White,Single,Exceeds,3,2022-03-10,1,5,2,2022-08-30,Customer Service,Internal,Incomplete,4,604.06,68,0,147.33170731707318,2.6666666666666665
3382,2018-11-10,Production Technician I,TNS,Active,Part-Time,Zone C,Temporary,Production,Field Operations,1970-05-20,MA,Male,Other,Divorced,Exceeds,5,2022-10-11,3,5,5,2023-04-14,Project Management,Internal,Failed,2,815.35,48,0,388.26190476190476,4.333333333333333
3383,2020-08-13,Production Technician I,PYZ,Terminated,Part-Time,Zone C,Part-Time,Production,General - Con,1985-01-04,MA,Female,Hispanic,Divorced,Exceeds,2,2022-12-11,3,2,3,2022-11-16,Leadership Development,Internal,Failed,4,750.79,35,0,183.11951219512196,2.6666666666666665
3384,2019-03-07,Production Technician I,WBL,Active,Full-Time,Zone C,Full-Time,Production,Field Operations,1991-07-18,MA,Female,Hispanic,Married,Fully Meets,3,2023-06-27,2,1,2,2022-11-19,Leadership Development,Internal,Passed,1,981.44,28,1,892.2181818181818,1.6666666666666667
3385,2022-03-13,Production Technician I,NEL,Active,Part-Time,Zone A,Full-Time,Production,General - Con,1978-10-07,MA,Female,Other,Divorced,Fully Meets,3,2022-12-21,2,1,4,2023-02-10,Technical Skills,External,Failed,5,553.4,44,0,108.50980392156863,2.3333333333333335
3386,2019-11-25,Production Technician II,WBL,Active,Contract,Zone C,Temporary,Production,General - Con,1995-02-18,MA,Female,Hispanic,Widowed,Fully Meets,2,2023-01-01,2,1,5,2022-08-26,Leadership Development,External,Incomplete,1,348.3,24,0,316.6363636363636,2.6666666666666665
3387,2019-03-06,Production Technician II,NEL,Active,Full-Time,Zone C,Full-Time,Production,General - Sga,1965-07-19,MA,Male,Other,Widowed,Fully Meets,3,2023-04-19,1,3,4,2022-10-16,Technical Skills,Internal,Completed,3,912.09,54,1,294.2225806451613,2.6666666666666665
3388,2019-04-19,Production Technician II,PL,Active,Part-Time,Zone A,Temporary,Production,Fielders,1990-09-17,MA,Male,Black,Divorced,Fully Meets,1,2022-09-10,3,1,3,2022-11-03,Leadership Development,External,Failed,2,278.04,29,0,132.4,2.3333333333333335
3389,2020-08-12,Production Technician II,BPC,Active,Full-Time,Zone C,Temporary,Production,Field Operations,1943-06-25,MA,Male,Asian,Married,Fully Meets,1,2023-11-02,2,3,1,2022-10-18,Project Management,External,Completed,5,812.22,77,1,159.25882352941179,2.0
3391,2020-01-13,Production Technician II,SVG,Active,Part-Time,Zone C,Full-Time,Production,General - Sga,1991-04-11,MA,Female,Black,Divorced,Fully Meets,3,2023-05-07,4,3,1,2023-04-01,Communication Skills,Internal,Incomplete,2,374.13,29,0,178.15714285714284,2.6666666666666665
3392,2019-11-18,Production Technician II,EW,Terminated,Full-Time,Zone B,Full-Time,Production,General - Con,1988-02-29,MA,Female,Other,Single,Fully Meets,2,2022-02-10,3,4,2,2023-01-23,Technical Skills,External,Completed,3,319.39,31,1,103.0290322580645,3.0
3393,2018-08-25,Production Technician I,BPC,Active,Contract,Zone B,Full-Time,Production,General - Con,1942-04-06,MA,Female,Hispanic,Married,Needs Improvement,3,2023-05-21,3,4,4,2023-07-30,Leadership Development,External,Passed,5,538.8,76,1,105.6470588235294,3.6666666666666665
3394,2021-05-24,Production Technician I,WBL,Active,Contract,Zone B,Temporary,Production,Field Operations,1949-03-06,MA,Male,Black,Divorced,Fully Meets,2,2023-06-04,1,5,5,2022-09-12,Leadership Development,External,Incomplete,3,845.75,72,0,272.8225806451613,3.6666666666666665
3395,2021-06-09,Production Technician I,TNS,Terminated,Part-Time,Zone A,Part-Time,Production,Field Operations,1975-09-02,MA,Female,Other,Widowed,Needs Improvement,3,2023-05-30,4,4,3,2022-08-24,Communication Skills,Internal,Failed,3,745.69,46,0,240.5451612903226,3.6666666666666665
3396,2021-04-05,Production Technician I,SVG,Terminated,Part-Time,Zone B,Full-Time,Production,General - Con,1949-11-30,MA,Female,Asian,Married,Fully Meets,4,2022-09-13,4,3,3,2023-04-15,Leadership Development,External,Passed,4,743.92,72,1,181.44390243902438,3.3333333333333335
3397,2022-11-05,Production Technician I,PYZ,Active,Part-Time,Zone A,Part-Time,Production,Field Operations,1949-09-27,MA,Female,Asian,Single,Fully Meets,3,2023-03-22,3,3,2,2022-10-05,Project Management,Internal,Incomplete,2,826.58,73,0,393.6095238095238,2.6666666666666665
3398,2019-11-09,Production Technician I,PL,Active,Part-Time,Zone A,Full-Time,Production,General - Con,1956-11-12,MA,Female,Other,Single,Fully Meets,3,2022-08-15,5,2,1,2022-08-24,Project Management,External,Passed,2,155.61,63,1,74.10000000000001,2.6666666666666665
3399,2022-06-05,Production Technician I,NEL,Active,Full-Time,Zone B,Full-Time,Production,Aerial,1984-02-25,MA,Female,White,Widowed,Fully Meets,2,2023-05-23,4,4,5,2022-12-01,Leadership Development,External,Failed,3,898.26,38,0,289.76129032258063,4.333333333333333
3400,2021-09-21,Production Technician I,MSC,Active,Full-Time,Zone C,Temporary,Production,Shop (Fleet),1970-04-06,MA,Female,Black,Divorced,Fully Meets,1,2022-12-30,2,5,3,2023-07-21,Leadership Development,External,Passed,1,639.06,51,1,580.9636363636363,3.3333333333333335
3402,2021-03-03,Production Technician I,CCDR,Terminated,Part-Time,Zone C,Full-Time,Production,Field Operations,1971-11-30,MA,Male,Black,Single,Fully Meets,3,2023-04-23,1,4,4,2023-07-05,Customer Service,External,Incomplete,2,783.25,50,0,372.9761904761905,3.0
3403,2021-02-19,Production Technician I,BPC,Terminated,Contract,Zone A,Full-Time,Production,Field Operations,1975-03-09,MA,Female,Asian,Married,Exceeds,3,2023-06-03,4,4,3,2023-06-08,Communication Skills,External,Completed,5,406.68,46,1,79.74117647058824,3.6666666666666665
3406,2020-03-25,Production Technician I,NEL,Terminated,Contract,Zone C,Temporary,Production,Finance & Accounting,1955-05-17,MA,Female,Other,Single,Fully Meets,5,2023-07-16,5,5,4,2023-04-27,Customer Service,Internal,Incomplete,1,538.94,65,0,489.94545454545454,4.666666666666667
3407,2021-04-15,Production Technician II,WBL,Active,Part-Time,Zone C,Temporary,Production,Field Operations,1953-02-26,MA,Female,Asian,Single,Fully Meets,5,2023-09-05,1,3,5,2023-02-06,Leadership Development,External,Incomplete,1,501.87,68,0,456.2454545454545,3.0
3408,2022-12-15,Production Technician II,NEL,Terminated,Contract,Zone B,Full-Time,Production,Field Operations,1965-07-01,MA,Male,Asian,Divorced,Fully Meets,3,2023-02-06,2,2,4,2022-08-13,Leadership Development,External,Failed,5,877.62,57,0,172.08235294117648,2.6666666666666665
3409,2022-10-08,Production Technician II,PL,Active,Contract,Zone B,Full-Time,Production,Yard (Material Handling),1943-03-15,MA,Male,Asian,Divorced,Fully Meets,4,2022-03-10,5,5,4,2023-07-27,Technical Skills,Internal,Failed,2,575.11,79,0,273.8619047619048,4.666666666666667
3410,2018-12-18,Production Technician II,BPC,Active,Contract,Zone C,Temporary,Production,People Services,1980-07-07,MA,Male,Hispanic,Widowed,Fully Meets,3,2022-04-09,4,3,4,2023-03-05,Leadership Development,External,Failed,2,729.76,38,0,347.5047619047619,3.6666666666666665
3411,2022-10-06,Production Technician II,CCDR,Active,Full-Time,Zone B,Part-Time,Production,General - Eng,1949-03-20,MA,Female,Asian,Single,Fully Meets,2,2022-10-30,2,3,2,2023-05-31,Customer Service,Internal,Incomplete,5,961.53,73,0,188.53529411764706,2.3333333333333335
3412,2019-12-28,Production Technician II,SVG,Active,Part-Time,Zone A,Full-Time,Production,Shop (Fleet),1991-03-20,MA,Female,White,Divorced,Exceeds,3,2022-09-24,5,4,4,2022-10-07,Leadership Development,External,Incomplete,2,966.67,28,0,460.3190476190476,4.333333333333333
3413,2019-11-25,Production Technician II,EW,Active,Contract,Zone B,Temporary,Production,Field Operations,1962-12-15,MA,Female,White,Single,Fully Meets,5,2022-12-22,1,2,5,2023-03-20,Customer Service,External,Passed,5,394.1,57,1,77.27450980392157,2.6666666666666665
3414,2022-06-03,Production Technician I,MSC,Active,Contract,Zone C,Temporary,Production,General - Con,1998-04-05,MA,Female,Hispanic,Married,Exceeds,3,2023-06-02,5,2,4,2023-07-23,Project Management,External,Incomplete,2,616.09,24,0,293.37619047619046,3.6666666666666665
3415,2022-09-09,Production Technician I,TNS,Terminated,Full-Time,Zone A,Part-Time,Production,Splicing,1974-10-14,MA,Male,Hispanic,Widowed,Fully Meets,3,2023-08-06,2,5,1,2022-09-16,Leadership Development,Internal,Completed,4,103.35,48,1,25.20731707317073,2.6666666666666665
3416,2020-10-02,Production Technician I,BPC,Active,Full-Time,Zone B,Part-Time,Production,Finance & Accounting,1992-12-18,MA,Male,Asian,Married,Fully Meets,2,2022-08-26,1,2,1,2023-02-18,Leadership Development,External,Incomplete,5,488.05,28,0,95.69607843137256,1.3333333333333333
3417,2022-02-07,Production Technician I,CCDR,Active,Part-Time,Zone A,Part-Time,Production,Splicing,2000-09-26,MA,Female,Other,Widowed,Fully Meets,1,2023-05-21,2,5,5,2023-03-10,Project Management,External,Incomplete,5,906.21,22,0,177.68823529411767,4.0
3418,2022-10-14,Production Technician I,EW,Active,Part-Time,Zone B,Temporary,Production,General - Con,1996-12-08,MA,Female,Asian,Widowed,Fully Meets,4,2023-06-26,5,3,4,2023-06-15,Technical Skills,Internal,Completed,4,397.08,26,1,96.84878048780489,4.0
3419,2019-10-14,Production Technician I,MSC,Active,Contract,Zone C,Temporary,Production,General - Con,1952-05-12,MA,Female,Black,Divorced,Fully Meets,2,2022-11-25,2,5,2,2023-05-18,Project Management,External,Passed,3,999.72,67,1,322.49032258064517,3.0
3420,2020-10-10,Production Technician I,NEL,Active,Contract,Zone A,Full-Time,Production,Field Operations,1944-10-08,MA,Female,Other,Married,Fully Meets,2,2023-08-03,2,3,3,2022-12-15,Project Management,External,Passed,2,489.02,76,1,232.86666666666665,2.6666666666666665
3421,2022-05-09,Production Technician I,PL,Active,Part-Time,Zone A,Part-Time,Production,Wireless,1959-11-06,MA,Female,Other,Divorced,Fully Meets,1,2023-02-15,5,4,2,2023-01-22,Customer Service,External,Passed,1,786.71,63,1,715.190909090909,3.6666666666666665
3423,2020-12-28,Production Technician I,SVG,Active,Part-Time,Zone A,Full-Time,Production,Engineers,2001-10-06,MA,Male,Black,Widowed,Fully Meets,3,2022-09-19,4,5,3,2022-10-14,Technical Skills,External,Completed,1,439.65,19,1,399.68181818181813,4.0
3424,2020-12-09,Production Technician I,TNS,Terminated,Contract,Zone B,Temporary,Production,Wireline Construction,1997-01-27,MA,Male,White,Single,Fully Meets,2,2023-03-14,2,4,5,2022-08-18,Project Management,Internal,Completed,5,981.13,23,1,192.37843137254904,3.6666666666666665
3425,2019-05-28,Production Technician I,WBL,Terminated,Contract,Zone B,Full-Time,Production,Aerial,1954-05-28,MA,Female,Hispanic,Divorced,Fully Meets,2,2022-12-25,5,2,3,2023-05-19,Technical Skills,External,Completed,3,184.27,65,1,59.44193548387097,3.3333333333333335
3426,2022-04-27,Production Technician I,BPC,Active,Full-Time,Zone B,Temporary,Production,Field Operations,1990-11-09,MA,Female,White,Married,Fully Meets,2,2022-08-24,1,3,2,2023-05-02,Leadership Development,Internal,Failed,5,675.37,32,0,132.42549019607844,2.0
