Employee ID,Name,Department,Job Role,Performance Score,KPI Score,Attendance (%),Peer Rating,Task Completion (%),Work Hours Logged,Manager Feedback,Training Hours,Promotion Eligibility,Promotion_Numeric,ProductivityIndex,WorkHourEfficiency,ManagerScoreRatio,PerformanceTier
376063,Manikya Badami,Sales,Sales Executive,61,91.03,94.4,4.5,78.19,42,3.7,18,No,0,86.887,1.8183720930232559,74.0,Exceeds Expectations
810690,Zara Mahal,Marketing,Marketing Executive,91,83.36,78.45,4.7,71.39,46,4.5,15,Yes,1,80.02999999999999,1.518936170212766,90.0,Exceeds Expectations
520956,Sana Gera,Finance,Accountant,100,65.39,99.5,4.4,80.2,51,3.5,7,No,0,79.0815,1.5423076923076924,70.0,Meets Expectations
202996,Zoya Wadhwa,Marketing,Content Strategist,100,82.9,79.83,4.3,71.51,43,5.0,9,Yes,1,78.918,1.6252272727272727,100.0,Meets Expectations
383410,Baiju Doctor,Sales,Sales Executive,80,90.9,89.92,3.7,78.03,51,3.1,29,No,0,83.7135,1.500576923076923,62.0,Exceeds Expectations
865548,Charvi Chakrabarti,HR,Employee Relations,53,72.43,82.52,5.0,70.93,35,4.7,4,No,0,77.554,1.970277777777778,94.0,Meets Expectations
302189,Anahi Kari,Sales,Business Development,59,76.14,79.21,4.9,93.45,49,3.2,16,No,0,85.938,1.869,64.0,Exceeds Expectations
907341,Kavya Kulkarni,IT,Cybersecurity Specialist,98,94.8,93.79,5.0,83.05,53,3.3,9,No,0,91.316,1.537962962962963,65.99999999999999,Exceeds Expectations
275552,Trisha Bir,Sales,Account Manager,83,80.59,76.16,4.5,97.62,37,3.7,23,No,0,87.2975,2.568947368421053,74.0,Exceeds Expectations
745670,Shray Kaul,HR,HR Manager,70,73.82,91.44,4.5,84.12,51,4.2,18,No,0,82.49499999999999,1.6176923076923078,84.00000000000001,Exceeds Expectations
374239,Jhanvi Ghosh,Sales,Business Development,75,60.73,90.2,3.4,91.53,35,4.8,3,No,0,77.021,2.5425,96.0,Meets Expectations
903729,Emir Chaudhry,HR,HR Manager,73,82.23,78.43,4.0,92.26,44,4.7,12,No,0,84.836,2.050222222222222,94.0,Exceeds Expectations
231366,Purab Tara,HR,HR Manager,100,92.09,90.13,3.5,86.27,40,3.2,1,No,0,86.4455,2.1041463414634145,64.0,Exceeds Expectations
888390,Kashvi Bains,Sales,Business Development,95,66.64,94.68,4.2,92.61,50,4.3,17,Yes,1,82.53949999999999,1.8158823529411765,86.0,Exceeds Expectations
378452,Mishti Shah,Finance,Auditor,60,67.86,75.87,4.1,78.95,38,3.4,5,No,0,75.064,2.0243589743589743,68.0,Meets Expectations
786662,Umang Savant,IT,Data Analyst,81,63.41,83.64,3.6,80.15,48,3.9,1,No,0,73.592,1.635714285714286,78.0,Meets Expectations
453442,Rhea Loyal,HR,Recruitment Specialist,94,62.67,78.64,4.3,73.62,45,3.2,15,No,0,72.3975,1.6004347826086958,64.0,Meets Expectations
247543,Indrajit Shah,IT,Cybersecurity Specialist,65,62.14,81.18,3.8,79.31,41,4.3,29,No,0,73.08449999999999,1.8883333333333334,86.0,Meets Expectations
760752,Madhup Chaudhari,Marketing,Marketing Executive,50,73.31,79.96,4.7,70.72,42,4.7,27,No,0,76.5045,1.6446511627906977,94.0,Meets Expectations
861299,Madhav Kara,HR,Recruitment Specialist,94,68.65,81.06,4.0,98.48,51,4.4,18,Yes,1,82.6545,1.893846153846154,88.00000000000001,Exceeds Expectations
276598,Pari Batta,IT,Cybersecurity Specialist,70,66.04,79.06,4.9,92.33,48,3.0,30,No,0,81.9885,1.8842857142857143,60.0,Exceeds Expectations
897782,Chirag Bassi,Finance,Auditor,74,74.74,86.4,4.7,75.16,40,4.3,13,No,0,79.52499999999998,1.833170731707317,86.0,Meets Expectations
514230,Jayant Dixit,Sales,Account Manager,75,63.95,80.49,4.1,82.45,42,3.2,4,No,0,75.61349999999999,1.9174418604651164,64.0,Meets Expectations
834049,Kismat Dora,Sales,Account Manager,83,64.87,79.25,3.4,84.48,54,3.7,6,No,0,74.36,1.536,74.0,Meets Expectations
181362,Lakshit Lanka,IT,Software Engineer,81,82.16,94.82,4.9,87.0,36,3.0,9,No,0,88.129,2.3513513513513513,60.0,Exceeds Expectations
190571,Vidur Mani,Finance,Accountant,52,91.38,76.3,4.2,90.17,49,3.7,19,No,0,87.58749999999999,1.8034000000000001,74.0,Exceeds Expectations
478699,Anahita Ratti,Marketing,SEO Specialist,66,72.15,89.63,3.7,79.63,49,4.6,30,No,0,77.66749999999999,1.5926,92.0,Meets Expectations
892101,Sumer Mallick,Finance,Financial Analyst,68,80.43,90.09,4.8,84.64,51,3.9,12,No,0,85.68800000000002,1.6276923076923078,78.0,Exceeds Expectations
268043,Aaina Swaminathan,Finance,Financial Analyst,90,82.5,80.84,4.1,90.53,49,4.6,1,Yes,1,84.98649999999999,1.8106,92.0,Exceeds Expectations
108201,Nitara Saha,Sales,Sales Executive,77,70.93,94.01,4.2,96.69,53,4.1,8,No,0,85.3685,1.7905555555555555,82.0,Exceeds Expectations
431608,Yuvraj  Kota,Marketing,SEO Specialist,52,89.09,95.21,3.8,74.09,55,4.0,13,No,0,82.7945,1.3230357142857143,80.0,Exceeds Expectations
302120,Uthkarsh Bhakta,IT,Cybersecurity Specialist,95,63.18,98.11,4.7,98.39,36,3.3,30,No,0,85.36599999999999,2.6591891891891892,65.99999999999999,Exceeds Expectations
949655,Hiran Sharma,HR,Recruitment Specialist,97,73.85,89.07,4.1,98.64,53,3.2,1,No,0,86.032,1.8266666666666667,64.0,Exceeds Expectations
999957,Rhea Handa,Finance,Financial Analyst,68,92.79,77.28,4.1,96.44,51,4.4,3,No,0,90.1225,1.8546153846153846,88.00000000000001,Exceeds Expectations
853352,Lakshay Rout,HR,HR Manager,86,94.22,92.13,3.8,94.42,45,4.7,17,Yes,1,91.24350000000001,2.052608695652174,94.0,Exceeds Expectations
972885,Ishita Dhillon,Marketing,Marketing Executive,70,64.1,85.82,4.9,79.79,53,3.4,11,No,0,77.93449999999999,1.4775925925925928,68.0,Meets Expectations
692055,Hazel Choudhary,HR,Recruitment Specialist,96,76.86,78.28,4.5,98.51,41,3.5,23,No,0,86.6215,2.3454761904761905,70.0,Exceeds Expectations
691847,Eva Khanna,Marketing,Marketing Executive,82,65.76,95.83,3.2,88.84,55,4.0,28,No,0,78.08449999999999,1.5864285714285715,80.0,Meets Expectations
325523,Mishti Krishnan,IT,Software Engineer,88,62.97,81.47,3.8,74.39,36,3.4,3,No,0,71.6965,2.0105405405405405,68.0,Meets Expectations
529211,Kiaan Dutta,IT,Cybersecurity Specialist,73,91.15,90.92,4.7,85.23,52,4.8,19,No,0,89.471,1.6081132075471698,96.0,Exceeds Expectations
748631,Onkar Rama,HR,HR Manager,66,94.05,83.04,3.8,85.8,46,4.2,17,No,0,86.8035,1.8255319148936169,84.00000000000001,Exceeds Expectations
352450,Mishti Chacko,IT,Cybersecurity Specialist,73,94.97,96.7,3.5,81.31,39,3.8,7,No,0,86.70299999999999,2.03275,76.0,Exceeds Expectations
597949,Shaan Basu,HR,HR Manager,97,79.07,86.59,3.1,90.24,39,4.2,27,Yes,1,81.54699999999998,2.256,84.00000000000001,Exceeds Expectations
538851,Alia Sidhu,Sales,Business Development,89,77.14,99.3,4.9,84.05,38,3.4,15,No,0,86.0115,2.155128205128205,68.0,Exceeds Expectations
982166,Rohan Bala,Finance,Accountant,97,76.97,95.4,3.5,70.93,48,4.2,15,Yes,1,76.575,1.4475510204081634,84.00000000000001,Meets Expectations
891328,Nishith Koshy,IT,Data Analyst,64,84.34,97.17,3.3,92.24,46,4.9,26,No,0,86.27850000000001,1.9625531914893617,98.00000000000001,Exceeds Expectations
976367,Nishith Kibe,Finance,Financial Analyst,75,74.44,87.56,4.2,85.01,50,3.5,27,No,0,81.54149999999998,1.6668627450980393,70.0,Exceeds Expectations
968990,Badal Mani,HR,Employee Relations,65,64.87,90.97,3.2,86.54,50,4.6,17,No,0,76.23899999999999,1.6968627450980394,92.0,Meets Expectations
675019,Devansh Chander,Finance,Auditor,50,92.85,75.92,3.1,95.35,52,3.8,6,No,0,86.55799999999999,1.799056603773585,76.0,Exceeds Expectations
326885,Kiaan Goswami,IT,Cybersecurity Specialist,69,71.13,96.81,4.8,75.48,48,4.8,5,No,0,80.23499999999999,1.5404081632653062,96.0,Exceeds Expectations
803681,Vritika Kala,Sales,Account Manager,51,79.04,76.3,3.5,87.92,53,3.5,8,No,0,80.381,1.6281481481481481,70.0,Exceeds Expectations
525050,Mahika Saxena,Marketing,Marketing Executive,55,71.99,98.29,4.9,97.9,37,3.6,25,No,0,88.905,2.5763157894736843,72.0,Exceeds Expectations
603407,Kavya Shah,HR,Employee Relations,56,75.28,76.55,4.3,95.42,41,3.1,30,No,0,84.1275,2.271904761904762,62.0,Exceeds Expectations
211921,Pari Zacharia,HR,Employee Relations,62,75.99,83.45,5.0,94.67,39,4.9,14,No,0,87.24849999999999,2.36675,98.00000000000001,Exceeds Expectations
582539,Ira Iyengar,HR,HR Manager,69,89.6,77.11,4.9,89.4,45,4.9,16,No,0,88.9165,1.9434782608695653,98.00000000000001,Exceeds Expectations
713340,Tanya Taneja,Finance,Financial Analyst,100,86.58,75.08,3.6,70.37,50,4.0,3,No,0,76.99449999999999,1.3798039215686275,80.0,Meets Expectations
162959,Tiya Mannan,Sales,Account Manager,99,70.02,79.34,3.4,96.43,38,3.4,14,No,0,80.3585,2.4725641025641028,68.0,Exceeds Expectations
692057,Vritika Verma,Marketing,Content Strategist,52,66.63,91.34,3.2,99.5,43,4.8,8,No,0,81.44649999999999,2.2613636363636362,96.0,Exceeds Expectations
886392,Heer Kale,Finance,Accountant,87,81.62,75.18,3.9,87.27,46,4.2,4,Yes,1,82.0885,1.8568085106382979,84.00000000000001,Exceeds Expectations
311713,Shanaya Krishnan,Finance,Financial Analyst,69,60.63,90.4,4.3,89.77,51,3.9,17,No,0,79.10000000000001,1.7263461538461538,78.0,Meets Expectations
420151,Anya Wadhwa,Finance,Auditor,60,87.52,97.52,3.9,70.66,51,4.6,8,No,0,81.691,1.3588461538461538,92.0,Exceeds Expectations
690698,Devansh Tandon,Marketing,Marketing Executive,66,73.3,82.1,3.8,81.2,38,4.4,2,No,0,77.79,2.082051282051282,88.00000000000001,Meets Expectations
978856,Vritika Walla,Sales,Account Manager,65,93.11,84.62,4.3,91.25,39,3.7,13,No,0,90.119,2.28125,74.0,Exceeds Expectations
171922,Mohanlal Kari,Marketing,SEO Specialist,77,73.74,88.29,3.3,99.22,42,4.1,13,No,0,83.6795,2.3074418604651163,82.0,Exceeds Expectations
978968,Kiaan Bora,Marketing,Content Strategist,86,79.1,98.03,4.0,99.26,52,4.1,22,Yes,1,89.1305,1.8728301886792453,82.0,Exceeds Expectations
560366,Siya Ramakrishnan,HR,Recruitment Specialist,83,91.48,96.91,4.8,97.58,49,3.4,14,No,0,95.10749999999999,1.9516,68.0,Exceeds Expectations
168956,Kaira Golla,Finance,Accountant,92,72.69,99.03,4.1,98.73,54,4.5,10,Yes,1,87.1515,1.795090909090909,90.0,Exceeds Expectations
654455,Aarna Saxena,IT,Software Engineer,71,62.39,75.49,4.6,80.84,38,3.1,5,No,0,75.25399999999999,2.072820512820513,62.0,Meets Expectations
727177,Siya Brar,Finance,Auditor,53,61.01,93.18,4.7,84.28,50,3.2,12,No,0,78.92849999999999,1.6525490196078432,64.0,Meets Expectations
553994,Jayan Bora,Sales,Account Manager,75,69.36,87.12,4.8,82.27,44,4.4,0,No,0,80.5385,1.8282222222222222,88.00000000000001,Exceeds Expectations
474749,Seher Hora,IT,Data Analyst,73,88.58,78.42,3.8,72.05,52,4.8,16,No,0,79.3835,1.359433962264151,96.0,Meets Expectations
404381,Anahi Bakshi,Marketing,Content Strategist,83,86.51,78.79,4.9,99.48,43,4.2,19,No,0,91.615,2.260909090909091,84.00000000000001,Exceeds Expectations
149475,Nitara Dhaliwal,Finance,Financial Analyst,67,62.85,76.6,3.8,71.82,52,3.2,24,No,0,70.0245,1.3550943396226414,64.0,Meets Expectations
165487,Lakshit Kibe,HR,Recruitment Specialist,85,73.57,85.75,3.8,71.09,51,3.9,2,No,0,74.8935,1.3671153846153847,78.0,Meets Expectations
618249,Pihu Sane,Marketing,SEO Specialist,64,79.48,98.75,4.6,89.46,44,4.0,21,No,0,87.74149999999999,1.9879999999999998,80.0,Exceeds Expectations
132554,Aaryahi Krishna,Finance,Accountant,92,89.37,95.72,4.8,70.93,45,3.9,3,No,0,84.863,1.5419565217391307,78.0,Exceeds Expectations
995697,Divit Kata,Sales,Business Development,52,60.46,92.52,4.6,87.16,49,3.5,18,No,0,79.34499999999998,1.7431999999999999,70.0,Meets Expectations
709737,Saanvi Chatterjee,Sales,Business Development,58,66.35,77.4,3.9,71.62,42,4.0,15,No,0,71.59949999999999,1.6655813953488374,80.0,Meets Expectations
292420,Baiju Chaudhuri,Marketing,Content Strategist,61,84.44,84.67,4.6,79.94,44,3.4,20,No,0,84.0335,1.7764444444444445,68.0,Exceeds Expectations
549479,Lakshay Seshadri,HR,Employee Relations,69,73.67,89.24,4.3,72.27,41,3.3,16,No,0,77.365,1.7207142857142856,65.99999999999999,Meets Expectations
925538,Hridaan Gour,Finance,Accountant,73,73.41,95.83,4.0,97.73,37,3.7,18,No,0,86.2735,2.571842105263158,74.0,Exceeds Expectations
948763,Darshit Baral,HR,HR Manager,91,93.43,88.25,4.4,97.58,50,3.6,19,No,0,93.291,1.9133333333333333,72.0,Exceeds Expectations
314725,Miraya Mani,IT,Software Engineer,89,92.41,96.04,3.5,93.89,44,3.7,7,No,0,90.111,2.0864444444444445,74.0,Exceeds Expectations
429616,Vivaan Shan,Marketing,Marketing Executive,100,76.05,83.95,4.1,73.2,50,4.1,23,Yes,1,77.13,1.4352941176470588,82.0,Meets Expectations
774009,Mamooty Bakshi,Finance,Accountant,59,61.11,78.26,3.0,96.55,35,3.1,12,No,0,75.92,2.6819444444444445,62.0,Meets Expectations
317578,Jivika Bhalla,HR,Recruitment Specialist,60,92.2,96.47,4.0,99.65,45,4.3,29,No,0,93.618,2.1663043478260873,86.0,Exceeds Expectations
306725,Divyansh Goyal,Sales,Account Manager,68,91.06,84.69,3.5,76.79,46,3.2,13,No,0,81.95100000000001,1.6338297872340426,64.0,Exceeds Expectations
485549,Bhavin Setty,HR,Recruitment Specialist,65,67.41,94.3,4.4,79.77,47,3.0,30,No,0,78.85799999999999,1.661875,60.0,Meets Expectations
331817,Yuvaan Mani,Sales,Business Development,68,79.92,99.5,4.6,82.04,54,3.4,11,No,0,85.41099999999999,1.4916363636363636,68.0,Exceeds Expectations
114099,Advik Sinha,Marketing,Marketing Executive,85,93.7,77.04,3.1,70.18,48,4.6,26,No,0,78.214,1.4322448979591837,92.0,Meets Expectations
139080,Devansh Kothari,HR,Employee Relations,100,92.56,93.63,4.0,94.87,50,3.8,2,No,0,91.64500000000001,1.8601960784313727,76.0,Exceeds Expectations
305887,Inaaya  Sha,Finance,Accountant,81,80.86,75.29,3.3,79.25,40,4.2,29,No,0,77.232,1.9329268292682926,84.00000000000001,Meets Expectations
639096,Aniruddh Mangal,Sales,Account Manager,97,83.83,82.95,5.0,82.2,53,4.7,29,Yes,1,85.553,1.5222222222222224,94.0,Exceeds Expectations
262442,Divyansh Chandran,HR,Recruitment Specialist,93,89.27,77.43,3.9,80.2,41,3.4,30,No,0,82.629,1.9095238095238096,68.0,Exceeds Expectations
710432,Trisha Dara,HR,Employee Relations,65,61.39,88.39,4.8,99.38,35,5.0,2,No,0,83.928,2.7605555555555554,100.0,Exceeds Expectations
438030,Mishti Ravi,Finance,Accountant,87,84.58,97.31,4.6,74.96,52,4.4,6,Yes,1,84.23549999999999,1.4143396226415093,88.00000000000001,Exceeds Expectations
967292,Neysa Chawla,Marketing,Content Strategist,67,89.39,87.22,4.2,97.04,41,3.0,30,No,0,90.93349999999998,2.310476190476191,60.0,Exceeds Expectations
840198,Nirvaan Bali,IT,Cybersecurity Specialist,71,74.32,89.62,4.1,87.45,53,3.7,22,No,0,82.3625,1.6194444444444445,74.0,Exceeds Expectations
158146,Divit Bhalla,IT,Software Engineer,73,94.09,84.21,3.6,74.29,52,4.0,5,No,0,82.36449999999999,1.4016981132075472,80.0,Exceeds Expectations
741554,Purab Srinivas,Marketing,Content Strategist,70,83.44,92.82,4.5,80.9,39,3.2,9,No,0,84.942,2.0225,64.0,Exceeds Expectations
594881,Vihaan Goda,IT,Software Engineer,95,66.14,93.46,3.3,92.86,35,4.0,20,No,0,79.56899999999999,2.5794444444444444,80.0,Meets Expectations
794196,Indrans Bal,HR,Recruitment Specialist,69,88.67,96.95,3.4,78.69,39,3.5,10,No,0,83.3185,1.96725,70.0,Exceeds Expectations
731647,Raunak Kothari,Finance,Auditor,51,67.04,88.21,3.3,70.57,40,3.4,9,No,0,71.295,1.7212195121951217,68.0,Meets Expectations
818673,Yasmin Rastogi,Marketing,SEO Specialist,74,74.62,87.29,4.7,78.31,53,4.4,9,No,0,80.719,1.4501851851851852,88.00000000000001,Exceeds Expectations
336865,Manikya Choudhary,Sales,Account Manager,89,66.98,79.44,4.1,93.99,49,4.9,25,Yes,1,80.5555,1.8798,98.00000000000001,Exceeds Expectations
129211,Raunak Sodhi,Finance,Accountant,55,63.76,78.07,4.4,96.11,43,3.3,29,No,0,80.865,2.1843181818181816,65.99999999999999,Exceeds Expectations
395943,Ivan Mallick,Marketing,SEO Specialist,100,77.85,98.96,4.9,99.4,54,4.4,28,Yes,1,91.58149999999999,1.8072727272727274,88.00000000000001,Exceeds Expectations
675021,Damini Bala,Marketing,Marketing Executive,53,91.27,92.06,4.3,73.77,49,4.7,27,No,0,84.473,1.4753999999999998,94.0,Exceeds Expectations
887129,Samar Sanghvi,IT,Software Engineer,85,89.12,99.83,4.3,89.43,39,3.6,27,No,0,90.367,2.2357500000000003,72.0,Exceeds Expectations
830319,Keya Brar,Marketing,Marketing Executive,95,81.37,88.09,4.2,81.42,50,3.4,20,No,0,82.78999999999999,1.596470588235294,68.0,Exceeds Expectations
918541,Divit Ravel,Finance,Accountant,80,93.92,96.33,4.0,79.26,35,5.0,24,No,0,87.0625,2.2016666666666667,100.0,Exceeds Expectations
337244,Ela Gole,Sales,Sales Executive,89,68.59,93.37,3.6,88.01,42,4.0,29,No,0,79.6155,2.046744186046512,80.0,Meets Expectations
346485,Dhruv Bali,IT,Data Analyst,78,64.88,75.76,4.0,82.66,36,4.1,25,No,0,75.003,2.234054054054054,82.0,Meets Expectations
568048,Jivin Lanka,HR,Employee Relations,87,72.71,91.81,3.2,70.53,37,4.3,18,Yes,1,73.50549999999998,1.8560526315789474,86.0,Meets Expectations
689881,Lavanya Sengupta,Sales,Business Development,69,68.51,99.85,4.0,82.67,49,4.8,23,No,0,79.8905,1.6534,96.0,Meets Expectations
920549,Vidur Vala,Marketing,Marketing Executive,63,72.34,91.38,3.3,92.85,40,4.5,10,No,0,81.42349999999999,2.2646341463414634,90.0,Exceeds Expectations
684377,Anahita Wadhwa,HR,Employee Relations,68,88.79,98.65,4.8,82.72,36,4.9,30,No,0,89.226,2.2356756756756755,98.00000000000001,Exceeds Expectations
809194,Advika Grewal,Finance,Financial Analyst,60,74.86,80.45,3.9,81.33,46,3.7,29,No,0,78.434,1.7304255319148936,74.0,Meets Expectations
373287,Ojas Halder,Finance,Accountant,61,66.01,93.02,4.3,93.13,48,3.8,10,No,0,82.552,1.900612244897959,76.0,Exceeds Expectations
348494,Suhana Deep,Marketing,Content Strategist,82,91.11,87.16,4.9,97.63,39,4.3,3,No,0,93.833,2.44075,86.0,Exceeds Expectations
991106,Hazel Subramanian,HR,Employee Relations,77,83.47,77.45,3.5,95.55,51,4.4,15,No,0,84.77449999999999,1.8375,88.00000000000001,Exceeds Expectations
434736,Mishti Gaba,Marketing,SEO Specialist,59,62.49,78.74,3.5,89.19,35,4.9,4,No,0,75.39899999999999,2.4775,98.00000000000001,Meets Expectations
300291,Dhanush Shukla,Finance,Auditor,87,82.84,83.2,4.3,75.63,49,4.4,10,Yes,1,80.84450000000001,1.5126,88.00000000000001,Exceeds Expectations
930682,Veer Bhasin,Sales,Business Development,88,63.61,84.95,4.9,89.8,41,4.5,28,Yes,1,81.136,2.138095238095238,90.0,Exceeds Expectations
872547,Lakshit Rout,Finance,Financial Analyst,63,89.11,82.6,4.9,96.99,45,4.6,5,No,0,92.225,2.108478260869565,92.0,Exceeds Expectations
137227,Kashvi Chana,Sales,Sales Executive,80,73.94,83.52,4.2,85.29,43,3.7,4,No,0,80.85849999999999,1.938409090909091,74.0,Exceeds Expectations
492346,Samarth Varughese,HR,Recruitment Specialist,91,84.47,89.53,4.5,86.93,44,4.7,11,Yes,1,86.9195,1.931777777777778,94.0,Exceeds Expectations
104894,Arhaan Raman,Marketing,Marketing Executive,82,85.32,84.22,4.3,98.69,55,3.6,23,No,0,89.9365,1.7623214285714286,72.0,Exceeds Expectations
574980,Eshani Soman,IT,Data Analyst,76,72.37,80.74,3.7,96.2,53,4.2,0,No,0,82.2105,1.7814814814814814,84.00000000000001,Exceeds Expectations
938510,Nakul Madan,HR,HR Manager,83,61.97,93.79,4.2,86.91,53,3.0,26,No,0,78.7765,1.6094444444444445,60.0,Meets Expectations
914691,Aradhya Handa,Sales,Business Development,94,70.22,81.05,4.1,98.95,41,3.3,16,No,0,83.66699999999999,2.355952380952381,65.99999999999999,Exceeds Expectations
959287,Mishti Sarin,HR,Employee Relations,55,61.91,96.05,3.5,95.43,52,4.1,6,No,0,79.9765,1.8005660377358492,82.0,Meets Expectations
657468,Zoya Som,HR,Employee Relations,70,64.93,99.55,4.9,74.63,37,3.8,4,No,0,78.4785,1.9639473684210524,76.0,Meets Expectations
251209,Mannat Bakshi,Finance,Financial Analyst,57,64.03,83.62,3.6,73.33,52,3.7,29,No,0,71.419,1.3835849056603773,74.0,Meets Expectations
627672,Keya Butala,Finance,Accountant,68,69.35,81.57,4.6,93.75,45,4.9,14,No,0,83.12049999999999,2.0380434782608696,98.00000000000001,Exceeds Expectations
283291,Alia Sawhney,IT,Data Analyst,64,66.32,93.61,4.5,70.27,52,4.4,2,No,0,75.34799999999998,1.3258490566037735,88.00000000000001,Meets Expectations
366737,Vritika Khalsa,Marketing,Content Strategist,96,71.52,80.62,4.1,83.72,37,3.2,30,No,0,78.72699999999999,2.203157894736842,64.0,Meets Expectations
722297,Neelofar Keer,Sales,Account Manager,87,93.59,76.5,4.0,86.67,50,4.0,29,No,0,86.566,1.6994117647058824,80.0,Exceeds Expectations
814101,Divyansh Kaur,Marketing,SEO Specialist,85,70.61,78.81,4.7,92.78,51,3.6,10,No,0,83.10799999999999,1.7842307692307693,72.0,Exceeds Expectations
381345,Abram Mane,Finance,Accountant,73,92.29,93.66,3.9,81.26,38,3.8,27,No,0,86.49149999999999,2.083589743589744,76.0,Exceeds Expectations
295113,Gatik Guha,Marketing,Content Strategist,86,62.94,86.0,4.1,93.43,52,4.9,8,Yes,1,79.92949999999999,1.7628301886792455,98.00000000000001,Meets Expectations
414900,Dharmajan Kalita,HR,Recruitment Specialist,96,69.58,92.53,4.9,93.79,41,4.6,2,Yes,1,85.759,2.2330952380952382,92.0,Exceeds Expectations
933548,Riya Dani,Marketing,Marketing Executive,74,94.91,91.43,4.7,73.81,54,4.0,9,No,0,86.8665,1.342,80.0,Exceeds Expectations
218595,Nitara Sarma,Marketing,Marketing Executive,84,91.62,85.68,4.4,78.13,48,4.0,29,No,0,85.4645,1.5944897959183673,80.0,Exceeds Expectations
384248,Kimaya Ghosh,IT,Software Engineer,89,61.94,82.49,3.2,95.06,44,3.5,16,No,0,76.92349999999999,2.1124444444444443,70.0,Meets Expectations
501422,Purab Bhargava,Finance,Auditor,86,78.38,92.79,4.1,76.69,46,4.4,16,Yes,1,80.49299999999998,1.6317021276595745,88.00000000000001,Exceeds Expectations
403338,Manikya Wable,Sales,Account Manager,55,74.28,95.73,4.4,76.67,49,3.9,3,No,0,80.392,1.5334,78.0,Exceeds Expectations
850100,Adah Solanki,Finance,Accountant,73,92.89,91.11,4.2,96.42,38,4.8,29,No,0,92.52499999999999,2.4723076923076923,96.0,Exceeds Expectations
522109,Purab Chhabra,Sales,Business Development,66,87.5,83.23,3.3,99.73,36,4.0,10,No,0,87.91499999999999,2.6954054054054053,80.0,Exceeds Expectations
709198,Samar Raju,Finance,Accountant,99,62.15,97.44,3.1,73.27,46,4.2,4,Yes,1,71.31299999999999,1.558936170212766,84.00000000000001,Meets Expectations
829551,Ojas Kannan,Sales,Sales Executive,79,90.67,99.21,5.0,96.12,49,4.8,0,No,0,95.258,1.9224,96.0,Exceeds Expectations
480394,Sara Vala,HR,Employee Relations,80,75.41,84.97,4.7,71.11,41,3.9,18,No,0,78.1275,1.693095238095238,78.0,Meets Expectations
941122,Hrishita Bala,Finance,Financial Analyst,71,68.2,95.9,4.5,72.63,49,3.1,26,No,0,77.1755,1.4526,62.0,Meets Expectations
296812,Inaaya  Kurian,Sales,Business Development,57,73.85,95.95,4.1,73.03,55,4.1,7,No,0,78.1005,1.304107142857143,82.0,Meets Expectations
706124,Akarsh De,Finance,Accountant,77,85.94,96.56,4.6,77.14,50,4.1,10,No,0,85.362,1.512549019607843,82.0,Exceeds Expectations
297819,Jivika Sant,Finance,Accountant,75,93.96,95.16,3.2,72.88,45,3.5,14,No,0,82.26799999999999,1.5843478260869563,70.0,Exceeds Expectations
165053,Ivana Viswanathan,HR,HR Manager,95,87.78,98.1,4.2,91.24,45,3.9,6,No,0,89.972,1.9834782608695651,78.0,Exceeds Expectations
398012,Adah Sarraf,Marketing,Content Strategist,98,77.83,90.06,3.8,70.22,41,4.9,18,Yes,1,76.7265,1.6719047619047618,98.00000000000001,Meets Expectations
555457,Veer Kumar,IT,Cybersecurity Specialist,59,70.8,92.99,4.9,95.76,37,4.4,28,No,0,86.94449999999999,2.52,88.00000000000001,Exceeds Expectations
177315,Aayush Kibe,HR,HR Manager,91,88.79,99.39,4.0,88.02,47,5.0,1,Yes,1,88.792,1.83375,100.0,Exceeds Expectations
401685,Miraya Dayal,Sales,Account Manager,60,71.84,99.47,3.7,76.83,50,4.4,1,No,0,78.05499999999999,1.506470588235294,88.00000000000001,Meets Expectations
363762,Stuvan Verma,HR,HR Manager,91,62.38,92.08,3.1,93.77,42,4.7,23,Yes,1,77.7645,2.1806976744186044,94.0,Meets Expectations
488108,Vihaan Varghese,HR,Employee Relations,86,75.24,89.7,3.9,94.16,37,4.5,8,Yes,1,84.445,2.477894736842105,90.0,Exceeds Expectations
399562,Lagan Bajwa,Sales,Sales Executive,72,74.95,86.63,3.0,88.1,50,3.3,22,No,0,79.062,1.7274509803921567,65.99999999999999,Meets Expectations
808996,Aradhya Chaudhuri,HR,Employee Relations,77,73.91,90.22,3.6,77.5,37,4.4,12,No,0,77.3265,2.039473684210526,88.00000000000001,Meets Expectations
402302,Divit Rajagopal,Marketing,SEO Specialist,66,84.67,79.1,3.8,71.76,43,3.8,6,No,0,78.0155,1.630909090909091,76.0,Meets Expectations
879751,Alia Balasubramanian,Sales,Business Development,67,84.77,98.68,3.3,93.06,37,4.4,24,No,0,86.9425,2.4489473684210528,88.00000000000001,Exceeds Expectations
308048,Dhruv Babu,HR,Recruitment Specialist,91,90.55,79.89,4.4,84.26,40,4.5,24,Yes,1,86.367,2.0551219512195122,90.0,Exceeds Expectations
786418,Aayush Dar,IT,Cybersecurity Specialist,70,70.15,81.4,4.3,71.92,48,3.1,15,No,0,74.8345,1.4677551020408164,62.0,Meets Expectations
882537,Nayantara Edwin,Finance,Financial Analyst,74,84.51,82.61,3.7,99.65,38,4.0,18,No,0,87.94749999999998,2.5551282051282054,80.0,Exceeds Expectations
235703,Rasha Kothari,IT,Software Engineer,77,92.74,82.77,5.0,94.58,55,3.7,28,No,0,92.97749999999998,1.6889285714285713,74.0,Exceeds Expectations
859541,Mohanlal Kunda,Sales,Account Manager,67,71.01,80.16,3.0,79.62,51,3.1,8,No,0,73.7445,1.5311538461538463,62.0,Meets Expectations
197224,Misha Bhargava,HR,HR Manager,70,61.26,99.12,3.7,94.03,51,3.9,0,No,0,80.31949999999999,1.8082692307692307,78.0,Exceeds Expectations
511364,Ishita Varma,Sales,Business Development,55,65.55,85.32,4.4,83.68,53,4.2,6,No,0,78.2285,1.5496296296296297,84.00000000000001,Meets Expectations
118799,Amani Gill,Finance,Accountant,98,86.44,97.96,4.4,70.79,36,3.4,28,No,0,82.92450000000001,1.9132432432432434,68.0,Exceeds Expectations
674778,Nayantara Bir,Sales,Account Manager,55,92.89,83.0,4.2,77.92,54,3.3,23,No,0,84.83349999999999,1.4167272727272728,65.99999999999999,Exceeds Expectations
418635,Rhea Gole,IT,Software Engineer,70,61.26,85.76,3.9,80.92,41,4.2,4,No,0,74.327,1.9266666666666667,84.00000000000001,Meets Expectations
936670,Krish Bali,IT,Data Analyst,52,86.9,88.68,4.1,88.65,48,3.5,10,No,0,87.0445,1.8091836734693878,70.0,Exceeds Expectations
726742,Nitya Mangal,IT,Software Engineer,92,72.41,77.62,3.3,92.52,41,3.8,10,No,0,79.2685,2.202857142857143,76.0,Meets Expectations
936736,Hrishita Tank,Finance,Accountant,62,65.11,88.21,4.3,75.91,52,4.6,0,No,0,75.4885,1.4322641509433962,92.0,Meets Expectations
581644,Ivana Chandra,Sales,Sales Executive,56,76.23,98.59,4.9,76.37,51,5.0,28,No,0,82.8985,1.4686538461538463,100.0,Exceeds Expectations
510131,Ishaan Biswas,Marketing,Marketing Executive,52,66.53,90.69,4.2,90.86,48,4.8,15,No,0,81.28999999999999,1.8542857142857143,96.0,Exceeds Expectations
294626,Miraan Bali,Finance,Accountant,93,78.19,90.77,3.7,76.85,48,4.7,15,Yes,1,78.97949999999999,1.5683673469387753,94.0,Meets Expectations
573387,Taran Jha,IT,Cybersecurity Specialist,88,61.65,79.11,4.8,70.84,48,4.4,10,Yes,1,72.638,1.4457142857142857,88.00000000000001,Meets Expectations
784768,Anika Salvi,Marketing,Marketing Executive,74,84.7,83.71,3.9,90.73,35,4.4,18,No,0,85.657,2.520277777777778,88.00000000000001,Exceeds Expectations
134108,Kaira Sanghvi,Finance,Auditor,96,78.7,79.53,4.9,81.63,39,4.4,10,Yes,1,82.745,2.04075,88.00000000000001,Exceeds Expectations
174649,Chirag Vasa,Sales,Sales Executive,83,74.01,81.97,3.4,86.9,38,3.5,8,No,0,78.81400000000001,2.2282051282051283,70.0,Meets Expectations
689338,Pihu Chaudhuri,IT,Software Engineer,65,81.27,92.81,4.4,82.43,46,4.7,17,No,0,84.4165,1.7538297872340427,94.0,Exceeds Expectations
523061,Anika Sarna,Sales,Sales Executive,86,91.18,76.6,4.2,79.81,38,5.0,1,Yes,1,83.9365,2.0464102564102564,100.0,Exceeds Expectations
901936,Anaya Sodhi,Marketing,Content Strategist,68,92.45,91.79,3.9,78.59,48,3.4,13,No,0,85.33250000000001,1.6038775510204082,68.0,Exceeds Expectations
300537,Gatik Chakrabarti,Finance,Financial Analyst,74,82.98,99.96,3.8,97.7,54,3.3,4,No,0,89.632,1.7763636363636364,65.99999999999999,Exceeds Expectations
569817,Saira Dara,HR,HR Manager,68,87.95,78.03,4.5,73.83,40,4.6,29,No,0,81.8275,1.8007317073170732,92.0,Exceeds Expectations
489553,Amira Kumer,IT,Data Analyst,83,62.79,96.12,4.0,76.85,40,4.6,12,No,0,75.292,1.874390243902439,92.0,Meets Expectations
995986,Shalv Buch,Finance,Financial Analyst,78,60.26,85.88,3.6,94.01,36,4.9,0,No,0,77.6765,2.540810810810811,98.00000000000001,Meets Expectations
370437,Amira Barad,HR,Recruitment Specialist,69,74.55,84.15,4.0,73.53,50,3.4,22,No,0,76.45049999999999,1.441764705882353,68.0,Meets Expectations
641341,Vaibhav Ram,HR,Employee Relations,61,70.9,93.47,3.4,95.23,46,4.9,27,No,0,82.366,2.0261702127659573,98.00000000000001,Exceeds Expectations
686344,Dhanush Dutta,IT,Cybersecurity Specialist,100,93.21,97.8,3.9,81.52,46,4.4,16,Yes,1,87.5255,1.734468085106383,88.00000000000001,Exceeds Expectations
476946,Aayush Johal,HR,HR Manager,74,66.95,98.45,3.5,73.94,44,4.8,21,No,0,74.579,1.643111111111111,96.0,Meets Expectations
642417,Farhan Agarwal,Sales,Sales Executive,55,70.8,77.84,4.8,87.54,48,4.5,28,No,0,81.495,1.786530612244898,90.0,Exceeds Expectations
455338,Ira Mani,Finance,Accountant,58,65.24,81.69,3.8,79.55,46,4.5,21,No,0,74.33,1.6925531914893617,90.0,Meets Expectations
492243,Bhavin Gandhi,Sales,Sales Executive,59,93.0,86.3,3.8,80.47,55,3.7,4,No,0,85.0595,1.4369642857142857,74.0,Exceeds Expectations
135842,Anahi Sehgal,Finance,Accountant,50,78.98,88.34,4.9,96.02,49,3.3,15,No,0,89.20100000000001,1.9203999999999999,65.99999999999999,Exceeds Expectations
356703,Anvi Johal,IT,Software Engineer,88,62.02,82.73,4.5,83.98,39,4.6,2,Yes,1,77.0095,2.0995,92.0,Meets Expectations
118920,Vedika Dara,HR,Recruitment Specialist,77,85.98,77.34,5.0,91.68,46,4.0,0,No,0,88.782,1.9506382978723407,80.0,Exceeds Expectations
105561,Tara Bal,Finance,Auditor,76,75.39,94.04,4.2,75.46,51,3.1,19,No,0,79.50349999999999,1.451153846153846,62.0,Meets Expectations
425760,Navya Solanki,HR,Recruitment Specialist,68,80.11,86.73,3.9,90.48,41,4.8,5,No,0,84.416,2.1542857142857144,96.0,Exceeds Expectations
397069,Hansh Lanka,Finance,Auditor,100,80.29,94.48,3.9,93.66,55,4.3,22,Yes,1,86.75450000000001,1.6724999999999999,86.0,Exceeds Expectations
150406,Ojas Issac,Sales,Account Manager,53,82.4,89.21,3.3,93.84,54,4.2,7,No,0,84.9655,1.7061818181818182,84.00000000000001,Exceeds Expectations
774763,Jhanvi Mahal,Sales,Sales Executive,87,75.97,83.78,3.1,87.26,46,3.7,9,No,0,78.99749999999999,1.8565957446808512,74.0,Meets Expectations
714313,Neelofar Cheema,Finance,Accountant,84,61.43,96.86,3.1,75.16,37,4.4,5,No,0,71.6355,1.9778947368421052,88.00000000000001,Meets Expectations
991564,Umang Bath,Finance,Auditor,81,91.37,89.07,4.0,89.4,48,3.9,20,No,0,88.63,1.8244897959183675,78.0,Exceeds Expectations
274295,Chirag Jhaveri,IT,Cybersecurity Specialist,76,76.35,85.76,4.8,85.23,43,4.5,1,No,0,83.81700000000001,1.9370454545454547,90.0,Exceeds Expectations
439231,Rasha Buch,HR,Employee Relations,77,73.63,86.19,3.9,78.49,37,3.6,16,No,0,77.87049999999999,2.0655263157894734,72.0,Meets Expectations
869777,Nishith Dara,IT,Cybersecurity Specialist,52,84.92,81.84,4.3,84.0,46,4.3,7,No,0,84.298,1.7872340425531914,86.0,Exceeds Expectations
645354,Bhavin Singhal,Marketing,Marketing Executive,70,75.89,84.86,3.9,97.51,51,3.4,11,No,0,85.119,1.8751923076923078,68.0,Exceeds Expectations
441767,Pihu Soman,HR,HR Manager,84,87.54,80.8,4.5,89.24,47,3.7,6,No,0,87.493,1.8591666666666666,74.0,Exceeds Expectations
139995,Elakshi Sant,IT,Data Analyst,78,68.09,76.99,3.2,77.48,43,4.4,8,No,0,72.098,1.760909090909091,88.00000000000001,Meets Expectations
154629,Ahana  Kanda,Sales,Business Development,50,76.79,95.84,4.8,89.64,53,3.5,9,No,0,87.0265,1.66,70.0,Exceeds Expectations
518607,Jayesh Bala,HR,Employee Relations,72,70.47,84.32,4.7,98.73,51,3.7,28,No,0,85.96799999999999,1.8986538461538462,74.0,Exceeds Expectations
228875,Ela Ghose,Sales,Sales Executive,50,79.26,92.74,4.2,99.48,37,4.9,3,No,0,89.07,2.6178947368421053,98.00000000000001,Exceeds Expectations
440728,Hansh Badal,Finance,Accountant,91,74.97,82.44,4.9,82.18,44,3.1,3,No,0,82.0685,1.8262222222222224,62.0,Exceeds Expectations
814503,Mehul Maharaj,Marketing,Content Strategist,100,74.32,95.0,4.2,76.51,55,4.0,1,No,0,79.64049999999999,1.3662500000000002,80.0,Meets Expectations
207810,Ayesha Dugal,Marketing,Content Strategist,74,70.93,81.05,3.5,92.34,50,3.7,1,No,0,79.802,1.8105882352941176,74.0,Meets Expectations
671113,Vaibhav Banik,IT,Data Analyst,57,86.05,87.22,3.3,73.3,53,3.9,27,No,0,78.7555,1.3574074074074074,78.0,Meets Expectations
322000,Mamooty Kalita,Sales,Business Development,82,65.11,93.76,4.1,94.66,55,4.9,14,No,0,82.28349999999999,1.690357142857143,98.00000000000001,Exceeds Expectations
939507,Ahana  Kapadia,IT,Cybersecurity Specialist,75,87.45,87.0,3.9,98.72,38,4.0,30,No,0,89.9095,2.531282051282051,80.0,Exceeds Expectations
851852,Charvi Goyal,HR,Recruitment Specialist,55,91.12,99.86,3.9,86.13,38,3.4,25,No,0,88.7165,2.2084615384615383,68.0,Exceeds Expectations
708380,Aarush Rau,HR,HR Manager,58,74.11,92.12,4.7,85.23,49,3.5,11,No,0,83.687,1.7046000000000001,70.0,Exceeds Expectations
911947,Aaina Bath,Finance,Accountant,90,75.12,92.11,4.1,72.44,39,4.9,24,Yes,1,77.7625,1.811,98.00000000000001,Meets Expectations
706670,Fateh Master,Sales,Account Manager,60,61.9,89.02,4.9,94.18,46,4.7,23,No,0,82.681,2.0038297872340425,94.0,Exceeds Expectations
902256,Vivaan Savant,IT,Software Engineer,100,76.01,77.34,4.9,82.52,46,4.5,14,Yes,1,81.7865,1.7557446808510637,90.0,Exceeds Expectations
794499,Gatik Ramesh,Finance,Financial Analyst,64,86.28,96.12,4.0,80.18,35,4.1,23,No,0,84.679,2.227222222222222,82.0,Exceeds Expectations
106054,Divyansh Taneja,Sales,Business Development,71,65.37,80.68,3.9,98.37,46,4.2,2,No,0,81.111,2.0929787234042556,84.00000000000001,Exceeds Expectations
451785,Fateh Chauhan,Finance,Auditor,95,81.0,87.11,4.4,70.09,43,3.7,16,No,0,79.14800000000001,1.5929545454545455,74.0,Meets Expectations
266584,Nirvaan Shan,HR,Employee Relations,70,62.89,79.18,3.3,94.31,55,4.1,3,No,0,76.797,1.6841071428571428,82.0,Meets Expectations
625909,Miraya Sastry,Finance,Financial Analyst,74,84.19,83.06,3.8,85.99,38,3.9,22,No,0,83.422,2.204871794871795,78.0,Exceeds Expectations
257068,Adah Kumer,Marketing,Content Strategist,61,85.39,81.39,4.3,91.99,42,3.7,12,No,0,87.19149999999999,2.1393023255813954,74.0,Exceeds Expectations
614013,Darshit Kanda,Finance,Accountant,78,79.94,77.57,4.0,91.28,53,3.2,12,No,0,83.56249999999999,1.6903703703703703,64.0,Exceeds Expectations
961711,Priyansh Sabharwal,Sales,Business Development,78,67.37,77.56,3.3,96.98,47,3.4,8,No,0,79.0565,2.0204166666666667,68.0,Meets Expectations
149976,Jayant Krish,Marketing,SEO Specialist,94,89.9,94.62,4.6,79.69,46,4.6,25,Yes,1,87.34949999999999,1.695531914893617,92.0,Exceeds Expectations
793928,Indrans Luthra,Marketing,Marketing Executive,74,80.06,82.16,4.7,90.64,50,4.1,2,No,0,86.16899999999998,1.7772549019607844,82.0,Exceeds Expectations
149508,Badal D’Alia,Marketing,SEO Specialist,61,94.29,96.61,4.3,84.12,37,3.8,4,No,0,89.83500000000001,2.2136842105263157,76.0,Exceeds Expectations
228972,Alisha Maharaj,Sales,Account Manager,81,79.43,97.97,4.3,78.47,43,4.0,13,No,0,82.8605,1.783409090909091,80.0,Exceeds Expectations
363615,Riaan Dutta,Finance,Auditor,52,65.82,88.38,3.3,71.97,41,3.4,7,No,0,71.3835,1.7135714285714285,68.0,Meets Expectations
950003,Mehul Chaudry,HR,Employee Relations,62,63.61,99.6,3.6,74.46,49,4.0,3,No,0,74.0645,1.4891999999999999,80.0,Meets Expectations
308395,Lakshay Chada,HR,Recruitment Specialist,76,82.21,75.3,4.6,77.43,38,3.7,1,No,0,80.969,1.9853846153846155,74.0,Exceeds Expectations
538353,Kashvi Bumb,IT,Software Engineer,57,60.09,98.14,5.0,95.6,50,3.2,21,No,0,84.21249999999999,1.8745098039215684,64.0,Exceeds Expectations
106528,Suhana Gour,IT,Cybersecurity Specialist,66,89.78,98.55,4.6,96.44,44,4.5,26,No,0,93.75949999999999,2.143111111111111,90.0,Exceeds Expectations
642778,Jivika Karan,IT,Software Engineer,69,89.93,82.56,4.9,97.05,54,4.1,0,No,0,92.527,1.7645454545454544,82.0,Exceeds Expectations
794296,Pari Gola,Finance,Financial Analyst,61,66.56,85.89,4.3,99.75,53,3.3,18,No,0,83.992,1.8472222222222223,65.99999999999999,Exceeds Expectations
158214,Zain Banerjee,Marketing,Marketing Executive,87,65.39,95.04,4.6,93.22,51,4.5,16,Yes,1,83.56949999999999,1.7926923076923076,90.0,Exceeds Expectations
945273,Vardaniya Dey,Sales,Sales Executive,59,70.92,82.95,4.6,88.65,42,4.5,5,No,0,82.092,2.0616279069767445,90.0,Exceeds Expectations
216921,Kismat Kant,HR,Employee Relations,81,81.49,88.19,3.8,77.48,48,3.4,9,No,0,80.268,1.5812244897959185,68.0,Exceeds Expectations
812942,Kashvi Ahuja,Finance,Accountant,77,72.56,86.28,5.0,73.47,35,3.3,5,No,0,79.05250000000001,2.0408333333333335,65.99999999999999,Meets Expectations
383779,Hrishita Guha,Finance,Financial Analyst,77,85.41,96.32,3.4,79.38,40,3.4,0,No,0,82.32449999999999,1.9360975609756097,68.0,Exceeds Expectations
947172,Ritvik Kar,IT,Software Engineer,68,90.72,78.87,4.3,74.82,48,3.5,14,No,0,82.6695,1.526938775510204,70.0,Exceeds Expectations
360465,Kartik Randhawa,HR,Recruitment Specialist,80,90.9,79.01,4.2,92.52,37,4.0,4,No,0,88.6485,2.434736842105263,80.0,Exceeds Expectations
982370,Aaina Chauhan,IT,Software Engineer,93,71.17,85.89,4.6,94.33,51,3.7,0,No,0,84.60849999999999,1.8140384615384615,74.0,Exceeds Expectations
958725,Dhanuk Dutta,Finance,Accountant,92,61.93,89.57,3.4,80.95,37,3.0,13,No,0,73.64349999999999,2.130263157894737,60.0,Meets Expectations
288553,Fateh Yadav,Finance,Accountant,88,60.06,88.87,4.1,99.9,53,3.8,11,No,0,81.61649999999999,1.85,76.0,Exceeds Expectations
955218,Madhup Grover,HR,Employee Relations,52,67.48,99.94,3.8,81.24,38,4.7,7,No,0,78.443,2.083076923076923,94.0,Meets Expectations
542988,Anika Rout,Sales,Account Manager,72,61.0,85.17,4.4,76.67,55,3.9,30,No,0,74.16,1.3691071428571429,78.0,Meets Expectations
276037,Nehmat Sarraf,IT,Cybersecurity Specialist,70,64.87,96.29,4.1,72.16,43,4.7,0,No,0,74.704,1.64,94.0,Meets Expectations
451093,Divij Dhar,Finance,Financial Analyst,75,64.56,79.04,4.9,75.51,47,3.5,26,No,0,75.5805,1.573125,70.0,Meets Expectations
994891,Rania Kapadia,Sales,Sales Executive,99,74.47,93.27,3.5,89.08,55,4.1,18,Yes,1,81.73299999999999,1.5907142857142857,82.0,Exceeds Expectations
761004,Himmat Walla,Marketing,Content Strategist,53,65.51,75.84,3.4,70.65,52,3.9,30,No,0,69.232,1.3330188679245285,78.0,Meets Expectations
267354,Divyansh Mane,Marketing,Content Strategist,81,88.09,96.21,5.0,70.4,36,4.0,2,No,0,84.90299999999999,1.9027027027027028,80.0,Exceeds Expectations
214673,Sahil Sodhi,Marketing,SEO Specialist,66,86.75,81.42,4.4,91.19,44,3.1,21,No,0,87.692,2.0264444444444445,62.0,Exceeds Expectations
803478,Ahana  Bala,Marketing,SEO Specialist,65,74.19,96.86,4.8,77.15,43,3.6,24,No,0,81.898,1.7534090909090911,72.0,Exceeds Expectations
103367,Onkar Bedi,Marketing,SEO Specialist,92,79.7,91.54,4.8,91.91,35,3.7,30,No,0,88.19449999999998,2.5530555555555554,74.0,Exceeds Expectations
964426,Kanav Mammen,Sales,Sales Executive,84,68.25,84.86,3.5,78.2,51,5.0,0,No,0,74.4865,1.5038461538461538,100.0,Meets Expectations
487792,Veer Mannan,Marketing,Marketing Executive,81,91.98,98.62,4.6,78.97,35,3.9,16,No,0,88.42549999999999,2.193611111111111,78.0,Exceeds Expectations
535918,Adira Raman,Finance,Accountant,83,84.46,95.99,3.1,76.63,41,3.4,21,No,0,80.07999999999998,1.8245238095238094,68.0,Exceeds Expectations
524534,Advika Shetty,IT,Software Engineer,88,81.96,96.31,3.0,71.65,45,3.1,3,No,0,77.21,1.557608695652174,62.0,Meets Expectations
355764,Charvi Kara,IT,Data Analyst,59,92.38,87.85,4.7,80.24,51,4.8,21,No,0,87.69449999999999,1.543076923076923,96.0,Exceeds Expectations
829980,Adah Ravi,IT,Cybersecurity Specialist,70,70.16,83.93,3.1,89.11,51,3.1,21,No,0,77.634,1.7136538461538462,62.0,Meets Expectations
966986,Hridaan Soman,Marketing,Marketing Executive,69,68.07,98.6,3.8,72.8,48,3.9,30,No,0,75.49449999999999,1.4857142857142858,78.0,Meets Expectations
988349,Kartik Banik,Sales,Sales Executive,80,65.2,84.5,4.1,78.03,52,4.4,0,No,0,75.10549999999999,1.4722641509433962,88.00000000000001,Meets Expectations
834139,Lakshay Hans,Marketing,SEO Specialist,73,67.95,76.32,3.3,74.11,51,3.7,20,No,0,71.069,1.4251923076923076,74.0,Meets Expectations
696050,Kiara Baria,HR,HR Manager,63,77.68,82.55,4.2,90.01,45,3.2,21,No,0,83.67399999999999,1.9567391304347828,64.0,Exceeds Expectations
166038,Anahi Rana,Marketing,Content Strategist,50,61.67,97.48,3.6,73.15,47,4.5,21,No,0,72.609,1.5239583333333335,90.0,Meets Expectations
215684,Amira Bhattacharyya,Sales,Business Development,53,63.6,90.8,4.4,92.77,42,4.0,17,No,0,81.5495,2.157441860465116,80.0,Exceeds Expectations
385606,Neelofar Singhal,HR,HR Manager,54,92.36,82.11,4.0,70.09,50,3.7,18,No,0,81.174,1.374313725490196,74.0,Exceeds Expectations
172962,Pari Bora,Marketing,Content Strategist,84,67.44,79.15,4.8,70.8,48,4.7,19,No,0,74.6565,1.4448979591836735,94.0,Meets Expectations
394198,Heer Manda,Finance,Accountant,94,91.53,88.58,4.4,91.0,41,3.6,16,No,0,90.37249999999999,2.1666666666666665,72.0,Exceeds Expectations
582316,Aradhya Rastogi,Sales,Business Development,51,60.44,99.05,4.7,71.23,42,3.3,4,No,0,75.04199999999999,1.656511627906977,65.99999999999999,Meets Expectations
911708,Prisha Ghose,Marketing,SEO Specialist,52,68.72,97.3,3.6,90.3,46,4.8,8,No,0,81.05199999999999,1.9212765957446807,96.0,Exceeds Expectations
152176,Uthkarsh Chaudhari,Finance,Financial Analyst,60,75.4,82.03,4.6,76.18,45,3.4,25,No,0,79.1575,1.6560869565217393,68.0,Meets Expectations
374439,Zaina Bhattacharyya,HR,Recruitment Specialist,50,63.52,75.13,4.4,71.86,41,3.4,21,No,0,71.85249999999999,1.710952380952381,68.0,Meets Expectations
694891,Zain Samra,Sales,Account Manager,89,60.81,83.85,3.0,76.8,40,3.8,11,No,0,69.741,1.873170731707317,76.0,Meets Expectations
406625,Nishith Rajagopal,HR,Recruitment Specialist,61,91.65,78.77,3.4,96.25,47,4.5,0,No,0,87.7805,2.0052083333333335,90.0,Exceeds Expectations
742879,Kavya Gara,HR,Employee Relations,54,90.6,75.48,3.2,81.24,44,3.5,28,No,0,81.06599999999999,1.8053333333333332,70.0,Exceeds Expectations
728778,Arnav Bhatnagar,Finance,Financial Analyst,100,76.12,85.91,4.5,97.24,53,4.4,15,Yes,1,87.0625,1.8007407407407408,88.00000000000001,Exceeds Expectations
950868,Ayesha Dave,Finance,Financial Analyst,66,70.86,91.27,3.2,74.12,49,3.2,4,No,0,74.03349999999999,1.4824000000000002,64.0,Meets Expectations
254544,Rati Loke,Sales,Account Manager,85,68.22,81.55,4.1,93.93,43,3.6,26,No,0,81.285,2.1347727272727273,72.0,Exceeds Expectations
318850,Farhan Chada,IT,Software Engineer,61,85.46,76.82,3.5,90.11,39,4.2,10,No,0,83.4725,2.25275,84.00000000000001,Exceeds Expectations
573370,Zeeshan Bajaj,Sales,Account Manager,90,60.8,80.94,3.3,99.48,49,4.6,2,Yes,1,78.13900000000001,1.9896,92.0,Meets Expectations
940884,Nishith Rout,IT,Cybersecurity Specialist,74,81.45,97.57,3.2,79.58,46,4.6,12,No,0,80.59599999999999,1.6931914893617022,92.0,Exceeds Expectations
203931,Shalv Bajaj,IT,Data Analyst,52,87.45,82.72,4.5,86.22,39,4.0,13,No,0,86.6925,2.1555,80.0,Exceeds Expectations
642094,Sara Kaul,Marketing,Content Strategist,93,83.62,95.61,3.5,97.75,41,4.2,4,Yes,1,88.321,2.3273809523809526,84.00000000000001,Exceeds Expectations
658286,Hansh Samra,IT,Cybersecurity Specialist,61,63.77,98.57,3.3,78.33,39,3.5,18,No,0,74.4205,1.95825,70.0,Meets Expectations
705020,Jayan Tiwari,IT,Software Engineer,85,80.56,88.51,3.2,84.48,48,4.6,3,No,0,80.64049999999999,1.7240816326530612,92.0,Exceeds Expectations
582295,Myra Balasubramanian,HR,Recruitment Specialist,62,61.09,83.79,4.2,96.51,38,5.0,2,No,0,80.32849999999999,2.474615384615385,100.0,Exceeds Expectations
776797,Khushi Soman,Sales,Sales Executive,63,73.03,84.32,4.9,93.75,42,3.5,21,No,0,85.721,2.1802325581395348,70.0,Exceeds Expectations
829898,Jiya Grover,Sales,Business Development,95,79.56,89.58,4.5,93.55,55,4.9,4,Yes,1,87.5255,1.6705357142857142,98.00000000000001,Exceeds Expectations
779862,Tiya Boase,Finance,Auditor,90,89.16,98.13,4.5,81.51,38,3.1,24,No,0,87.954,2.0900000000000003,62.0,Exceeds Expectations
251680,Veer Ghose,Sales,Business Development,66,82.73,96.64,4.4,96.94,42,4.3,14,No,0,90.5805,2.2544186046511627,86.0,Exceeds Expectations
521943,Nishith Devi,Marketing,Content Strategist,57,68.65,91.12,3.6,81.25,54,4.8,14,No,0,76.93299999999999,1.4772727272727273,96.0,Meets Expectations
288123,Saanvi Sarkar,Finance,Accountant,54,77.79,87.8,4.0,72.05,39,4.2,3,No,0,77.614,1.80125,84.00000000000001,Meets Expectations
902743,Ayesha Tata,IT,Software Engineer,79,81.86,94.45,4.4,80.84,40,4.8,20,No,0,84.3125,1.9717073170731707,96.0,Exceeds Expectations
242992,Fateh Venkatesh,IT,Cybersecurity Specialist,59,70.76,76.73,3.8,83.76,50,4.4,19,No,0,76.9915,1.6423529411764708,88.00000000000001,Meets Expectations
818722,Mamooty Dasgupta,Finance,Financial Analyst,62,93.13,87.09,4.7,92.25,39,4.8,30,No,0,92.0465,2.30625,96.0,Exceeds Expectations
984783,Nitara Sharaf,IT,Data Analyst,61,86.1,91.63,4.2,96.49,43,4.4,18,No,0,90.25099999999999,2.1929545454545454,88.00000000000001,Exceeds Expectations
189952,Nishith Koshy,HR,Recruitment Specialist,89,94.92,96.61,4.2,76.22,54,3.7,9,No,0,86.9905,1.3858181818181818,74.0,Exceeds Expectations
645549,Neysa Ramakrishnan,Sales,Business Development,66,69.64,91.97,3.8,81.79,49,5.0,5,No,0,78.19600000000001,1.6358000000000001,100.0,Meets Expectations
774078,Lakshit Joshi,IT,Software Engineer,92,70.0,78.46,3.2,80.6,53,4.0,5,No,0,74.07899999999998,1.4925925925925925,80.0,Meets Expectations
529471,Nakul Chad,Sales,Business Development,94,60.02,95.15,4.8,98.34,45,3.3,19,No,0,84.0985,2.137826086956522,65.99999999999999,Exceeds Expectations
459232,Sana Sura,Marketing,Marketing Executive,85,92.01,95.36,3.1,99.51,45,3.4,25,No,0,90.636,2.1632608695652173,68.0,Exceeds Expectations
292515,Dhanuk Kamdar,Sales,Sales Executive,73,72.48,85.09,4.5,76.91,38,4.2,10,No,0,78.55,1.9720512820512819,84.00000000000001,Meets Expectations
201265,Damini Date,Marketing,Content Strategist,89,70.39,88.22,3.9,73.09,50,3.5,13,No,0,75.151,1.4331372549019608,70.0,Meets Expectations
845074,Krish Gopal,IT,Data Analyst,83,94.0,94.01,4.5,87.44,37,3.3,27,No,0,91.10549999999999,2.3010526315789472,65.99999999999999,Exceeds Expectations
834424,Mahika Bala,Marketing,SEO Specialist,66,69.98,87.31,3.7,80.38,35,3.1,9,No,0,76.82249999999999,2.2327777777777778,62.0,Meets Expectations
749957,Yashvi Shankar,Sales,Account Manager,95,89.63,88.48,3.4,94.0,43,3.3,4,No,0,87.7425,2.1363636363636362,65.99999999999999,Exceeds Expectations
328589,Kartik Ramakrishnan,Marketing,SEO Specialist,68,67.7,91.21,3.2,80.79,35,4.4,21,No,0,75.25299999999999,2.2441666666666666,88.00000000000001,Meets Expectations
281726,Uthkarsh Kakar,Finance,Financial Analyst,62,91.45,94.96,4.6,72.25,47,3.8,19,No,0,85.339,1.5052083333333333,76.0,Exceeds Expectations
304341,Gatik Sharaf,Sales,Account Manager,51,81.52,93.68,3.1,74.3,43,5.0,10,No,0,77.889,1.6886363636363635,100.0,Meets Expectations
873474,Jivin Zachariah,Marketing,SEO Specialist,69,91.37,95.19,3.6,85.95,37,3.9,22,No,0,87.14049999999999,2.261842105263158,78.0,Exceeds Expectations
888575,Indrajit Amble,HR,HR Manager,59,93.55,78.99,4.4,80.93,44,3.7,11,No,0,86.1165,1.7984444444444445,74.0,Exceeds Expectations
261476,Zara Bahri,Marketing,SEO Specialist,97,91.43,85.54,4.6,70.77,36,4.9,18,Yes,1,83.401,1.9127027027027026,98.00000000000001,Exceeds Expectations
663202,Stuvan Sahni,HR,Recruitment Specialist,56,64.45,98.82,3.8,94.33,42,3.7,11,No,0,81.79599999999999,2.193720930232558,74.0,Exceeds Expectations
277155,Alisha Tella,IT,Data Analyst,93,70.09,81.84,4.9,83.42,47,4.8,2,Yes,1,80.7045,1.7379166666666668,96.0,Exceeds Expectations
207126,Mohanlal Dayal,Finance,Accountant,76,64.75,99.45,4.5,72.12,50,4.9,26,No,0,76.322,1.4141176470588237,98.00000000000001,Meets Expectations
210335,Anay Kar,HR,HR Manager,58,76.24,75.29,4.2,79.83,54,3.7,13,No,0,78.51799999999999,1.4514545454545453,74.0,Meets Expectations
480908,Khushi Rau,Marketing,SEO Specialist,72,87.36,82.37,4.5,87.96,39,3.3,20,No,0,87.2175,2.199,65.99999999999999,Exceeds Expectations
851215,Nishith Sehgal,Marketing,Marketing Executive,76,73.38,79.46,4.4,96.89,47,3.6,23,No,0,84.7135,2.0185416666666667,72.0,Exceeds Expectations
941004,Ishita Rajagopal,Finance,Financial Analyst,68,94.41,98.53,4.3,72.07,54,4.9,1,No,0,85.94749999999999,1.3103636363636362,98.00000000000001,Exceeds Expectations
161314,Manjari Sami,Marketing,Content Strategist,88,85.6,77.73,3.1,85.59,37,3.4,4,No,0,80.87599999999999,2.2523684210526316,68.0,Exceeds Expectations
933801,Lakshay Apte,Sales,Account Manager,98,90.08,79.34,4.0,81.44,38,4.8,22,Yes,1,83.93299999999999,2.088205128205128,96.0,Exceeds Expectations
668669,Tiya Acharya,IT,Data Analyst,65,74.33,79.89,4.9,91.16,40,5.0,21,No,0,84.605,2.223414634146341,100.0,Exceeds Expectations
803262,Divij Dada,IT,Data Analyst,86,69.84,78.65,4.8,92.09,49,3.8,0,No,0,82.87299999999999,1.8418,76.0,Exceeds Expectations
263373,Badal Mangat,IT,Software Engineer,51,92.4,89.92,3.5,94.57,48,4.4,4,No,0,89.42750000000001,1.93,88.00000000000001,Exceeds Expectations
815582,Pihu Kunda,Finance,Accountant,86,65.99,98.44,4.0,70.44,53,3.4,28,No,0,74.51649999999998,1.3044444444444443,68.0,Meets Expectations
515014,Mahika Luthra,Marketing,Marketing Executive,74,69.59,82.61,4.0,86.9,35,3.2,17,No,0,79.163,2.413888888888889,64.0,Meets Expectations
450579,Adah Majumdar,IT,Software Engineer,96,62.24,98.25,4.9,96.04,39,4.7,20,Yes,1,84.8355,2.4010000000000002,94.0,Exceeds Expectations
357862,Vardaniya Batta,IT,Cybersecurity Specialist,64,94.07,97.16,3.1,80.07,44,4.2,2,No,0,84.823,1.7793333333333332,84.00000000000001,Exceeds Expectations
729128,Heer Wali,Sales,Account Manager,97,91.15,80.17,4.4,97.97,40,4.7,30,Yes,1,91.41749999999999,2.3895121951219513,94.0,Exceeds Expectations
774019,Raghav Venkatesh,Sales,Sales Executive,52,66.57,98.54,4.2,76.19,39,4.6,13,No,0,77.347,1.90475,92.0,Meets Expectations
648788,Manjari Dubey,IT,Cybersecurity Specialist,56,88.77,85.43,4.2,76.66,54,3.6,4,No,0,83.31499999999998,1.3938181818181818,72.0,Exceeds Expectations
509441,Tushar Ranganathan,Sales,Business Development,50,61.66,80.14,4.6,70.85,46,3.2,18,No,0,72.19949999999999,1.5074468085106383,64.0,Meets Expectations
487626,Gatik Badami,Marketing,SEO Specialist,97,82.62,75.56,3.4,72.06,43,3.0,4,No,0,75.672,1.6377272727272727,60.0,Meets Expectations
796440,Ahana  Sathe,Finance,Accountant,90,63.51,76.3,3.9,85.72,36,3.9,28,No,0,75.37549999999999,2.3167567567567566,78.0,Meets Expectations
378122,Dhruv Bajaj,Marketing,SEO Specialist,52,81.68,84.31,3.6,82.48,50,4.8,24,No,0,80.9025,1.6172549019607845,96.0,Exceeds Expectations
391797,Yuvaan Chana,Finance,Auditor,96,90.03,82.5,3.6,80.37,48,3.8,11,No,0,82.815,1.640204081632653,76.0,Exceeds Expectations
910219,Suhana Sahni,Finance,Accountant,55,88.78,88.81,3.3,94.9,54,4.7,11,No,0,87.5095,1.7254545454545456,94.0,Exceeds Expectations
975730,Arnav Chaudhry,Finance,Auditor,77,70.99,86.79,4.0,94.65,50,4.2,3,No,0,82.99249999999999,1.8558823529411765,84.00000000000001,Exceeds Expectations
745704,Saksham Ratti,HR,Employee Relations,82,87.34,88.44,3.1,89.46,51,3.9,11,No,0,84.446,1.7203846153846152,78.0,Exceeds Expectations
998605,Sumer Sha,IT,Cybersecurity Specialist,80,80.82,87.53,4.1,92.55,50,3.9,18,No,0,86.109,1.8147058823529412,78.0,Exceeds Expectations
454551,Pranay Toor,Sales,Business Development,90,66.24,96.26,3.3,73.95,55,5.0,26,Yes,1,73.4055,1.3205357142857144,100.0,Meets Expectations
248037,Stuvan Kapoor,IT,Cybersecurity Specialist,84,74.98,90.71,3.3,87.07,44,4.3,0,No,0,80.224,1.9348888888888887,86.0,Exceeds Expectations
826954,Jiya Gara,Marketing,Content Strategist,81,85.61,94.38,3.1,81.02,42,5.0,18,No,0,81.77749999999999,1.8841860465116278,100.0,Exceeds Expectations
819942,Jiya Sami,Sales,Business Development,72,85.28,88.73,4.1,77.72,44,3.2,2,No,0,82.6595,1.727111111111111,64.0,Exceeds Expectations
494125,Kimaya Bhalla,Marketing,SEO Specialist,95,86.93,76.93,3.5,95.14,41,3.0,26,No,0,85.764,2.2652380952380953,60.0,Exceeds Expectations
974487,Keya Bumb,IT,Data Analyst,90,87.33,93.05,3.5,99.31,48,3.6,15,No,0,89.7815,2.0267346938775512,72.0,Exceeds Expectations
141601,Rati Batta,Finance,Financial Analyst,85,72.62,81.38,3.2,90.71,51,4.6,29,No,0,78.97249999999998,1.7444230769230769,92.0,Meets Expectations
402021,Kiara Tandon,HR,Recruitment Specialist,61,90.62,81.58,3.8,90.23,54,4.2,3,No,0,86.9345,1.6405454545454545,84.00000000000001,Exceeds Expectations
895201,Charvi Karan,Marketing,Marketing Executive,51,76.65,78.81,5.0,80.35,42,3.4,25,No,0,81.7715,1.8686046511627905,68.0,Exceeds Expectations
799217,Veer Sani,Finance,Financial Analyst,79,66.91,89.67,3.7,81.48,54,3.8,14,No,0,76.487,1.4814545454545456,76.0,Meets Expectations
355668,Hansh Bali,Finance,Financial Analyst,96,93.89,93.42,3.5,85.3,53,3.0,11,No,0,87.2295,1.5796296296296295,60.0,Exceeds Expectations
736430,Divij Kurian,Sales,Business Development,82,91.87,96.03,3.5,75.14,49,3.2,27,No,0,83.358,1.5028,64.0,Exceeds Expectations
917326,Armaan Bhakta,IT,Data Analyst,96,81.12,99.01,4.8,85.89,55,3.4,1,No,0,87.70499999999998,1.53375,68.0,Exceeds Expectations
384302,Mannat Varkey,Marketing,Marketing Executive,63,73.95,86.07,4.5,99.81,42,3.7,29,No,0,87.22649999999999,2.3211627906976746,74.0,Exceeds Expectations
733720,Zain Sur,Sales,Business Development,86,94.42,75.78,3.3,95.54,53,5.0,1,Yes,1,87.753,1.7692592592592593,100.0,Exceeds Expectations
200768,Zaina Dutta,Marketing,Marketing Executive,98,79.43,94.37,4.0,89.24,38,3.2,10,No,0,85.19,2.288205128205128,64.0,Exceeds Expectations
621993,Ayesha Zacharia,IT,Cybersecurity Specialist,54,79.45,77.14,4.8,87.3,46,4.0,17,No,0,84.33349999999999,1.8574468085106381,80.0,Exceeds Expectations
755521,Umang Basu,HR,Employee Relations,80,86.33,82.34,3.5,89.36,49,4.7,15,No,0,84.3425,1.7872,94.0,Exceeds Expectations
745851,Navya Swamy,IT,Software Engineer,72,73.06,90.16,4.9,77.22,51,4.5,23,No,0,80.822,1.4849999999999999,90.0,Exceeds Expectations
937038,Miraan Karan,Sales,Business Development,96,80.11,81.5,3.1,82.42,36,4.4,26,Yes,1,78.41049999999998,2.2275675675675677,88.00000000000001,Meets Expectations
588709,Vedika Karnik,Sales,Sales Executive,53,75.36,76.53,3.4,96.21,50,4.5,4,No,0,81.729,1.886470588235294,90.0,Exceeds Expectations
942288,Ira Gokhale,Sales,Business Development,73,93.87,86.64,3.4,70.84,36,3.6,18,No,0,80.8445,1.9145945945945946,72.0,Exceeds Expectations
965059,Nayantara Chakrabarti,HR,Recruitment Specialist,96,88.12,90.16,3.6,81.36,40,3.4,29,No,0,83.642,1.984390243902439,68.0,Exceeds Expectations
544630,Hansh Manda,IT,Data Analyst,74,68.5,76.43,3.6,82.21,44,5.0,10,No,0,75.01299999999999,1.8268888888888888,100.0,Meets Expectations
277711,Seher Uppal,Finance,Accountant,94,94.19,78.77,5.0,75.44,55,4.1,5,Yes,1,86.18599999999999,1.3471428571428572,82.0,Exceeds Expectations
288469,Madhav Randhawa,IT,Data Analyst,89,76.11,96.2,4.7,70.51,52,4.3,9,Yes,1,79.84699999999998,1.330377358490566,86.0,Meets Expectations
162230,Umang Kapur,Sales,Business Development,89,67.18,82.28,4.4,99.62,45,4.0,18,No,0,83.922,2.1656521739130437,80.0,Exceeds Expectations
119844,Pranay Swaminathan,Finance,Auditor,97,64.41,81.82,3.2,89.68,35,4.1,6,Yes,1,75.80449999999999,2.4911111111111115,82.0,Meets Expectations
168043,Vedika Chaudhari,IT,Cybersecurity Specialist,86,70.24,97.27,4.2,72.96,36,4.7,10,Yes,1,77.31049999999999,1.9718918918918917,94.0,Meets Expectations
381819,Manikya Ravel,Sales,Sales Executive,77,83.58,97.72,3.2,92.64,40,3.3,26,No,0,85.93499999999999,2.2595121951219515,65.99999999999999,Exceeds Expectations
832827,Kiaan Majumdar,Finance,Accountant,92,66.85,95.78,4.4,94.94,49,4.0,0,No,0,84.1935,1.8988,80.0,Exceeds Expectations
641315,Anya Dugar,Marketing,Marketing Executive,76,88.04,77.68,3.5,94.58,48,4.2,23,No,0,86.06899999999999,1.9302040816326531,84.00000000000001,Exceeds Expectations
221239,Badal Bal,Sales,Account Manager,69,70.35,75.84,3.6,86.64,40,3.5,5,No,0,77.12249999999999,2.113170731707317,70.0,Meets Expectations
402377,Kimaya Kara,Sales,Business Development,51,72.99,78.19,4.3,87.46,39,3.0,6,No,0,80.786,2.1864999999999997,60.0,Exceeds Expectations
799916,Zaina Mangat,HR,Employee Relations,85,92.0,98.81,4.3,97.01,43,4.0,20,No,0,93.875,2.2047727272727276,80.0,Exceeds Expectations
809020,Samar Shankar,Sales,Sales Executive,75,83.43,99.94,3.5,75.94,38,3.5,28,No,0,81.2705,1.9471794871794872,70.0,Exceeds Expectations
997808,Gokul Sahota,Marketing,Content Strategist,72,92.76,95.33,4.2,86.88,55,5.0,24,No,0,89.77349999999998,1.5514285714285714,100.0,Exceeds Expectations
366596,Sumer Bhatt,Finance,Financial Analyst,65,89.75,98.77,4.9,82.95,55,4.7,12,No,0,89.9605,1.48125,94.0,Exceeds Expectations
281969,Divit Sodhi,IT,Software Engineer,59,84.48,95.34,4.3,73.02,47,3.9,24,No,0,82.32600000000001,1.52125,78.0,Exceeds Expectations
197024,Mannat Swamy,HR,Recruitment Specialist,97,90.95,96.87,3.2,84.85,53,4.3,13,Yes,1,85.66049999999998,1.5712962962962962,86.0,Exceeds Expectations
285447,Mamooty Kannan,Sales,Account Manager,96,88.12,97.29,4.9,98.77,35,4.7,29,Yes,1,94.705,2.743611111111111,94.0,Exceeds Expectations
398601,Priyansh Bir,Finance,Auditor,87,70.49,75.59,3.3,73.42,53,4.0,14,No,0,71.607,1.3596296296296297,80.0,Meets Expectations
650966,Kashvi Barad,HR,Employee Relations,64,81.13,79.07,4.6,96.63,41,3.6,25,No,0,87.8765,2.3007142857142857,72.0,Exceeds Expectations
415568,Manjari Devi,Marketing,Marketing Executive,59,80.17,76.09,4.3,99.94,37,3.5,0,No,0,87.352,2.63,70.0,Exceeds Expectations
193509,Bhamini Saran,Marketing,Content Strategist,77,89.32,96.53,3.5,87.41,37,4.6,2,No,0,86.835,2.3002631578947366,92.0,Exceeds Expectations
289849,Ojas Shah,HR,HR Manager,93,90.12,96.29,4.8,70.51,48,4.9,28,Yes,1,85.064,1.4389795918367347,98.00000000000001,Exceeds Expectations
795903,Aaina Vyas,HR,Recruitment Specialist,61,91.1,96.19,4.0,78.2,44,4.3,3,No,0,85.6835,1.7377777777777779,86.0,Exceeds Expectations
406677,Anaya Ram,HR,HR Manager,99,72.1,97.29,3.4,98.61,53,4.9,28,Yes,1,84.542,1.826111111111111,98.00000000000001,Exceeds Expectations
709372,Aradhya Ghosh,IT,Data Analyst,64,79.25,87.33,3.0,79.82,54,4.3,0,No,0,77.774,1.451272727272727,86.0,Meets Expectations
257403,Heer Ram,HR,Recruitment Specialist,57,66.79,90.47,3.3,90.56,46,4.3,0,No,0,78.543,1.926808510638298,86.0,Meets Expectations
951348,Reyansh Sankaran,Marketing,Content Strategist,71,86.19,86.7,4.1,96.78,47,4.3,30,No,0,89.34449999999998,2.01625,86.0,Exceeds Expectations
557824,Anay Kothari,Finance,Accountant,79,81.67,83.12,4.7,95.37,45,4.4,6,No,0,88.532,2.0732608695652175,88.00000000000001,Exceeds Expectations
283137,Anay Gara,Sales,Business Development,76,88.54,92.4,4.3,83.46,37,3.0,6,No,0,86.96000000000001,2.196315789473684,60.0,Exceeds Expectations
541829,Trisha Batra,Marketing,Content Strategist,76,63.76,96.59,3.1,81.24,51,3.1,1,No,0,74.5385,1.5623076923076922,62.0,Meets Expectations
338202,Rasha Deshpande,HR,Recruitment Specialist,62,77.84,93.31,4.4,74.95,47,4.5,16,No,0,80.673,1.5614583333333334,90.0,Exceeds Expectations
930806,Rohan Jaggi,Finance,Financial Analyst,74,84.21,88.22,3.8,73.89,52,4.9,29,No,0,79.968,1.3941509433962265,98.00000000000001,Meets Expectations
132187,Armaan Gara,Sales,Business Development,84,83.61,84.64,3.2,95.22,41,4.3,4,No,0,84.88649999999998,2.267142857142857,86.0,Exceeds Expectations
227704,Gokul Kamdar,HR,HR Manager,78,64.0,75.75,4.1,75.71,49,3.0,6,No,0,72.56099999999999,1.5141999999999998,60.0,Meets Expectations
804659,Miraya Bhat,HR,HR Manager,82,83.17,89.62,3.5,79.13,40,3.8,0,No,0,80.74799999999999,1.93,76.0,Exceeds Expectations
274246,Anaya Rana,HR,Recruitment Specialist,82,94.36,76.02,3.9,76.0,47,3.3,1,No,0,82.729,1.5833333333333333,65.99999999999999,Exceeds Expectations
383483,Ishaan Goel,Finance,Auditor,96,84.77,86.72,3.7,70.3,41,4.1,28,Yes,1,78.38249999999998,1.6738095238095236,82.0,Meets Expectations
949218,Mannat Choudhury,IT,Software Engineer,55,87.69,78.35,4.2,84.61,45,3.5,26,No,0,84.65749999999998,1.8393478260869565,70.0,Exceeds Expectations
862029,Heer Tara,HR,Employee Relations,68,90.72,90.17,4.4,97.05,39,3.5,25,No,0,92.445,2.42625,70.0,Exceeds Expectations
291107,Pihu Sheth,IT,Cybersecurity Specialist,85,79.87,94.92,4.9,74.9,45,4.1,9,No,0,83.1075,1.6282608695652174,82.0,Exceeds Expectations
543111,Inaaya  Sane,IT,Software Engineer,100,74.52,97.04,4.4,82.64,46,4.5,11,Yes,1,82.762,1.7582978723404254,90.0,Exceeds Expectations
755709,Aarna Kakar,Sales,Business Development,70,65.11,86.18,4.1,90.61,45,4.1,10,No,0,79.729,1.9697826086956522,82.0,Meets Expectations
663449,Miraan Ramaswamy,Marketing,SEO Specialist,95,73.83,86.48,3.0,93.52,44,4.4,28,Yes,1,80.5445,2.078222222222222,88.00000000000001,Exceeds Expectations
290729,Sana Cherian,Marketing,Content Strategist,72,83.52,88.48,3.8,98.34,36,3.9,24,No,0,88.32300000000001,2.657837837837838,78.0,Exceeds Expectations
961300,Sumer Swaminathan,Sales,Business Development,76,60.12,95.76,4.8,88.72,43,4.8,8,No,0,80.858,2.016363636363636,96.0,Exceeds Expectations
232977,Zain Kalla,Sales,Sales Executive,80,76.23,86.22,4.3,98.27,47,4.4,10,No,0,86.90799999999999,2.0472916666666667,88.00000000000001,Exceeds Expectations
916530,Kartik Saraf,Sales,Account Manager,66,83.37,86.69,4.0,95.46,52,3.3,11,No,0,87.594,1.801132075471698,65.99999999999999,Exceeds Expectations
260061,Indrans Dara,Sales,Sales Executive,98,74.36,90.87,4.0,77.73,48,3.3,18,No,0,78.862,1.586326530612245,65.99999999999999,Meets Expectations
177090,Zoya Wali,Finance,Auditor,99,77.28,91.44,4.6,74.89,43,3.0,10,No,0,80.7755,1.7020454545454546,60.0,Exceeds Expectations
622711,Kismat Yohannan,IT,Data Analyst,88,91.3,75.36,3.9,74.87,54,4.9,12,Yes,1,81.1635,1.3612727272727274,98.00000000000001,Exceeds Expectations
784817,Indranil Brahmbhatt,Sales,Sales Executive,83,89.41,98.91,4.8,77.04,47,4.7,18,No,0,87.494,1.6050000000000002,94.0,Exceeds Expectations
501214,Sumer Swamy,HR,Recruitment Specialist,57,78.22,95.6,3.7,71.12,41,3.9,8,No,0,77.70899999999999,1.6933333333333334,78.0,Meets Expectations
426228,Lavanya Thakkar,Finance,Auditor,100,62.65,76.84,3.1,86.22,41,4.5,22,Yes,1,72.9305,2.052857142857143,90.0,Meets Expectations
194039,Indranil Rau,HR,HR Manager,79,64.23,76.08,4.0,97.84,53,3.4,30,No,0,80.1365,1.8118518518518518,68.0,Exceeds Expectations
126871,Uthkarsh Joshi,Sales,Account Manager,58,87.83,87.97,4.9,95.34,38,4.3,22,No,0,92.005,2.4446153846153846,86.0,Exceeds Expectations
505071,Badal Raja,HR,Recruitment Specialist,80,75.55,76.44,4.9,76.7,36,3.7,21,No,0,79.45349999999999,2.072972972972973,74.0,Meets Expectations
674045,Ayesha Divan,Finance,Auditor,72,89.78,91.59,4.5,79.4,36,4.6,28,No,0,86.4515,2.1459459459459462,92.0,Exceeds Expectations
918665,Adah Dara,Sales,Business Development,87,71.76,84.21,3.1,88.25,35,3.5,19,No,0,77.935,2.451388888888889,70.0,Meets Expectations
393484,Lakshit Kannan,IT,Software Engineer,90,69.04,89.72,4.2,87.04,42,4.0,6,No,0,80.68599999999999,2.024186046511628,80.0,Exceeds Expectations
448359,Advik Tara,IT,Cybersecurity Specialist,85,86.81,78.35,3.5,82.22,40,3.8,16,No,0,81.413,2.0053658536585366,76.0,Exceeds Expectations
897753,Aradhya Dhingra,IT,Software Engineer,82,76.73,93.71,3.2,78.61,44,3.4,2,No,0,78.0255,1.746888888888889,68.0,Meets Expectations
265525,Misha Dixit,Marketing,Marketing Executive,81,87.97,89.2,4.9,93.53,43,4.9,16,No,0,91.605,2.125681818181818,98.00000000000001,Exceeds Expectations
568662,Nakul Maharaj,Sales,Business Development,79,94.29,84.05,3.4,87.2,47,4.6,11,No,0,86.32900000000001,1.8166666666666667,92.0,Exceeds Expectations
213349,Sana Goda,Sales,Sales Executive,54,79.33,88.08,3.7,99.08,44,4.2,10,No,0,86.7555,2.2017777777777776,84.00000000000001,Exceeds Expectations
886394,Aniruddh Sathe,Marketing,Content Strategist,53,84.57,82.76,3.0,97.42,36,4.1,20,No,0,85.1105,2.632972972972973,82.0,Exceeds Expectations
323829,Nishith Dhar,Marketing,SEO Specialist,55,83.29,97.13,3.6,86.25,38,4.2,15,No,0,84.7085,2.2115384615384617,84.00000000000001,Exceeds Expectations
225689,Veer Kurian,HR,Employee Relations,77,88.91,93.05,3.3,94.78,41,4.6,29,No,0,88.149,2.256666666666667,92.0,Exceeds Expectations
483986,Yakshit Agrawal,Finance,Auditor,61,84.35,89.95,3.3,71.31,53,4.1,0,No,0,77.8735,1.3205555555555557,82.0,Meets Expectations
186868,Samar Chatterjee,Marketing,Marketing Executive,80,64.93,96.54,3.3,86.84,47,3.6,21,No,0,77.5005,1.8091666666666668,72.0,Meets Expectations
981385,Saanvi Salvi,HR,Recruitment Specialist,73,69.48,78.91,4.2,87.13,51,3.6,27,No,0,79.24999999999999,1.675576923076923,72.0,Meets Expectations
772849,Khushi Kala,Marketing,Marketing Executive,73,64.77,81.71,4.1,79.82,40,5.0,13,No,0,75.163,1.9468292682926827,100.0,Meets Expectations
522029,Ivana Rout,IT,Data Analyst,60,68.54,95.63,4.9,95.98,55,4.5,26,No,0,86.6265,1.7139285714285715,90.0,Exceeds Expectations
861582,Kiaan Rana,Sales,Sales Executive,58,70.82,93.52,3.6,74.5,54,4.3,5,No,0,75.68999999999998,1.3545454545454545,86.0,Meets Expectations
648545,Divij Sahni,Sales,Sales Executive,84,82.72,76.55,4.1,75.77,41,4.6,11,No,0,79.25399999999999,1.804047619047619,92.0,Meets Expectations
116007,Dharmajan Karpe,Marketing,SEO Specialist,50,89.21,88.87,4.1,99.63,39,4.1,25,No,0,91.72449999999999,2.49075,82.0,Exceeds Expectations
387250,Vedika Bahl,HR,Recruitment Specialist,61,75.58,84.37,4.2,88.93,55,4.1,7,No,0,82.83399999999999,1.5880357142857144,82.0,Exceeds Expectations
526973,Nirvi Golla,IT,Cybersecurity Specialist,75,81.58,87.21,3.8,94.68,53,4.7,10,No,0,86.1725,1.7533333333333334,94.0,Exceeds Expectations
281482,Bhamini Bose,HR,Recruitment Specialist,61,60.06,89.49,4.6,83.51,47,4.7,20,No,0,77.473,1.7397916666666668,94.0,Meets Expectations
431983,Mahika Reddy,Marketing,SEO Specialist,82,81.69,76.35,3.8,92.1,37,4.7,25,No,0,83.679,2.4236842105263157,94.0,Exceeds Expectations
674804,Hrishita Kapadia,Finance,Accountant,51,62.86,93.55,3.5,94.9,54,3.3,3,No,0,79.7485,1.7254545454545456,65.99999999999999,Meets Expectations
216033,Zain Kata,IT,Software Engineer,69,77.21,93.77,4.9,90.3,46,4.8,10,No,0,87.39399999999999,1.9212765957446807,96.0,Exceeds Expectations
421596,Dhruv Kashyap,IT,Cybersecurity Specialist,74,69.61,94.39,3.2,99.53,47,4.7,25,No,0,82.9575,2.073541666666667,94.0,Exceeds Expectations
514857,Krish Chaudhry,HR,Employee Relations,90,60.81,95.26,3.0,80.46,53,3.4,4,No,0,72.73349999999999,1.49,68.0,Meets Expectations
776178,Jivin Wagle,IT,Software Engineer,55,78.79,79.19,3.8,89.39,45,3.7,28,No,0,82.14150000000001,1.9432608695652174,74.0,Exceeds Expectations
718595,Veer Sabharwal,HR,HR Manager,56,83.63,81.27,4.6,86.4,50,3.1,0,No,0,85.50099999999999,1.6941176470588237,62.0,Exceeds Expectations
502395,Navya Issac,HR,Employee Relations,67,70.79,79.98,3.2,95.85,48,4.5,30,No,0,79.92099999999999,1.9561224489795916,90.0,Meets Expectations
678611,Zain Tak,IT,Data Analyst,66,91.39,91.09,3.7,77.82,46,4.2,29,No,0,83.987,1.6557446808510636,84.00000000000001,Exceeds Expectations
835755,Hazel Dara,HR,HR Manager,97,79.49,81.48,4.1,99.52,46,4.0,6,No,0,87.17549999999999,2.117446808510638,80.0,Exceeds Expectations
776133,Mannat Krishna,Marketing,SEO Specialist,65,72.96,99.55,3.4,71.72,53,3.3,29,No,0,75.7705,1.328148148148148,65.99999999999999,Meets Expectations
440783,Pihu Mand,Sales,Sales Executive,74,88.34,75.18,3.6,79.61,42,4.8,25,No,0,80.8595,1.8513953488372092,96.0,Exceeds Expectations
963366,Jayesh Aggarwal,IT,Data Analyst,98,68.26,96.69,4.2,84.69,45,4.7,16,Yes,1,80.636,1.8410869565217391,94.0,Exceeds Expectations
138715,Miraan Walia,Sales,Sales Executive,73,74.59,80.39,3.5,84.75,36,4.7,25,No,0,78.3275,2.2905405405405403,94.0,Meets Expectations
754534,Sana Ghose,IT,Software Engineer,51,61.08,88.38,3.9,92.43,55,4.2,25,No,0,78.6855,1.6505357142857144,84.00000000000001,Meets Expectations
177440,Shanaya Kuruvilla,HR,Employee Relations,53,86.37,97.66,3.9,98.45,49,3.1,10,No,0,91.036,1.969,62.0,Exceeds Expectations
619070,Trisha Walia,Sales,Account Manager,68,90.48,92.51,3.0,70.65,45,3.5,26,No,0,79.27199999999999,1.5358695652173915,70.0,Meets Expectations
764685,Miraya Ben,Marketing,SEO Specialist,77,72.83,91.02,4.9,80.57,38,4.2,30,No,0,82.04299999999999,2.0658974358974356,84.00000000000001,Exceeds Expectations
276271,Jivin Lala,Finance,Accountant,84,93.82,81.83,3.5,85.43,52,3.8,7,No,0,85.512,1.6118867924528304,76.0,Exceeds Expectations
799372,Hridaan Choudhury,Marketing,SEO Specialist,87,80.59,90.05,4.8,85.48,55,3.5,24,No,0,86.03199999999998,1.5264285714285715,70.0,Exceeds Expectations
582436,Pihu Maharaj,IT,Software Engineer,96,64.99,95.59,3.8,70.75,53,3.5,21,No,0,73.2475,1.3101851851851851,70.0,Meets Expectations
869034,Zeeshan Chopra,Finance,Accountant,56,61.76,85.88,4.0,72.72,44,4.0,7,No,0,71.94999999999999,1.6159999999999999,80.0,Meets Expectations
243721,Inaaya  Chaudhari,Marketing,SEO Specialist,97,87.67,94.07,4.1,74.2,39,4.0,0,No,0,83.065,1.855,80.0,Exceeds Expectations
919860,Trisha Krishna,Finance,Accountant,78,61.28,84.62,4.9,81.03,38,3.0,16,No,0,77.2015,2.0776923076923075,60.0,Meets Expectations
905961,Hrishita Sarraf,Sales,Account Manager,66,78.55,81.06,3.4,79.82,54,4.8,14,No,0,77.7885,1.451272727272727,96.0,Meets Expectations
452755,Lakshit Karan,Sales,Business Development,92,76.58,91.15,5.0,85.45,54,4.7,18,Yes,1,85.383,1.5536363636363637,94.0,Exceeds Expectations
894052,Zeeshan Majumdar,Sales,Account Manager,87,91.89,88.28,3.6,94.22,45,4.8,22,Yes,1,89.1805,2.0482608695652176,96.0,Exceeds Expectations
403969,Dhanush Venkataraman,HR,HR Manager,92,60.73,80.12,4.6,79.88,51,5.0,17,Yes,1,75.0315,1.536153846153846,100.0,Meets Expectations
567358,Saira Vala,Sales,Business Development,90,85.64,92.05,4.8,75.91,49,4.2,22,Yes,1,84.75,1.5182,84.00000000000001,Exceeds Expectations
816400,Vidur Gandhi,Finance,Auditor,92,88.25,93.07,3.9,86.51,50,3.9,28,No,0,86.8265,1.6962745098039216,78.0,Exceeds Expectations
969538,Aniruddh Koshy,IT,Software Engineer,84,92.59,86.11,4.5,75.69,36,4.7,21,No,0,85.3145,2.0456756756756755,94.0,Exceeds Expectations
547443,Miraya Warrior,HR,Employee Relations,66,93.95,96.7,3.1,71.5,41,3.6,1,No,0,81.71249999999999,1.7023809523809523,72.0,Exceeds Expectations
474974,Ira Das,Sales,Business Development,86,63.96,79.03,4.1,91.1,37,3.2,9,No,0,78.42549999999999,2.3973684210526316,64.0,Meets Expectations
922428,Prisha Gade,Marketing,SEO Specialist,56,72.57,85.73,4.7,93.77,54,4.5,0,No,0,85.17849999999999,1.704909090909091,90.0,Exceeds Expectations
427532,Biju Yogi,Marketing,SEO Specialist,55,92.3,86.8,3.7,95.28,51,4.5,6,No,0,89.77299999999998,1.8323076923076924,90.0,Exceeds Expectations
577953,Emir Dhillon,Sales,Account Manager,66,72.09,81.55,4.5,89.46,46,3.2,9,No,0,82.27499999999999,1.9034042553191488,64.0,Exceeds Expectations
155063,Jivika Gera,Finance,Auditor,87,85.44,90.17,4.3,89.51,53,4.6,25,Yes,1,87.658,1.6575925925925927,92.0,Exceeds Expectations
468678,Ishaan Sankaran,IT,Software Engineer,87,81.17,93.89,4.7,91.95,49,3.4,30,No,0,88.7755,1.839,68.0,Exceeds Expectations
497122,Charvi Sachdev,Marketing,Marketing Executive,87,83.01,83.4,4.3,71.45,53,3.9,23,No,0,79.471,1.3231481481481482,78.0,Meets Expectations
357902,Dishani Seshadri,Finance,Auditor,96,67.84,78.24,3.6,74.79,50,4.6,3,Yes,1,72.4565,1.4664705882352942,92.0,Meets Expectations
977477,Madhav Suri,Marketing,Marketing Executive,60,82.33,82.16,3.2,70.2,40,4.8,6,No,0,75.30949999999999,1.7121951219512195,96.0,Meets Expectations
689546,Emir Brahmbhatt,HR,Recruitment Specialist,98,77.22,90.26,4.5,95.85,45,3.5,26,No,0,87.6135,2.0836956521739127,70.0,Exceeds Expectations
167558,Navya Saini,IT,Cybersecurity Specialist,86,87.57,83.31,4.3,90.34,46,4.9,8,Yes,1,87.665,1.922127659574468,98.00000000000001,Exceeds Expectations
117098,Diya Dara,Finance,Financial Analyst,50,68.33,87.34,3.7,98.85,38,3.5,22,No,0,82.71399999999998,2.5346153846153845,70.0,Exceeds Expectations
852250,Farhan Sane,Finance,Auditor,90,79.57,83.81,3.7,70.01,45,3.7,21,No,0,76.02449999999999,1.5219565217391307,74.0,Meets Expectations
821875,Manjari Kakar,HR,Recruitment Specialist,57,76.24,90.96,4.5,78.25,41,4.8,26,No,0,81.21549999999999,1.8630952380952381,96.0,Exceeds Expectations
609080,Mannat Mane,Marketing,SEO Specialist,54,68.82,88.11,3.9,86.39,47,4.3,10,No,0,79.24,1.7997916666666667,86.0,Meets Expectations
540899,Jhanvi Korpal,Finance,Financial Analyst,50,77.24,75.06,3.1,97.4,48,4.9,22,No,0,81.68299999999999,1.9877551020408164,98.00000000000001,Exceeds Expectations
818984,Tejas Buch,Finance,Financial Analyst,60,67.59,91.5,3.4,79.9,36,3.4,6,No,0,75.5465,2.15945945945946,68.0,Meets Expectations
125355,Shaan Bhat,Finance,Financial Analyst,58,76.85,92.07,5.0,96.65,42,3.9,25,No,0,89.5355,2.2476744186046513,78.0,Exceeds Expectations
286027,Bhamini Bhat,Sales,Business Development,63,89.87,86.69,4.2,84.48,36,3.3,29,No,0,86.62599999999999,2.2832432432432435,65.99999999999999,Exceeds Expectations
165030,Nehmat Wali,HR,HR Manager,64,75.58,79.48,3.5,83.74,43,3.2,20,No,0,78.184,1.903181818181818,64.0,Meets Expectations
751118,Anvi Loke,Finance,Accountant,96,73.97,99.89,4.3,80.52,36,3.2,6,No,0,81.955,2.176216216216216,64.0,Exceeds Expectations
273890,Umang Swaminathan,Finance,Financial Analyst,52,71.44,99.41,4.2,89.38,46,3.7,28,No,0,83.79849999999999,1.9017021276595745,74.0,Exceeds Expectations
600472,Azad Kota,IT,Software Engineer,86,81.3,99.04,4.7,99.5,42,3.6,21,No,0,92.23599999999999,2.313953488372093,72.0,Exceeds Expectations
153562,Hazel Vora,HR,Employee Relations,72,76.05,76.74,3.2,92.17,51,3.5,5,No,0,79.98799999999999,1.7725,70.0,Meets Expectations
439150,Nirvaan Sandal,Finance,Accountant,96,89.91,79.33,3.5,80.47,52,3.7,16,No,0,82.0325,1.5183018867924527,74.0,Exceeds Expectations
849801,Aarush Bora,Finance,Auditor,85,71.91,88.4,4.0,97.47,39,4.8,5,No,0,84.543,2.43675,96.0,Exceeds Expectations
154750,Mohanlal Korpal,HR,HR Manager,52,61.37,87.92,3.2,74.71,54,3.2,9,No,0,70.416,1.3583636363636362,64.0,Meets Expectations
841302,Kabir Wali,HR,HR Manager,95,82.26,90.12,3.3,78.62,44,3.7,0,No,0,79.726,1.7471111111111113,74.0,Meets Expectations
647216,Rania Dua,Finance,Auditor,80,62.9,88.26,4.6,90.48,54,3.0,17,No,0,80.722,1.6450909090909092,60.0,Exceeds Expectations
944276,Kiaan Shukla,Marketing,SEO Specialist,56,78.29,95.01,3.8,79.25,37,3.7,20,No,0,80.79050000000001,2.085526315789474,74.0,Exceeds Expectations
322502,Anaya Loke,Marketing,Marketing Executive,63,67.74,87.51,4.0,81.04,37,4.3,1,No,0,77.1995,2.1326315789473687,86.0,Meets Expectations
514165,Ayesha Dugar,IT,Data Analyst,98,67.05,98.42,4.0,72.04,35,4.7,24,Yes,1,75.4445,2.0011111111111113,94.0,Meets Expectations
438675,Hansh Dey,Marketing,Marketing Executive,58,92.82,79.02,4.9,90.56,41,4.3,4,No,0,90.73599999999999,2.1561904761904764,86.0,Exceeds Expectations
521435,Chirag Chada,Finance,Auditor,93,92.91,99.08,3.1,87.98,40,4.9,7,Yes,1,87.47349999999999,2.1458536585365855,98.00000000000001,Exceeds Expectations
339655,Romil Shere,Marketing,Content Strategist,61,82.24,98.66,3.8,74.95,41,3.7,0,No,0,81.21549999999999,1.7845238095238096,74.0,Exceeds Expectations
160742,Mahika Salvi,Marketing,SEO Specialist,67,64.02,82.52,3.7,71.55,54,3.3,22,No,0,70.9275,1.3009090909090908,65.99999999999999,Meets Expectations
717216,Vritika Dewan,Marketing,Marketing Executive,69,71.97,80.02,4.5,86.84,39,4.2,0,No,0,81.0865,2.1710000000000003,84.00000000000001,Exceeds Expectations
746741,Ayesha Sahota,Finance,Auditor,64,93.55,95.87,4.5,94.97,52,4.0,30,No,0,93.8625,1.7918867924528301,80.0,Exceeds Expectations
210952,Ivana Sarin,HR,Employee Relations,80,89.73,79.47,3.7,79.36,45,3.5,19,No,0,82.202,1.7252173913043478,70.0,Exceeds Expectations
862635,Vaibhav Dhar,Marketing,Content Strategist,76,84.16,85.99,4.7,79.62,50,3.1,26,No,0,84.32149999999999,1.5611764705882354,62.0,Exceeds Expectations
279951,Diya Kalla,Finance,Financial Analyst,82,61.02,92.88,3.0,90.69,48,3.3,4,No,0,76.0305,1.8508163265306121,65.99999999999999,Meets Expectations
479739,Hridaan Sengupta,Finance,Auditor,51,82.1,78.31,3.5,73.02,44,4.0,0,No,0,76.5385,1.6226666666666665,80.0,Meets Expectations
269730,Divij Vala,Finance,Auditor,74,86.82,89.14,4.1,75.8,35,3.3,7,No,0,82.588,2.1055555555555556,65.99999999999999,Exceeds Expectations
560747,Samiha Walia,Marketing,Marketing Executive,96,67.39,77.55,3.2,81.84,42,3.5,22,No,0,73.463,1.9032558139534885,70.0,Meets Expectations
748950,Dhanush Swaminathan,Marketing,SEO Specialist,51,88.77,97.26,4.7,75.69,47,4.2,0,No,0,86.24999999999999,1.576875,84.00000000000001,Exceeds Expectations
943105,Yashvi Dash,Finance,Financial Analyst,97,78.65,77.16,4.6,91.75,47,3.7,20,No,0,85.014,1.9114583333333333,74.0,Exceeds Expectations
757399,Gatik Grewal,Marketing,SEO Specialist,94,76.27,99.98,3.0,91.6,55,3.1,25,No,0,82.7515,1.6357142857142857,62.0,Exceeds Expectations
124294,Aradhya Rana,Sales,Sales Executive,72,77.82,83.18,4.9,88.63,48,3.8,15,No,0,85.4345,1.8087755102040814,76.0,Exceeds Expectations
701076,Jivin Srivastava,Finance,Accountant,93,73.31,88.8,4.1,75.07,44,4.7,11,Yes,1,77.55299999999998,1.668222222222222,94.0,Meets Expectations
336895,Adah Sagar,Sales,Account Manager,95,74.91,77.49,3.0,88.68,40,4.0,23,No,0,77.88,2.162926829268293,80.0,Meets Expectations
395946,Aniruddh Handa,Sales,Account Manager,71,86.86,78.96,3.1,91.59,46,3.2,28,No,0,83.60149999999999,1.9487234042553192,64.0,Exceeds Expectations
712427,Anay Sarraf,Marketing,SEO Specialist,67,65.08,77.97,4.9,86.29,54,4.9,6,No,0,79.375,1.568909090909091,98.00000000000001,Meets Expectations
812203,Samarth Sethi,Finance,Auditor,90,71.3,86.11,3.9,89.8,43,4.5,28,Yes,1,81.0015,2.040909090909091,90.0,Exceeds Expectations
177492,Eshani Tailor,Marketing,SEO Specialist,85,82.02,96.69,3.5,98.19,37,3.7,27,No,0,88.077,2.5839473684210525,74.0,Exceeds Expectations
797065,Anvi Sodhi,Sales,Account Manager,64,93.7,94.73,4.6,93.99,35,3.1,9,No,0,93.701,2.6108333333333333,62.0,Exceeds Expectations
140409,Pihu Doshi,Marketing,Content Strategist,94,79.97,82.14,4.4,74.07,55,4.0,18,No,0,79.435,1.3226785714285714,80.0,Meets Expectations
618960,Manikya Singh,IT,Cybersecurity Specialist,79,89.49,87.14,3.1,70.46,50,4.1,15,No,0,78.3535,1.3815686274509802,82.0,Meets Expectations
499006,Kismat Ranganathan,HR,HR Manager,54,69.88,95.7,3.6,73.15,49,3.3,10,No,0,75.21549999999999,1.463,65.99999999999999,Meets Expectations
100813,Anaya Chandran,Sales,Business Development,51,62.01,84.19,3.4,86.99,50,4.0,27,No,0,74.9785,1.7056862745098038,80.0,Meets Expectations
160363,Kavya Bobal,IT,Data Analyst,53,69.37,91.81,3.3,95.43,54,4.6,28,No,0,81.3515,1.7350909090909092,92.0,Exceeds Expectations
802656,Jayesh Baria,Finance,Accountant,78,94.3,76.23,4.6,71.44,52,4.3,21,No,0,83.2435,1.3479245283018868,86.0,Exceeds Expectations
709601,Zain Iyengar,IT,Data Analyst,81,82.01,76.82,4.7,80.06,41,3.4,1,No,0,82.34749999999998,1.9061904761904762,68.0,Exceeds Expectations
715230,Yasmin Ravel,Marketing,Content Strategist,60,79.08,78.85,4.3,99.92,39,3.7,15,No,0,87.3775,2.498,74.0,Exceeds Expectations
390768,Oorja Dhawan,Sales,Business Development,73,88.63,79.41,4.8,77.89,46,4.0,21,No,0,84.5935,1.6572340425531915,80.0,Exceeds Expectations
867527,Biju Bhatia,IT,Cybersecurity Specialist,92,85.7,96.84,3.7,73.87,38,4.4,1,Yes,1,81.4755,1.8941025641025642,88.00000000000001,Exceeds Expectations
721790,Navya Bala,IT,Software Engineer,51,72.19,91.44,4.7,78.83,52,4.5,26,No,0,80.67299999999999,1.4873584905660377,90.0,Exceeds Expectations
585590,Jayant Sharma,Marketing,Marketing Executive,64,72.75,80.86,4.1,86.19,45,4.5,29,No,0,80.05799999999999,1.873695652173913,90.0,Exceeds Expectations
469894,Damini Sachar,Finance,Accountant,79,78.07,98.5,4.1,77.31,35,4.8,26,No,0,81.45799999999998,2.1475,96.0,Exceeds Expectations
852593,Divij Mander,Finance,Financial Analyst,62,80.71,75.82,3.5,79.57,52,4.5,17,No,0,77.97099999999999,1.501320754716981,90.0,Meets Expectations
552747,Prerak Sanghvi,Marketing,Marketing Executive,51,67.62,79.5,4.6,80.49,52,4.4,8,No,0,77.56349999999999,1.5186792452830187,88.00000000000001,Meets Expectations
530770,Pranay Bhagat,Marketing,SEO Specialist,82,65.43,78.42,4.7,74.08,41,4.2,7,No,0,74.69149999999999,1.7638095238095237,84.00000000000001,Meets Expectations
941080,Kismat Andra,HR,Employee Relations,78,78.17,89.29,4.8,77.69,44,5.0,3,No,0,82.34450000000001,1.7264444444444444,100.0,Exceeds Expectations
661440,Aaina Chaudhuri,Marketing,SEO Specialist,86,69.83,83.45,3.7,98.99,53,4.2,0,Yes,1,82.70449999999998,1.833148148148148,84.00000000000001,Exceeds Expectations
454617,Inaaya  Chacko,HR,Recruitment Specialist,96,81.06,99.82,4.3,86.72,44,3.8,27,No,0,86.596,1.927111111111111,76.0,Exceeds Expectations
317022,Akarsh Behl,IT,Software Engineer,55,82.9,97.21,3.4,81.04,45,3.7,17,No,0,82.1605,1.7617391304347827,74.0,Exceeds Expectations
649592,Miraya Chowdhury,Marketing,Content Strategist,69,62.29,77.39,3.8,90.07,46,4.6,0,No,0,76.33449999999999,1.9163829787234041,92.0,Meets Expectations
303977,Devansh Lad,HR,Employee Relations,86,72.32,92.3,4.2,72.39,48,3.1,21,No,0,77.09349999999999,1.4773469387755103,62.0,Meets Expectations
302929,Anahi Tella,Marketing,SEO Specialist,90,61.06,86.98,3.9,90.57,44,3.0,28,No,0,77.8175,2.0126666666666666,60.0,Meets Expectations
460339,Nakul Mammen,HR,HR Manager,67,74.31,93.12,3.8,81.02,35,3.6,27,No,0,79.7335,2.2505555555555556,72.0,Meets Expectations
224744,Abram Saha,HR,Recruitment Specialist,76,69.42,88.47,3.9,92.92,43,3.6,13,No,0,81.7895,2.111818181818182,72.0,Exceeds Expectations
795511,Hunar Biswas,IT,Software Engineer,66,78.77,82.91,3.8,72.06,40,4.5,13,No,0,76.627,1.757560975609756,90.0,Meets Expectations
658952,Mehul Chauhan,IT,Data Analyst,93,92.27,87.76,4.4,78.24,54,3.4,1,No,0,86.0425,1.4225454545454546,68.0,Exceeds Expectations
569484,Riya Tank,Marketing,Content Strategist,97,82.33,92.57,3.4,73.45,47,4.3,5,Yes,1,78.60849999999999,1.5302083333333334,86.0,Meets Expectations
978668,Charvi Loyal,Sales,Sales Executive,98,83.71,96.53,3.3,96.56,46,4.7,20,Yes,1,87.474,2.0544680851063832,94.0,Exceeds Expectations
200386,Anay Dubey,Sales,Business Development,73,93.28,85.58,3.2,92.26,43,3.0,7,No,0,87.37599999999999,2.096818181818182,60.0,Exceeds Expectations
178944,Hrishita Andra,Marketing,SEO Specialist,66,69.94,90.92,4.3,77.31,47,4.5,1,No,0,78.0755,1.610625,90.0,Meets Expectations
672800,Hridaan Chauhan,Marketing,SEO Specialist,79,60.81,88.33,4.6,93.69,45,4.2,27,No,0,81.1245,2.0367391304347824,84.00000000000001,Exceeds Expectations
157465,Purab Gour,Marketing,SEO Specialist,98,87.07,95.58,3.9,99.35,46,4.0,26,No,0,91.28399999999999,2.1138297872340424,80.0,Exceeds Expectations
423086,Darshit Balasubramanian,IT,Cybersecurity Specialist,79,66.99,96.38,3.8,99.59,36,3.3,21,No,0,84.16,2.6916216216216218,65.99999999999999,Exceeds Expectations
442346,Riya Mangat,Marketing,SEO Specialist,81,76.3,75.69,4.4,94.79,47,3.9,5,No,0,84.435,1.9747916666666667,78.0,Exceeds Expectations
759144,Nitya Trivedi,Sales,Sales Executive,54,91.6,91.68,4.3,98.15,37,4.2,22,No,0,93.0645,2.5828947368421056,84.00000000000001,Exceeds Expectations
969161,Alia Deep,Marketing,Marketing Executive,96,80.65,88.87,4.2,90.38,49,3.3,21,No,0,85.791,1.8075999999999999,65.99999999999999,Exceeds Expectations
296088,Hansh Kala,Finance,Accountant,63,70.02,99.44,3.4,80.87,45,3.6,30,No,0,77.9275,1.7580434782608696,72.0,Meets Expectations
606382,Hansh Batra,Marketing,SEO Specialist,84,60.75,89.71,3.3,85.71,51,4.9,11,No,0,74.6175,1.6482692307692306,98.00000000000001,Meets Expectations
806061,Hunar Chacko,HR,Recruitment Specialist,74,70.51,91.12,4.0,93.02,45,3.5,21,No,0,82.9035,2.022173913043478,70.0,Exceeds Expectations
685801,Aayush Kalla,Marketing,Marketing Executive,54,80.1,79.24,4.0,89.8,43,3.6,19,No,0,83.35099999999998,2.040909090909091,72.0,Exceeds Expectations
541902,Divit Kale,Sales,Sales Executive,54,63.1,91.75,3.5,75.89,38,3.9,6,No,0,72.909,1.945897435897436,78.0,Meets Expectations
799346,Oorja Tank,IT,Software Engineer,97,81.39,89.95,3.0,73.99,35,4.1,1,Yes,1,76.87549999999999,2.0552777777777775,82.0,Meets Expectations
603896,Zoya Bhardwaj,Marketing,Content Strategist,80,66.56,89.73,4.3,80.04,46,4.9,5,No,0,77.66950000000001,1.7029787234042555,98.00000000000001,Meets Expectations
550755,Jayesh Ratta,Finance,Financial Analyst,80,93.9,98.27,4.4,73.91,43,4.6,15,No,0,86.674,1.6797727272727272,92.0,Exceeds Expectations
402075,Mehul Kalita,Finance,Accountant,77,69.87,92.21,3.2,95.64,39,3.5,27,No,0,81.35999999999999,2.391,70.0,Exceeds Expectations
622752,Myra Ravi,Finance,Financial Analyst,51,79.45,81.62,4.2,99.55,41,4.9,14,No,0,87.49299999999998,2.3702380952380953,98.00000000000001,Exceeds Expectations
549689,Nehmat Ahluwalia,Sales,Sales Executive,53,67.22,84.88,3.6,84.9,55,3.6,18,No,0,76.77399999999999,1.5160714285714287,72.0,Meets Expectations
883703,Devansh Toor,Finance,Accountant,69,84.8,77.44,3.6,77.97,54,3.1,23,No,0,79.3855,1.4176363636363636,62.0,Meets Expectations
123009,Vaibhav Sandhu,Finance,Financial Analyst,51,66.88,93.47,3.8,85.92,41,3.7,17,No,0,78.90050000000001,2.045714285714286,74.0,Meets Expectations
884470,Anvi Sengupta,HR,Recruitment Specialist,70,79.6,89.63,4.3,86.4,38,3.1,10,No,0,84.4445,2.2153846153846155,62.0,Exceeds Expectations
631310,Aarav Dey,IT,Data Analyst,51,69.3,94.85,3.2,70.21,54,4.8,22,No,0,72.65599999999999,1.2765454545454544,96.0,Meets Expectations
506473,Renee Suresh,IT,Data Analyst,73,65.32,75.52,4.5,87.4,47,3.4,15,No,0,78.28,1.8208333333333335,68.0,Meets Expectations
306244,Kiara Kulkarni,HR,Recruitment Specialist,67,79.42,80.85,4.3,94.73,35,5.0,13,No,0,85.98,2.631388888888889,100.0,Exceeds Expectations
800784,Akarsh Dhar,Marketing,SEO Specialist,69,70.71,78.5,3.8,70.02,38,3.5,4,No,0,72.4305,1.7953846153846154,70.0,Meets Expectations
568017,Bhamini Sawhney,Sales,Sales Executive,70,85.98,95.2,4.9,86.69,40,3.4,17,No,0,89.4145,2.114390243902439,68.0,Exceeds Expectations
851406,Mohanlal Kala,Sales,Account Manager,99,71.83,92.78,4.5,90.16,53,4.5,20,Yes,1,84.1135,1.6696296296296296,90.0,Exceeds Expectations
822392,Vaibhav Edwin,Sales,Business Development,90,89.55,95.06,4.6,80.64,51,3.3,21,No,0,87.62549999999999,1.5507692307692307,65.99999999999999,Exceeds Expectations
842474,Kaira Grewal,Sales,Sales Executive,62,65.74,83.0,3.4,91.38,53,4.8,8,No,0,77.642,1.692222222222222,96.0,Meets Expectations
848266,Mannat Sachdeva,Sales,Account Manager,83,60.52,76.88,4.4,79.85,47,4.2,12,No,0,73.86149999999999,1.6635416666666665,84.00000000000001,Meets Expectations
640948,Shaan Ramaswamy,HR,HR Manager,52,74.1,75.83,4.8,95.45,46,4.6,6,No,0,85.11699999999999,2.0308510638297874,92.0,Exceeds Expectations
161100,Aniruddh Shere,HR,HR Manager,88,78.55,95.57,4.9,83.89,42,4.8,16,Yes,1,85.8895,1.9509302325581395,96.0,Exceeds Expectations
602424,Ayesha Tiwari,HR,Recruitment Specialist,74,69.12,76.55,3.9,76.66,39,3.1,24,No,0,74.2055,1.9164999999999999,62.0,Meets Expectations
602716,Divit Butala,IT,Software Engineer,77,64.87,77.81,4.0,81.25,53,4.8,18,No,0,74.8135,1.5046296296296295,96.0,Meets Expectations
281299,Kiara Jayaraman,IT,Software Engineer,86,94.12,77.43,3.4,96.29,35,4.3,9,Yes,1,88.45800000000001,2.6747222222222224,86.0,Exceeds Expectations
605239,Miraya Suri,Finance,Financial Analyst,77,87.73,88.98,4.6,98.57,39,4.9,20,No,0,92.35199999999999,2.46425,98.00000000000001,Exceeds Expectations
731879,Prisha Sodhi,IT,Data Analyst,68,74.62,88.88,3.1,86.69,36,4.5,14,No,0,79.09049999999999,2.342972972972973,90.0,Meets Expectations
922524,Eva Dara,Finance,Auditor,68,68.17,93.93,3.5,85.98,45,5.0,17,No,0,78.542,1.8691304347826088,100.0,Meets Expectations
219479,Shamik Sahota,IT,Software Engineer,60,65.93,91.77,3.5,86.18,47,4.9,25,No,0,77.504,1.7954166666666669,98.00000000000001,Meets Expectations
918065,Mohanlal Kothari,Sales,Business Development,64,86.58,75.43,4.9,86.77,40,4.9,22,No,0,86.687,2.116341463414634,98.00000000000001,Exceeds Expectations
459649,Akarsh Iyengar,Marketing,Content Strategist,73,64.9,78.76,4.8,90.93,46,4.3,11,No,0,80.75450000000001,1.93468085106383,86.0,Exceeds Expectations
664885,Ela Dhingra,IT,Data Analyst,61,74.67,78.7,4.5,79.79,55,4.1,8,No,0,79.366,1.4248214285714287,82.0,Meets Expectations
916926,Manikya Sridhar,IT,Cybersecurity Specialist,82,86.57,93.61,4.0,75.03,53,3.7,12,No,0,82.60149999999999,1.3894444444444445,74.0,Exceeds Expectations
866448,Nirvi Deo,Finance,Auditor,63,83.86,91.99,3.7,78.75,36,4.6,2,No,0,81.812,2.1283783783783785,92.0,Exceeds Expectations
424772,Eva Chawla,Sales,Sales Executive,86,83.01,90.98,3.4,82.42,50,3.5,7,No,0,81.7475,1.6160784313725491,70.0,Exceeds Expectations
894375,Sana Mani,Finance,Accountant,88,66.53,82.05,4.6,85.36,51,3.9,4,No,0,79.26899999999999,1.6415384615384616,78.0,Meets Expectations
456634,Eva Bhardwaj,HR,Employee Relations,96,93.72,87.94,4.5,77.34,46,4.0,0,No,0,86.562,1.6455319148936172,80.0,Exceeds Expectations
943660,Renee Barad,HR,HR Manager,95,93.38,78.9,4.6,86.72,44,4.4,11,Yes,1,88.67,1.927111111111111,88.00000000000001,Exceeds Expectations
490010,Abram Khatri,Sales,Sales Executive,51,64.97,97.83,4.1,84.72,35,3.2,15,No,0,79.36599999999999,2.3533333333333335,64.0,Meets Expectations
430758,Saksham Krishna,Sales,Sales Executive,50,66.32,75.45,4.8,89.33,47,4.8,4,No,0,80.195,1.8610416666666667,96.0,Exceeds Expectations
578963,Miraya Ramachandran,IT,Software Engineer,87,64.39,95.03,4.9,96.57,37,3.4,29,No,0,85.2905,2.541315789473684,68.0,Exceeds Expectations
160029,Sana Kale,IT,Software Engineer,98,77.2,83.48,3.7,70.7,54,4.7,11,Yes,1,75.387,1.2854545454545454,94.0,Meets Expectations
367930,Devansh Sathe,Finance,Accountant,69,87.85,76.96,4.1,91.91,43,4.6,22,No,0,86.75999999999999,2.0888636363636364,92.0,Exceeds Expectations
478531,Saanvi Subramanian,Marketing,Content Strategist,89,83.39,78.13,3.4,92.95,51,4.5,5,Yes,1,83.6385,1.7875,90.0,Exceeds Expectations
972172,Zaina Kulkarni,Marketing,SEO Specialist,82,76.88,75.01,4.7,85.15,42,4.6,13,No,0,82.06199999999998,1.980232558139535,92.0,Exceeds Expectations
882206,Ryan Garde,Finance,Auditor,95,84.55,84.9,4.2,72.85,48,4.6,29,Yes,1,80.42499999999998,1.486734693877551,92.0,Exceeds Expectations
395283,Ranbir Deshmukh,HR,HR Manager,84,89.9,84.25,3.3,87.86,50,3.0,26,No,0,84.7535,1.7227450980392156,60.0,Exceeds Expectations
177232,Uthkarsh Bains,HR,Employee Relations,100,77.17,98.97,4.2,72.77,51,4.5,20,Yes,1,79.9245,1.3994230769230769,90.0,Meets Expectations
356177,Shayak Bala,Finance,Accountant,84,88.02,88.97,4.9,88.65,45,4.1,3,No,0,89.88,1.9271739130434784,82.0,Exceeds Expectations
245086,Hunar Brar,IT,Cybersecurity Specialist,98,80.86,97.34,3.2,97.17,39,4.7,29,Yes,1,86.51149999999998,2.42925,94.0,Exceeds Expectations
765593,Shanaya Roy,Marketing,Marketing Executive,83,60.61,96.47,3.1,86.59,51,5.0,21,No,0,75.2905,1.6651923076923079,100.0,Meets Expectations
196164,Ishita Issac,IT,Data Analyst,73,71.48,96.22,3.2,94.21,37,4.3,15,No,0,82.02449999999999,2.4792105263157893,86.0,Exceeds Expectations
225708,Mahika Hora,IT,Software Engineer,97,67.09,94.03,3.7,88.78,37,5.0,29,Yes,1,79.75899999999999,2.336315789473684,100.0,Meets Expectations
800323,Kavya Mani,HR,HR Manager,75,75.99,81.51,4.6,78.59,50,3.5,2,No,0,80.1295,1.5409803921568628,70.0,Exceeds Expectations
481367,Shayak Bir,Marketing,Content Strategist,63,73.03,76.93,3.8,87.65,49,3.5,1,No,0,79.17750000000001,1.7530000000000001,70.0,Meets Expectations
711446,Urvi Raj,HR,Recruitment Specialist,70,65.17,94.91,4.6,83.19,35,4.8,19,No,0,79.96249999999999,2.310833333333333,96.0,Meets Expectations
464263,Shanaya Date,IT,Software Engineer,61,85.1,90.3,4.2,95.95,39,4.5,14,No,0,89.51249999999999,2.39875,90.0,Exceeds Expectations
144782,Dhanush Shukla,IT,Data Analyst,74,80.49,80.17,3.8,90.54,45,3.1,2,No,0,83.286,1.9682608695652175,62.0,Exceeds Expectations
441410,Yashvi Bhattacharyya,Finance,Auditor,77,80.95,82.69,4.7,70.03,43,3.7,9,No,0,79.34649999999999,1.591590909090909,74.0,Meets Expectations
745028,Keya Bhakta,HR,HR Manager,59,94.52,95.94,3.6,96.2,50,4.2,24,No,0,91.943,1.8862745098039215,84.00000000000001,Exceeds Expectations
261584,Shalv Grewal,Sales,Sales Executive,86,77.93,82.69,4.0,72.82,41,3.7,5,No,0,77.166,1.7338095238095237,74.0,Meets Expectations
216251,Parinaaz Sankar,Sales,Business Development,71,91.41,94.11,3.2,87.43,48,3.1,28,No,0,86.31049999999999,1.7842857142857145,62.0,Exceeds Expectations
530490,Ehsaan Solanki,Finance,Accountant,83,68.73,83.13,4.1,78.94,52,4.8,21,No,0,76.454,1.4894339622641508,96.0,Meets Expectations
444969,Ira Lanka,HR,HR Manager,50,94.32,80.27,3.5,78.48,35,4.8,8,No,0,83.02049999999998,2.18,96.0,Exceeds Expectations
298955,Hunar Contractor,IT,Software Engineer,50,77.21,81.83,4.0,94.83,42,4.9,20,No,0,84.4885,2.205348837209302,98.00000000000001,Exceeds Expectations
214387,Hridaan Shan,Finance,Auditor,61,90.47,85.47,4.7,99.51,40,3.4,2,No,0,93.41349999999998,2.4270731707317075,68.0,Exceeds Expectations
810096,Manikya Mander,Sales,Account Manager,68,69.29,79.16,4.7,79.81,55,4.9,27,No,0,78.15899999999999,1.4251785714285714,98.00000000000001,Meets Expectations
879248,Myra Virk,Marketing,SEO Specialist,81,79.13,86.44,3.8,78.14,42,4.4,29,No,0,79.4105,1.8172093023255813,88.00000000000001,Meets Expectations
744362,Jivin Saini,Finance,Financial Analyst,79,87.05,80.09,3.6,86.81,49,3.9,5,No,0,83.66449999999999,1.7362,78.0,Exceeds Expectations
622902,Ritvik Hari,Finance,Accountant,68,75.03,99.94,4.3,81.64,45,4.9,21,No,0,82.72550000000001,1.7747826086956522,98.00000000000001,Exceeds Expectations
735920,Bhavin Sami,IT,Cybersecurity Specialist,98,85.53,84.24,4.0,71.59,50,4.6,12,Yes,1,79.628,1.4037254901960785,92.0,Meets Expectations
893657,Yashvi Atwal,Finance,Accountant,88,65.95,95.46,3.9,84.49,55,4.7,15,Yes,1,78.673,1.5087499999999998,94.0,Meets Expectations
335290,Hiran Walia,IT,Software Engineer,86,72.36,88.35,3.5,96.54,42,4.2,8,Yes,1,82.86749999999999,2.2451162790697676,84.00000000000001,Exceeds Expectations
490368,Divit Kara,HR,Recruitment Specialist,56,76.43,93.27,4.9,87.69,46,4.7,12,No,0,86.13250000000001,1.8657446808510638,94.0,Exceeds Expectations
599045,Ishita Sarin,Sales,Business Development,53,89.68,92.74,3.1,89.98,54,4.6,12,No,0,86.092,1.6360000000000001,92.0,Exceeds Expectations
876675,Purab Issac,IT,Cybersecurity Specialist,98,66.24,92.05,3.3,97.92,54,4.5,26,Yes,1,81.1635,1.7803636363636364,90.0,Exceeds Expectations
668997,Umang Chanda,HR,Recruitment Specialist,75,74.72,77.29,4.0,81.21,46,4.6,28,No,0,78.169,1.7278723404255318,92.0,Meets Expectations
539216,Ojas Sunder,Sales,Sales Executive,91,81.44,75.5,3.6,87.5,45,3.5,3,No,0,81.25399999999999,1.9021739130434783,70.0,Exceeds Expectations
320337,Emir Kurian,Marketing,Marketing Executive,59,67.35,85.92,4.8,85.21,50,4.9,13,No,0,80.684,1.67078431372549,98.00000000000001,Exceeds Expectations
880371,Sahil Thakur,Sales,Business Development,54,91.43,84.75,4.2,94.18,37,4.4,11,No,0,90.27600000000001,2.478421052631579,88.00000000000001,Exceeds Expectations
710987,Lakshit Kurian,IT,Software Engineer,66,62.72,81.46,3.1,88.27,46,3.1,25,No,0,74.36549999999998,1.8780851063829787,62.0,Meets Expectations
788363,Neelofar Bansal,Finance,Accountant,77,78.06,90.55,3.5,88.96,40,3.3,26,No,0,82.53949999999999,2.1697560975609753,65.99999999999999,Exceeds Expectations
914046,Onkar Sethi,Marketing,Marketing Executive,75,73.85,87.38,3.5,86.05,40,3.0,17,No,0,79.57199999999999,2.098780487804878,60.0,Meets Expectations
638485,Purab Bahl,Finance,Financial Analyst,54,82.94,78.25,5.0,76.22,41,3.8,26,No,0,82.4435,1.8147619047619048,76.0,Exceeds Expectations
556437,Urvi Joshi,Finance,Accountant,88,91.95,99.55,4.2,70.37,54,4.1,23,Yes,1,84.3445,1.2794545454545456,82.0,Exceeds Expectations
400023,Raunak Sahota,Sales,Business Development,92,78.27,88.52,3.3,81.95,44,3.0,21,No,0,79.255,1.8211111111111111,60.0,Meets Expectations
773604,Jiya Sur,IT,Cybersecurity Specialist,75,85.12,99.19,3.6,96.03,36,5.0,22,No,0,89.08099999999999,2.5954054054054057,100.0,Exceeds Expectations
877245,Samiha Tripathi,HR,Employee Relations,73,62.66,95.68,3.9,91.76,52,4.6,15,No,0,80.099,1.7313207547169813,92.0,Exceeds Expectations
824955,Tanya De,Sales,Account Manager,71,62.79,80.03,3.1,73.31,47,3.9,26,No,0,68.9395,1.5272916666666667,78.0,Meets Expectations
342453,Tara Bal,Finance,Accountant,77,88.0,89.14,4.0,95.8,55,3.8,0,No,0,89.70099999999998,1.7107142857142856,76.0,Exceeds Expectations
464841,Rohan Arora,HR,Employee Relations,69,65.11,86.98,3.2,94.57,50,3.7,4,No,0,78.535,1.854313725490196,74.0,Meets Expectations
198280,Navya Krish,HR,Recruitment Specialist,61,66.05,86.92,4.5,81.82,45,4.7,9,No,0,78.29249999999999,1.7786956521739128,94.0,Meets Expectations
695670,Tarini Sarraf,IT,Cybersecurity Specialist,91,87.9,98.35,4.4,92.48,46,3.3,18,No,0,91.08550000000001,1.9676595744680851,65.99999999999999,Exceeds Expectations
194151,Zaina Sawhney,Sales,Account Manager,75,72.43,78.98,4.2,93.26,50,3.3,30,No,0,82.43849999999999,1.8286274509803924,65.99999999999999,Exceeds Expectations
747435,Charvi Dara,Sales,Business Development,82,60.28,96.41,3.1,95.95,44,3.2,23,No,0,78.442,2.1322222222222225,64.0,Meets Expectations
542399,Tushar Saini,Sales,Business Development,88,80.69,99.62,4.9,70.04,55,4.6,21,Yes,1,82.3985,1.250714285714286,92.0,Exceeds Expectations
643121,Emir Desai,IT,Data Analyst,55,81.44,88.82,4.8,89.5,44,4.3,14,No,0,87.55199999999999,1.988888888888889,86.0,Exceeds Expectations
209477,Ivana Bhatnagar,Finance,Accountant,100,77.55,80.62,4.2,89.32,51,4.5,3,Yes,1,83.0975,1.7176923076923076,90.0,Exceeds Expectations
734501,Yasmin Bhatt,IT,Data Analyst,66,86.16,96.17,4.2,99.49,54,4.8,3,No,0,92.00299999999999,1.8089090909090908,96.0,Exceeds Expectations
965207,Inaaya  Sethi,IT,Software Engineer,80,82.65,96.94,4.0,95.67,50,3.1,14,No,0,88.95299999999999,1.8758823529411766,62.0,Exceeds Expectations
143797,Renee Jaggi,Marketing,Content Strategist,97,72.67,89.44,3.1,71.11,54,4.2,28,Yes,1,73.03899999999999,1.292909090909091,84.00000000000001,Meets Expectations
902051,Gatik Walla,HR,HR Manager,98,64.88,77.72,3.8,78.86,35,3.3,22,No,0,73.367,2.1905555555555556,65.99999999999999,Meets Expectations
464437,Inaaya  Dave,Finance,Auditor,67,87.9,79.51,4.4,89.54,37,4.0,30,No,0,87.2305,2.3563157894736846,80.0,Exceeds Expectations
230158,Pranay Karpe,Sales,Sales Executive,62,77.78,98.68,4.7,97.63,42,3.1,12,No,0,90.29549999999999,2.2704651162790697,62.0,Exceeds Expectations
532493,Arnav Bhatia,IT,Data Analyst,85,75.86,95.06,4.7,70.98,54,3.6,23,No,0,79.75299999999999,1.2905454545454547,72.0,Meets Expectations
678253,Darshit Dayal,IT,Data Analyst,86,75.67,98.06,4.5,95.92,37,3.6,22,No,0,88.2655,2.5242105263157897,72.0,Exceeds Expectations
668258,Rati Malhotra,Marketing,Content Strategist,58,75.76,78.92,4.3,93.07,38,3.2,2,No,0,83.82849999999999,2.3864102564102563,64.0,Exceeds Expectations
931246,Inaaya  Dash,IT,Software Engineer,65,64.8,86.31,3.5,70.88,44,4.6,9,No,0,70.93449999999999,1.575111111111111,92.0,Meets Expectations
380783,Adah Mani,Marketing,Marketing Executive,82,76.34,78.37,3.2,94.41,39,4.0,29,No,0,81.118,2.3602499999999997,80.0,Exceeds Expectations
582179,Himmat Kohli,Sales,Sales Executive,71,93.09,97.88,4.7,88.75,50,3.9,19,No,0,92.42599999999999,1.7401960784313726,78.0,Exceeds Expectations
679276,Shayak Chaudhuri,HR,HR Manager,80,70.2,82.75,3.3,80.61,36,4.9,14,No,0,75.096,2.1786486486486485,98.00000000000001,Meets Expectations
927501,Vritika Srinivasan,Marketing,Marketing Executive,69,75.96,90.4,4.6,85.09,47,3.1,14,No,0,83.72749999999999,1.7727083333333333,62.0,Exceeds Expectations
537647,Anaya Thaman,HR,HR Manager,73,84.37,97.53,3.3,75.74,47,3.7,19,No,0,80.56800000000001,1.5779166666666666,74.0,Exceeds Expectations
972377,Shaan Ganguly,IT,Software Engineer,98,93.49,92.03,4.8,99.11,55,4.5,26,Yes,1,95.61449999999999,1.7698214285714287,90.0,Exceeds Expectations
850673,Emir Maharaj,Sales,Business Development,87,67.06,94.84,4.8,92.29,44,3.8,17,No,0,84.39849999999998,2.050888888888889,76.0,Exceeds Expectations
605476,Sara Amble,IT,Cybersecurity Specialist,72,85.28,97.9,4.1,83.92,54,3.3,25,No,0,86.205,1.5258181818181817,65.99999999999999,Exceeds Expectations
712181,Sana Sule,Sales,Sales Executive,70,64.44,76.91,4.0,72.77,39,4.4,15,No,0,71.56,1.8192499999999998,88.00000000000001,Meets Expectations
868326,Aayush Sani,Marketing,SEO Specialist,63,61.02,91.27,4.2,82.84,46,4.9,26,No,0,76.6415,1.7625531914893617,98.00000000000001,Meets Expectations
426986,Aayush Rana,Sales,Account Manager,60,85.03,77.7,3.8,94.02,41,3.8,20,No,0,85.7225,2.2385714285714284,76.0,Exceeds Expectations
149872,Ira Mammen,Sales,Account Manager,76,92.11,90.32,4.9,71.23,40,3.1,22,No,0,85.417,1.7373170731707317,62.0,Exceeds Expectations
110513,Uthkarsh Sha,Marketing,Marketing Executive,54,73.04,75.04,4.4,83.1,36,4.7,12,No,0,79.105,2.245945945945946,94.0,Meets Expectations
108205,Aniruddh Ray,Sales,Account Manager,85,90.27,89.57,3.4,94.61,42,3.6,3,No,0,88.3435,2.2002325581395348,72.0,Exceeds Expectations
781774,Vritika Dar,HR,Recruitment Specialist,88,81.92,82.36,3.9,81.57,41,4.1,1,Yes,1,81.2755,1.942142857142857,82.0,Exceeds Expectations
171714,Heer Acharya,IT,Cybersecurity Specialist,83,85.36,88.6,3.7,80.55,39,4.3,30,No,0,82.45849999999999,2.01375,86.0,Exceeds Expectations
132645,Arhaan Choudhary,Finance,Auditor,81,68.96,97.14,3.1,96.26,36,4.3,15,No,0,81.698,2.601621621621622,86.0,Exceeds Expectations
837457,Samar Trivedi,Finance,Auditor,70,73.88,96.04,4.9,89.64,43,4.3,13,No,0,86.33800000000001,2.037272727272727,86.0,Exceeds Expectations
329786,Adira Saraf,Marketing,Content Strategist,64,75.8,89.19,3.3,89.27,36,4.8,19,No,0,81.053,2.4127027027027026,96.0,Exceeds Expectations
554245,Samiha Chopra,Finance,Accountant,83,92.82,84.34,3.6,92.59,51,4.1,30,No,0,88.34449999999998,1.780576923076923,82.0,Exceeds Expectations
774276,Chirag Dubey,Finance,Financial Analyst,94,63.31,85.59,3.6,95.43,46,4.1,2,Yes,1,79.19749999999999,2.0304255319148936,82.0,Meets Expectations
547118,Oorja Sahota,IT,Software Engineer,66,62.35,87.99,3.7,76.32,55,4.1,27,No,0,72.83299999999998,1.3628571428571428,82.0,Meets Expectations
554981,Aaryahi Grover,HR,Recruitment Specialist,68,77.59,79.88,4.4,98.95,44,4.0,15,No,0,86.971,2.198888888888889,80.0,Exceeds Expectations
726049,Mamooty Dalal,Sales,Sales Executive,63,76.89,77.35,3.6,77.18,55,3.3,2,No,0,76.327,1.3782142857142858,65.99999999999999,Meets Expectations
849278,Kartik Bora,HR,Recruitment Specialist,91,62.4,86.29,3.9,93.89,35,3.6,18,No,0,79.345,2.6080555555555556,72.0,Meets Expectations
901065,Suhana Buch,HR,Employee Relations,74,67.13,91.51,4.8,97.09,50,4.9,4,No,0,85.6035,1.9037254901960785,98.00000000000001,Exceeds Expectations
361720,Aniruddh Handa,Finance,Financial Analyst,59,83.86,79.54,4.4,89.87,49,3.9,12,No,0,85.9365,1.7974,78.0,Exceeds Expectations
308533,Baiju De,HR,Recruitment Specialist,90,78.67,87.93,3.4,99.51,50,4.9,28,Yes,1,85.7525,1.9511764705882353,98.00000000000001,Exceeds Expectations
138077,Bhamini Chowdhury,IT,Cybersecurity Specialist,77,86.7,75.08,5.0,77.71,50,3.5,30,No,0,83.8055,1.5237254901960784,70.0,Exceeds Expectations
432523,Kimaya Jaggi,HR,Recruitment Specialist,84,79.23,98.48,3.9,74.01,42,3.1,22,No,0,80.10600000000001,1.7211627906976745,62.0,Exceeds Expectations
508574,Sumer Kumar,IT,Software Engineer,99,64.8,77.36,3.8,75.24,41,4.9,25,Yes,1,72.018,1.7914285714285714,98.00000000000001,Meets Expectations
386204,Aarna Barad,Sales,Business Development,69,71.8,98.08,4.2,84.32,55,4.8,29,No,0,81.954,1.5057142857142856,96.0,Exceeds Expectations
314260,Hiran Chacko,Sales,Business Development,69,87.69,79.53,4.5,91.36,46,3.9,8,No,0,88.097,1.9438297872340426,78.0,Exceeds Expectations
275284,Krish Subramanian,Finance,Financial Analyst,97,69.51,95.81,4.9,93.18,37,3.4,24,No,0,86.013,2.452105263157895,68.0,Exceeds Expectations
445843,Kismat Dugar,Sales,Business Development,71,63.04,92.56,3.0,80.25,47,3.8,22,No,0,73.0355,1.671875,76.0,Meets Expectations
438794,Misha Karnik,Marketing,Marketing Executive,87,83.88,86.79,4.3,91.96,51,3.7,24,No,0,87.46249999999999,1.7684615384615383,74.0,Exceeds Expectations
288665,Baiju Jha,Finance,Accountant,88,71.93,79.01,4.1,71.24,38,4.6,14,Yes,1,74.261,1.8266666666666664,92.0,Meets Expectations
486153,Devansh Handa,Marketing,Marketing Executive,59,94.89,99.63,3.6,95.74,49,4.0,18,No,0,92.46499999999999,1.9147999999999998,80.0,Exceeds Expectations
944016,Shamik Goel,Sales,Business Development,88,67.32,76.03,3.7,97.27,36,4.5,22,Yes,1,80.11099999999999,2.628918918918919,90.0,Exceeds Expectations
250513,Vihaan Dey,HR,HR Manager,96,90.59,92.49,4.4,97.5,49,3.4,30,No,0,92.905,1.95,68.0,Exceeds Expectations
375019,Veer Subramanian,IT,Software Engineer,91,89.9,79.9,4.0,73.5,49,4.3,16,Yes,1,81.175,1.47,86.0,Exceeds Expectations
465527,Yasmin Dada,HR,Recruitment Specialist,69,89.84,88.54,3.7,83.06,35,4.4,16,No,0,84.896,2.3072222222222223,88.00000000000001,Exceeds Expectations
514267,Krish Bhargava,IT,Data Analyst,55,65.45,91.86,3.3,72.17,42,4.4,21,No,0,71.846,1.678372093023256,88.00000000000001,Meets Expectations
827080,Madhup Bora,Sales,Account Manager,54,61.43,95.88,3.0,76.27,54,3.8,30,No,0,71.577,1.3867272727272726,76.0,Meets Expectations
341217,Sana Mallick,IT,Data Analyst,57,71.82,80.05,3.3,96.61,38,4.0,2,No,0,80.85799999999999,2.477179487179487,80.0,Exceeds Expectations
322196,Nehmat Samra,IT,Data Analyst,85,90.24,94.25,4.3,90.17,47,3.4,27,No,0,90.181,1.8785416666666668,68.0,Exceeds Expectations
730641,Indranil Chana,Marketing,Marketing Executive,61,79.2,91.03,3.2,84.99,40,4.3,26,No,0,80.72099999999999,2.0729268292682925,86.0,Exceeds Expectations
213427,Raunak Sundaram,Sales,Sales Executive,66,63.43,98.72,3.0,80.36,49,5.0,23,No,0,74.1345,1.6072,100.0,Meets Expectations
126410,Nehmat Shenoy,Sales,Sales Executive,50,73.08,87.19,4.9,96.16,51,3.9,24,No,0,87.0125,1.8492307692307692,78.0,Exceeds Expectations
359440,Gokul Bail,Sales,Account Manager,52,82.94,93.61,4.5,92.37,53,3.6,29,No,0,88.9,1.7105555555555556,72.0,Exceeds Expectations
654411,Samiha Gole,Finance,Auditor,85,88.0,80.93,3.5,85.64,43,4.1,10,No,0,83.4135,1.9463636363636363,82.0,Exceeds Expectations
254181,Ishita Handa,Marketing,Content Strategist,98,69.78,87.67,4.7,88.54,38,4.9,2,Yes,1,82.6625,2.2702564102564105,98.00000000000001,Exceeds Expectations
666883,Ojas Grover,Sales,Sales Executive,55,82.21,84.41,3.4,82.69,40,3.8,12,No,0,80.5765,2.0168292682926827,76.0,Exceeds Expectations
752227,Jayant Swamy,Marketing,Marketing Executive,79,64.0,98.58,3.8,85.08,47,3.4,0,No,0,78.36500000000001,1.7725,68.0,Meets Expectations
728861,Aayush Wadhwa,Finance,Accountant,66,75.32,85.46,4.9,79.26,38,4.0,0,No,0,81.622,2.0323076923076924,80.0,Exceeds Expectations
613504,Bhamini Bhavsar,Marketing,SEO Specialist,80,70.63,92.04,4.8,95.62,37,3.1,13,No,0,86.39349999999999,2.5163157894736843,62.0,Exceeds Expectations
170273,Navya Dave,Finance,Financial Analyst,78,88.75,98.53,3.4,84.41,44,4.1,1,No,0,85.5855,1.8757777777777778,82.0,Exceeds Expectations
327111,Piya Boase,HR,HR Manager,56,69.1,84.3,3.6,91.57,42,3.1,26,No,0,79.67949999999999,2.1295348837209302,62.0,Meets Expectations
389471,Hrishita Doctor,HR,Recruitment Specialist,60,91.21,92.35,3.3,95.85,50,4.4,29,No,0,89.2235,1.8794117647058823,88.00000000000001,Exceeds Expectations
866096,Darshit Sachdev,Marketing,Marketing Executive,88,72.68,80.94,3.1,95.81,46,3.6,11,No,0,80.4125,2.0385106382978724,72.0,Exceeds Expectations
786801,Madhup Chand,Marketing,Marketing Executive,77,89.04,91.14,3.6,75.22,46,4.5,22,No,0,81.962,1.6004255319148937,90.0,Exceeds Expectations
488628,Siya Soni,HR,HR Manager,59,90.81,79.71,4.2,94.04,45,4.6,10,No,0,89.25399999999999,2.0443478260869568,92.0,Exceeds Expectations
322852,Chirag Karnik,Marketing,SEO Specialist,75,89.93,80.75,4.3,84.02,46,4.9,21,No,0,85.895,1.787659574468085,98.00000000000001,Exceeds Expectations
562680,Samaira Doctor,Sales,Account Manager,61,92.58,83.95,4.9,89.83,46,5.0,6,No,0,91.136,1.911276595744681,100.0,Exceeds Expectations
189011,Lakshay Seshadri,HR,HR Manager,83,73.23,83.18,3.3,70.11,52,3.7,24,No,0,72.546,1.3228301886792453,74.0,Meets Expectations
969750,Drishya Ganguly,Finance,Financial Analyst,56,71.17,86.78,3.1,92.87,44,4.9,5,No,0,79.731,2.0637777777777777,98.00000000000001,Meets Expectations
809309,Nirvi Thaker,HR,HR Manager,89,78.47,92.26,3.4,88.1,35,4.1,25,Yes,1,82.3385,2.447222222222222,82.0,Exceeds Expectations
562858,Siya Cheema,HR,HR Manager,50,78.04,93.33,3.9,93.57,41,3.8,6,No,0,85.763,2.2278571428571428,76.0,Exceeds Expectations
428390,Sara Dugar,Sales,Business Development,96,83.13,76.73,4.0,77.98,49,3.3,0,No,0,79.898,1.5596,65.99999999999999,Meets Expectations
272738,Uthkarsh Agate,Marketing,Marketing Executive,75,91.88,82.33,4.1,80.17,41,4.1,24,No,0,84.86699999999999,1.908809523809524,82.0,Exceeds Expectations
480631,Nehmat Anand,IT,Cybersecurity Specialist,97,92.31,75.91,4.9,99.62,40,3.7,26,No,0,93.262,2.4297560975609755,74.0,Exceeds Expectations
815734,Kismat Sankar,Marketing,Content Strategist,73,91.85,79.81,4.8,94.98,45,4.3,20,No,0,91.762,2.064782608695652,86.0,Exceeds Expectations
660612,Jivin Choudhary,Marketing,Marketing Executive,82,75.33,99.97,4.4,74.23,53,3.3,17,No,0,80.5415,1.3746296296296296,65.99999999999999,Exceeds Expectations
677809,Hridaan Tara,Marketing,Content Strategist,52,90.77,79.97,4.3,88.16,37,4.3,12,No,0,87.521,2.32,86.0,Exceeds Expectations
252553,Hazel Gandhi,Finance,Auditor,59,61.41,99.13,3.9,76.28,45,3.4,10,No,0,74.761,1.6582608695652175,68.0,Meets Expectations
699840,Nishith Doshi,Finance,Accountant,97,69.21,93.34,4.2,76.38,51,4.3,27,Yes,1,77.55749999999999,1.4688461538461537,86.0,Meets Expectations
327774,Darshit Walia,IT,Cybersecurity Specialist,68,63.56,80.83,3.8,95.41,45,4.3,3,No,0,79.164,2.074130434782609,86.0,Meets Expectations
346594,Parinaaz Singh,Marketing,SEO Specialist,73,69.99,76.11,3.7,81.31,55,4.2,28,No,0,75.47149999999999,1.4519642857142858,84.00000000000001,Meets Expectations
199042,Yakshit Badami,Marketing,Content Strategist,53,69.11,85.84,4.6,86.05,54,4.7,27,No,0,80.982,1.5645454545454545,94.0,Exceeds Expectations
735632,Jivika Dhingra,Finance,Financial Analyst,93,60.1,76.83,3.1,76.8,40,3.5,9,No,0,68.73949999999999,1.873170731707317,70.0,Meets Expectations
325772,Hansh Yadav,Finance,Accountant,91,76.43,87.32,4.0,93.17,38,4.9,26,Yes,1,84.458,2.388974358974359,98.00000000000001,Exceeds Expectations
255134,Aarav Doshi,Sales,Sales Executive,57,69.93,79.47,3.7,74.74,51,4.6,28,No,0,73.65499999999999,1.4373076923076922,92.0,Meets Expectations
301570,Ira Kari,IT,Cybersecurity Specialist,51,91.26,80.27,4.9,86.15,48,4.2,8,No,0,88.834,1.7581632653061225,84.00000000000001,Exceeds Expectations
462986,Anya Buch,Marketing,SEO Specialist,69,81.72,88.14,3.7,78.33,48,4.9,2,No,0,80.3385,1.5985714285714285,98.00000000000001,Exceeds Expectations
650706,Tarini Maharaj,Finance,Financial Analyst,86,89.14,81.28,4.1,88.52,53,4.1,28,Yes,1,86.67299999999999,1.6392592592592592,82.0,Exceeds Expectations
530965,Advik Sinha,Sales,Business Development,94,85.29,89.14,4.1,85.71,44,4.1,28,Yes,1,85.52099999999999,1.9046666666666665,82.0,Exceeds Expectations
994421,Drishya Karpe,Finance,Accountant,88,90.85,86.07,3.9,94.16,40,4.5,21,Yes,1,89.36399999999999,2.2965853658536584,90.0,Exceeds Expectations
202456,Sara Borra,Marketing,Content Strategist,94,86.13,86.42,4.0,97.74,38,4.6,27,Yes,1,89.31749999999998,2.506153846153846,92.0,Exceeds Expectations
629224,Uthkarsh Deshpande,Finance,Auditor,63,61.77,90.03,4.4,79.07,40,3.7,5,No,0,75.99849999999999,1.9285365853658536,74.0,Meets Expectations
365926,Nitara Joshi,Finance,Financial Analyst,55,73.1,76.01,4.9,70.48,45,4.4,19,No,0,76.3545,1.5321739130434784,88.00000000000001,Meets Expectations
691758,Adira Banik,Sales,Business Development,75,87.55,90.57,3.3,77.92,41,4.1,15,No,0,81.4,1.8552380952380954,82.0,Exceeds Expectations
163408,Advik Randhawa,Sales,Account Manager,98,83.32,75.11,3.4,81.51,35,4.8,3,Yes,1,79.157,2.2641666666666667,96.0,Meets Expectations
204347,Baiju Cheema,HR,Employee Relations,99,68.63,78.93,4.8,86.44,42,3.1,28,No,0,80.51400000000001,2.010232558139535,62.0,Exceeds Expectations
686703,Eshani Thaman,IT,Cybersecurity Specialist,66,71.65,85.44,3.9,97.17,39,4.5,14,No,0,83.603,2.42925,90.0,Exceeds Expectations
547935,Hridaan Khurana,Finance,Accountant,68,66.26,87.5,4.2,71.44,41,3.6,8,No,0,73.91999999999999,1.700952380952381,72.0,Meets Expectations
182021,Prerak Lal,Finance,Financial Analyst,80,61.97,99.82,3.8,78.82,42,4.4,9,No,0,75.6495,1.8330232558139534,88.00000000000001,Meets Expectations
860241,Indrans Keer,Finance,Accountant,100,90.5,88.31,4.4,95.61,39,4.2,25,Yes,1,91.585,2.39025,84.00000000000001,Exceeds Expectations
393464,Tiya Ramakrishnan,Marketing,SEO Specialist,50,83.72,80.44,3.1,94.81,35,3.6,5,No,0,83.8515,2.633611111111111,72.0,Exceeds Expectations
439957,Diya Dalal,IT,Software Engineer,64,83.72,93.54,4.8,98.21,51,4.6,30,No,0,92.10649999999998,1.888653846153846,92.0,Exceeds Expectations
109592,Ritvik Kashyap,HR,HR Manager,66,69.52,90.43,3.9,71.63,39,3.3,12,No,0,74.66699999999999,1.7907499999999998,65.99999999999999,Meets Expectations
232245,Eva Bhavsar,Finance,Financial Analyst,70,77.22,77.97,4.2,91.86,40,4.8,14,No,0,83.47349999999999,2.2404878048780485,96.0,Exceeds Expectations
690155,Saanvi Bora,Finance,Financial Analyst,83,79.04,78.8,3.7,83.58,35,4.0,13,No,0,79.83699999999999,2.3216666666666668,80.0,Meets Expectations
535543,Vardaniya Kale,Marketing,Content Strategist,86,70.41,98.32,4.0,99.35,38,4.0,2,No,0,86.16399999999999,2.5474358974358973,80.0,Exceeds Expectations
251693,Riaan Sachdev,HR,HR Manager,87,82.14,91.39,3.7,93.0,44,3.2,1,No,0,86.10749999999999,2.066666666666667,64.0,Exceeds Expectations
934202,Adah Kade,IT,Cybersecurity Specialist,52,64.93,92.65,3.0,77.73,43,4.0,15,No,0,72.82849999999999,1.766590909090909,80.0,Meets Expectations
107707,Khushi Mander,IT,Cybersecurity Specialist,67,87.86,75.38,5.0,73.89,48,4.1,8,No,0,82.9195,1.5079591836734694,82.0,Exceeds Expectations
345843,Advik Vasa,Sales,Sales Executive,63,69.68,87.01,3.6,81.33,42,4.3,9,No,0,76.705,1.8913953488372093,86.0,Meets Expectations
173292,Inaaya  Sehgal,Marketing,Content Strategist,66,67.12,79.81,4.9,88.21,41,5.0,19,No,0,81.037,2.1002380952380952,100.0,Exceeds Expectations
199980,Onkar Kari,HR,HR Manager,87,64.8,77.71,4.9,78.75,38,3.1,2,No,0,76.59899999999999,2.019230769230769,62.0,Meets Expectations
964680,Amira Dhingra,Finance,Financial Analyst,76,60.28,98.92,3.8,70.06,38,3.2,24,No,0,71.857,1.7964102564102564,64.0,Meets Expectations
291931,Lakshay Dara,IT,Data Analyst,90,72.39,83.11,3.6,86.26,45,3.3,7,No,0,78.794,1.875217391304348,65.99999999999999,Meets Expectations
765431,Rhea Dhar,IT,Cybersecurity Specialist,70,83.01,78.78,4.6,75.91,42,3.8,13,No,0,81.23899999999999,1.7653488372093022,76.0,Exceeds Expectations
180633,Emir Sood,Finance,Auditor,68,62.64,90.03,4.8,89.23,41,4.7,24,No,0,81.059,2.1245238095238097,94.0,Exceeds Expectations
450996,Akarsh Suri,IT,Cybersecurity Specialist,70,68.39,92.57,4.0,88.34,38,3.3,12,No,0,80.741,2.2651282051282053,65.99999999999999,Exceeds Expectations
457604,Saira Kothari,Finance,Financial Analyst,70,86.42,75.65,4.9,73.51,36,4.0,26,No,0,82.023,1.986756756756757,80.0,Exceeds Expectations
787273,Vritika Ram,Marketing,Marketing Executive,73,65.57,86.93,4.8,81.61,47,4.4,18,No,0,78.95249999999999,1.7002083333333333,88.00000000000001,Meets Expectations
333080,Anya Aggarwal,Sales,Business Development,62,64.09,78.52,5.0,77.08,50,3.0,1,No,0,76.1875,1.5113725490196077,60.0,Meets Expectations
173380,Ishita Apte,HR,HR Manager,63,63.17,97.46,3.7,99.89,36,4.2,10,No,0,82.78999999999999,2.6997297297297296,84.00000000000001,Exceeds Expectations
141444,Shlok Mahajan,Finance,Financial Analyst,86,73.3,76.0,4.0,93.94,53,4.8,17,Yes,1,81.934,1.7396296296296296,96.0,Exceeds Expectations
579568,Adah Bobal,Finance,Financial Analyst,54,71.48,99.93,4.9,92.17,47,3.1,28,No,0,86.967,1.9202083333333333,62.0,Exceeds Expectations
890588,Kashvi Rajagopal,HR,HR Manager,60,65.14,84.35,3.3,86.8,40,4.0,9,No,0,75.7315,2.1170731707317074,80.0,Meets Expectations
478721,Zaina Kaul,Sales,Business Development,77,73.85,79.5,3.4,99.91,48,3.9,2,No,0,82.941,2.0389795918367346,78.0,Exceeds Expectations
138783,Yashvi Bala,Sales,Sales Executive,51,81.66,85.85,3.5,89.49,47,4.2,28,No,0,83.27999999999999,1.864375,84.00000000000001,Exceeds Expectations
799194,Trisha Mane,Sales,Business Development,79,81.75,83.34,4.2,77.99,42,4.2,20,No,0,81.00999999999999,1.813720930232558,84.00000000000001,Exceeds Expectations
768548,Hrishita Bose,IT,Data Analyst,89,71.37,83.27,3.3,95.65,53,4.9,2,Yes,1,80.84750000000001,1.7712962962962964,98.00000000000001,Exceeds Expectations
827716,Jivika Sur,HR,Employee Relations,72,61.52,88.31,4.8,82.1,35,4.4,2,No,0,77.9135,2.2805555555555554,88.00000000000001,Meets Expectations
898660,Sara Bal,Marketing,Content Strategist,56,72.73,94.33,4.5,96.57,36,4.5,17,No,0,86.9045,2.61,90.0,Exceeds Expectations
255208,Sumer Kothari,Finance,Financial Analyst,54,87.0,96.19,3.7,88.56,42,4.7,6,No,0,86.97449999999999,2.0595348837209304,94.0,Exceeds Expectations
533724,Jhanvi Dutta,Marketing,Marketing Executive,91,68.31,97.47,4.0,81.83,48,3.5,24,No,0,79.1695,1.67,70.0,Meets Expectations
893853,Dhruv Gera,Marketing,Marketing Executive,56,69.85,76.34,5.0,86.23,48,5.0,3,No,0,81.07900000000001,1.759795918367347,100.0,Exceeds Expectations
875893,Anvi Sharaf,Marketing,Content Strategist,54,82.51,79.14,3.3,95.01,36,4.4,9,No,0,83.903,2.567837837837838,88.00000000000001,Exceeds Expectations
686767,Jiya Tara,Marketing,SEO Specialist,77,82.95,77.99,3.0,90.98,46,3.0,6,No,0,81.574,1.9357446808510639,60.0,Exceeds Expectations
654944,Zoya Comar,Finance,Financial Analyst,100,67.4,90.07,4.6,76.46,46,3.4,27,No,0,77.6615,1.6268085106382977,68.0,Meets Expectations
198144,Akarsh Sridhar,Marketing,SEO Specialist,53,76.17,91.57,4.3,81.33,41,4.5,15,No,0,81.76050000000001,1.9364285714285714,90.0,Exceeds Expectations
657491,Advik Banik,Sales,Account Manager,78,91.64,80.76,4.7,85.59,44,3.2,5,No,0,88.24449999999999,1.9020000000000001,64.0,Exceeds Expectations
995196,Onkar Kumar,Finance,Auditor,58,88.69,80.7,4.3,96.93,51,3.4,24,No,0,89.97200000000001,1.8640384615384618,68.0,Exceeds Expectations
549110,Aayush Bakshi,IT,Cybersecurity Specialist,64,91.18,97.91,4.7,80.29,41,3.7,8,No,0,88.80099999999999,1.9116666666666668,74.0,Exceeds Expectations
630173,Zaina Mahajan,Sales,Sales Executive,69,65.83,78.41,4.8,94.34,41,4.7,16,No,0,82.221,2.2461904761904763,94.0,Exceeds Expectations
760494,Mohanlal Dhillon,Sales,Business Development,61,79.54,80.52,4.6,78.0,42,4.9,21,No,0,81.017,1.813953488372093,98.00000000000001,Exceeds Expectations
473877,Lagan Sant,IT,Cybersecurity Specialist,93,61.8,76.32,3.0,95.16,51,4.5,28,Yes,1,75.38399999999999,1.8299999999999998,90.0,Meets Expectations
971452,Priyansh Sibal,Marketing,Content Strategist,80,66.32,80.47,3.3,79.44,50,4.4,21,No,0,72.98649999999999,1.5576470588235294,88.00000000000001,Meets Expectations
689871,Kabir Ganesh,HR,Employee Relations,57,67.74,92.94,3.7,87.63,36,4.4,28,No,0,79.42049999999999,2.3683783783783783,88.00000000000001,Meets Expectations
833957,Jivin Bansal,Finance,Accountant,67,70.68,77.3,4.4,85.32,40,3.6,11,No,0,79.395,2.080975609756097,72.0,Meets Expectations
460684,Aaryahi Wadhwa,Finance,Accountant,59,64.54,84.1,4.9,93.52,41,3.8,7,No,0,82.636,2.2266666666666666,76.0,Exceeds Expectations
662418,Sana Sandal,Sales,Business Development,76,78.49,86.37,3.9,79.76,53,3.9,18,No,0,80.04299999999999,1.4770370370370371,78.0,Exceeds Expectations
156721,Mehul Hegde,Finance,Accountant,88,92.8,88.46,3.7,92.93,36,3.8,14,No,0,89.37449999999998,2.5116216216216216,76.0,Exceeds Expectations
516645,Indrans Dasgupta,IT,Data Analyst,57,94.46,80.62,3.6,70.23,49,4.3,13,No,0,80.5345,1.4046,86.0,Exceeds Expectations
850144,Kartik Chaudhry,Finance,Accountant,51,90.63,91.88,4.7,89.34,36,4.1,2,No,0,90.87149999999998,2.4145945945945946,82.0,Exceeds Expectations
728174,Bhamini Gopal,IT,Cybersecurity Specialist,76,63.14,91.44,3.3,81.08,49,4.6,10,No,0,74.093,1.6216,92.0,Meets Expectations
804602,Trisha Chacko,Finance,Auditor,51,63.33,95.02,4.6,70.08,53,3.1,10,No,0,74.7465,1.2977777777777777,62.0,Meets Expectations
776038,Lavanya Keer,Marketing,Content Strategist,55,76.17,79.92,4.5,87.0,39,4.9,18,No,0,82.5975,2.175,98.00000000000001,Exceeds Expectations
580567,Nitara Som,Sales,Account Manager,94,91.17,84.44,3.1,78.29,46,4.8,9,Yes,1,81.277,1.6657446808510639,96.0,Exceeds Expectations
799013,Ela Dutt,Finance,Accountant,79,89.42,98.19,4.4,86.44,40,3.6,25,No,0,89.4795,2.1082926829268294,72.0,Exceeds Expectations
444563,Arhaan Dalal,IT,Software Engineer,62,92.04,89.72,4.8,72.65,37,3.2,13,No,0,85.49950000000001,1.911842105263158,64.0,Exceeds Expectations
516622,Madhup Balasubramanian,Finance,Auditor,63,66.55,97.72,5.0,77.92,37,5.0,20,No,0,80.2225,2.0505263157894738,100.0,Exceeds Expectations
287528,Abram Yohannan,Sales,Business Development,75,92.15,86.71,4.9,90.2,53,3.1,7,No,0,91.529,1.6703703703703705,62.0,Exceeds Expectations
773149,Ivan Wadhwa,Sales,Account Manager,50,67.79,97.38,4.3,79.61,42,3.5,7,No,0,79.09700000000001,1.8513953488372092,70.0,Meets Expectations
873076,Nayantara Sant,Marketing,SEO Specialist,64,65.9,96.78,4.0,90.32,40,4.0,13,No,0,81.19399999999999,2.2029268292682924,80.0,Exceeds Expectations
695478,Shalv Divan,Finance,Financial Analyst,57,62.0,92.22,5.0,82.12,35,4.2,30,No,0,79.275,2.281111111111111,84.00000000000001,Meets Expectations
785822,Vihaan Saraf,HR,Recruitment Specialist,54,79.95,76.37,4.1,76.4,46,3.6,25,No,0,78.478,1.6255319148936171,72.0,Meets Expectations
848431,Inaaya  Dixit,Finance,Financial Analyst,53,89.94,82.49,4.1,92.24,50,4.6,17,No,0,88.43649999999998,1.8086274509803921,92.0,Exceeds Expectations
947730,Hansh Mammen,Finance,Accountant,83,79.41,82.63,3.3,91.15,48,4.4,8,No,0,81.9905,1.8602040816326533,88.00000000000001,Exceeds Expectations
750748,Uthkarsh Date,HR,HR Manager,78,60.67,97.9,3.2,99.68,35,4.2,15,No,0,80.4075,2.768888888888889,84.00000000000001,Exceeds Expectations
685630,Zoya Sarkar,IT,Software Engineer,56,77.42,77.94,3.4,89.51,43,3.6,2,No,0,80.3165,2.034318181818182,72.0,Exceeds Expectations
300363,Emir Ratta,IT,Cybersecurity Specialist,84,62.0,82.87,4.6,75.13,49,3.5,25,No,0,74.226,1.5026,70.0,Meets Expectations
767323,Heer Brar,Finance,Accountant,54,70.83,97.4,5.0,81.85,48,3.9,0,No,0,83.048,1.670408163265306,78.0,Exceeds Expectations
986166,Badal Bakshi,Finance,Financial Analyst,55,61.55,92.04,4.1,88.02,49,4.7,11,No,0,78.45549999999999,1.7604,94.0,Meets Expectations
398341,Bhavin Sankaran,Marketing,SEO Specialist,56,70.38,82.99,4.2,84.6,55,3.3,18,No,0,79.29149999999998,1.5107142857142857,65.99999999999999,Meets Expectations
577304,Advik Bala,IT,Software Engineer,69,70.35,86.36,3.3,95.32,37,5.0,13,No,0,80.8385,2.508421052631579,100.0,Exceeds Expectations
497843,Pihu Bhatt,IT,Data Analyst,95,77.13,79.39,3.2,94.65,47,3.9,6,No,0,81.63149999999999,1.971875,78.0,Exceeds Expectations
930699,Sara Roy,IT,Cybersecurity Specialist,58,65.22,96.92,3.2,99.73,51,4.7,0,No,0,81.87049999999999,1.9178846153846154,94.0,Exceeds Expectations
439247,Anvi Garg,Finance,Accountant,98,67.26,97.22,3.2,91.79,47,3.4,20,No,0,79.8505,1.9122916666666667,68.0,Meets Expectations
482548,Seher Choudhary,Finance,Auditor,84,68.74,89.62,3.6,76.71,54,3.7,14,No,0,75.1505,1.3947272727272726,74.0,Meets Expectations
916163,Ahana  Apte,HR,Recruitment Specialist,85,85.5,85.77,3.6,82.81,53,4.1,19,No,0,82.574,1.5335185185185185,82.0,Exceeds Expectations
258496,Romil Suresh,Finance,Accountant,50,66.79,86.57,3.4,92.18,49,3.9,22,No,0,78.825,1.8436000000000001,78.0,Meets Expectations
650162,Aradhya Varghese,Marketing,SEO Specialist,77,75.0,81.24,4.0,91.16,54,3.5,0,No,0,82.34199999999998,1.6574545454545453,70.0,Exceeds Expectations
914105,Kiaan Dhar,Marketing,Content Strategist,93,85.06,75.33,4.0,74.8,44,3.3,27,No,0,79.25049999999999,1.6622222222222223,65.99999999999999,Meets Expectations
823308,Lavanya Korpal,Sales,Account Manager,82,86.07,79.25,3.2,88.51,46,3.8,1,No,0,82.59049999999999,1.8831914893617023,76.0,Exceeds Expectations
130399,Anvi Lad,Finance,Accountant,89,70.52,95.83,4.5,96.93,49,4.5,16,Yes,1,86.482,1.9386,90.0,Exceeds Expectations
111623,Alia Dugal,HR,Employee Relations,54,63.24,92.94,4.9,86.19,53,4.8,14,No,0,80.9415,1.596111111111111,96.0,Exceeds Expectations
492236,Yuvraj  Kale,Sales,Business Development,54,60.27,89.79,5.0,97.46,39,4.2,10,No,0,83.674,2.4364999999999997,84.00000000000001,Exceeds Expectations
313636,Jayesh Doctor,Finance,Auditor,66,89.49,79.51,3.1,71.51,41,3.7,30,No,0,77.5765,1.7026190476190477,74.0,Meets Expectations
444361,Shanaya Hegde,Sales,Sales Executive,64,86.09,94.27,3.7,70.31,44,3.3,1,No,0,79.98049999999999,1.5624444444444445,65.99999999999999,Meets Expectations
738370,Ivana Acharya,Marketing,SEO Specialist,77,63.44,84.05,4.0,98.26,44,3.1,18,No,0,81.2025,2.1835555555555555,62.0,Exceeds Expectations
775296,Anay Chahal,Finance,Accountant,77,61.4,98.68,3.7,88.34,47,3.5,3,No,0,78.31099999999999,1.8404166666666668,70.0,Meets Expectations
692874,Shaan Tripathi,Finance,Financial Analyst,68,88.78,86.48,4.3,84.68,53,3.4,22,No,0,86.583,1.5681481481481483,68.0,Exceeds Expectations
320741,Aaina Karnik,Finance,Auditor,99,81.46,90.85,4.2,74.16,41,4.6,12,Yes,1,80.69449999999999,1.7657142857142856,92.0,Exceeds Expectations
938248,Himmat Kala,Sales,Sales Executive,99,68.84,77.78,3.5,92.8,49,4.6,3,Yes,1,78.741,1.8559999999999999,92.0,Meets Expectations
789914,Madhav Solanki,Marketing,SEO Specialist,65,67.49,92.97,3.3,85.53,52,4.8,23,No,0,77.4025,1.6137735849056605,96.0,Meets Expectations
206331,Shaan Goel,HR,Recruitment Specialist,61,88.35,94.57,3.5,94.9,44,3.4,10,No,0,88.82300000000001,2.108888888888889,68.0,Exceeds Expectations
854221,Tara Kara,Sales,Sales Executive,87,65.22,90.09,3.9,82.64,41,3.6,2,No,0,76.9645,1.9676190476190476,72.0,Meets Expectations
365428,Shalv Koshy,Sales,Sales Executive,93,76.36,77.14,4.3,72.51,47,4.2,1,Yes,1,76.5755,1.510625,84.00000000000001,Meets Expectations
863275,Devansh Khurana,HR,HR Manager,53,64.93,91.83,3.7,93.99,38,3.9,19,No,0,80.4965,2.4099999999999997,78.0,Exceeds Expectations
981069,Mannat Gola,Sales,Sales Executive,65,74.44,80.9,4.3,75.11,41,4.0,24,No,0,77.37750000000001,1.7883333333333333,80.0,Meets Expectations
774417,Samaira Ramanathan,Finance,Financial Analyst,60,80.91,85.12,4.2,90.9,51,3.6,18,No,0,85.5015,1.748076923076923,72.0,Exceeds Expectations
311532,Drishya Bakshi,HR,HR Manager,100,71.44,76.66,3.1,87.05,44,4.2,16,Yes,1,76.27049999999998,1.9344444444444444,84.00000000000001,Meets Expectations
551576,Shlok Acharya,Sales,Account Manager,64,66.63,82.64,3.4,74.94,50,5.0,20,No,0,72.1455,1.4694117647058824,100.0,Meets Expectations
606751,Tara Balay,Marketing,Content Strategist,95,88.98,98.95,3.6,80.39,41,4.6,11,Yes,1,84.922,1.914047619047619,92.0,Exceeds Expectations
637720,Dhanuk Sankaran,IT,Cybersecurity Specialist,60,87.62,93.99,4.4,83.12,54,3.3,10,No,0,87.0575,1.5112727272727273,65.99999999999999,Exceeds Expectations
287020,Pranay Chad,HR,Recruitment Specialist,98,68.69,93.47,4.7,85.35,42,3.4,27,No,0,82.0345,1.9848837209302324,68.0,Exceeds Expectations
860665,Dharmajan Warrior,Sales,Sales Executive,85,92.58,89.4,3.8,79.95,47,3.6,2,No,0,85.1955,1.6656250000000001,72.0,Exceeds Expectations
405395,Amani Raj,Marketing,Content Strategist,62,71.49,75.5,3.8,74.01,51,3.4,27,No,0,73.65,1.423269230769231,68.0,Meets Expectations
879655,Indrans Lala,Marketing,Marketing Executive,89,81.56,87.64,4.0,89.0,51,4.2,30,Yes,1,84.842,1.7115384615384615,84.00000000000001,Exceeds Expectations
325377,Aarav Mall,Sales,Sales Executive,79,80.56,78.11,4.5,89.9,55,4.6,25,No,0,84.8775,1.605357142857143,92.0,Exceeds Expectations
407161,Kavya Ganesh,Sales,Account Manager,75,94.95,89.05,4.8,80.4,37,4.9,15,No,0,89.13,2.115789473684211,98.00000000000001,Exceeds Expectations
678248,Ryan Banerjee,Sales,Sales Executive,80,62.33,93.04,4.9,73.45,45,4.8,12,No,0,76.179,1.5967391304347827,96.0,Meets Expectations
911534,Advik Barad,Sales,Account Manager,60,92.79,92.46,4.4,74.35,54,4.9,30,No,0,85.568,1.3518181818181818,98.00000000000001,Exceeds Expectations
866073,Advik Savant,Finance,Financial Analyst,90,85.37,81.38,4.6,77.69,43,3.3,26,No,0,83.07799999999999,1.7656818181818181,65.99999999999999,Exceeds Expectations
697851,Ojas Kannan,IT,Software Engineer,86,91.94,81.33,3.8,99.77,38,5.0,2,Yes,1,90.69800000000001,2.558205128205128,100.0,Exceeds Expectations
611732,Zaina Lad,IT,Data Analyst,83,81.53,85.15,4.5,98.48,53,4.4,0,No,0,89.276,1.8237037037037038,88.00000000000001,Exceeds Expectations
541482,Renee Goel,Marketing,Marketing Executive,91,93.73,81.45,4.9,86.07,37,3.7,8,No,0,89.8475,2.2649999999999997,74.0,Exceeds Expectations
984886,Akarsh Sandhu,IT,Cybersecurity Specialist,60,80.1,95.99,4.6,96.71,37,3.6,8,No,0,90.08199999999998,2.545,72.0,Exceeds Expectations
874551,Trisha Saraf,HR,HR Manager,100,83.64,85.27,4.8,90.61,52,3.8,27,No,0,88.178,1.709622641509434,76.0,Exceeds Expectations
208522,Sumer Suri,Marketing,Marketing Executive,80,69.22,87.12,4.5,97.9,52,3.9,7,No,0,85.06,1.8471698113207549,78.0,Exceeds Expectations
216837,Charvi Thaker,Sales,Business Development,91,62.62,75.16,4.1,86.29,50,4.9,3,Yes,1,75.6925,1.6919607843137257,98.00000000000001,Meets Expectations
240533,Abram Rajan,IT,Software Engineer,78,94.19,76.64,3.9,97.15,45,4.9,29,No,0,90.16499999999999,2.1119565217391307,98.00000000000001,Exceeds Expectations
942605,Ehsaan Malhotra,IT,Cybersecurity Specialist,98,70.12,89.24,4.6,96.26,47,3.8,10,No,0,85.419,2.0054166666666666,76.0,Exceeds Expectations
687520,Ivan Boase,HR,HR Manager,92,69.79,80.22,3.6,85.61,37,3.2,21,No,0,77.223,2.252894736842105,64.0,Meets Expectations
946565,Divit Doctor,Finance,Auditor,88,61.45,76.25,4.1,89.47,51,3.6,9,No,0,76.5595,1.720576923076923,72.0,Meets Expectations
798459,Madhup Ganguly,HR,HR Manager,99,61.37,97.88,3.7,73.84,55,4.3,12,Yes,1,73.10549999999999,1.3185714285714287,86.0,Meets Expectations
614698,Romil Ghosh,Sales,Account Manager,53,68.66,88.71,4.2,98.44,40,4.2,12,No,0,84.39149999999998,2.4009756097560975,84.00000000000001,Exceeds Expectations
675967,Advik Kala,Sales,Account Manager,81,77.73,77.89,4.6,84.85,44,3.2,27,No,0,82.38649999999998,1.8855555555555554,64.0,Exceeds Expectations
952094,Renee Gara,Finance,Financial Analyst,67,70.91,91.78,3.7,88.47,53,3.5,7,No,0,80.64999999999999,1.6383333333333334,70.0,Exceeds Expectations
146318,Armaan Chad,Sales,Sales Executive,69,66.53,98.4,4.3,73.14,36,4.2,11,No,0,76.5445,1.9767567567567568,84.00000000000001,Meets Expectations
324224,Kimaya Kala,Finance,Auditor,61,70.17,78.35,4.3,81.49,52,3.7,9,No,0,77.7335,1.5375471698113206,74.0,Meets Expectations
796248,Zaina Lala,Finance,Accountant,67,83.44,82.88,3.5,74.89,40,5.0,26,No,0,78.3475,1.8265853658536586,100.0,Meets Expectations
336947,Eshani Dubey,IT,Software Engineer,64,60.47,98.02,3.4,74.75,36,3.7,15,No,0,72.23,2.02027027027027,74.0,Meets Expectations
608162,Mahika Basu,HR,Recruitment Specialist,71,62.28,85.46,4.3,78.88,49,3.8,22,No,0,75.125,1.5776,76.0,Meets Expectations
151746,Kavya Garg,Sales,Business Development,70,68.41,82.39,3.5,95.7,53,4.5,29,No,0,80.297,1.7722222222222224,90.0,Exceeds Expectations
838557,Purab Upadhyay,HR,Recruitment Specialist,77,83.01,83.68,4.6,85.45,49,4.9,21,No,0,85.313,1.709,98.00000000000001,Exceeds Expectations
479240,Adah Khare,Finance,Accountant,60,73.23,97.62,4.9,74.74,44,3.4,6,No,0,81.13250000000001,1.6608888888888889,68.0,Exceeds Expectations
990952,Chirag Kapadia,Finance,Auditor,60,90.9,84.54,4.8,98.34,45,3.3,30,No,0,93.315,2.137826086956522,65.99999999999999,Exceeds Expectations
407575,Nitara Srivastava,Finance,Auditor,54,86.56,76.5,4.3,73.1,48,4.4,29,No,0,80.256,1.4918367346938775,88.00000000000001,Exceeds Expectations
291280,Ivana Bhat,Sales,Business Development,76,76.04,81.02,4.2,99.72,37,4.0,13,No,0,86.26899999999998,2.6242105263157893,80.0,Exceeds Expectations
994582,Ela Iyer,Sales,Sales Executive,91,84.14,99.06,3.3,88.79,47,4.1,19,Yes,1,85.2845,1.8497916666666667,82.0,Exceeds Expectations
324408,Tushar Sunder,IT,Cybersecurity Specialist,98,85.77,81.1,4.2,88.51,52,4.1,15,Yes,1,85.76299999999999,1.6700000000000002,82.0,Exceeds Expectations
318462,Dhanush Boase,Sales,Sales Executive,69,80.88,90.52,4.8,84.81,46,4.3,26,No,0,85.96949999999998,1.804468085106383,86.0,Exceeds Expectations
129907,Advika Sani,Finance,Financial Analyst,90,60.34,90.98,4.9,88.0,51,4.4,25,Yes,1,80.266,1.6923076923076923,88.00000000000001,Exceeds Expectations
267605,Hrishita Lad,HR,Employee Relations,96,77.62,98.31,3.4,79.17,39,5.0,16,Yes,1,79.82300000000001,1.97925,100.0,Meets Expectations
395954,Sumer Sami,IT,Software Engineer,52,93.7,91.69,3.2,81.96,55,4.1,7,No,0,84.83449999999999,1.4635714285714285,82.0,Exceeds Expectations
886718,Samaira Uppal,Marketing,Content Strategist,54,71.83,83.82,4.4,71.01,45,4.0,30,No,0,75.767,1.5436956521739131,80.0,Meets Expectations
990214,Samarth Chhabra,Sales,Account Manager,81,68.29,98.55,4.8,85.9,36,3.3,13,No,0,83.149,2.3216216216216217,65.99999999999999,Exceeds Expectations
913309,Kiaan Sura,Marketing,Marketing Executive,59,85.21,88.06,3.1,92.45,44,4.6,27,No,0,84.69,2.0544444444444445,92.0,Exceeds Expectations
838806,Neysa Choudhary,Sales,Business Development,50,85.61,77.45,4.4,75.79,44,3.4,11,No,0,81.30749999999999,1.6842222222222223,68.0,Exceeds Expectations
201801,Dhanuk Varghese,Finance,Financial Analyst,60,65.61,75.73,3.5,99.89,36,4.7,22,No,0,79.7845,2.6997297297297296,94.0,Meets Expectations
354506,Elakshi Venkataraman,HR,Recruitment Specialist,84,83.64,88.82,3.8,70.62,42,3.8,0,No,0,78.714,1.642325581395349,76.0,Meets Expectations
249848,Mamooty Bansal,HR,HR Manager,56,60.42,92.4,4.2,70.71,40,4.2,19,No,0,72.35549999999999,1.7246341463414632,84.00000000000001,Meets Expectations
285059,Jayant Bora,Finance,Financial Analyst,74,65.73,80.49,3.7,73.23,40,4.5,29,No,0,71.8095,1.7860975609756098,90.0,Meets Expectations
885249,Kabir Bava,IT,Data Analyst,51,93.91,79.82,3.5,93.86,43,4.4,16,No,0,88.1925,2.1331818181818183,88.00000000000001,Exceeds Expectations
656715,Parinaaz Kumar,Marketing,SEO Specialist,62,89.09,99.72,3.5,74.72,44,3.3,10,No,0,82.7915,1.6604444444444444,65.99999999999999,Exceeds Expectations
841243,Ahana  Venkataraman,Finance,Financial Analyst,78,94.54,76.02,4.9,78.22,42,3.2,25,No,0,86.569,1.8190697674418603,64.0,Exceeds Expectations
155357,Onkar Borde,Sales,Business Development,69,83.75,99.26,3.4,90.62,42,3.2,22,No,0,86.1185,2.107441860465116,64.0,Exceeds Expectations
724113,Uthkarsh Bir,HR,Employee Relations,56,88.87,76.1,3.9,81.81,47,4.2,7,No,0,82.853,1.704375,84.00000000000001,Exceeds Expectations
839838,Alia Sarna,Marketing,SEO Specialist,73,65.52,81.01,4.6,76.9,45,4.2,16,No,0,75.79849999999999,1.6717391304347828,84.00000000000001,Meets Expectations
935427,Amira Krishnan,IT,Software Engineer,67,60.96,93.05,3.5,95.34,53,4.6,1,No,0,79.1625,1.7655555555555555,92.0,Meets Expectations
572989,Urvi Boase,IT,Software Engineer,85,75.37,94.12,4.4,98.96,47,3.9,18,No,0,88.3335,2.0616666666666665,78.0,Exceeds Expectations
664518,Diya Chaudhari,Sales,Account Manager,95,77.86,89.83,3.3,72.06,37,4.2,25,Yes,1,75.84649999999999,1.8963157894736842,84.00000000000001,Meets Expectations
107620,Lakshay Basu,Finance,Financial Analyst,78,82.06,80.62,4.9,97.4,52,3.4,16,No,0,89.604,1.8377358490566038,68.0,Exceeds Expectations
679054,Nirvi Keer,HR,HR Manager,79,63.57,96.78,4.3,75.23,45,5.0,4,No,0,75.997,1.6354347826086957,100.0,Meets Expectations
938445,Miraan Sundaram,Marketing,Marketing Executive,89,60.58,88.49,3.2,90.42,51,3.8,16,No,0,75.72349999999999,1.738846153846154,76.0,Meets Expectations
509889,Vanya Chokshi,HR,Recruitment Specialist,82,86.95,85.19,4.4,85.47,45,4.7,27,No,0,86.32549999999999,1.8580434782608695,94.0,Exceeds Expectations
523438,Rati Chaudhry,Marketing,Content Strategist,85,72.67,93.86,3.8,74.53,37,3.4,12,No,0,76.999,1.9613157894736843,68.0,Meets Expectations
133139,Misha Keer,Marketing,SEO Specialist,80,89.98,97.25,3.5,91.45,37,4.2,23,No,0,88.588,2.406578947368421,84.00000000000001,Exceeds Expectations
639139,Nishith Sami,Finance,Auditor,78,76.52,88.93,4.0,91.36,46,5.0,25,No,0,84.0975,1.9438297872340426,100.0,Exceeds Expectations
941605,Nitara Kota,Marketing,SEO Specialist,77,76.94,76.77,3.0,91.97,47,3.4,29,No,0,79.634,1.9160416666666666,68.0,Meets Expectations
152116,Neelofar Mander,Marketing,Content Strategist,73,88.14,75.8,3.8,83.24,46,4.7,6,No,0,82.753,1.7710638297872339,94.0,Exceeds Expectations
271877,Ishita Tiwari,Sales,Account Manager,74,90.54,96.22,4.8,87.75,40,4.9,27,No,0,91.2345,2.1402439024390243,98.00000000000001,Exceeds Expectations
276713,Anika Dara,IT,Software Engineer,57,62.13,95.31,3.9,93.46,40,3.2,0,No,0,80.453,2.279512195121951,64.0,Exceeds Expectations
794709,Mamooty Ganesh,Sales,Business Development,91,61.91,97.15,3.3,76.73,42,3.7,21,No,0,72.9965,1.784418604651163,74.0,Meets Expectations
100468,Arhaan Kibe,Finance,Accountant,81,74.25,91.3,4.3,72.36,52,3.1,4,No,0,77.90849999999999,1.3652830188679246,62.0,Meets Expectations
735215,Arnav Dar,Sales,Sales Executive,88,94.23,84.68,4.7,83.45,55,3.3,20,No,0,88.99,1.4901785714285716,65.99999999999999,Exceeds Expectations
973328,Piya Devan,IT,Cybersecurity Specialist,50,86.42,87.67,3.2,75.59,40,3.6,11,No,0,79.454,1.843658536585366,72.0,Meets Expectations
977794,Neelofar Venkatesh,HR,HR Manager,61,65.1,94.27,4.8,91.36,43,3.5,13,No,0,83.3015,2.076363636363636,70.0,Exceeds Expectations
200096,Lakshit Kaur,HR,Recruitment Specialist,50,65.3,86.42,4.1,94.41,48,3.6,6,No,0,81.16149999999999,1.926734693877551,72.0,Exceeds Expectations
188252,Navya Sekhon,Marketing,SEO Specialist,80,68.4,84.47,3.7,86.81,53,4.1,21,No,0,78.094,1.6075925925925927,82.0,Meets Expectations
191426,Mamooty Buch,Marketing,Content Strategist,70,69.13,76.34,4.6,84.07,53,3.7,25,No,0,78.871,1.5568518518518517,74.0,Meets Expectations
179927,Rohan Keer,Marketing,Content Strategist,99,61.05,80.52,4.1,82.41,43,4.4,5,Yes,1,74.58899999999998,1.8729545454545453,88.00000000000001,Meets Expectations
746698,Ishaan Jaggi,Sales,Sales Executive,56,74.48,80.98,3.9,83.59,40,3.5,25,No,0,79.17150000000001,2.0387804878048783,70.0,Meets Expectations
507375,Ehsaan Tank,Sales,Business Development,95,85.65,81.78,3.0,92.61,37,3.9,8,No,0,83.658,2.437105263157895,78.0,Exceeds Expectations
632142,Misha Malhotra,Finance,Accountant,85,60.63,80.38,4.3,99.63,55,4.4,30,No,0,81.048,1.7791071428571428,88.00000000000001,Exceeds Expectations
591425,Abram Gupta,Sales,Business Development,51,62.37,91.29,3.9,73.36,36,3.2,4,No,0,72.899,1.9827027027027027,64.0,Meets Expectations
708022,Purab Borde,Finance,Financial Analyst,58,82.98,86.58,3.6,83.46,47,4.8,28,No,0,82.04099999999998,1.7387499999999998,96.0,Exceeds Expectations
571673,Rhea Dixit,Marketing,Marketing Executive,70,93.7,84.74,4.6,83.91,44,3.7,16,No,0,88.6745,1.8646666666666667,74.0,Exceeds Expectations
791553,Taran Dutta,HR,HR Manager,80,70.07,76.95,4.0,91.85,36,4.4,1,No,0,80.21449999999999,2.4824324324324323,88.00000000000001,Exceeds Expectations
437116,Zoya Badami,IT,Software Engineer,74,62.43,99.23,3.6,78.64,35,3.5,13,No,0,75.059,2.1844444444444444,70.0,Meets Expectations
217243,Jayan Ganguly,Sales,Business Development,75,91.25,98.64,4.4,75.0,45,3.8,24,No,0,86.1835,1.6304347826086956,76.0,Exceeds Expectations
872776,Dhruv Randhawa,IT,Software Engineer,91,91.21,88.35,3.5,88.64,43,3.1,30,No,0,86.69999999999999,2.0145454545454546,62.0,Exceeds Expectations
698265,Anahita Chandra,HR,HR Manager,57,67.12,94.29,4.1,78.73,39,3.5,24,No,0,77.491,1.96825,70.0,Meets Expectations
455357,Purab Kaur,IT,Data Analyst,69,82.27,83.35,3.7,86.52,49,4.4,0,No,0,82.67899999999999,1.7304,88.00000000000001,Exceeds Expectations
765186,Taimur Dugar,Marketing,SEO Specialist,59,62.92,96.48,4.4,71.33,55,3.4,22,No,0,74.6595,1.27375,68.0,Meets Expectations
713395,Biju Lanka,IT,Data Analyst,95,92.28,85.18,3.4,91.15,37,3.7,0,No,0,87.17750000000001,2.3986842105263158,74.0,Exceeds Expectations
378413,Ira Wagle,Finance,Financial Analyst,91,67.0,91.92,4.1,78.3,39,4.2,2,Yes,1,76.943,1.9575,84.00000000000001,Meets Expectations
529784,Kaira Raja,Marketing,SEO Specialist,72,65.45,76.51,4.3,85.71,52,3.8,26,No,0,77.2825,1.6171698113207547,76.0,Meets Expectations
531106,Shanaya Chaudhuri,Finance,Financial Analyst,77,67.45,87.58,3.5,92.75,50,3.4,20,No,0,79.707,1.8186274509803921,68.0,Meets Expectations
592818,Jayant Gole,Marketing,Content Strategist,89,62.21,91.6,4.8,73.05,53,3.6,22,No,0,75.481,1.3527777777777776,72.0,Meets Expectations
187496,Badal Dada,Sales,Account Manager,91,70.45,92.63,4.9,97.45,35,3.2,10,No,0,87.3595,2.7069444444444444,64.0,Exceeds Expectations
775503,Sahil Chandra,HR,Recruitment Specialist,51,85.04,96.67,3.7,94.28,54,4.2,25,No,0,88.3625,1.7141818181818183,84.00000000000001,Exceeds Expectations
771910,Aarush Agarwal,IT,Data Analyst,71,94.43,76.68,3.5,77.84,41,4.3,4,No,0,82.2965,1.8533333333333335,86.0,Exceeds Expectations
375034,Jhanvi Saha,Finance,Financial Analyst,61,77.2,75.35,4.5,99.07,47,4.5,20,No,0,86.49699999999999,2.0639583333333333,90.0,Exceeds Expectations
592732,Lakshit Swamy,Finance,Financial Analyst,80,66.38,98.24,3.1,76.5,42,3.7,28,No,0,74.044,1.7790697674418605,74.0,Meets Expectations
172793,Anaya Chahal,Finance,Auditor,79,79.29,82.73,3.7,98.94,42,3.2,28,No,0,85.88999999999999,2.3009302325581396,64.0,Exceeds Expectations
663644,Kimaya Bobal,HR,Employee Relations,66,63.1,86.69,3.1,89.44,37,4.2,0,No,0,75.6925,2.353684210526316,84.00000000000001,Meets Expectations
495914,Khushi Raja,Sales,Business Development,66,72.22,97.02,3.1,93.11,55,3.7,11,No,0,81.71849999999999,1.6626785714285715,74.0,Exceeds Expectations
628441,Tara Kunda,Sales,Sales Executive,76,69.57,91.85,3.1,75.99,46,4.5,1,No,0,74.02349999999998,1.6168085106382977,90.0,Meets Expectations
299503,Samar Ganguly,HR,Employee Relations,99,74.74,82.61,4.4,94.24,39,4.3,5,Yes,1,84.73449999999998,2.356,86.0,Exceeds Expectations
269477,Krish Bhavsar,Marketing,Marketing Executive,90,68.02,96.47,3.8,78.26,52,3.4,15,No,0,77.0685,1.4766037735849058,68.0,Meets Expectations
504373,Dhruv Chokshi,HR,Employee Relations,59,69.96,80.78,4.9,94.06,46,4.2,23,No,0,84.224,2.001276595744681,84.00000000000001,Exceeds Expectations
366504,Amira Ghosh,Marketing,Marketing Executive,92,85.21,99.04,4.8,96.77,54,3.1,2,No,0,92.94899999999998,1.7594545454545454,62.0,Exceeds Expectations
394359,Anay Virk,HR,Employee Relations,52,70.64,82.61,3.3,72.59,48,3.9,14,No,0,72.422,1.4814285714285715,78.0,Meets Expectations
237322,Dishani Yadav,Finance,Financial Analyst,97,76.42,94.12,3.8,73.36,39,3.2,23,No,0,77.941,1.834,64.0,Meets Expectations
561866,Tejas Solanki,Finance,Accountant,68,76.73,98.73,4.4,82.0,49,3.2,3,No,0,83.565,1.64,64.0,Exceeds Expectations
735546,Jivin Sundaram,IT,Cybersecurity Specialist,71,92.32,83.76,4.0,74.02,39,3.2,20,No,0,82.78299999999999,1.8504999999999998,64.0,Exceeds Expectations
421075,Mehul Srinivasan,IT,Cybersecurity Specialist,81,76.64,85.8,4.2,79.85,53,3.3,2,No,0,80.24149999999999,1.4787037037037036,65.99999999999999,Exceeds Expectations
728274,Ryan Bajwa,Marketing,Marketing Executive,99,94.97,85.77,4.7,72.86,42,4.5,17,Yes,1,85.70599999999999,1.6944186046511627,90.0,Exceeds Expectations
546619,Ehsaan Vala,IT,Data Analyst,94,72.1,95.16,3.9,74.7,45,4.2,1,Yes,1,77.354,1.623913043478261,84.00000000000001,Meets Expectations
453232,Hunar Sharaf,Sales,Sales Executive,83,92.91,78.41,4.9,97.73,37,4.6,12,No,0,93.18549999999999,2.571842105263158,92.0,Exceeds Expectations
848166,Amani Tailor,Sales,Business Development,85,86.19,94.34,4.2,98.41,35,3.2,4,No,0,91.36099999999998,2.733611111111111,64.0,Exceeds Expectations
714406,Indrajit Divan,HR,Recruitment Specialist,58,63.25,85.06,3.5,71.82,49,3.9,28,No,0,70.5335,1.4364,78.0,Meets Expectations
187558,Advika Randhawa,Marketing,Content Strategist,63,91.38,75.01,3.2,96.4,50,4.3,20,No,0,86.5745,1.8901960784313727,86.0,Exceeds Expectations
573858,Reyansh Apte,IT,Software Engineer,67,85.76,81.19,3.4,74.88,40,3.3,13,No,0,78.6025,1.826341463414634,65.99999999999999,Meets Expectations
375394,Anika Kade,Sales,Account Manager,53,63.28,95.46,4.9,95.15,44,4.8,29,No,0,84.46950000000001,2.1144444444444446,96.0,Exceeds Expectations
818293,Pihu Upadhyay,Marketing,SEO Specialist,82,69.67,76.14,3.6,75.57,55,4.6,11,No,0,73.05499999999999,1.3494642857142856,92.0,Meets Expectations
616082,Hazel Khosla,Finance,Accountant,58,63.04,95.27,3.5,86.89,37,3.4,10,No,0,77.26599999999999,2.286578947368421,68.0,Meets Expectations
991989,Saira Kalita,HR,Recruitment Specialist,56,61.31,77.76,3.6,72.92,38,4.7,4,No,0,69.4445,1.86974358974359,94.0,Meets Expectations
706912,Vihaan Gera,Sales,Sales Executive,91,60.99,94.29,4.7,98.35,53,3.7,12,No,0,84.01249999999999,1.8212962962962962,74.0,Exceeds Expectations
565468,Vivaan Andra,Marketing,SEO Specialist,62,63.61,90.91,3.4,70.71,55,4.0,24,No,0,70.84849999999999,1.2626785714285713,80.0,Meets Expectations
449495,Vanya Chad,Marketing,Marketing Executive,72,72.0,97.85,3.7,74.91,50,3.5,20,No,0,77.19599999999998,1.4688235294117646,70.0,Meets Expectations
735184,Tushar Sachdeva,Sales,Business Development,76,66.89,86.05,4.1,90.56,39,4.5,16,No,0,80.315,2.2640000000000002,90.0,Exceeds Expectations
325646,Sara Sen,IT,Cybersecurity Specialist,100,82.93,99.96,4.6,76.57,37,4.3,20,Yes,1,84.61899999999999,2.0149999999999997,86.0,Exceeds Expectations
835602,Gatik Dey,Finance,Accountant,57,94.12,89.45,4.6,78.88,41,3.1,26,No,0,87.7675,1.878095238095238,62.0,Exceeds Expectations
325537,Renee Issac,IT,Data Analyst,68,79.05,77.48,4.1,70.05,35,3.0,5,No,0,76.107,1.9458333333333333,60.0,Meets Expectations
367507,Alisha Sahota,Sales,Business Development,50,60.25,88.86,4.9,91.41,38,3.2,9,No,0,81.11,2.3438461538461537,64.0,Exceeds Expectations
974409,Dhruv Sankaran,IT,Data Analyst,50,73.25,75.62,4.5,78.41,38,4.9,17,No,0,77.92399999999999,2.01051282051282,98.00000000000001,Meets Expectations
233059,Jayesh Kara,Finance,Accountant,68,81.72,96.63,3.3,86.79,38,4.1,7,No,0,83.373,2.2253846153846157,82.0,Exceeds Expectations
500079,Bhavin Chakrabarti,IT,Software Engineer,74,83.97,82.72,4.4,71.0,48,4.1,21,No,0,79.8475,1.4489795918367347,82.0,Meets Expectations
105109,Hazel Dalal,Marketing,SEO Specialist,62,70.5,82.17,4.4,75.99,54,4.5,21,No,0,76.79699999999998,1.3816363636363636,90.0,Meets Expectations
602645,Hazel Gour,IT,Data Analyst,63,79.54,94.02,5.0,85.33,35,4.7,7,No,0,86.80749999999999,2.370277777777778,94.0,Exceeds Expectations
597714,Trisha Lalla,IT,Cybersecurity Specialist,58,92.01,98.61,4.9,86.93,36,4.0,14,No,0,92.1205,2.3494594594594598,80.0,Exceeds Expectations
354274,Divit Mand,Marketing,Marketing Executive,76,67.33,93.31,3.1,83.09,47,3.9,12,No,0,75.94349999999999,1.7310416666666668,78.0,Meets Expectations
275185,Ishita Sunder,Marketing,SEO Specialist,51,81.62,92.97,3.3,78.39,49,4.7,19,No,0,79.849,1.5678,94.0,Meets Expectations
873424,Chirag Goel,IT,Software Engineer,98,71.79,77.41,3.8,77.8,37,3.7,22,No,0,75.368,2.0473684210526315,74.0,Meets Expectations
211434,Kimaya Kakar,Marketing,Content Strategist,74,66.33,85.03,4.0,73.62,40,3.7,20,No,0,73.737,1.795609756097561,74.0,Meets Expectations
810352,Tejas Dass,Sales,Sales Executive,51,60.01,97.18,3.1,72.04,38,4.3,22,No,0,70.0945,1.8471794871794873,86.0,Meets Expectations
507393,Taran Gupta,IT,Software Engineer,54,72.03,82.22,3.6,75.44,37,4.0,13,No,0,74.74749999999999,1.9852631578947368,80.0,Meets Expectations
290890,Aniruddh Desai,HR,Employee Relations,100,75.49,96.58,3.4,76.05,46,3.8,15,No,0,77.726,1.6180851063829786,76.0,Meets Expectations
588684,Rhea Dugar,Finance,Accountant,86,71.35,78.8,4.0,74.52,40,3.1,26,No,0,74.87449999999998,1.817560975609756,62.0,Meets Expectations
118741,Saanvi Dada,Marketing,Content Strategist,89,85.66,77.05,3.9,75.84,36,4.6,8,Yes,1,79.7825,2.0497297297297297,92.0,Meets Expectations
665519,Veer Savant,Marketing,Marketing Executive,65,60.93,92.88,4.1,77.17,52,3.1,9,No,0,74.567,1.4560377358490566,62.0,Meets Expectations
987791,Emir Agate,Marketing,Marketing Executive,100,94.93,93.19,4.5,95.91,40,5.0,10,Yes,1,94.27250000000001,2.339268292682927,100.0,Exceeds Expectations
427641,Faiyaz Rajan,Marketing,SEO Specialist,63,62.02,82.63,3.0,97.12,51,3.8,18,No,0,77.09349999999999,1.8676923076923078,76.0,Meets Expectations
577032,Aarav Sha,HR,Employee Relations,98,86.82,96.02,4.9,96.37,44,4.3,9,Yes,1,93.2195,2.1415555555555557,86.0,Exceeds Expectations
540381,Aaina Khanna,Marketing,SEO Specialist,85,70.28,95.7,4.0,97.71,49,4.4,24,No,0,85.1515,1.9542,88.00000000000001,Exceeds Expectations
976794,Divyansh Majumdar,HR,Employee Relations,68,86.75,87.46,3.6,88.4,36,4.8,6,No,0,85.22149999999999,2.389189189189189,96.0,Exceeds Expectations
415407,Vritika Barad,IT,Data Analyst,73,84.43,85.42,3.2,79.65,43,3.7,21,No,0,79.841,1.8102272727272728,74.0,Meets Expectations
330044,Nitara Lad,HR,Employee Relations,56,74.14,80.21,4.8,70.47,53,4.4,4,No,0,77.04499999999999,1.305,88.00000000000001,Meets Expectations
423286,Himmat Chhabra,Finance,Accountant,65,94.27,82.28,4.1,87.25,50,3.2,17,No,0,88.17399999999999,1.7107843137254901,64.0,Exceeds Expectations
221222,Riaan Sidhu,HR,Recruitment Specialist,86,60.7,84.13,3.0,80.57,55,4.4,16,Yes,1,71.064,1.43875,88.00000000000001,Meets Expectations
863175,Baiju Kari,IT,Software Engineer,93,69.92,75.92,3.8,97.25,42,3.5,15,No,0,81.2975,2.261627906976744,70.0,Exceeds Expectations
947406,Emir Bera,Finance,Financial Analyst,52,89.62,91.25,3.9,99.59,40,4.5,16,No,0,91.611,2.4290243902439026,90.0,Exceeds Expectations
199340,Vritika Ganesh,HR,Recruitment Specialist,83,91.47,98.87,4.3,76.2,45,4.0,15,No,0,86.415,1.6565217391304348,80.0,Exceeds Expectations
871029,Ishaan Balasubramanian,Marketing,Marketing Executive,100,61.44,80.21,3.8,86.75,43,4.8,3,Yes,1,75.298,1.9715909090909092,96.0,Meets Expectations
956640,Vanya Chad,Sales,Business Development,100,88.87,93.33,4.4,77.64,43,3.3,15,No,0,85.478,1.7645454545454546,65.99999999999999,Exceeds Expectations
684320,Shalv Gole,HR,Employee Relations,81,73.83,83.61,3.8,88.53,46,4.6,7,No,0,80.7675,1.8836170212765957,92.0,Exceeds Expectations
717901,Ayesha Khosla,Sales,Sales Executive,74,74.79,90.87,3.5,86.84,48,4.6,1,No,0,80.701,1.7722448979591838,92.0,Exceeds Expectations
713845,Lavanya Halder,Finance,Accountant,53,75.06,82.37,3.4,98.06,52,3.7,1,No,0,83.14750000000001,1.850188679245283,74.0,Exceeds Expectations
235575,Shayak Konda,HR,Recruitment Specialist,54,81.92,97.5,3.0,91.57,47,4.6,13,No,0,84.34649999999999,1.9077083333333331,92.0,Exceeds Expectations
519064,Umang Bobal,Sales,Account Manager,67,88.44,95.76,3.4,98.48,48,3.9,25,No,0,89.986,2.009795918367347,78.0,Exceeds Expectations
731526,Mehul Dyal,IT,Software Engineer,68,65.32,90.53,4.8,87.98,46,3.2,22,No,0,81.6345,1.8719148936170213,64.0,Exceeds Expectations
356636,Anaya Sanghvi,Sales,Sales Executive,73,79.79,86.45,3.4,87.6,44,3.2,17,No,0,81.754,1.9466666666666665,64.0,Exceeds Expectations
912833,Himmat Grewal,IT,Cybersecurity Specialist,88,60.3,93.21,4.6,74.71,36,4.9,26,Yes,1,75.03499999999998,2.019189189189189,98.00000000000001,Meets Expectations
934970,Vedika Kala,IT,Data Analyst,81,91.23,87.12,4.9,88.55,38,4.5,29,No,0,90.691,2.2705128205128204,90.0,Exceeds Expectations
433183,Diya Ratti,HR,Recruitment Specialist,90,73.45,88.29,4.1,70.73,42,3.9,22,No,0,76.0065,1.6448837209302327,78.0,Meets Expectations
911663,Alisha Zachariah,IT,Data Analyst,84,77.02,99.24,4.5,95.07,51,4.4,11,No,0,88.61749999999999,1.8282692307692305,88.00000000000001,Exceeds Expectations
555829,Saira Sachar,HR,Recruitment Specialist,77,89.8,86.58,4.0,73.61,37,4.7,30,No,0,82.1805,1.9371052631578947,94.0,Exceeds Expectations
891044,Ayesha Srinivas,Finance,Auditor,95,62.2,87.68,4.1,83.29,36,3.6,3,No,0,76.37349999999999,2.251081081081081,72.0,Meets Expectations
950284,Dhanuk Chopra,HR,Recruitment Specialist,88,91.07,86.27,4.5,77.1,54,4.8,21,Yes,1,85.29999999999998,1.4018181818181816,96.0,Exceeds Expectations
156834,Zaina Ravi,HR,Recruitment Specialist,85,71.45,89.42,4.7,82.93,48,4.4,19,No,0,81.54599999999999,1.692448979591837,88.00000000000001,Exceeds Expectations
930259,Faiyaz Sengupta,Finance,Auditor,94,62.74,81.13,3.9,98.99,52,3.6,30,No,0,80.475,1.8677358490566036,72.0,Exceeds Expectations
539275,Riya Bajaj,IT,Cybersecurity Specialist,94,67.43,75.38,5.0,77.8,36,4.2,30,Yes,1,77.1375,2.1027027027027025,84.00000000000001,Meets Expectations
462642,Mahika Lata,IT,Data Analyst,78,81.74,75.54,4.9,80.82,47,4.0,25,No,0,82.92699999999999,1.6837499999999999,80.0,Exceeds Expectations
634075,Reyansh Atwal,IT,Data Analyst,87,77.99,75.37,3.5,80.99,38,4.5,1,Yes,1,77.4485,2.0766666666666667,90.0,Meets Expectations
723585,Eshani Taneja,Finance,Accountant,80,63.45,86.74,4.1,71.89,40,4.9,9,No,0,72.67999999999999,1.7534146341463415,98.00000000000001,Meets Expectations
762205,Divij Khare,IT,Software Engineer,62,66.28,98.93,4.7,86.62,40,3.7,23,No,0,82.4545,2.1126829268292684,74.0,Exceeds Expectations
330511,Zaina Basak,Sales,Sales Executive,84,72.67,81.11,4.6,81.7,51,3.7,19,No,0,79.996,1.5711538461538461,74.0,Meets Expectations
763796,Indranil Sanghvi,Finance,Auditor,89,61.6,94.31,3.4,70.67,36,4.8,3,Yes,1,70.641,1.9100000000000001,96.0,Meets Expectations
720135,Inaaya  Chada,Marketing,Marketing Executive,61,66.05,88.02,3.4,91.18,50,3.3,0,No,0,78.4335,1.7878431372549022,65.99999999999999,Meets Expectations
289526,Vidur Kashyap,Marketing,Content Strategist,86,67.22,81.86,3.1,71.2,42,4.7,13,Yes,1,70.026,1.6558139534883722,94.0,Meets Expectations
322452,Darshit Gour,IT,Data Analyst,88,63.95,78.29,4.2,74.97,54,4.9,13,Yes,1,72.96549999999999,1.3630909090909091,98.00000000000001,Meets Expectations
893814,Sumer Acharya,Marketing,Content Strategist,98,64.44,94.95,3.3,95.23,50,3.6,5,No,0,80.02700000000002,1.8672549019607845,72.0,Exceeds Expectations
602204,Dishani Anand,Finance,Accountant,82,65.64,81.69,4.8,80.04,45,3.6,18,No,0,77.64150000000001,1.7400000000000002,72.0,Meets Expectations
650283,Neysa Deep,HR,Recruitment Specialist,87,63.25,98.24,4.2,99.21,41,4.3,23,Yes,1,84.19699999999999,2.362142857142857,86.0,Exceeds Expectations
886420,Prerak Thakkar,HR,HR Manager,93,61.04,78.79,3.4,82.5,35,4.1,18,Yes,1,72.2575,2.2916666666666665,82.0,Meets Expectations
960474,Divit Thaker,IT,Software Engineer,96,70.36,76.92,3.6,83.87,45,4.8,21,Yes,1,76.31849999999999,1.8232608695652175,96.0,Meets Expectations
262598,Manikya Shetty,Marketing,Marketing Executive,51,79.14,80.64,4.7,82.3,51,3.1,27,No,0,82.69999999999999,1.5826923076923076,62.0,Exceeds Expectations
768126,Hunar Dora,IT,Data Analyst,86,94.03,99.8,3.9,84.52,45,3.4,5,No,0,89.1625,1.837391304347826,68.0,Exceeds Expectations
407392,Sana Basu,HR,HR Manager,88,66.5,78.02,3.8,85.4,50,3.7,23,No,0,76.268,1.6745098039215687,74.0,Meets Expectations
681032,Navya Gala,Finance,Financial Analyst,61,88.68,79.11,4.9,97.0,40,4.8,17,No,0,91.5545,2.3658536585365852,96.0,Exceeds Expectations
339653,Charvi Kapadia,Marketing,Content Strategist,50,63.02,90.92,4.1,87.66,48,4.9,15,No,0,78.676,1.7889795918367346,98.00000000000001,Meets Expectations
362818,Amira Bhardwaj,Sales,Sales Executive,92,73.8,97.2,3.8,82.64,40,4.8,3,Yes,1,80.73400000000001,2.015609756097561,96.0,Exceeds Expectations
178252,Miraan Chahal,Finance,Auditor,72,91.22,92.52,4.6,71.74,35,5.0,12,No,0,84.71399999999998,1.9927777777777775,100.0,Exceeds Expectations
422019,Yasmin Kara,IT,Cybersecurity Specialist,67,67.47,83.66,3.6,73.29,50,4.8,21,No,0,72.61500000000001,1.437058823529412,96.0,Meets Expectations
276737,Baiju Sethi,Finance,Financial Analyst,70,64.54,82.6,4.7,72.26,47,4.9,30,No,0,74.37,1.5054166666666668,98.00000000000001,Meets Expectations
236238,Myra Ganesh,Finance,Financial Analyst,73,80.07,84.7,4.2,92.34,35,4.7,11,No,0,85.6485,2.565,94.0,Exceeds Expectations
392185,Ayesha Chadha,Finance,Auditor,76,66.19,85.63,3.1,91.58,46,4.9,9,No,0,77.36399999999999,1.9485106382978723,98.00000000000001,Meets Expectations
406980,Ritvik Wagle,HR,Employee Relations,87,77.02,79.34,4.5,95.46,47,3.8,13,No,0,85.76899999999999,1.9887499999999998,76.0,Exceeds Expectations
323646,Lagan Lal,IT,Software Engineer,59,74.96,88.93,3.3,81.2,50,4.3,20,No,0,77.8955,1.5921568627450982,86.0,Meets Expectations
188940,Nayantara Butala,Marketing,Content Strategist,67,62.85,94.79,4.1,82.43,48,3.7,5,No,0,77.3665,1.6822448979591837,74.0,Meets Expectations
635987,Miraya Chada,IT,Cybersecurity Specialist,57,73.74,97.8,3.9,73.87,49,3.7,11,No,0,78.0335,1.4774,74.0,Meets Expectations
303700,Gokul Arora,Finance,Financial Analyst,72,84.49,91.24,3.7,86.21,46,4.2,27,No,0,84.53099999999998,1.8342553191489361,84.00000000000001,Exceeds Expectations
387395,Chirag Vig,Sales,Business Development,55,90.57,99.09,4.1,77.91,47,4.0,22,No,0,86.13149999999999,1.623125,80.0,Exceeds Expectations
394838,Rhea Brahmbhatt,Sales,Business Development,57,82.53,90.53,3.7,76.21,37,4.6,25,No,0,80.23849999999999,2.0055263157894734,92.0,Exceeds Expectations
762077,Rati Iyengar,Sales,Business Development,95,92.1,82.48,4.6,95.6,37,4.4,14,Yes,1,91.86699999999999,2.5157894736842104,88.00000000000001,Exceeds Expectations
648713,Lagan Som,Finance,Financial Analyst,55,64.62,91.66,3.4,78.24,44,4.4,30,No,0,73.95,1.7386666666666666,88.00000000000001,Meets Expectations
782643,Pihu Sarraf,IT,Software Engineer,79,92.06,83.47,4.9,96.88,47,5.0,12,No,0,93.34949999999999,2.018333333333333,100.0,Exceeds Expectations
335076,Riaan Suri,Sales,Business Development,97,66.15,77.45,4.7,99.59,53,4.7,16,Yes,1,83.72649999999999,1.8442592592592593,94.0,Exceeds Expectations
742640,Divit Banik,Finance,Accountant,71,67.14,76.39,4.6,95.29,50,4.0,4,No,0,82.109,1.8684313725490198,80.0,Exceeds Expectations
587790,Hunar Saran,Marketing,Marketing Executive,64,67.88,78.33,4.8,97.84,42,3.5,28,No,0,84.1515,2.2753488372093025,70.0,Exceeds Expectations
741941,Khushi Barad,Marketing,Content Strategist,52,82.98,75.82,4.5,89.13,45,3.4,25,No,0,85.11149999999999,1.9376086956521739,68.0,Exceeds Expectations
542568,Rasha Lalla,Marketing,SEO Specialist,76,63.62,80.17,4.5,83.32,45,4.4,27,No,0,76.9545,1.8113043478260868,88.00000000000001,Meets Expectations
839443,Navya Lall,IT,Data Analyst,81,72.43,86.41,3.7,80.55,36,4.5,29,No,0,77.60449999999999,2.177027027027027,90.0,Meets Expectations
984036,Taran Dhaliwal,Sales,Account Manager,50,73.44,86.2,3.4,77.63,35,3.3,8,No,0,76.0045,2.156388888888889,65.99999999999999,Meets Expectations
594996,Tejas Hans,HR,Employee Relations,51,60.1,85.23,3.7,89.67,36,4.3,17,No,0,76.30399999999999,2.4235135135135137,86.0,Meets Expectations
267932,Aaryahi Loyal,HR,Employee Relations,57,75.07,79.7,4.2,88.75,41,4.0,5,No,0,81.89199999999998,2.113095238095238,80.0,Exceeds Expectations
834944,Aarna Din,Marketing,Marketing Executive,63,87.08,81.5,3.0,74.99,49,3.6,0,No,0,77.94949999999999,1.4997999999999998,72.0,Meets Expectations
541090,Lavanya Batta,Marketing,Marketing Executive,57,78.18,96.46,5.0,84.8,48,3.5,7,No,0,86.51199999999999,1.730612244897959,70.0,Exceeds Expectations
561289,Pihu Keer,IT,Data Analyst,82,64.33,78.27,4.1,76.74,42,3.4,0,No,0,73.41499999999999,1.7846511627906976,68.0,Meets Expectations
851462,Jiya Rajan,Marketing,SEO Specialist,88,73.89,94.64,4.2,92.41,35,3.1,16,No,0,85.00099999999999,2.5669444444444443,62.0,Exceeds Expectations
252844,Vedika Deshpande,IT,Software Engineer,86,61.25,95.97,3.4,99.37,44,3.1,15,No,0,80.8125,2.2082222222222225,62.0,Exceeds Expectations
826413,Arhaan Bala,Sales,Sales Executive,97,79.6,97.87,4.7,78.05,40,4.6,15,Yes,1,83.95799999999998,1.9036585365853658,92.0,Exceeds Expectations
312278,Emir Goel,Sales,Sales Executive,54,84.88,91.47,3.5,75.71,45,4.7,7,No,0,80.42699999999999,1.6458695652173911,94.0,Exceeds Expectations
698472,Charvi Doctor,Marketing,Content Strategist,73,74.81,87.87,3.1,86.12,55,4.0,21,No,0,78.806,1.537857142857143,80.0,Meets Expectations
185729,Alia Tandon,HR,Recruitment Specialist,95,81.95,89.39,4.2,98.2,52,3.4,6,No,0,89.06099999999999,1.8528301886792453,68.0,Exceeds Expectations
993983,Riya Virk,IT,Cybersecurity Specialist,77,74.94,80.4,4.8,96.93,39,3.3,12,No,0,86.61449999999999,2.4232500000000003,65.99999999999999,Exceeds Expectations
208933,Zeeshan Shetty,Finance,Accountant,68,67.03,91.02,3.9,74.97,48,4.7,29,No,0,75.053,1.53,94.0,Meets Expectations
308105,Ayesha Ram,Finance,Auditor,81,88.38,99.75,3.3,89.16,44,3.0,1,No,0,87.0015,1.9813333333333332,60.0,Exceeds Expectations
956821,Sahil Lad,Sales,Sales Executive,62,91.17,76.4,3.4,73.62,40,3.7,10,No,0,79.3365,1.795609756097561,74.0,Meets Expectations
537396,Adira Ratti,Marketing,Content Strategist,71,86.79,99.65,4.5,94.31,53,3.4,26,No,0,91.8325,1.7464814814814815,68.0,Exceeds Expectations
502306,Renee Deshpande,Finance,Accountant,92,83.42,93.41,4.0,90.91,35,3.3,22,No,0,87.027,2.5252777777777777,65.99999999999999,Exceeds Expectations
154238,Kismat Bhatti,IT,Data Analyst,97,71.65,76.72,4.7,90.25,48,4.5,3,Yes,1,82.273,1.8418367346938775,90.0,Exceeds Expectations
753094,Kaira Raju,Sales,Business Development,74,82.82,76.4,4.3,85.35,43,3.4,12,No,0,83.2195,1.9397727272727272,68.0,Exceeds Expectations
987628,Indrajit Gulati,Finance,Accountant,72,84.73,87.83,4.5,89.58,51,3.9,18,No,0,87.68299999999999,1.7226923076923077,78.0,Exceeds Expectations
315441,Mehul Kamdar,Marketing,Content Strategist,82,70.26,95.76,3.6,75.86,45,3.8,29,No,0,76.306,1.6491304347826088,76.0,Meets Expectations
546027,Khushi Khatri,HR,Recruitment Specialist,75,65.27,75.57,3.2,85.35,41,3.0,27,No,0,73.65249999999999,2.032142857142857,60.0,Meets Expectations
289687,Divit Ravel,Finance,Auditor,78,67.68,92.36,4.4,78.97,55,4.5,20,No,0,78.3815,1.4101785714285715,90.0,Meets Expectations
602759,Yuvraj  Gade,IT,Data Analyst,94,90.48,97.78,4.3,86.4,35,3.3,27,No,0,89.47500000000001,2.4000000000000004,65.99999999999999,Exceeds Expectations
263697,Vedika Ahluwalia,Finance,Financial Analyst,89,70.95,93.83,4.9,86.93,52,4.4,20,Yes,1,84.0325,1.640188679245283,88.00000000000001,Exceeds Expectations
172448,Vaibhav Sharaf,HR,HR Manager,82,71.89,95.37,3.7,90.17,49,4.4,12,No,0,82.1265,1.8034000000000001,88.00000000000001,Exceeds Expectations
427542,Samarth Kothari,IT,Cybersecurity Specialist,82,85.65,99.89,4.2,99.0,41,4.6,8,No,0,92.21099999999998,2.357142857142857,92.0,Exceeds Expectations
631621,Raghav Trivedi,Sales,Account Manager,61,80.52,92.15,4.5,89.08,36,3.2,29,No,0,86.68249999999999,2.4075675675675674,64.0,Exceeds Expectations
915795,Reyansh D’Alia,IT,Data Analyst,100,72.38,84.41,4.7,98.06,51,4.4,28,Yes,1,86.4155,1.8857692307692309,88.00000000000001,Exceeds Expectations
847450,Mohanlal Manne,Marketing,Marketing Executive,95,92.43,94.77,3.2,73.36,39,4.0,22,No,0,81.84199999999998,1.834,80.0,Exceeds Expectations
959448,Hansh Srinivas,Marketing,SEO Specialist,58,91.59,87.19,3.8,75.97,54,3.8,17,No,0,83.12450000000001,1.3812727272727272,76.0,Exceeds Expectations
762556,Onkar Grewal,Finance,Auditor,93,83.89,82.82,4.2,96.99,47,4.1,30,Yes,1,88.33099999999999,2.020625,82.0,Exceeds Expectations
333098,Suhana Sethi,Finance,Financial Analyst,82,73.25,79.11,4.3,81.89,43,3.4,6,No,0,79.0655,1.8611363636363636,68.0,Meets Expectations
663170,Alisha Varty,Marketing,Content Strategist,80,82.12,92.36,3.3,78.28,40,3.2,19,No,0,79.894,1.9092682926829267,64.0,Meets Expectations
550082,Tarini Chokshi,Marketing,SEO Specialist,83,92.48,82.71,4.5,93.21,37,4.4,23,No,0,90.898,2.4528947368421052,88.00000000000001,Exceeds Expectations
847088,Lavanya Doshi,Sales,Business Development,56,87.41,94.26,3.5,99.0,51,4.9,7,No,0,89.8825,1.9038461538461537,98.00000000000001,Exceeds Expectations
920235,Zain Bora,HR,HR Manager,84,68.66,86.9,4.6,96.8,44,4.7,2,No,0,84.746,2.151111111111111,94.0,Exceeds Expectations
704454,Romil Badal,HR,Employee Relations,74,64.98,82.92,3.9,75.34,38,3.7,11,No,0,73.25,1.9317948717948719,74.0,Meets Expectations
508344,Divit Srinivas,Finance,Financial Analyst,75,84.48,83.94,4.0,95.9,55,4.5,0,No,0,87.72399999999999,1.7125000000000001,90.0,Exceeds Expectations
842518,Advika Golla,Marketing,Content Strategist,65,66.65,82.45,3.5,83.83,51,3.8,2,No,0,75.5355,1.6121153846153846,76.0,Meets Expectations
326916,Nitya Hayre,Finance,Accountant,92,80.84,98.24,4.7,94.1,47,3.4,20,No,0,90.065,1.9604166666666665,68.0,Exceeds Expectations
936303,Samaira Kota,Sales,Sales Executive,64,73.46,99.56,3.4,71.88,35,4.6,27,No,0,76.003,1.9966666666666666,92.0,Meets Expectations
592492,Dhanush Lata,Marketing,Content Strategist,97,76.86,94.55,3.3,70.31,50,3.7,27,No,0,75.59200000000001,1.3786274509803922,74.0,Meets Expectations
294202,Lagan Babu,Sales,Sales Executive,86,76.77,99.84,4.4,87.58,51,3.8,18,No,0,85.6985,1.6842307692307692,76.0,Exceeds Expectations
337519,Ela Mallick,HR,Employee Relations,65,62.02,97.94,4.6,91.09,50,3.6,12,No,0,82.0795,1.786078431372549,72.0,Exceeds Expectations
295577,Indranil Rama,IT,Data Analyst,69,62.07,93.02,4.9,74.01,39,4.4,22,No,0,76.281,1.8502500000000002,88.00000000000001,Meets Expectations
860642,Mohanlal Swaminathan,Finance,Auditor,82,81.67,77.09,4.5,97.9,46,4.3,24,No,0,87.913,2.0829787234042554,86.0,Exceeds Expectations
342610,Mamooty De,IT,Software Engineer,63,89.69,92.23,4.7,76.35,36,3.1,5,No,0,86.04849999999999,2.0635135135135134,62.0,Exceeds Expectations
814951,Purab Sachdeva,Sales,Account Manager,58,89.62,85.13,4.9,94.41,40,4.0,0,No,0,91.88,2.3026829268292683,80.0,Exceeds Expectations
793554,Jivika Gaba,IT,Data Analyst,74,60.8,86.19,4.8,85.6,35,4.3,24,No,0,78.5685,2.3777777777777778,86.0,Meets Expectations
211915,Renee Mahal,IT,Software Engineer,50,82.71,95.13,3.9,75.03,42,3.1,6,No,0,81.1785,1.7448837209302326,62.0,Exceeds Expectations
471393,Divyansh Roy,IT,Cybersecurity Specialist,69,74.05,84.18,4.8,86.31,41,3.9,14,No,0,83.15299999999999,2.055,78.0,Exceeds Expectations
698901,Seher Jaggi,Finance,Auditor,80,65.06,90.35,4.5,99.44,54,5.0,27,No,0,84.6275,1.808,100.0,Exceeds Expectations
746266,Misha Dyal,HR,HR Manager,62,71.94,77.61,4.9,82.73,54,3.1,22,No,0,80.476,1.5041818181818183,62.0,Exceeds Expectations
964667,Shray Kothari,IT,Cybersecurity Specialist,85,93.1,93.9,4.8,87.4,39,3.2,5,No,0,91.66,2.185,64.0,Exceeds Expectations
534033,Shlok Das,Sales,Business Development,78,79.97,97.09,3.1,84.82,42,3.2,15,No,0,81.53999999999999,1.9725581395348835,64.0,Exceeds Expectations
679655,Kashvi Dugar,IT,Data Analyst,97,83.21,90.21,4.1,82.82,39,3.6,7,No,0,83.94199999999998,2.0705,72.0,Exceeds Expectations
453437,Ela Dada,Sales,Sales Executive,94,61.17,96.36,3.9,84.59,42,3.0,8,No,0,77.17,1.9672093023255814,60.0,Meets Expectations
644425,Kiara Bhalla,Finance,Auditor,66,83.48,79.72,4.8,71.71,48,4.3,18,No,0,80.6745,1.463469387755102,86.0,Exceeds Expectations
360054,Arnav Sama,IT,Cybersecurity Specialist,73,69.28,79.51,3.2,91.02,35,4.8,11,No,0,77.63149999999999,2.5283333333333333,96.0,Meets Expectations
958983,Kabir Dey,IT,Cybersecurity Specialist,54,90.19,82.97,4.9,83.52,37,4.7,17,No,0,87.94399999999999,2.1978947368421053,94.0,Exceeds Expectations
896143,Zaina Tailor,Marketing,Marketing Executive,56,68.15,89.51,4.3,77.32,47,4.6,11,No,0,77.241,1.6108333333333331,92.0,Meets Expectations
112033,Riya Bora,IT,Data Analyst,88,89.68,80.68,4.2,72.86,41,4.0,2,No,0,81.591,1.7347619047619047,80.0,Exceeds Expectations
966510,Shayak Sama,Sales,Business Development,96,85.46,94.64,3.7,94.08,49,3.8,1,No,0,88.13499999999999,1.8816,76.0,Exceeds Expectations
816553,Kiara Sunder,HR,HR Manager,69,88.01,79.53,4.5,91.7,53,3.4,20,No,0,88.328,1.6981481481481482,68.0,Exceeds Expectations
201544,Alisha Khurana,Marketing,Marketing Executive,55,61.0,99.91,4.6,75.56,48,4.4,12,No,0,76.5825,1.5420408163265307,88.00000000000001,Meets Expectations
421420,Drishya Lalla,Marketing,SEO Specialist,51,71.53,95.64,3.8,72.76,41,3.9,9,No,0,76.2475,1.7323809523809526,78.0,Meets Expectations
784115,Siya Chacko,Marketing,Marketing Executive,92,85.66,79.38,4.0,91.14,46,3.6,19,No,0,85.78699999999999,1.9391489361702128,72.0,Exceeds Expectations
980882,Hansh Bora,Marketing,Content Strategist,99,73.95,82.73,4.1,93.3,45,4.4,30,Yes,1,83.24699999999999,2.028260869565217,88.00000000000001,Exceeds Expectations
963994,Lakshit Magar,Sales,Business Development,78,73.14,89.4,5.0,72.73,53,3.9,20,No,0,79.4645,1.346851851851852,78.0,Meets Expectations
197724,Dhanush Lala,Sales,Business Development,68,61.46,88.26,4.5,75.21,49,4.5,20,No,0,74.5735,1.5042,90.0,Meets Expectations
628515,Aaryahi Dubey,Finance,Auditor,72,82.43,86.41,3.4,82.03,44,4.8,13,No,0,80.7225,1.822888888888889,96.0,Exceeds Expectations
428037,Zeeshan Banik,Sales,Business Development,93,80.89,81.52,3.3,88.87,52,3.8,17,No,0,81.544,1.6767924528301887,76.0,Exceeds Expectations
545469,Dhanuk Verma,Marketing,Marketing Executive,62,65.17,93.08,3.9,82.88,48,4.7,6,No,0,77.4795,1.6914285714285713,94.0,Meets Expectations
588823,Divyansh Viswanathan,Marketing,SEO Specialist,73,60.48,99.82,4.8,92.1,46,3.6,26,No,0,82.77600000000001,1.9595744680851062,72.0,Exceeds Expectations
214279,Alisha Chana,Finance,Accountant,96,93.48,75.65,4.9,79.08,38,4.5,9,Yes,1,86.4435,2.0276923076923077,90.0,Exceeds Expectations
546626,Ranbir Choudhury,Marketing,Content Strategist,59,87.25,81.56,3.5,85.22,48,3.5,26,No,0,83.09849999999999,1.7391836734693877,70.0,Exceeds Expectations
886828,Myra Khatri,Sales,Account Manager,66,92.26,99.67,4.3,89.0,43,3.8,5,No,0,91.2915,2.022727272727273,76.0,Exceeds Expectations
944488,Ojas Arya,IT,Software Engineer,63,76.21,89.59,3.0,92.27,51,4.9,15,No,0,81.4065,1.7744230769230769,98.00000000000001,Exceeds Expectations
956439,Aayush Gupta,IT,Cybersecurity Specialist,61,64.04,79.01,4.8,92.85,55,3.6,27,No,0,81.16299999999998,1.6580357142857143,72.0,Exceeds Expectations
777134,Heer Kunda,Finance,Accountant,68,66.47,96.84,3.1,93.7,37,4.3,21,No,0,79.8855,2.4657894736842105,86.0,Meets Expectations
867035,Jayesh Sharaf,Marketing,Marketing Executive,71,92.64,79.77,4.1,78.37,45,4.9,12,No,0,84.11899999999999,1.703695652173913,98.00000000000001,Exceeds Expectations
503551,Shaan Lata,HR,Employee Relations,97,65.14,76.47,4.9,72.44,44,4.1,24,Yes,1,74.3235,1.6097777777777778,82.0,Meets Expectations
229357,Ivan Ram,Finance,Accountant,85,87.72,87.93,4.3,91.14,50,4.5,0,No,0,88.6905,1.7870588235294118,90.0,Exceeds Expectations
165246,Aarav Rajagopalan,Sales,Account Manager,56,91.95,77.51,3.3,75.56,37,4.6,21,No,0,80.155,1.988421052631579,92.0,Exceeds Expectations
154234,Adira D’Alia,Finance,Auditor,51,82.84,89.79,4.3,76.83,40,4.1,12,No,0,82.25300000000001,1.8739024390243901,82.0,Exceeds Expectations
570841,Kiaan Shetty,HR,HR Manager,59,70.44,88.99,3.8,97.42,49,3.1,13,No,0,83.4995,1.9484000000000001,62.0,Exceeds Expectations
491184,Vihaan Sankar,Sales,Sales Executive,79,81.83,80.12,3.1,99.61,41,3.4,5,No,0,84.82199999999999,2.3716666666666666,68.0,Exceeds Expectations
111003,Baiju Bhasin,Marketing,Content Strategist,55,77.72,88.43,4.4,83.63,38,3.8,4,No,0,82.937,2.1443589743589744,76.0,Exceeds Expectations
743102,Damini Verma,HR,HR Manager,56,74.67,76.66,3.1,92.95,51,4.5,6,No,0,79.466,1.7875,90.0,Meets Expectations
421030,Dhruv Sankaran,Marketing,Content Strategist,66,63.75,98.89,3.3,92.95,40,3.5,28,No,0,79.5785,2.2670731707317073,70.0,Meets Expectations
867866,Vivaan Gandhi,IT,Software Engineer,81,80.58,83.56,3.6,77.29,54,4.6,20,No,0,78.5885,1.4052727272727275,92.0,Meets Expectations
976327,Suhana Yohannan,HR,Employee Relations,64,73.39,84.63,4.2,89.47,44,4.5,21,No,0,82.29549999999999,1.9882222222222221,90.0,Exceeds Expectations
852635,Mohanlal Boase,Sales,Business Development,87,92.46,93.54,3.4,79.73,41,4.7,28,Yes,1,84.4975,1.8983333333333334,94.0,Exceeds Expectations
482970,Yasmin Sodhi,IT,Data Analyst,92,86.24,76.66,4.8,79.7,55,3.5,11,No,0,83.97799999999998,1.4232142857142858,70.0,Exceeds Expectations
507301,Manjari Bhargava,Sales,Sales Executive,58,94.99,99.09,3.5,85.58,44,4.0,25,No,0,88.56299999999999,1.9017777777777778,80.0,Exceeds Expectations
979193,Heer Sinha,Sales,Business Development,60,74.17,95.69,3.1,77.25,35,4.1,21,No,0,76.6505,2.1458333333333335,82.0,Meets Expectations
578260,Hansh Karan,Marketing,SEO Specialist,50,85.45,96.03,4.0,92.06,37,3.3,1,No,0,88.53299999999999,2.4226315789473687,65.99999999999999,Exceeds Expectations
722103,Madhup Goda,Marketing,Content Strategist,68,62.57,81.28,4.0,79.97,40,3.4,5,No,0,74.08099999999999,1.9504878048780487,68.0,Meets Expectations
878117,Taran Srivastava,HR,HR Manager,64,79.49,97.49,4.6,81.0,44,3.6,2,No,0,84.59499999999998,1.8,72.0,Exceeds Expectations
248305,Anahita Kala,Marketing,Content Strategist,53,87.12,88.02,4.6,98.95,38,3.2,26,No,0,92.1275,2.537179487179487,64.0,Exceeds Expectations
460624,Priyansh Dua,Finance,Financial Analyst,76,80.11,91.63,3.6,95.74,46,3.8,3,No,0,86.09199999999998,2.0370212765957447,76.0,Exceeds Expectations
547479,Tushar Dyal,Finance,Financial Analyst,80,76.13,86.34,4.4,79.46,54,3.1,7,No,0,80.6075,1.4447272727272726,62.0,Exceeds Expectations
491782,Aarush Anand,HR,HR Manager,79,61.37,82.4,4.7,96.87,50,3.6,8,No,0,81.844,1.8994117647058824,72.0,Exceeds Expectations
437918,Prerak Buch,Sales,Sales Executive,71,61.56,96.52,4.5,98.67,43,3.4,3,No,0,84.0585,2.2425,68.0,Exceeds Expectations
725370,Yashvi Sankar,HR,Recruitment Specialist,80,88.43,91.56,3.5,72.21,51,3.5,18,No,0,80.458,1.388653846153846,70.0,Exceeds Expectations
867397,Chirag Som,Sales,Sales Executive,99,90.84,98.9,5.0,84.75,52,4.1,19,Yes,1,91.2915,1.599056603773585,82.0,Exceeds Expectations
788096,Purab Borah,Sales,Account Manager,59,70.77,96.19,3.9,86.54,50,3.0,22,No,0,81.187,1.6968627450980394,60.0,Exceeds Expectations
277702,Vanya Baria,Sales,Sales Executive,62,88.43,76.64,4.4,86.07,40,4.2,10,No,0,85.771,2.0992682926829267,84.00000000000001,Exceeds Expectations
456614,Saksham Lad,IT,Software Engineer,62,91.63,92.08,3.7,84.15,45,4.4,17,No,0,86.43499999999999,1.8293478260869567,88.00000000000001,Exceeds Expectations
100518,Baiju Baria,Sales,Account Manager,58,79.87,92.64,4.5,75.94,54,3.4,7,No,0,81.92949999999999,1.3807272727272726,68.0,Exceeds Expectations
829422,Hazel Babu,HR,Recruitment Specialist,95,70.47,81.41,3.4,78.27,36,3.5,28,No,0,74.4705,2.1154054054054052,70.0,Meets Expectations
106767,Dhruv Srinivas,Finance,Financial Analyst,63,88.41,94.44,4.4,82.85,45,4.4,0,No,0,87.30699999999999,1.8010869565217391,88.00000000000001,Exceeds Expectations
749676,Neelofar Sunder,Marketing,Marketing Executive,79,89.14,85.18,4.9,73.88,36,3.0,2,No,0,84.534,1.9967567567567566,60.0,Exceeds Expectations
989754,Ivana Brahmbhatt,IT,Cybersecurity Specialist,69,70.93,98.84,3.8,96.23,44,4.2,9,No,0,84.732,2.1384444444444446,84.00000000000001,Exceeds Expectations
701566,Nehmat Dugar,HR,HR Manager,55,83.07,83.26,4.5,75.92,55,5.0,28,No,0,81.6355,1.3557142857142856,100.0,Exceeds Expectations
983385,Vihaan Samra,IT,Software Engineer,66,80.41,98.32,4.6,89.22,52,3.2,5,No,0,87.91849999999998,1.6833962264150943,64.0,Exceeds Expectations
175504,Divyansh Batta,Marketing,Marketing Executive,55,82.72,81.21,4.5,95.34,43,3.8,4,No,0,88.0025,2.166818181818182,76.0,Exceeds Expectations
957647,Adira Chakraborty,IT,Cybersecurity Specialist,51,81.35,82.69,4.3,76.95,47,4.6,5,No,0,80.7085,1.6031250000000001,92.0,Exceeds Expectations
390533,Tiya Rajagopal,Marketing,Content Strategist,76,75.33,77.18,3.9,83.79,50,3.8,10,No,0,78.969,1.6429411764705883,76.0,Meets Expectations
156499,Taimur Mander,IT,Cybersecurity Specialist,58,89.27,81.54,4.5,98.01,37,3.1,13,No,0,91.279,2.5792105263157894,62.0,Exceeds Expectations
638294,Alia Shan,Sales,Account Manager,91,69.14,87.89,3.8,88.58,53,3.9,25,No,0,79.7855,1.6403703703703703,78.0,Meets Expectations
684696,Manikya Ben,IT,Software Engineer,72,67.13,76.85,4.6,93.58,37,3.2,21,No,0,81.576,2.4626315789473683,64.0,Exceeds Expectations
989524,Neysa Chana,Finance,Financial Analyst,92,83.87,94.54,4.0,92.93,35,4.6,25,Yes,1,88.06099999999999,2.581388888888889,92.0,Exceeds Expectations
137220,Aarush Wagle,Sales,Sales Executive,96,62.39,76.2,3.5,72.24,40,4.8,15,Yes,1,69.0505,1.761951219512195,96.0,Meets Expectations
483500,Sana Dalal,IT,Cybersecurity Specialist,88,66.58,78.86,3.1,89.1,38,4.7,6,Yes,1,75.61699999999999,2.2846153846153845,94.0,Meets Expectations
927544,Shray Manda,Finance,Financial Analyst,75,62.55,81.15,3.1,70.64,53,4.2,1,No,0,68.089,1.308148148148148,84.00000000000001,Meets Expectations
324262,Mamooty Virk,Finance,Accountant,63,62.32,80.88,3.1,88.74,50,4.5,29,No,0,74.303,1.74,90.0,Meets Expectations
790124,Aaryahi Bhandari,Sales,Sales Executive,65,86.84,78.45,4.2,86.9,46,3.5,10,No,0,85.17649999999999,1.848936170212766,70.0,Exceeds Expectations
396232,Taran Divan,Marketing,SEO Specialist,62,86.86,86.53,4.1,97.33,46,4.9,0,No,0,89.746,2.070851063829787,98.00000000000001,Exceeds Expectations
947362,Saksham Chand,Marketing,SEO Specialist,90,70.04,76.39,3.9,75.33,37,4.1,9,Yes,1,74.038,1.9823684210526316,82.0,Meets Expectations
718297,Abram Bahri,HR,HR Manager,52,94.01,88.47,3.3,80.48,47,3.8,13,No,0,84.242,1.6766666666666667,76.0,Exceeds Expectations
730498,Hiran Mahajan,Sales,Account Manager,78,62.95,79.62,4.9,84.39,43,3.7,27,No,0,78.21199999999999,1.9179545454545455,74.0,Meets Expectations
611163,Bhavin Savant,Sales,Sales Executive,80,60.62,79.71,4.3,83.08,36,3.8,21,No,0,75.1515,2.2454054054054056,76.0,Meets Expectations
195474,Baiju Issac,Marketing,Content Strategist,98,61.93,75.75,3.7,73.59,37,3.8,20,No,0,69.8945,1.9365789473684212,76.0,Meets Expectations
442187,Dhanuk Roy,Sales,Account Manager,67,73.56,87.41,3.4,83.74,55,4.3,10,No,0,78.36649999999999,1.4953571428571428,86.0,Meets Expectations
543775,Tarini Deo,Sales,Sales Executive,80,76.85,98.94,4.3,93.5,45,4.8,26,No,0,87.3635,2.032608695652174,96.0,Exceeds Expectations
862032,Dhruv Devi,Finance,Accountant,80,73.07,98.99,3.6,79.75,39,4.2,22,No,0,79.1355,1.99375,84.00000000000001,Meets Expectations
109437,Jivika Dube,Sales,Business Development,95,91.57,99.9,3.2,98.03,44,3.9,22,No,0,90.94499999999998,2.1784444444444446,78.0,Exceeds Expectations
179362,Rania Wali,HR,HR Manager,87,80.77,91.48,4.4,91.9,39,3.7,0,No,0,87.3565,2.2975000000000003,74.0,Exceeds Expectations
333437,Jayan Borah,Marketing,Content Strategist,86,64.12,86.85,4.3,80.67,42,4.9,12,Yes,1,76.604,1.876046511627907,98.00000000000001,Meets Expectations
910106,Indranil Singh,IT,Data Analyst,79,89.21,94.8,4.2,79.29,51,4.5,14,No,0,85.79499999999999,1.5248076923076925,90.0,Exceeds Expectations
907216,Divyansh Bobal,Marketing,Marketing Executive,64,85.06,88.6,4.1,81.81,38,5.0,4,No,0,83.9945,2.097692307692308,100.0,Exceeds Expectations
232186,Riya Lad,Marketing,Content Strategist,70,80.64,86.24,3.9,78.1,45,4.8,13,No,0,80.195,1.6978260869565216,96.0,Exceeds Expectations
854991,Raghav Sarkar,Sales,Account Manager,59,72.5,80.69,4.6,74.64,45,3.3,21,No,0,77.40249999999999,1.622608695652174,65.99999999999999,Meets Expectations
201511,Ivan Bajaj,Finance,Auditor,65,61.74,93.01,3.5,70.6,55,4.1,23,No,0,70.7705,1.2607142857142857,82.0,Meets Expectations
699835,Oorja Banik,HR,Employee Relations,51,66.78,76.07,3.3,96.74,45,4.9,11,No,0,78.54249999999999,2.1030434782608696,98.00000000000001,Meets Expectations
665553,Parinaaz Sengupta,Marketing,Marketing Executive,56,69.99,83.24,4.7,87.37,41,3.6,15,No,0,81.66199999999999,2.080238095238095,72.0,Exceeds Expectations
890439,Sana Apte,Finance,Auditor,99,70.44,96.99,4.7,94.95,36,3.3,22,No,0,86.535,2.5662162162162163,65.99999999999999,Exceeds Expectations
716755,Mishti Kara,HR,HR Manager,92,89.27,96.6,3.1,98.36,40,4.7,3,Yes,1,89.46049999999998,2.3990243902439023,94.0,Exceeds Expectations
748838,Jivika Talwar,Finance,Financial Analyst,55,81.78,87.17,3.3,71.38,38,3.5,12,No,0,76.5815,1.83025641025641,70.0,Meets Expectations
880580,Nehmat Bali,Finance,Auditor,94,75.79,85.01,4.5,74.44,46,3.5,18,No,0,78.832,1.5838297872340426,70.0,Meets Expectations
404757,Jayesh Srivastava,Sales,Business Development,53,76.01,97.84,3.1,88.01,51,4.7,28,No,0,81.383,1.6925000000000001,94.0,Exceeds Expectations
510610,Gatik Batta,IT,Cybersecurity Specialist,65,60.69,94.65,3.0,91.8,43,3.5,18,No,0,76.569,2.0863636363636364,70.0,Meets Expectations
550593,Anay Sur,IT,Data Analyst,57,70.64,85.62,3.6,73.93,42,3.6,4,No,0,74.2425,1.7193023255813955,72.0,Meets Expectations
961481,Dhruv Lad,Finance,Accountant,53,77.12,76.64,3.5,97.64,37,4.4,15,No,0,83.16199999999999,2.5694736842105264,88.00000000000001,Exceeds Expectations
234804,Seher Kala,HR,Employee Relations,53,79.23,98.62,3.8,81.39,44,3.2,30,No,0,82.41,1.8086666666666666,64.0,Exceeds Expectations
391731,Saanvi Walia,Finance,Financial Analyst,58,71.98,79.6,3.5,76.95,36,3.6,6,No,0,74.5655,2.07972972972973,72.0,Meets Expectations
420457,Ryan Amble,Sales,Account Manager,85,64.99,80.11,4.9,73.61,42,4.1,24,No,0,75.22649999999999,1.711860465116279,82.0,Meets Expectations
374045,Alia Vyas,Marketing,SEO Specialist,70,94.43,93.67,4.6,83.27,38,3.6,2,No,0,90.04549999999999,2.135128205128205,72.0,Exceeds Expectations
408708,Kismat Basak,IT,Data Analyst,70,87.26,99.18,4.2,88.71,38,3.5,14,No,0,89.06649999999999,2.2746153846153843,70.0,Exceeds Expectations
444181,Khushi Sehgal,Marketing,Content Strategist,62,87.73,75.64,4.2,95.44,47,4.1,1,No,0,88.0555,1.9883333333333333,82.0,Exceeds Expectations
279158,Advika Mani,HR,Recruitment Specialist,53,89.26,91.59,4.6,72.87,35,4.3,13,No,0,84.28399999999999,2.024166666666667,86.0,Exceeds Expectations
899066,Kartik Basu,Marketing,Marketing Executive,81,94.98,89.72,4.3,80.63,41,4.0,24,No,0,87.8215,1.9197619047619046,80.0,Exceeds Expectations
210858,Onkar Dara,HR,Recruitment Specialist,96,81.56,92.17,4.8,92.74,40,4.9,17,Yes,1,89.2305,2.261951219512195,98.00000000000001,Exceeds Expectations
324049,Suhana Dube,HR,Recruitment Specialist,69,71.91,90.09,3.3,76.49,47,3.7,5,No,0,75.3535,1.5935416666666666,74.0,Meets Expectations
743502,Misha Bail,IT,Software Engineer,66,76.72,88.43,4.0,86.11,41,4.6,6,No,0,82.255,2.0502380952380954,92.0,Exceeds Expectations
556012,Alia Chana,HR,HR Manager,89,64.69,84.51,3.0,94.85,37,3.4,10,No,0,77.5155,2.496052631578947,68.0,Meets Expectations
425767,Oorja Gour,Finance,Auditor,67,71.85,98.15,4.5,92.87,39,4.8,15,No,0,85.8745,2.32175,96.0,Exceeds Expectations
681640,Siya Lanka,Sales,Account Manager,82,75.65,83.76,4.5,94.95,35,3.2,28,No,0,85.774,2.6375,64.0,Exceeds Expectations
937965,Zara Arora,Finance,Financial Analyst,87,72.05,91.58,5.0,80.35,55,3.9,26,No,0,82.07699999999998,1.4348214285714285,78.0,Exceeds Expectations
876231,Sara Kamdar,IT,Data Analyst,66,94.01,94.25,4.4,75.91,52,3.1,17,No,0,86.8095,1.4322641509433962,62.0,Exceeds Expectations
343042,Pari Krish,Marketing,Content Strategist,80,72.35,85.73,4.2,99.47,46,3.1,4,No,0,85.59649999999999,2.1163829787234043,62.0,Exceeds Expectations
597342,Hridaan Kapoor,HR,Recruitment Specialist,66,71.87,76.4,4.3,87.99,36,3.4,7,No,0,80.311,2.378108108108108,68.0,Exceeds Expectations
199900,Pihu Dua,Marketing,SEO Specialist,98,67.65,81.62,3.5,76.33,49,4.9,12,Yes,1,73.136,1.5266,98.00000000000001,Meets Expectations
624293,Dhanush Chaudhary,HR,Employee Relations,56,71.1,80.48,4.5,77.66,53,3.2,19,No,0,77.63799999999999,1.4381481481481482,64.0,Meets Expectations
666708,Tarini Batta,IT,Cybersecurity Specialist,83,77.4,86.09,3.9,84.31,49,4.8,2,No,0,81.212,1.6862000000000001,96.0,Exceeds Expectations
821580,Shanaya Borra,HR,HR Manager,95,73.62,81.12,3.8,86.89,36,4.5,30,Yes,1,79.74650000000001,2.3483783783783783,90.0,Meets Expectations
273429,Shaan Wadhwa,Marketing,Content Strategist,56,75.49,96.85,4.0,80.04,44,3.5,11,No,0,80.963,1.7786666666666668,70.0,Exceeds Expectations
587962,Nayantara Hora,Marketing,Marketing Executive,53,94.03,90.92,5.0,98.71,36,3.0,6,No,0,96.09700000000001,2.667837837837838,60.0,Exceeds Expectations
158993,Taran Chahal,HR,HR Manager,57,73.04,86.14,4.3,93.1,42,4.7,18,No,0,83.97,2.165116279069767,94.0,Exceeds Expectations
754402,Kismat Badami,HR,HR Manager,56,93.25,87.21,4.5,80.48,39,4.4,1,No,0,87.387,2.012,88.00000000000001,Exceeds Expectations
147572,Stuvan Viswanathan,Marketing,Content Strategist,84,92.99,83.05,4.5,76.37,39,5.0,8,No,0,85.23349999999999,1.9092500000000001,100.0,Exceeds Expectations
149524,Kimaya Basu,Finance,Financial Analyst,92,94.51,78.42,3.5,90.0,36,3.7,6,No,0,86.8415,2.4324324324324325,74.0,Exceeds Expectations
267851,Hunar Bhattacharyya,Finance,Accountant,86,85.0,94.63,3.8,94.7,38,3.8,14,No,0,88.4895,2.4282051282051285,76.0,Exceeds Expectations
994578,Arnav Bahl,Marketing,Marketing Executive,69,91.03,90.26,3.6,84.23,51,3.0,13,No,0,85.67999999999999,1.6198076923076923,60.0,Exceeds Expectations
212840,Kashvi Sood,Sales,Account Manager,78,94.43,82.67,3.2,73.3,42,3.4,17,No,0,80.70599999999999,1.7046511627906975,68.0,Exceeds Expectations
723998,Yuvraj  Sinha,HR,HR Manager,51,88.61,85.15,4.5,73.2,39,4.3,12,No,0,82.906,1.83,86.0,Exceeds Expectations
528120,Nayantara Ranganathan,Finance,Auditor,55,90.61,80.08,4.7,97.45,54,3.2,16,No,0,91.93299999999999,1.771818181818182,64.0,Exceeds Expectations
814209,Aaryahi Gaba,Marketing,SEO Specialist,60,63.05,85.97,4.5,84.94,44,4.2,30,No,0,78.192,1.8875555555555554,84.00000000000001,Meets Expectations
173088,Tiya Cheema,Finance,Accountant,81,83.33,78.66,4.3,91.83,51,5.0,7,No,0,86.005,1.7659615384615384,100.0,Exceeds Expectations
971324,Mishti Vala,Sales,Business Development,66,63.78,99.71,3.3,81.08,45,4.5,7,No,0,75.5575,1.7626086956521738,90.0,Meets Expectations
113859,Madhup Thaman,Finance,Auditor,87,67.49,92.71,3.3,73.17,43,4.4,29,Yes,1,73.0375,1.6629545454545456,88.00000000000001,Meets Expectations
202575,Aniruddh Dada,Marketing,SEO Specialist,63,89.66,78.05,4.5,77.49,35,3.5,2,No,0,83.71,2.1525,70.0,Exceeds Expectations
786419,Tiya Bumb,IT,Cybersecurity Specialist,50,68.15,88.6,4.6,98.15,53,4.2,23,No,0,85.295,1.8175925925925926,84.00000000000001,Exceeds Expectations
918412,Rohan Hegde,Marketing,Content Strategist,52,64.67,88.17,5.0,81.16,43,4.3,24,No,0,79.26599999999999,1.8445454545454545,86.0,Meets Expectations
923713,Dhanuk Goda,Marketing,Content Strategist,69,78.31,91.99,3.6,73.42,39,4.9,3,No,0,77.704,1.8355000000000001,98.00000000000001,Meets Expectations
726267,Pranay Bala,HR,Employee Relations,91,87.99,82.15,4.2,71.9,54,3.1,18,No,0,80.88399999999999,1.3072727272727274,62.0,Exceeds Expectations
531522,Tanya Saha,HR,HR Manager,80,61.56,96.99,5.0,85.23,54,4.0,12,No,0,80.925,1.5496363636363637,80.0,Exceeds Expectations
668287,Saanvi Bansal,IT,Data Analyst,92,60.71,89.34,3.4,92.13,52,3.2,15,No,0,77.095,1.7383018867924527,64.0,Meets Expectations
562237,Nehmat Butala,Sales,Sales Executive,72,89.08,91.16,4.3,80.46,48,3.3,25,No,0,85.913,1.6420408163265305,65.99999999999999,Exceeds Expectations
842209,Sana Raval,Sales,Business Development,94,84.71,94.64,3.8,70.92,47,3.6,2,No,0,80.0665,1.4775,72.0,Exceeds Expectations
907833,Himmat Banik,Sales,Account Manager,90,67.68,85.5,3.4,82.46,47,4.0,15,No,0,75.574,1.7179166666666665,80.0,Meets Expectations
294821,Riya Dara,IT,Data Analyst,73,80.77,78.75,3.9,90.24,50,3.3,21,No,0,83.366,1.7694117647058822,65.99999999999999,Exceeds Expectations
647109,Trisha Ghosh,Finance,Auditor,98,73.2,83.32,5.0,95.17,35,4.3,30,Yes,1,86.42750000000001,2.6436111111111114,86.0,Exceeds Expectations
217539,Siya Kamdar,Marketing,SEO Specialist,99,89.32,95.5,4.5,83.3,35,3.9,22,No,0,88.24199999999999,2.3138888888888887,78.0,Exceeds Expectations
306888,Baiju Gara,Finance,Financial Analyst,95,84.87,82.68,4.6,79.94,47,3.0,4,No,0,83.8855,1.6654166666666665,60.0,Exceeds Expectations
930376,Ishaan Lata,Finance,Financial Analyst,58,87.43,98.4,3.4,98.45,45,3.8,1,No,0,90.018,2.140217391304348,76.0,Exceeds Expectations
172400,Madhav Bose,HR,Employee Relations,86,71.51,94.62,4.9,71.6,38,4.3,1,Yes,1,78.9815,1.8358974358974358,86.0,Meets Expectations
273417,Manikya Sekhon,HR,Recruitment Specialist,58,79.1,88.24,3.2,98.34,50,4.6,2,No,0,84.93999999999998,1.928235294117647,92.0,Exceeds Expectations
685654,Riaan Madan,IT,Software Engineer,70,92.45,82.8,3.6,96.89,35,3.3,2,No,0,89.489,2.691388888888889,65.99999999999999,Exceeds Expectations
728627,Purab Uppal,Sales,Sales Executive,50,79.27,88.51,3.5,92.41,41,3.0,24,No,0,83.86449999999999,2.2002380952380953,60.0,Exceeds Expectations
738311,Damini Sarma,Marketing,SEO Specialist,61,75.59,97.04,4.6,86.72,42,4.2,16,No,0,85.16449999999999,2.0167441860465116,84.00000000000001,Exceeds Expectations
656933,Kaira Doctor,Marketing,SEO Specialist,96,63.88,97.25,5.0,83.76,37,4.8,28,Yes,1,81.2615,2.2042105263157894,96.0,Exceeds Expectations
878794,Aaryahi Chowdhury,Finance,Financial Analyst,86,91.89,76.95,3.9,90.91,48,3.5,22,No,0,87.2225,1.8553061224489795,70.0,Exceeds Expectations
796535,Kiara Tara,IT,Cybersecurity Specialist,69,91.56,96.85,4.5,96.63,55,4.4,2,No,0,93.894,1.7255357142857142,88.00000000000001,Exceeds Expectations
756402,Abram Randhawa,IT,Cybersecurity Specialist,70,77.88,95.6,3.0,82.62,35,3.2,4,No,0,79.515,2.295,64.0,Meets Expectations
506054,Rania Shetty,IT,Data Analyst,63,60.1,79.03,4.9,93.83,35,4.8,15,No,0,80.43,2.6063888888888886,96.0,Exceeds Expectations
556870,Indrans Varty,Marketing,SEO Specialist,56,91.92,89.45,4.6,99.73,35,3.5,30,No,0,94.29499999999999,2.770277777777778,70.0,Exceeds Expectations
518242,Kartik Sheth,HR,HR Manager,69,81.67,87.32,3.5,98.73,48,4.9,18,No,0,86.738,2.0148979591836738,98.00000000000001,Exceeds Expectations
317218,Samar Wali,Finance,Auditor,66,85.17,89.33,4.8,90.94,37,4.7,27,No,0,89.43799999999999,2.393157894736842,94.0,Exceeds Expectations
177238,Pari Buch,Finance,Auditor,83,74.77,75.93,3.5,95.24,36,4.5,25,No,0,81.39299999999999,2.574054054054054,90.0,Exceeds Expectations
652243,Madhup Sachar,Sales,Account Manager,76,82.02,94.29,3.5,80.89,48,4.4,7,No,0,81.66199999999999,1.6508163265306122,88.00000000000001,Exceeds Expectations
665258,Divij Chatterjee,Marketing,Marketing Executive,82,68.51,82.81,3.8,79.06,48,3.6,17,No,0,75.471,1.613469387755102,72.0,Meets Expectations
254095,Jayan Rajan,IT,Data Analyst,68,60.94,95.48,3.4,75.62,44,4.5,2,No,0,72.318,1.6804444444444446,90.0,Meets Expectations
521820,Krish Venkatesh,Marketing,SEO Specialist,64,94.61,78.68,3.8,71.6,42,4.3,2,No,0,81.3755,1.6651162790697673,86.0,Exceeds Expectations
328735,Bhamini Balakrishnan,Finance,Financial Analyst,80,78.34,90.57,4.8,82.35,46,4.0,20,No,0,84.227,1.752127659574468,80.0,Exceeds Expectations
619872,Samiha Ghosh,IT,Cybersecurity Specialist,91,81.39,86.56,3.6,84.25,41,3.7,17,No,0,81.758,2.005952380952381,74.0,Exceeds Expectations
648758,Miraya Kapadia,Finance,Financial Analyst,76,65.26,90.84,3.0,96.19,49,3.6,14,No,0,79.1335,1.9238,72.0,Meets Expectations
412273,Eva Sodhi,Sales,Account Manager,80,86.98,95.65,4.8,87.75,51,3.7,1,No,0,89.90299999999999,1.6875,74.0,Exceeds Expectations
832515,Anya Kari,HR,Recruitment Specialist,56,64.37,89.83,4.9,91.32,51,4.6,9,No,0,82.666,1.756153846153846,92.0,Exceeds Expectations
333120,Divit Kaul,HR,Recruitment Specialist,69,61.33,87.38,3.2,87.12,51,4.6,18,No,0,74.66449999999999,1.6753846153846155,92.0,Meets Expectations
715641,Pranay Wagle,IT,Software Engineer,56,74.58,86.08,3.6,72.67,46,3.5,20,No,0,75.2495,1.5461702127659576,70.0,Meets Expectations
772182,Nitya Brahmbhatt,Finance,Accountant,67,81.22,96.34,3.6,96.39,37,3.7,18,No,0,87.41449999999999,2.536578947368421,74.0,Exceeds Expectations
366953,Kashvi Dey,IT,Data Analyst,65,64.88,78.56,3.1,82.83,40,3.7,9,No,0,72.7825,2.020243902439024,74.0,Meets Expectations
807043,Vivaan Sane,Marketing,Content Strategist,76,76.99,98.99,4.1,85.55,44,4.0,4,No,0,84.0375,1.901111111111111,80.0,Exceeds Expectations
739863,Baiju Luthra,Marketing,Marketing Executive,73,64.06,82.71,4.6,85.82,37,4.3,8,No,0,78.66449999999999,2.258421052631579,86.0,Meets Expectations
625906,Anay Madan,IT,Cybersecurity Specialist,58,71.66,75.07,4.3,83.99,49,3.8,1,No,0,78.63799999999999,1.6798,76.0,Meets Expectations
340579,Ahana  Chander,HR,Recruitment Specialist,96,66.94,97.43,3.3,78.37,37,4.6,19,Yes,1,75.373,2.0623684210526316,92.0,Meets Expectations
423044,Hazel Iyer,Marketing,Content Strategist,82,94.57,93.26,3.2,80.0,47,4.4,11,No,0,84.68849999999999,1.6666666666666667,88.00000000000001,Exceeds Expectations
975516,Jayan Tank,Marketing,SEO Specialist,52,94.49,85.87,3.0,77.39,53,4.2,23,No,0,82.03849999999998,1.433148148148148,84.00000000000001,Exceeds Expectations
716498,Samaira Karnik,HR,HR Manager,90,94.78,80.47,3.8,74.62,47,3.1,4,No,0,82.76050000000001,1.5545833333333334,62.0,Exceeds Expectations
870543,Anika Apte,HR,Recruitment Specialist,65,81.24,92.76,4.6,71.76,37,4.2,0,No,0,81.264,1.888421052631579,84.00000000000001,Exceeds Expectations
580145,Anahita Chakraborty,Sales,Business Development,56,80.47,81.76,4.3,87.03,43,4.0,13,No,0,83.789,1.9779545454545455,80.0,Exceeds Expectations
746049,Kashvi Ganguly,Marketing,SEO Specialist,55,69.5,80.5,4.7,71.15,50,4.4,24,No,0,75.40249999999999,1.3950980392156864,88.00000000000001,Meets Expectations
538887,Dharmajan Sarma,HR,Recruitment Specialist,56,74.92,91.4,4.9,99.63,54,4.0,28,No,0,89.50249999999998,1.8114545454545454,80.0,Exceeds Expectations
412757,Farhan Arora,HR,Employee Relations,61,74.89,76.23,3.3,71.65,43,3.3,28,No,0,72.6235,1.6284090909090911,65.99999999999999,Meets Expectations
559289,Renee Basu,HR,HR Manager,80,91.96,90.4,5.0,72.73,51,3.8,1,No,0,86.2015,1.3986538461538462,76.0,Exceeds Expectations
857674,Rhea Sarma,HR,Employee Relations,97,83.26,86.44,3.7,85.51,42,4.8,0,Yes,1,83.1355,1.9886046511627908,96.0,Exceeds Expectations
918144,Oorja Jain,HR,HR Manager,99,71.98,89.56,3.3,87.55,55,5.0,27,Yes,1,79.1695,1.563392857142857,100.0,Meets Expectations
898197,Nitara Basu,Finance,Financial Analyst,97,66.8,94.77,4.4,71.23,38,4.1,7,Yes,1,75.726,1.8264102564102564,82.0,Meets Expectations
221770,Dhanuk Mander,HR,HR Manager,81,83.51,85.33,4.0,75.53,40,3.5,3,No,0,80.4635,1.8421951219512196,70.0,Exceeds Expectations
127736,Ritvik Vohra,IT,Software Engineer,59,84.15,92.14,4.6,83.1,41,3.2,13,No,0,86.15849999999999,1.9785714285714284,64.0,Exceeds Expectations
298513,Myra Subramaniam,IT,Data Analyst,58,86.34,92.69,3.4,75.4,54,4.0,11,No,0,80.71249999999999,1.370909090909091,80.0,Exceeds Expectations
835477,Nehmat Mane,Finance,Financial Analyst,57,91.47,95.27,4.3,80.35,55,4.4,16,No,0,87.3275,1.4348214285714285,88.00000000000001,Exceeds Expectations
474033,Dhanuk Mahal,Finance,Auditor,63,74.51,92.72,4.2,71.53,39,4.7,27,No,0,77.622,1.7882500000000001,94.0,Meets Expectations
365161,Bhavin Mangat,Marketing,Marketing Executive,90,80.89,76.67,3.9,80.05,45,4.9,28,Yes,1,79.5295,1.7402173913043477,98.00000000000001,Meets Expectations
915366,Aaina Dalal,HR,Employee Relations,58,73.92,91.6,3.8,76.32,48,4.4,9,No,0,77.724,1.557551020408163,88.00000000000001,Meets Expectations
598048,Yakshit Goswami,Sales,Business Development,99,80.76,94.88,3.2,80.5,46,4.1,22,Yes,1,80.273,1.7127659574468086,82.0,Exceeds Expectations
246294,Rhea Sarma,Marketing,Marketing Executive,72,68.68,77.28,4.2,80.95,48,3.6,23,No,0,76.5625,1.6520408163265308,72.0,Meets Expectations
320412,Hrishita Kamdar,HR,Employee Relations,92,88.48,77.87,4.1,75.48,48,4.5,16,Yes,1,81.36649999999999,1.5404081632653062,90.0,Exceeds Expectations
804321,Dharmajan Basak,Sales,Business Development,61,87.06,77.11,4.0,74.86,39,3.2,15,No,0,80.2385,1.8715,64.0,Exceeds Expectations
644599,Reyansh Mangal,Sales,Sales Executive,51,85.34,91.65,3.8,72.27,46,3.0,24,No,0,80.311,1.537659574468085,60.0,Exceeds Expectations
142719,Oorja Sabharwal,Finance,Financial Analyst,79,61.62,91.04,5.0,76.94,46,3.4,19,No,0,77.15199999999999,1.6370212765957446,68.0,Meets Expectations
152231,Aaina Suri,Sales,Business Development,61,61.28,98.94,3.0,81.52,49,4.7,6,No,0,73.821,1.6303999999999998,94.0,Meets Expectations
604081,Alisha Mall,IT,Software Engineer,89,60.89,80.62,4.8,71.95,50,5.0,10,Yes,1,72.987,1.4107843137254903,100.0,Meets Expectations
880576,Reyansh Dutta,Finance,Accountant,74,75.0,75.11,3.9,72.34,46,3.4,2,No,0,74.5355,1.5391489361702129,68.0,Meets Expectations
536553,Ritvik Virk,Marketing,Marketing Executive,70,86.54,81.59,4.6,91.87,46,4.6,1,No,0,88.482,1.9546808510638298,92.0,Exceeds Expectations
254337,Pranay Shukla,Marketing,Marketing Executive,55,60.56,92.47,3.6,81.18,46,4.8,29,No,0,74.2795,1.7272340425531916,96.0,Meets Expectations
494655,Vidur Kurian,Marketing,SEO Specialist,64,71.58,85.02,4.7,84.84,37,5.0,17,No,0,81.6,2.2326315789473683,100.0,Exceeds Expectations
285619,Azad Wason,IT,Cybersecurity Specialist,78,78.06,96.27,4.1,97.91,51,4.6,7,No,0,88.32999999999998,1.8828846153846153,92.0,Exceeds Expectations
909565,Zara Chatterjee,Sales,Account Manager,56,90.41,91.51,3.9,87.93,45,4.9,16,No,0,87.8455,1.9115217391304349,98.00000000000001,Exceeds Expectations
880631,Riaan Subramaniam,HR,Employee Relations,91,67.76,80.87,3.4,86.74,45,3.8,8,No,0,76.4055,1.8856521739130434,76.0,Meets Expectations
910959,Yuvraj  Bhat,Marketing,Marketing Executive,73,78.26,96.89,3.2,86.9,37,4.6,24,No,0,81.9395,2.2868421052631582,92.0,Exceeds Expectations
760305,Ela Gole,Marketing,Content Strategist,57,84.34,80.36,3.4,86.23,42,3.3,1,No,0,81.9535,2.0053488372093025,65.99999999999999,Exceeds Expectations
576286,Kismat Doctor,HR,Recruitment Specialist,83,93.32,81.13,4.1,70.19,51,3.9,11,No,0,81.698,1.3498076923076923,78.0,Exceeds Expectations
210947,Ehsaan Dada,Sales,Business Development,75,68.13,87.9,3.8,89.01,49,4.1,1,No,0,79.584,1.7802,82.0,Meets Expectations
534568,Lakshay Mangat,HR,Recruitment Specialist,68,92.04,88.28,4.5,80.96,46,4.4,7,No,0,87.292,1.7225531914893615,88.00000000000001,Exceeds Expectations
132325,Romil Jaggi,Finance,Accountant,92,65.2,75.5,5.0,80.45,40,3.9,11,No,0,77.3025,1.9621951219512195,78.0,Meets Expectations
380101,Bhavin Shankar,Marketing,Content Strategist,63,78.95,91.14,3.7,73.44,37,4.8,27,No,0,78.10749999999999,1.9326315789473683,96.0,Meets Expectations
276251,Samiha Sule,Finance,Accountant,71,74.74,80.35,3.5,88.23,50,3.6,15,No,0,79.59199999999998,1.73,72.0,Meets Expectations
255648,Oorja Khalsa,IT,Cybersecurity Specialist,73,73.18,89.9,4.1,72.95,44,4.8,29,No,0,76.9305,1.6211111111111112,96.0,Meets Expectations
426202,Mahika Sane,Finance,Financial Analyst,51,74.04,99.8,4.2,97.62,51,3.3,4,No,0,87.651,1.8773076923076923,65.99999999999999,Exceeds Expectations
425169,Nitya Dugal,Finance,Auditor,55,93.54,88.23,3.5,99.42,46,4.0,29,No,0,91.2705,2.1153191489361705,80.0,Exceeds Expectations
957633,Lakshay Edwin,Marketing,Marketing Executive,78,69.65,87.05,5.0,91.61,55,4.4,0,No,0,84.4985,1.635892857142857,88.00000000000001,Exceeds Expectations
283446,Umang Ramaswamy,Marketing,SEO Specialist,91,74.67,85.89,3.9,85.09,44,3.1,12,No,0,80.4995,1.890888888888889,62.0,Exceeds Expectations
305557,Shayak Deshpande,IT,Software Engineer,65,85.0,88.92,4.8,87.21,49,4.9,22,No,0,88.01149999999998,1.7442,98.00000000000001,Exceeds Expectations
988823,Aniruddh Din,Marketing,SEO Specialist,84,67.1,88.16,4.1,99.78,53,3.9,10,No,0,83.93199999999999,1.8477777777777777,78.0,Exceeds Expectations
126764,Ranbir Sawhney,Finance,Auditor,50,65.51,87.82,4.1,91.92,47,3.9,30,No,0,80.5735,1.915,78.0,Exceeds Expectations
871187,Vedika Ranganathan,IT,Cybersecurity Specialist,82,89.43,79.28,3.5,97.09,48,4.7,24,No,0,87.67399999999999,1.9814285714285715,94.0,Exceeds Expectations
786981,Akarsh Venkatesh,HR,Recruitment Specialist,86,82.41,84.18,3.6,79.3,54,4.7,25,Yes,1,80.0255,1.4418181818181817,94.0,Exceeds Expectations
343070,Jayant Devi,Sales,Account Manager,56,70.83,94.1,4.0,77.28,38,3.9,10,No,0,77.95349999999999,1.9815384615384615,78.0,Meets Expectations
713097,Jiya Master,Sales,Account Manager,54,76.25,85.49,4.5,73.8,41,4.7,11,No,0,78.841,1.7571428571428571,94.0,Meets Expectations
552230,Hunar Boase,Sales,Sales Executive,57,81.58,88.7,4.5,79.96,39,3.1,4,No,0,83.344,1.9989999999999999,62.0,Exceeds Expectations
689917,Nishith Ganguly,Marketing,Content Strategist,63,85.6,95.02,3.6,70.35,51,4.6,23,No,0,79.6355,1.3528846153846152,92.0,Meets Expectations
608866,Madhup Andra,IT,Data Analyst,83,73.57,77.48,3.2,98.17,40,3.4,1,No,0,81.33099999999999,2.394390243902439,68.0,Exceeds Expectations
408868,Akarsh Chokshi,Finance,Auditor,71,60.77,89.64,4.6,81.76,50,4.6,2,No,0,77.1315,1.603137254901961,92.0,Meets Expectations
815458,Aarav Shere,HR,Recruitment Specialist,99,92.57,94.51,3.1,92.58,43,3.3,19,No,0,88.279,2.104090909090909,65.99999999999999,Exceeds Expectations
597089,Veer Dugal,Sales,Account Manager,70,70.55,79.79,3.0,80.32,38,3.9,6,No,0,73.773,2.059487179487179,78.0,Meets Expectations
750794,Ela Upadhyay,Finance,Accountant,97,65.8,81.14,3.2,89.53,37,3.7,7,No,0,76.13649999999998,2.3560526315789474,74.0,Meets Expectations
766737,Tushar Srivastava,Finance,Accountant,76,93.87,96.31,4.0,85.25,52,4.1,17,No,0,89.1385,1.6084905660377358,82.0,Exceeds Expectations
552784,Faiyaz Bhargava,IT,Software Engineer,65,91.71,89.43,3.3,94.97,55,3.6,29,No,0,88.6525,1.695892857142857,72.0,Exceeds Expectations
730147,Neysa Sahota,Finance,Auditor,66,83.85,98.12,3.7,87.71,52,4.6,20,No,0,85.86399999999999,1.6549056603773584,92.0,Exceeds Expectations
785949,Anahita Sidhu,HR,Recruitment Specialist,76,92.25,85.09,3.9,74.68,37,4.1,24,No,0,82.889,1.965263157894737,82.0,Exceeds Expectations
454328,Myra Hayre,HR,HR Manager,80,63.11,79.65,3.7,93.51,45,4.0,14,No,0,77.86449999999999,2.032826086956522,80.0,Meets Expectations
223501,Dhanuk Basu,Sales,Account Manager,98,89.42,78.41,3.9,85.92,43,3.9,20,No,0,84.8305,1.9527272727272729,78.0,Exceeds Expectations
381357,Arhaan Jha,Finance,Financial Analyst,91,76.32,81.6,3.7,75.44,48,4.8,9,Yes,1,76.45599999999999,1.539591836734694,96.0,Meets Expectations
998502,Badal Swamy,HR,HR Manager,56,79.24,94.97,3.3,76.96,50,3.9,14,No,0,78.8155,1.509019607843137,78.0,Meets Expectations
306118,Divit Kamdar,Marketing,SEO Specialist,54,70.07,76.46,4.0,86.87,55,4.4,2,No,0,78.398,1.55125,88.00000000000001,Meets Expectations
174408,Diya Dubey,Finance,Financial Analyst,78,78.14,89.61,3.8,92.15,38,5.0,12,No,0,84.44300000000001,2.362820512820513,100.0,Exceeds Expectations
304460,Arhaan Brahmbhatt,Sales,Sales Executive,96,94.91,90.15,4.6,87.44,49,3.8,5,No,0,91.145,1.7488,76.0,Exceeds Expectations
483445,Suhana Bains,Finance,Financial Analyst,61,60.75,94.63,4.1,88.87,53,4.2,0,No,0,78.86149999999999,1.6457407407407407,84.00000000000001,Meets Expectations
128657,Samiha Jain,HR,Employee Relations,94,74.95,76.84,4.9,92.49,53,4.3,5,Yes,1,84.83,1.7127777777777777,86.0,Exceeds Expectations
373472,Veer Kala,Marketing,Content Strategist,57,63.4,94.47,4.7,81.71,38,4.9,8,No,0,79.05899999999998,2.095128205128205,98.00000000000001,Meets Expectations
908419,Madhup Mahal,Finance,Auditor,86,79.6,80.9,3.8,99.3,37,3.8,29,No,0,86.15,2.613157894736842,76.0,Exceeds Expectations
563319,Ela Chana,Marketing,SEO Specialist,64,88.81,88.89,4.4,83.84,40,4.0,4,No,0,86.961,2.044878048780488,80.0,Exceeds Expectations
912426,Nitara Jhaveri,Marketing,Marketing Executive,77,90.91,98.66,3.3,97.73,36,4.3,11,No,0,90.72300000000001,2.6413513513513514,86.0,Exceeds Expectations
355899,Zara Sarin,HR,Employee Relations,97,64.46,85.52,4.3,71.54,42,3.2,7,No,0,73.328,1.6637209302325582,64.0,Meets Expectations
609935,Ivan Garde,HR,Employee Relations,64,86.07,91.49,3.2,93.44,48,4.3,4,No,0,86.15199999999999,1.906938775510204,86.0,Exceeds Expectations
476904,Zain Bora,IT,Data Analyst,69,60.46,81.82,4.1,86.21,39,4.2,6,No,0,75.90749999999998,2.1552499999999997,84.00000000000001,Meets Expectations
485690,Madhup Trivedi,HR,Employee Relations,63,77.05,83.2,3.1,84.35,40,3.5,29,No,0,78.27,2.0573170731707315,70.0,Meets Expectations
764583,Anay Rattan,Sales,Account Manager,67,64.12,86.05,4.1,97.89,35,3.4,28,No,0,81.91099999999999,2.7191666666666667,68.0,Exceeds Expectations
695958,Khushi Thaman,Finance,Financial Analyst,82,76.02,84.14,4.0,72.52,51,3.3,20,No,0,76.60999999999999,1.3946153846153846,65.99999999999999,Meets Expectations
604624,Myra Vala,Sales,Account Manager,64,89.89,99.14,4.2,96.67,53,3.3,5,No,0,92.76699999999998,1.7901851851851853,65.99999999999999,Exceeds Expectations
694488,Mahika Acharya,IT,Software Engineer,61,74.64,92.57,4.7,91.25,47,3.4,16,No,0,86.04699999999998,1.9010416666666667,68.0,Exceeds Expectations
477031,Aaryahi Vala,Finance,Accountant,77,71.56,96.89,4.2,83.15,47,4.6,1,No,0,81.282,1.7322916666666668,92.0,Exceeds Expectations
184613,Shlok Dugar,Marketing,Marketing Executive,98,88.93,80.74,4.4,95.3,42,3.5,1,No,0,89.7915,2.2162790697674417,70.0,Exceeds Expectations
170795,Heer Khurana,HR,HR Manager,65,66.61,91.25,4.1,80.21,51,3.5,2,No,0,77.3745,1.5425,70.0,Meets Expectations
745468,Adah Iyengar,Sales,Sales Executive,59,64.86,90.94,4.5,86.66,48,3.1,22,No,0,80.173,1.7685714285714285,62.0,Exceeds Expectations
709514,Anaya Kashyap,Sales,Account Manager,65,93.32,95.84,3.6,71.59,42,4.9,18,No,0,82.8945,1.6648837209302327,98.00000000000001,Exceeds Expectations
342115,Vritika Bakshi,IT,Software Engineer,63,87.43,76.25,4.2,76.62,42,3.4,3,No,0,81.455,1.7818604651162793,68.0,Exceeds Expectations
309326,Madhup Samra,HR,Recruitment Specialist,84,63.64,99.8,4.7,77.24,46,3.8,27,No,0,78.37799999999999,1.6434042553191488,76.0,Meets Expectations
668705,Romil Iyengar,HR,Recruitment Specialist,81,75.64,89.08,3.3,89.32,53,3.6,4,No,0,80.998,1.654074074074074,72.0,Exceeds Expectations
379524,Mehul Rout,Finance,Auditor,59,85.78,78.67,3.0,84.54,36,4.5,2,No,0,80.4125,2.284864864864865,90.0,Exceeds Expectations
197410,Myra Badami,IT,Software Engineer,62,91.4,97.91,4.0,77.08,47,4.9,30,No,0,85.6545,1.6058333333333332,98.00000000000001,Exceeds Expectations
557958,Shanaya Kaur,IT,Cybersecurity Specialist,65,74.54,90.12,3.6,76.2,41,4.4,23,No,0,77.077,1.8142857142857143,88.00000000000001,Meets Expectations
826319,Indrajit Deol,IT,Cybersecurity Specialist,57,60.62,91.67,4.6,81.76,55,4.8,10,No,0,77.3835,1.4600000000000002,96.0,Meets Expectations
412248,Vihaan Tiwari,Finance,Auditor,59,84.19,86.44,3.4,78.89,47,4.3,23,No,0,80.244,1.6435416666666667,86.0,Exceeds Expectations
780301,Anvi Sant,Marketing,Content Strategist,97,87.15,86.45,3.4,77.45,50,4.5,3,Yes,1,80.7775,1.5186274509803923,90.0,Exceeds Expectations
391183,Gokul Ramaswamy,Sales,Sales Executive,65,68.72,81.09,3.7,82.76,40,4.3,27,No,0,76.2815,2.0185365853658537,86.0,Meets Expectations
368928,Pari Mangal,Finance,Auditor,68,70.76,96.04,4.0,91.74,40,3.3,14,No,0,83.281,2.237560975609756,65.99999999999999,Exceeds Expectations
152322,Badal Shanker,Finance,Auditor,64,67.35,84.74,4.4,84.03,47,3.3,17,No,0,78.89399999999999,1.750625,65.99999999999999,Meets Expectations
758736,Ishaan Anne,Marketing,Content Strategist,83,62.7,79.01,3.2,73.32,52,3.6,19,No,0,69.0585,1.3833962264150943,72.0,Meets Expectations
162810,Veer Biswas,Finance,Auditor,71,81.42,94.1,3.5,76.04,39,3.8,21,No,0,79.726,1.9010000000000002,76.0,Meets Expectations
569167,Madhav Anand,HR,HR Manager,85,65.17,82.35,3.6,94.88,52,4.7,22,No,0,79.17,1.790188679245283,94.0,Meets Expectations
355253,Siya Krish,Sales,Sales Executive,60,91.26,87.84,3.7,87.51,43,3.4,22,No,0,86.84549999999999,1.9888636363636365,68.0,Exceeds Expectations
891662,Saira Balay,Sales,Account Manager,62,77.35,98.36,3.9,85.81,55,4.3,12,No,0,83.56,1.5323214285714286,86.0,Exceeds Expectations
774064,Riaan Lad,HR,HR Manager,81,80.23,89.23,4.2,97.15,45,3.3,0,No,0,88.0675,2.1119565217391307,65.99999999999999,Exceeds Expectations
728646,Armaan Saini,HR,HR Manager,82,60.81,99.13,4.4,76.43,50,3.6,16,No,0,76.10350000000001,1.4986274509803923,72.0,Meets Expectations
505259,Navya Shankar,Marketing,SEO Specialist,61,69.62,76.35,3.4,96.77,35,4.0,24,No,0,79.889,2.6880555555555556,80.0,Meets Expectations
462042,Rasha Kapoor,Finance,Accountant,75,79.72,96.59,3.2,73.98,45,3.2,30,No,0,77.8835,1.6082608695652174,64.0,Meets Expectations
939775,Emir Cherian,Sales,Account Manager,63,85.73,78.63,4.1,84.06,50,3.3,13,No,0,83.521,1.648235294117647,65.99999999999999,Exceeds Expectations
704703,Samiha Solanki,Marketing,Marketing Executive,54,83.37,98.3,4.8,89.21,53,4.4,29,No,0,89.548,1.652037037037037,88.00000000000001,Exceeds Expectations
626564,Elakshi Borah,HR,HR Manager,94,83.54,82.81,3.3,71.43,52,4.2,25,Yes,1,76.561,1.3477358490566038,84.00000000000001,Meets Expectations
609775,Dhanush Mahal,Marketing,Marketing Executive,50,62.25,94.0,4.2,94.71,43,4.8,10,No,0,81.63599999999998,2.1525,96.0,Exceeds Expectations
215780,Jivin Majumdar,Finance,Auditor,54,85.36,85.29,3.4,72.18,45,3.4,15,No,0,78.1325,1.569130434782609,68.0,Meets Expectations
295853,Mohanlal Raju,Finance,Auditor,84,90.42,78.14,4.3,89.12,48,3.5,6,No,0,87.46000000000001,1.8187755102040817,70.0,Exceeds Expectations
996507,Divyansh Dara,Finance,Financial Analyst,73,84.41,76.93,4.4,97.1,47,3.2,25,No,0,88.268,2.0229166666666667,64.0,Exceeds Expectations
787897,Myra Contractor,IT,Data Analyst,98,73.95,88.27,4.3,79.91,44,4.7,25,Yes,1,79.9915,1.7757777777777777,94.0,Meets Expectations
956601,Divit Borra,Marketing,Marketing Executive,83,79.81,96.27,3.4,83.52,51,4.4,0,No,0,81.806,1.606153846153846,88.00000000000001,Exceeds Expectations
867506,Mishti Ahluwalia,HR,Employee Relations,77,61.47,83.08,4.9,94.01,47,4.0,25,No,0,81.58,1.9585416666666668,80.0,Exceeds Expectations
781855,Hridaan Swamy,Marketing,Marketing Executive,86,84.41,89.07,3.3,94.66,42,4.1,7,Yes,1,85.935,2.201395348837209,82.0,Exceeds Expectations
468292,Piya Basak,IT,Cybersecurity Specialist,78,60.03,91.52,4.7,70.44,45,4.9,12,No,0,73.49249999999999,1.5313043478260868,98.00000000000001,Meets Expectations
429690,Arnav Mander,IT,Cybersecurity Specialist,82,60.04,92.77,3.7,70.11,38,3.1,19,No,0,70.568,1.7976923076923077,62.0,Meets Expectations
836370,Mannat Rau,HR,Employee Relations,56,73.39,89.32,3.3,72.25,47,4.7,20,No,0,74.272,1.5052083333333333,94.0,Meets Expectations
677859,Jayesh Chaudhary,Finance,Financial Analyst,57,94.92,92.04,3.9,70.88,50,4.9,27,No,0,83.536,1.3898039215686273,98.00000000000001,Exceeds Expectations
654359,Yashvi Halder,HR,Recruitment Specialist,81,70.12,88.37,4.7,82.35,53,3.1,25,No,0,80.71999999999998,1.525,62.0,Exceeds Expectations
594994,Divit Lalla,Finance,Auditor,72,71.32,79.13,4.0,85.26,47,3.1,9,No,0,78.6725,1.77625,62.0,Meets Expectations
976678,Vihaan Edwin,Sales,Business Development,79,92.37,78.42,4.5,76.7,48,4.0,1,No,0,84.4375,1.5653061224489797,80.0,Exceeds Expectations
407888,Alia Sahota,Sales,Account Manager,67,92.37,88.76,3.9,83.31,40,4.1,27,No,0,86.502,2.0319512195121954,82.0,Exceeds Expectations
424053,Adah Sahni,HR,Employee Relations,97,82.8,92.76,4.6,74.1,53,3.2,10,No,0,82.62899999999999,1.372222222222222,64.0,Exceeds Expectations
449851,Ela Jhaveri,Finance,Accountant,81,79.44,92.31,3.5,73.02,38,3.9,17,No,0,77.7075,1.8723076923076922,78.0,Meets Expectations
198245,Arnav Dube,IT,Cybersecurity Specialist,98,92.86,97.4,3.2,99.81,52,4.2,11,Yes,1,91.64449999999998,1.8832075471698113,84.00000000000001,Exceeds Expectations
821313,Piya Rajagopalan,Sales,Account Manager,60,73.59,75.88,3.8,84.18,52,3.1,29,No,0,78.00150000000001,1.588301886792453,62.0,Meets Expectations
292023,Zoya Kakar,IT,Data Analyst,100,92.95,100.0,5.0,85.49,42,3.4,24,No,0,92.454,1.9881395348837207,68.0,Exceeds Expectations
532857,Purab Ghosh,Sales,Sales Executive,74,91.63,87.17,4.8,77.06,41,5.0,19,No,0,86.517,1.8347619047619048,100.0,Exceeds Expectations
726946,Aarna Varughese,IT,Software Engineer,51,94.03,83.66,4.4,91.3,53,3.8,26,No,0,90.6145,1.6907407407407407,76.0,Exceeds Expectations
863894,Jayan Sheth,Finance,Financial Analyst,51,89.74,77.21,4.5,85.24,36,4.5,22,No,0,86.3245,2.303783783783784,90.0,Exceeds Expectations
491437,Azad Dhar,HR,Employee Relations,61,79.87,93.27,3.1,85.16,41,3.9,4,No,0,81.05099999999999,2.0276190476190474,78.0,Exceeds Expectations
961385,Prerak Tandon,Marketing,Marketing Executive,71,79.77,76.24,4.1,81.66,42,3.9,9,No,0,80.23649999999998,1.8990697674418604,78.0,Exceeds Expectations
204833,Onkar Kashyap,Sales,Account Manager,89,84.79,97.43,4.7,94.53,53,4.5,30,Yes,1,91.47649999999999,1.7505555555555556,90.0,Exceeds Expectations
118155,Aarav Trivedi,Finance,Accountant,56,74.37,86.09,4.5,71.19,42,4.0,23,No,0,77.3595,1.6555813953488372,80.0,Meets Expectations
727315,Sahil Andra,Marketing,Marketing Executive,92,68.88,98.38,4.1,75.09,35,4.9,21,Yes,1,77.4465,2.0858333333333334,98.00000000000001,Meets Expectations
291860,Faiyaz Talwar,Finance,Accountant,82,92.72,76.57,3.8,89.72,35,3.2,6,No,0,86.7395,2.4922222222222223,64.0,Exceeds Expectations
620525,Aniruddh Sodhi,Sales,Sales Executive,56,79.61,88.52,5.0,80.67,48,3.7,27,No,0,84.376,1.646326530612245,74.0,Exceeds Expectations
623591,Gatik Baral,Sales,Business Development,59,73.54,93.75,4.4,90.82,52,4.0,4,No,0,84.7885,1.7135849056603771,80.0,Exceeds Expectations
364903,Ira Choudhary,HR,Employee Relations,99,84.81,89.71,4.4,96.82,47,4.7,7,Yes,1,90.22699999999999,2.0170833333333333,94.0,Exceeds Expectations
897973,Arnav Krishna,Sales,Account Manager,81,85.31,86.32,3.3,93.21,47,3.3,22,No,0,85.33,1.9418749999999998,65.99999999999999,Exceeds Expectations
829635,Yuvraj  Sampath,IT,Cybersecurity Specialist,55,72.0,75.26,4.0,73.36,44,4.2,20,No,0,74.16499999999999,1.6302222222222222,84.00000000000001,Meets Expectations
518905,Heer Dewan,IT,Data Analyst,92,94.48,84.25,3.1,80.06,38,3.3,26,No,0,83.0265,2.052820512820513,65.99999999999999,Exceeds Expectations
432623,Raunak Badal,IT,Cybersecurity Specialist,89,77.08,77.2,4.3,71.52,39,4.3,18,Yes,1,76.49,1.7879999999999998,86.0,Meets Expectations
827816,Hazel Saini,IT,Data Analyst,87,78.72,92.17,4.1,73.92,45,4.5,8,Yes,1,79.5495,1.6069565217391304,90.0,Meets Expectations
823527,Khushi Ram,Sales,Sales Executive,53,94.3,77.63,4.5,90.05,41,4.2,3,No,0,89.66699999999999,2.144047619047619,84.00000000000001,Exceeds Expectations
605736,Lavanya Korpal,IT,Data Analyst,91,88.02,96.72,5.0,76.74,39,4.6,10,Yes,1,87.17399999999999,1.9184999999999999,92.0,Exceeds Expectations
515717,Yuvaan Buch,Sales,Business Development,97,72.54,89.8,3.6,94.16,36,3.8,26,No,0,82.615,2.5448648648648646,76.0,Exceeds Expectations
920993,Zaina Manne,Sales,Sales Executive,61,65.92,86.44,4.1,99.97,35,3.1,27,No,0,83.32749999999999,2.776944444444444,62.0,Exceeds Expectations
675147,Diya Dhillon,Sales,Business Development,100,81.86,94.44,4.1,88.02,53,3.3,26,No,0,85.92399999999999,1.63,65.99999999999999,Exceeds Expectations
698709,Raghav Tandon,Finance,Accountant,65,77.49,77.71,3.7,98.13,54,4.4,16,No,0,84.22349999999999,1.784181818181818,88.00000000000001,Exceeds Expectations
264232,Oorja Varma,Marketing,Content Strategist,61,86.86,97.26,3.4,82.64,45,4.7,5,No,0,84.114,1.796521739130435,94.0,Exceeds Expectations
481783,Vedika Dewan,Marketing,Content Strategist,79,88.79,85.86,4.5,87.57,41,3.6,21,No,0,88.105,2.085,72.0,Exceeds Expectations
998209,Eva Chowdhury,Sales,Account Manager,97,87.04,76.18,4.8,83.06,39,4.7,16,Yes,1,85.362,2.0765000000000002,94.0,Exceeds Expectations
321762,Dishani Buch,IT,Cybersecurity Specialist,85,89.08,85.01,3.7,77.74,49,3.5,14,No,0,82.23849999999999,1.5548,70.0,Exceeds Expectations
192763,Rasha Suri,Finance,Financial Analyst,57,81.58,78.07,3.8,72.89,48,3.7,26,No,0,77.175,1.4875510204081632,74.0,Meets Expectations
168703,Kabir Varghese,IT,Cybersecurity Specialist,72,93.39,79.8,3.7,76.11,41,3.0,6,No,0,82.39499999999998,1.812142857142857,60.0,Exceeds Expectations
414096,Advik Hans,Finance,Accountant,89,78.03,94.57,3.1,78.56,52,3.3,14,No,0,78.292,1.4822641509433963,65.99999999999999,Meets Expectations
315200,Dhanuk Bal,Sales,Business Development,97,87.25,97.41,4.9,86.95,38,4.5,13,Yes,1,90.28150000000001,2.2294871794871796,90.0,Exceeds Expectations
725495,Riya Bajwa,Sales,Business Development,56,92.58,83.63,4.6,91.13,46,3.4,17,No,0,90.64299999999999,1.9389361702127659,68.0,Exceeds Expectations
285907,Jivin Kashyap,HR,Employee Relations,99,87.81,86.88,4.3,79.34,49,4.6,14,Yes,1,84.4345,1.5868,92.0,Exceeds Expectations
836144,Misha Krishna,Sales,Account Manager,74,70.64,85.65,4.7,77.0,46,4.3,23,No,0,78.6215,1.6382978723404256,86.0,Meets Expectations
643444,Navya Tailor,HR,Recruitment Specialist,75,93.0,84.74,3.7,77.25,44,4.8,18,No,0,83.39849999999998,1.7166666666666666,96.0,Exceeds Expectations
149271,Azad Dhingra,Finance,Auditor,72,69.01,93.56,3.1,82.55,35,3.6,11,No,0,76.38,2.2930555555555556,72.0,Meets Expectations
268051,Kiaan Agate,IT,Cybersecurity Specialist,80,62.48,75.58,4.8,87.32,52,4.6,11,No,0,78.167,1.6475471698113207,92.0,Meets Expectations
323889,Adira Kumar,Finance,Accountant,91,75.93,82.94,3.9,79.79,39,4.5,24,Yes,1,78.643,1.9947500000000002,90.0,Meets Expectations
396950,Kismat Bhandari,Marketing,SEO Specialist,68,82.01,79.38,4.1,90.33,53,4.5,8,No,0,84.526,1.6727777777777777,90.0,Exceeds Expectations
963676,Raghav Vala,IT,Data Analyst,98,89.0,79.08,3.2,85.19,48,3.1,10,No,0,82.42849999999999,1.7385714285714284,62.0,Exceeds Expectations
628051,Jivin Bhakta,IT,Cybersecurity Specialist,90,77.06,92.0,3.8,73.44,50,3.2,8,No,0,77.875,1.44,64.0,Meets Expectations
974685,Dishani Dyal,Finance,Financial Analyst,50,76.5,91.04,3.9,76.45,50,3.1,17,No,0,78.88850000000001,1.4990196078431373,62.0,Meets Expectations
380906,Jayant Kale,HR,HR Manager,73,92.35,99.14,4.2,99.1,49,4.1,17,No,0,94.47849999999998,1.982,82.0,Exceeds Expectations
354777,Yashvi Yohannan,Marketing,Marketing Executive,59,93.19,78.21,3.9,91.96,44,3.3,14,No,0,88.23399999999998,2.0435555555555553,65.99999999999999,Exceeds Expectations
760925,Tara Deo,HR,Employee Relations,59,71.94,80.85,4.9,84.83,52,4.7,8,No,0,81.697,1.600566037735849,94.0,Exceeds Expectations
123983,Saanvi Sha,HR,Employee Relations,58,81.58,91.75,3.6,88.78,48,4.9,4,No,0,84.18849999999999,1.8118367346938775,98.00000000000001,Exceeds Expectations
920467,Shlok Keer,Sales,Sales Executive,60,91.26,90.62,3.3,74.21,55,4.2,24,No,0,81.4075,1.3251785714285713,84.00000000000001,Exceeds Expectations
186309,Hiran Kata,Sales,Sales Executive,79,68.15,95.55,3.3,74.5,38,3.1,24,No,0,74.16,1.9102564102564104,62.0,Meets Expectations
616423,Madhav Dewan,Marketing,SEO Specialist,86,82.57,80.74,3.5,70.39,49,3.9,29,No,0,76.14699999999999,1.4078,78.0,Meets Expectations
902228,Aarna Sharaf,Sales,Business Development,58,89.35,89.66,4.1,88.93,46,3.8,28,No,0,88.14699999999999,1.8921276595744683,76.0,Exceeds Expectations
473464,Shanaya Rao,Sales,Sales Executive,80,77.38,85.83,3.7,81.38,35,3.7,19,No,0,79.5405,2.2605555555555554,74.0,Meets Expectations
300481,Dhanush Garde,Marketing,Marketing Executive,96,93.77,96.37,3.2,94.01,40,3.9,9,No,0,89.7785,2.2929268292682927,78.0,Exceeds Expectations
402921,Tejas Sarna,Sales,Sales Executive,71,81.93,87.68,4.5,90.82,50,3.6,26,No,0,87.11449999999999,1.78078431372549,72.0,Exceeds Expectations
543100,Misha Jha,IT,Cybersecurity Specialist,68,67.18,88.42,3.9,91.87,38,4.4,23,No,0,80.63050000000001,2.3556410256410256,88.00000000000001,Exceeds Expectations
573152,Shamik Dixit,Finance,Auditor,56,82.32,75.75,3.0,89.44,50,4.9,29,No,0,80.4785,1.7537254901960784,98.00000000000001,Exceeds Expectations
109407,Kartik Vala,Finance,Financial Analyst,94,82.1,88.56,4.8,95.93,44,3.2,25,No,0,89.99449999999999,2.1317777777777778,64.0,Exceeds Expectations
172146,Aaryahi Mahal,Finance,Accountant,69,83.33,89.68,4.4,91.19,43,4.1,2,No,0,87.734,2.0725,82.0,Exceeds Expectations
419950,Yashvi Varughese,IT,Cybersecurity Specialist,92,93.37,79.95,4.2,82.35,53,3.8,16,No,0,86.09449999999998,1.525,76.0,Exceeds Expectations
343205,Dishani Andra,HR,Employee Relations,95,69.41,82.95,4.6,99.18,43,4.3,26,Yes,1,85.249,2.2540909090909094,86.0,Exceeds Expectations
224821,Emir Kumer,Marketing,SEO Specialist,52,82.59,91.5,4.8,91.25,36,4.8,15,No,0,88.969,2.4662162162162162,96.0,Exceeds Expectations
186740,Nishith Dhillon,Sales,Account Manager,50,64.1,78.61,3.5,82.71,45,4.8,23,No,0,73.67499999999998,1.7980434782608694,96.0,Meets Expectations
813867,Aayush Raman,IT,Cybersecurity Specialist,91,76.66,78.32,4.0,71.88,53,4.6,23,Yes,1,75.737,1.3311111111111111,92.0,Meets Expectations
281004,Saira Krishna,IT,Software Engineer,90,77.58,96.28,3.3,96.07,44,3.6,26,No,0,85.1195,2.134888888888889,72.0,Exceeds Expectations
677386,Nirvaan Chaudhry,Marketing,Marketing Executive,57,71.16,78.93,4.7,94.05,35,4.2,6,No,0,83.76299999999999,2.6125,84.00000000000001,Exceeds Expectations
645538,Manikya Raj,Sales,Business Development,62,66.32,98.08,3.7,78.54,50,3.7,7,No,0,76.51299999999999,1.54,74.0,Meets Expectations
185852,Dharmajan Contractor,Finance,Financial Analyst,71,71.79,77.31,4.4,93.12,46,4.6,22,No,0,82.515,1.981276595744681,92.0,Exceeds Expectations
938488,Advika Sachdeva,HR,Employee Relations,80,81.82,80.58,3.4,97.43,36,4.0,25,No,0,85.0245,2.6332432432432435,80.0,Exceeds Expectations
698504,Heer Khosla,Marketing,Marketing Executive,78,79.43,93.68,4.0,92.07,47,4.4,27,No,0,86.077,1.9181249999999999,88.00000000000001,Exceeds Expectations
454605,Anya Bassi,HR,Employee Relations,99,83.77,90.8,3.1,93.11,44,3.2,6,No,0,84.82799999999999,2.069111111111111,64.0,Exceeds Expectations
527711,Amira Kala,HR,HR Manager,52,70.08,92.49,4.8,77.79,50,3.9,3,No,0,80.02799999999999,1.525294117647059,78.0,Exceeds Expectations
295187,Diya Sha,IT,Data Analyst,82,69.5,86.8,3.9,85.13,35,3.5,8,No,0,78.84049999999999,2.364722222222222,70.0,Meets Expectations
532306,Uthkarsh Iyer,Marketing,SEO Specialist,89,92.24,96.18,4.4,95.23,35,3.4,10,No,0,93.24149999999999,2.645277777777778,68.0,Exceeds Expectations
266915,Ishaan Sastry,Finance,Auditor,87,90.62,81.64,4.0,95.05,51,4.8,15,Yes,1,89.23049999999999,1.8278846153846153,96.0,Exceeds Expectations
802816,Riya Sekhon,Finance,Auditor,89,89.11,79.58,3.6,82.79,42,4.2,1,Yes,1,82.902,1.9253488372093024,84.00000000000001,Exceeds Expectations
519176,Anaya Dutt,Marketing,Marketing Executive,90,67.93,94.4,4.7,80.49,42,3.7,2,No,0,80.207,1.871860465116279,74.0,Exceeds Expectations
313460,Gatik Kumer,Marketing,Content Strategist,77,78.9,87.35,3.2,99.0,40,3.7,3,No,0,84.9675,2.4146341463414633,74.0,Exceeds Expectations
736217,Alia Uppal,HR,Employee Relations,88,85.85,76.69,3.1,87.92,48,3.3,10,No,0,81.62299999999999,1.7942857142857143,65.99999999999999,Exceeds Expectations
166316,Yuvraj  Borra,Sales,Business Development,71,84.55,91.57,5.0,74.49,51,3.4,28,No,0,84.39949999999999,1.4324999999999999,68.0,Exceeds Expectations
171279,Manikya Date,Marketing,Content Strategist,58,91.15,94.09,4.9,80.61,38,3.6,12,No,0,88.9295,2.066923076923077,72.0,Exceeds Expectations
961997,Yuvraj  Vora,IT,Data Analyst,85,66.55,91.94,4.3,75.11,50,3.5,17,No,0,76.27199999999999,1.4727450980392156,70.0,Meets Expectations
391668,Prisha Sen,Sales,Sales Executive,74,83.53,75.87,3.3,88.17,55,3.8,9,No,0,81.3755,1.5744642857142856,76.0,Exceeds Expectations
821807,Himmat Balasubramanian,HR,HR Manager,75,89.91,93.46,4.3,87.59,42,4.6,20,No,0,89.044,2.0369767441860467,92.0,Exceeds Expectations
660347,Lagan Desai,Marketing,SEO Specialist,67,72.33,76.59,3.8,97.16,41,3.2,5,No,0,82.21,2.3133333333333335,64.0,Exceeds Expectations
142969,Tanya Sodhi,Sales,Sales Executive,88,65.25,89.95,3.2,92.22,38,3.8,22,No,0,78.207,2.3646153846153846,76.0,Meets Expectations
479925,Sara Lala,Sales,Business Development,65,92.66,82.98,3.0,76.69,48,3.5,14,No,0,80.7195,1.5651020408163265,70.0,Exceeds Expectations
587669,Ahana  Hari,HR,Employee Relations,57,63.68,83.13,4.1,98.21,40,3.0,5,No,0,81.43099999999998,2.3953658536585363,60.0,Exceeds Expectations
138012,Jiya Arora,Marketing,Content Strategist,90,77.26,76.82,3.2,74.73,38,3.4,13,No,0,74.31949999999999,1.9161538461538463,68.0,Meets Expectations
720596,Piya Salvi,Marketing,SEO Specialist,70,61.58,78.07,4.0,77.59,36,4.0,15,No,0,72.41999999999999,2.097027027027027,80.0,Meets Expectations
296089,Shalv Ratti,Sales,Sales Executive,96,83.51,84.51,4.6,77.87,44,3.9,27,No,0,82.9595,1.7304444444444445,78.0,Exceeds Expectations
877306,Azad Ahluwalia,IT,Software Engineer,79,77.16,78.05,4.6,82.32,46,3.9,19,No,0,81.32549999999999,1.7514893617021274,78.0,Exceeds Expectations
251009,Eva Zacharia,IT,Data Analyst,92,92.01,81.12,5.0,75.14,37,3.5,0,No,0,85.6705,1.9773684210526317,70.0,Exceeds Expectations
785523,Tara Chowdhury,HR,Recruitment Specialist,80,82.44,96.87,5.0,81.07,43,3.5,9,No,0,86.75899999999999,1.8424999999999998,70.0,Exceeds Expectations
801732,Fateh Dara,IT,Data Analyst,93,85.55,99.28,4.7,95.0,49,4.5,23,Yes,1,92.18449999999999,1.9,90.0,Exceeds Expectations
696500,Anay Deshmukh,Sales,Account Manager,56,70.47,85.25,3.2,98.95,48,4.7,10,No,0,81.68449999999999,2.019387755102041,94.0,Exceeds Expectations
529153,Nakul D’Alia,Marketing,SEO Specialist,96,92.37,81.84,4.7,95.31,51,4.3,5,Yes,1,92.064,1.8328846153846154,86.0,Exceeds Expectations
812887,Bhavin Subramaniam,HR,Employee Relations,85,61.91,90.22,3.6,81.09,52,3.3,30,No,0,74.383,1.53,65.99999999999999,Meets Expectations
383358,Anahita Chawla,IT,Cybersecurity Specialist,75,68.32,76.3,4.2,70.17,35,4.9,15,No,0,72.5165,1.9491666666666667,98.00000000000001,Meets Expectations
882546,Oorja Chanda,Sales,Business Development,51,83.35,92.84,3.5,95.3,37,3.1,4,No,0,86.95349999999999,2.5078947368421054,62.0,Exceeds Expectations
977312,Nitara Deep,HR,Recruitment Specialist,85,84.95,91.06,4.4,84.81,54,4.1,6,No,0,86.275,1.542,82.0,Exceeds Expectations
724892,Vihaan Bahri,Finance,Auditor,78,85.46,85.77,4.3,76.44,48,4.3,11,No,0,82.4305,1.56,86.0,Exceeds Expectations
530706,Hunar Chaudhuri,Finance,Financial Analyst,64,83.07,95.8,4.5,86.83,50,4.5,11,No,0,87.335,1.702549019607843,90.0,Exceeds Expectations
705580,Kartik Sangha,Marketing,Marketing Executive,90,60.64,97.84,4.3,93.21,49,4.5,18,Yes,1,81.4235,1.8641999999999999,90.0,Exceeds Expectations
388918,Stuvan Wadhwa,IT,Software Engineer,82,78.52,81.42,4.4,82.41,42,4.4,8,No,0,81.73849999999999,1.9165116279069767,88.00000000000001,Exceeds Expectations
127287,Tara Dhingra,HR,Recruitment Specialist,81,67.58,81.02,4.5,95.47,47,3.3,5,No,0,82.72049999999999,1.9889583333333334,65.99999999999999,Exceeds Expectations
927818,Kismat Rout,IT,Cybersecurity Specialist,78,76.68,96.97,3.6,76.55,45,4.3,14,No,0,78.976,1.6641304347826087,86.0,Meets Expectations
430810,Nitara Kapur,IT,Data Analyst,59,88.35,95.22,4.2,81.84,42,4.2,29,No,0,86.44949999999999,1.9032558139534885,84.00000000000001,Exceeds Expectations
701419,Aarav Sekhon,Sales,Business Development,85,63.13,97.25,3.5,88.92,44,5.0,0,No,0,78.305,1.976,100.0,Meets Expectations
902856,Tara Arya,IT,Data Analyst,95,61.55,93.97,4.2,74.25,54,3.8,0,No,0,74.2255,1.35,76.0,Meets Expectations
883123,Alisha Kannan,IT,Software Engineer,67,85.66,99.26,4.5,97.06,54,4.1,21,No,0,92.341,1.7647272727272727,82.0,Exceeds Expectations
979742,Azad Dara,HR,HR Manager,50,66.83,87.78,3.7,90.66,35,3.2,16,No,0,79.3885,2.518333333333333,64.0,Meets Expectations
149327,Vivaan Kaur,HR,Employee Relations,87,75.83,84.46,4.1,74.6,36,4.5,2,Yes,1,77.61949999999999,2.016216216216216,90.0,Meets Expectations
513418,Renee Chawla,IT,Software Engineer,76,69.43,80.23,3.2,94.4,46,4.3,6,No,0,78.975,2.0085106382978726,86.0,Meets Expectations
526227,Nehmat Srivastava,Marketing,SEO Specialist,77,93.83,95.15,4.8,80.63,48,4.3,20,No,0,89.73349999999999,1.6455102040816325,86.0,Exceeds Expectations
260608,Eva Gade,Marketing,SEO Specialist,70,66.17,91.42,3.4,89.92,52,3.1,7,No,0,78.5445,1.6966037735849058,62.0,Meets Expectations
984420,Gokul Vasa,Finance,Accountant,85,71.14,98.22,4.6,97.1,43,4.4,7,No,0,87.41699999999999,2.2068181818181816,88.00000000000001,Exceeds Expectations
817183,Vardaniya Dubey,HR,Employee Relations,87,92.07,76.62,3.3,77.34,41,3.2,10,No,0,80.6865,1.8414285714285714,64.0,Exceeds Expectations
507252,Aarush Cherian,Marketing,Content Strategist,80,62.34,92.76,3.1,71.15,39,3.6,29,No,0,69.9355,1.77875,72.0,Meets Expectations
794803,Myra Wadhwa,Finance,Auditor,77,78.68,83.01,3.9,96.85,46,3.3,15,No,0,85.58699999999999,2.06063829787234,65.99999999999999,Exceeds Expectations
491565,Madhav Sawhney,IT,Cybersecurity Specialist,64,82.89,80.91,3.9,85.14,40,3.6,13,No,0,82.647,2.0765853658536586,72.0,Exceeds Expectations
658033,Bhamini Sankar,Sales,Account Manager,91,78.13,96.67,3.7,91.96,49,4.1,4,Yes,1,85.13199999999999,1.8392,82.0,Exceeds Expectations
570204,Madhup Bora,Finance,Accountant,61,67.07,98.99,3.1,96.38,51,4.0,27,No,0,81.356,1.8534615384615383,80.0,Exceeds Expectations
325961,Ahana  Sunder,Sales,Business Development,60,92.72,81.16,4.1,89.08,54,3.7,17,No,0,88.104,1.6196363636363635,74.0,Exceeds Expectations
613857,Nakul Bhalla,IT,Data Analyst,93,89.97,86.46,4.4,79.37,49,4.5,21,Yes,1,85.43799999999999,1.5874000000000001,90.0,Exceeds Expectations
654059,Baiju Shukla,HR,Recruitment Specialist,85,93.09,77.09,4.4,71.18,48,4.0,24,No,0,82.25800000000001,1.45265306122449,80.0,Exceeds Expectations
809318,Nirvi Ramachandran,Finance,Financial Analyst,95,83.85,75.89,4.5,87.0,52,4.9,21,Yes,1,84.681,1.6415094339622642,98.00000000000001,Exceeds Expectations
868275,Neelofar Deep,HR,HR Manager,51,86.26,77.84,4.7,97.86,55,4.3,12,No,0,90.21799999999999,1.7475,86.0,Exceeds Expectations
185293,Kashvi Brar,Finance,Auditor,73,80.63,86.95,3.5,91.43,41,4.8,16,No,0,83.76350000000001,2.176904761904762,96.0,Exceeds Expectations
453361,Indranil Chaudhuri,Marketing,Marketing Executive,58,61.54,96.52,3.1,71.29,50,3.5,1,No,0,70.26849999999999,1.397843137254902,70.0,Meets Expectations
111448,Kiara Rao,HR,Employee Relations,52,70.23,88.56,3.2,99.91,51,4.5,27,No,0,82.43299999999999,1.9213461538461538,90.0,Exceeds Expectations
769057,Misha Doshi,HR,HR Manager,81,76.97,89.09,4.3,99.74,40,3.8,7,No,0,88.11200000000001,2.4326829268292682,76.0,Exceeds Expectations
432356,Taran Kaur,Marketing,Marketing Executive,58,60.34,83.79,3.9,89.58,47,4.5,26,No,0,76.7405,1.86625,90.0,Meets Expectations
102861,Manjari Uppal,Finance,Auditor,81,71.67,83.62,3.8,74.52,54,4.5,17,No,0,75.1095,1.3549090909090908,90.0,Meets Expectations
375081,Zaina Dave,Sales,Account Manager,79,69.75,96.63,3.4,87.56,50,3.4,17,No,0,79.753,1.7168627450980392,68.0,Meets Expectations
125896,Aarav Chad,HR,Recruitment Specialist,56,64.46,83.34,3.5,80.47,50,3.1,23,No,0,73.72649999999999,1.577843137254902,62.0,Meets Expectations
176626,Prerak Balay,HR,Employee Relations,55,91.34,85.98,4.8,92.35,49,3.2,9,No,0,91.58850000000001,1.847,64.0,Exceeds Expectations
181960,Jayan Raval,Finance,Accountant,95,67.59,85.75,4.3,92.71,36,4.9,8,Yes,1,81.8675,2.5056756756756755,98.00000000000001,Exceeds Expectations
445495,Saanvi Mall,Sales,Sales Executive,94,86.83,99.74,4.3,74.07,37,4.0,11,No,0,84.17599999999999,1.9492105263157893,80.0,Exceeds Expectations
659816,Divyansh Krishna,Sales,Account Manager,51,81.93,81.49,4.8,88.85,39,4.7,30,No,0,86.3965,2.22125,94.0,Exceeds Expectations
233858,Badal Sinha,IT,Cybersecurity Specialist,84,61.15,95.13,3.3,71.23,47,3.4,23,No,0,70.5025,1.4839583333333335,68.0,Meets Expectations
531234,Vidur Shanker,Sales,Account Manager,78,94.52,96.88,3.4,97.91,45,4.3,26,No,0,92.08249999999998,2.128478260869565,86.0,Exceeds Expectations
310262,Pihu Borra,HR,Recruitment Specialist,96,64.01,76.19,4.0,87.52,43,3.9,4,No,0,76.464,1.989090909090909,78.0,Meets Expectations
751413,Aarush Chand,Marketing,SEO Specialist,53,83.32,80.02,3.6,78.36,40,3.4,1,No,0,79.39099999999999,1.9112195121951219,68.0,Meets Expectations
724782,Mamooty Kara,HR,HR Manager,92,64.6,91.91,3.6,79.79,44,4.0,19,No,0,75.12299999999999,1.7731111111111113,80.0,Meets Expectations
174133,Hiran Buch,Sales,Sales Executive,51,85.41,95.8,3.1,71.17,51,4.5,23,No,0,78.473,1.3686538461538462,90.0,Meets Expectations
631695,Drishya Sachdeva,HR,Employee Relations,87,70.82,75.7,4.2,79.26,48,3.9,19,No,0,76.48299999999999,1.6175510204081633,78.0,Meets Expectations
253805,Damini Chadha,Marketing,SEO Specialist,56,64.68,88.43,4.6,80.73,35,4.4,2,No,0,77.958,2.2425,88.00000000000001,Meets Expectations
540202,Mohanlal Dugal,HR,Recruitment Specialist,76,70.18,81.2,3.4,95.83,45,3.8,27,No,0,80.4835,2.0832608695652173,76.0,Exceeds Expectations
239737,Raunak Shere,Finance,Auditor,83,83.23,88.26,4.2,86.1,49,3.3,14,No,0,85.10449999999999,1.722,65.99999999999999,Exceeds Expectations
993873,Saksham Borah,Finance,Financial Analyst,97,70.02,80.6,3.3,93.01,43,3.1,10,No,0,79.0505,2.1138636363636363,62.0,Meets Expectations
166202,Mahika Sami,IT,Cybersecurity Specialist,71,71.67,81.56,4.9,82.62,43,4.5,1,No,0,80.93549999999999,1.877727272727273,90.0,Exceeds Expectations
248820,Amani Swamy,Marketing,Marketing Executive,95,77.16,77.72,3.7,88.57,53,4.4,26,Yes,1,80.76349999999998,1.640185185185185,88.00000000000001,Exceeds Expectations
356052,Nakul Ramachandran,IT,Data Analyst,51,93.0,94.15,4.1,70.07,47,3.6,27,No,0,83.49699999999999,1.4597916666666666,72.0,Exceeds Expectations
981715,Dhanuk Iyer,IT,Data Analyst,72,71.82,89.42,4.9,88.81,45,4.9,2,No,0,84.3335,1.9306521739130436,98.00000000000001,Exceeds Expectations
849892,Taran Kumer,Sales,Account Manager,60,69.35,90.05,3.4,84.58,47,4.0,25,No,0,77.583,1.7620833333333332,80.0,Meets Expectations
389359,Yuvaan Sehgal,Sales,Account Manager,79,80.36,96.75,4.1,80.98,54,4.4,27,No,0,83.2815,1.4723636363636365,88.00000000000001,Exceeds Expectations
652128,Ojas Bhavsar,HR,Employee Relations,100,90.92,88.09,4.7,78.62,54,4.0,18,No,0,86.65249999999999,1.4294545454545455,80.0,Exceeds Expectations
192691,Umang Kapadia,Finance,Financial Analyst,56,94.09,98.89,3.1,95.34,51,3.1,30,No,0,90.434,1.8334615384615385,62.0,Exceeds Expectations
939860,Ranbir Borde,HR,Recruitment Specialist,79,79.6,98.26,4.5,75.11,54,3.5,1,No,0,82.3875,1.3656363636363635,70.0,Exceeds Expectations
874068,Himmat Bawa,Finance,Accountant,73,91.45,94.84,3.5,86.36,52,3.4,28,No,0,86.9595,1.629433962264151,68.0,Exceeds Expectations
220546,Ayesha Shroff,HR,Employee Relations,81,70.84,83.96,5.0,88.23,46,4.1,22,No,0,83.26849999999999,1.8772340425531915,82.0,Exceeds Expectations
664068,Neelofar Kamdar,HR,Recruitment Specialist,60,64.1,84.81,3.2,75.03,55,3.8,15,No,0,71.017,1.3398214285714285,76.0,Meets Expectations
478792,Shaan Ray,Sales,Sales Executive,87,66.29,83.71,4.2,81.84,43,4.1,21,Yes,1,77.002,1.86,82.0,Meets Expectations
748863,Nitara Vala,Marketing,SEO Specialist,85,74.55,77.93,4.1,72.22,37,3.1,26,No,0,75.359,1.9005263157894736,62.0,Meets Expectations
405642,Mamooty Dash,Sales,Account Manager,71,92.06,92.09,3.1,71.12,42,3.1,16,No,0,80.2265,1.6539534883720932,62.0,Exceeds Expectations
449648,Anya Balakrishnan,Marketing,Content Strategist,75,78.14,88.38,3.5,74.32,43,4.1,2,No,0,77.118,1.689090909090909,82.0,Meets Expectations
582709,Vritika Konda,IT,Cybersecurity Specialist,61,84.57,88.13,3.2,84.84,55,4.3,22,No,0,82.11299999999999,1.5150000000000001,86.0,Exceeds Expectations
907550,Ritvik Singh,Sales,Account Manager,57,60.88,97.09,3.5,93.8,49,4.4,9,No,0,79.2015,1.876,88.00000000000001,Meets Expectations
279221,Raunak Bakshi,Marketing,SEO Specialist,98,78.36,75.88,4.0,88.09,35,3.9,17,No,0,81.6395,2.4469444444444446,78.0,Exceeds Expectations
603832,Pihu Srinivasan,Finance,Financial Analyst,62,67.98,86.35,4.1,78.75,39,4.7,8,No,0,76.60799999999999,1.96875,94.0,Meets Expectations
314593,Raunak Kakar,Finance,Accountant,51,61.38,80.06,4.1,80.73,39,4.3,2,No,0,74.0475,2.01825,86.0,Meets Expectations
579449,Taimur Balakrishnan,Sales,Account Manager,79,86.05,82.48,3.2,97.11,36,3.0,18,No,0,86.07799999999999,2.6245945945945945,60.0,Exceeds Expectations
536596,Alia Bahl,Finance,Financial Analyst,57,86.63,80.57,4.3,87.25,48,4.4,3,No,0,85.84349999999999,1.780612244897959,88.00000000000001,Exceeds Expectations
910867,Madhup Ramakrishnan,HR,HR Manager,64,94.46,79.32,4.3,91.72,49,4.7,24,No,0,89.96099999999998,1.8344,94.0,Exceeds Expectations
216324,Samiha Khurana,HR,Recruitment Specialist,91,83.56,94.5,3.9,85.1,43,4.0,25,No,0,84.90599999999999,1.9340909090909089,80.0,Exceeds Expectations
556883,Shayak Chaudhary,Marketing,Marketing Executive,79,60.9,78.38,4.6,80.76,40,4.7,10,No,0,75.13799999999999,1.9697560975609758,94.0,Meets Expectations
844738,Akarsh Chaudhry,Sales,Account Manager,94,79.98,78.17,4.3,90.37,42,4.8,10,Yes,1,84.248,2.1016279069767445,96.0,Exceeds Expectations
318631,Keya Majumdar,HR,HR Manager,92,79.24,80.02,3.9,96.94,47,4.0,5,No,0,85.366,2.0195833333333333,80.0,Exceeds Expectations
450136,Shlok Boase,Marketing,Content Strategist,65,81.53,92.7,4.5,97.03,51,4.3,8,No,0,89.901,1.8659615384615384,86.0,Exceeds Expectations
489191,Arnav Rama,IT,Cybersecurity Specialist,96,72.28,77.97,3.8,93.52,43,3.3,7,No,0,81.1255,2.1254545454545455,65.99999999999999,Exceeds Expectations
236093,Tejas Goswami,Sales,Sales Executive,87,93.16,84.01,3.2,88.11,36,4.9,9,Yes,1,85.64599999999999,2.381351351351351,98.00000000000001,Exceeds Expectations
591818,Jayesh Choudhary,Finance,Auditor,60,61.73,85.85,4.6,72.72,48,4.7,5,No,0,73.735,1.4840816326530613,94.0,Meets Expectations
950767,Drishya Char,HR,Employee Relations,59,62.63,98.45,3.5,95.05,55,3.5,22,No,0,80.4555,1.6973214285714284,70.0,Exceeds Expectations
736562,Nitya Krishnan,Finance,Accountant,77,71.51,86.9,4.5,92.21,51,4.3,28,No,0,83.837,1.7732692307692306,86.0,Exceeds Expectations
871114,Bhamini Mahajan,IT,Data Analyst,56,85.99,94.84,4.6,84.01,38,3.8,19,No,0,87.526,2.154102564102564,76.0,Exceeds Expectations
867564,Uthkarsh Sekhon,Finance,Financial Analyst,90,64.59,78.79,3.1,80.76,48,3.0,2,No,0,71.991,1.6481632653061224,60.0,Meets Expectations
110794,Divij Batra,IT,Software Engineer,81,75.81,94.47,3.2,99.88,50,3.5,19,No,0,85.262,1.9584313725490194,70.0,Exceeds Expectations
339073,Emir Walla,Finance,Auditor,84,70.09,86.56,3.5,74.09,42,3.0,0,No,0,73.947,1.7230232558139535,60.0,Meets Expectations
662811,Saanvi Chana,HR,HR Manager,78,81.8,89.38,4.3,76.55,41,4.1,22,No,0,81.7295,1.8226190476190476,82.0,Exceeds Expectations
177667,Pari Sharma,IT,Cybersecurity Specialist,86,77.36,94.08,3.7,97.69,46,4.3,14,Yes,1,86.47949999999999,2.0785106382978724,86.0,Exceeds Expectations
277640,Trisha Tandon,Sales,Account Manager,80,73.72,75.19,4.2,93.68,36,4.7,14,No,0,82.46849999999999,2.5318918918918922,94.0,Exceeds Expectations
549301,Vivaan Edwin,Finance,Accountant,78,65.79,82.59,4.1,96.96,51,3.4,20,No,0,81.651,1.8646153846153846,68.0,Exceeds Expectations
281956,Mahika Kade,HR,Employee Relations,90,73.84,85.23,4.8,87.09,42,3.7,27,No,0,83.50999999999999,2.0253488372093025,74.0,Exceeds Expectations
924102,Mannat Bala,HR,Recruitment Specialist,83,74.87,98.4,3.3,90.01,39,3.7,2,No,0,82.36800000000001,2.2502500000000003,74.0,Exceeds Expectations
794815,Himmat Mangat,Sales,Sales Executive,54,61.89,86.69,4.6,91.94,48,3.5,13,No,0,80.64399999999999,1.8763265306122447,70.0,Exceeds Expectations
262841,Armaan Guha,Marketing,Content Strategist,98,90.7,99.54,4.7,72.13,44,4.6,24,Yes,1,86.02149999999999,1.6028888888888888,92.0,Exceeds Expectations
294251,Ivana Butala,Finance,Auditor,92,72.58,87.25,3.6,90.87,55,4.4,26,Yes,1,81.095,1.6226785714285714,88.00000000000001,Exceeds Expectations
493384,Eva Hayre,Marketing,Content Strategist,57,92.14,77.23,4.7,71.21,42,3.2,3,No,0,82.85699999999999,1.6560465116279068,64.0,Exceeds Expectations
409958,Vidur Sethi,IT,Cybersecurity Specialist,62,84.99,80.29,4.7,85.15,42,3.7,19,No,0,85.69249999999998,1.980232558139535,74.0,Exceeds Expectations
863675,Eshani Grover,Sales,Account Manager,76,79.88,88.92,3.2,88.23,42,3.3,24,No,0,81.77649999999998,2.0518604651162793,65.99999999999999,Exceeds Expectations
365886,Vidur Swamy,Sales,Sales Executive,64,81.8,84.54,4.6,95.4,50,4.7,10,No,0,88.50099999999999,1.8705882352941177,94.0,Exceeds Expectations
533566,Ojas Kothari,IT,Cybersecurity Specialist,73,65.52,97.39,3.8,88.22,52,4.3,7,No,0,79.8175,1.6645283018867925,86.0,Meets Expectations
911308,Devansh Mahal,Sales,Business Development,64,82.23,99.36,3.4,88.84,47,4.9,11,No,0,84.9785,1.8508333333333333,98.00000000000001,Exceeds Expectations
423078,Ivana Sarkar,IT,Data Analyst,94,86.84,89.0,3.7,86.27,37,4.2,20,Yes,1,85.03849999999998,2.2702631578947368,84.00000000000001,Exceeds Expectations
934803,Zara Balasubramanian,Sales,Business Development,70,75.21,89.64,3.7,74.46,50,4.2,5,No,0,76.93049999999998,1.46,84.00000000000001,Meets Expectations
950531,Eva Sarkar,IT,Cybersecurity Specialist,100,93.94,76.19,4.7,90.92,39,3.2,30,No,0,90.22949999999999,2.273,64.0,Exceeds Expectations
757506,Yasmin Khurana,IT,Cybersecurity Specialist,97,87.1,91.73,4.4,90.33,43,4.2,16,Yes,1,89.06,2.0529545454545453,84.00000000000001,Exceeds Expectations
474256,Ishita Walla,Marketing,Content Strategist,66,67.19,93.75,4.7,98.47,50,4.5,25,No,0,86.14349999999999,1.93078431372549,90.0,Exceeds Expectations
803323,Hridaan Shukla,Finance,Auditor,50,79.47,95.4,3.5,93.8,51,4.1,5,No,0,85.4545,1.8038461538461539,82.0,Exceeds Expectations
591905,Ojas Karnik,Finance,Financial Analyst,97,74.36,93.55,5.0,81.61,53,4.7,26,Yes,1,83.622,1.5112962962962964,94.0,Exceeds Expectations
247430,Eva Khanna,IT,Data Analyst,64,64.33,96.91,4.9,81.56,44,4.4,22,No,0,80.298,1.8124444444444445,88.00000000000001,Exceeds Expectations
133001,Manjari Brar,Marketing,Content Strategist,73,79.6,81.53,4.3,82.52,51,4.8,14,No,0,81.8715,1.5869230769230769,96.0,Exceeds Expectations
184728,Shlok Jhaveri,IT,Data Analyst,94,68.05,87.17,3.7,83.11,51,4.6,21,Yes,1,77.08149999999999,1.5982692307692308,92.0,Meets Expectations
397762,Jayant Walia,Finance,Financial Analyst,58,80.92,93.97,4.5,71.88,36,4.3,18,No,0,81.07549999999999,1.9427027027027026,86.0,Exceeds Expectations
722685,Suhana Maharaj,Finance,Financial Analyst,63,94.21,75.08,3.6,76.86,53,4.6,12,No,0,81.9365,1.4233333333333333,92.0,Exceeds Expectations
860614,Aniruddh D’Alia,Sales,Account Manager,96,79.08,86.66,4.1,82.07,54,4.6,20,Yes,1,81.70149999999998,1.492181818181818,92.0,Exceeds Expectations
695230,Reyansh Sampath,IT,Software Engineer,85,64.56,97.79,3.1,99.39,48,4.8,30,No,0,81.35099999999998,2.0283673469387757,96.0,Exceeds Expectations
602341,Aaryahi Bhasin,Finance,Accountant,77,83.8,94.02,3.1,74.16,48,4.3,14,No,0,78.689,1.513469387755102,86.0,Meets Expectations
957767,Oorja Ganesh,Marketing,SEO Specialist,98,69.52,85.54,4.8,84.87,37,4.7,10,Yes,1,81.26749999999998,2.233421052631579,94.0,Exceeds Expectations
509317,Kavya Sridhar,Finance,Financial Analyst,53,61.88,94.54,3.2,70.48,45,3.9,8,No,0,70.107,1.5321739130434784,78.0,Meets Expectations
824922,Jhanvi Wable,Marketing,Content Strategist,95,87.54,90.15,4.0,73.27,35,4.2,29,Yes,1,81.806,2.0352777777777775,84.00000000000001,Exceeds Expectations
305519,Pranay Borra,HR,HR Manager,89,85.78,85.55,4.0,92.58,43,4.3,13,Yes,1,87.2585,2.104090909090909,86.0,Exceeds Expectations
215876,Shlok Andra,Sales,Account Manager,68,74.76,87.61,3.4,96.73,39,3.4,7,No,0,83.363,2.41825,68.0,Exceeds Expectations
562317,Trisha Bajwa,Sales,Business Development,85,93.45,85.38,4.2,85.39,50,4.4,28,No,0,88.00099999999999,1.674313725490196,88.00000000000001,Exceeds Expectations
202702,Darshit Devan,HR,HR Manager,62,62.27,80.68,3.7,74.54,52,4.3,1,No,0,71.0855,1.4064150943396228,86.0,Meets Expectations
842855,Kartik Mahal,Marketing,Marketing Executive,92,70.94,83.62,3.7,79.3,37,4.3,6,Yes,1,76.22699999999999,2.0868421052631576,86.0,Meets Expectations
497330,Neysa Dara,IT,Cybersecurity Specialist,78,84.74,91.73,4.4,88.09,37,5.0,8,No,0,87.45,2.318157894736842,100.0,Exceeds Expectations
375832,Yasmin Gupta,IT,Data Analyst,67,82.66,83.92,4.6,72.66,50,4.7,30,No,0,80.74999999999999,1.424705882352941,94.0,Exceeds Expectations
777778,Sana Kumar,Finance,Financial Analyst,100,70.01,95.85,4.6,94.34,54,3.5,14,No,0,85.69999999999999,1.7152727272727273,70.0,Exceeds Expectations
208502,Nitya Raja,Sales,Business Development,53,67.74,96.47,3.4,89.67,51,4.8,25,No,0,79.764,1.724423076923077,96.0,Meets Expectations
822543,Bhamini Shankar,IT,Software Engineer,76,72.5,76.88,4.6,72.69,51,3.6,6,No,0,76.1485,1.3978846153846154,72.0,Meets Expectations
339123,Reyansh Sharma,Sales,Business Development,64,89.57,85.47,3.9,82.23,52,3.1,1,No,0,84.6505,1.5515094339622642,62.0,Exceeds Expectations
606023,Nitara Setty,IT,Data Analyst,59,76.34,88.04,4.3,74.78,44,4.0,25,No,0,78.998,1.6617777777777778,80.0,Meets Expectations
621334,Misha Divan,IT,Software Engineer,52,81.36,88.2,3.6,89.73,39,4.2,22,No,0,83.9115,2.24325,84.00000000000001,Exceeds Expectations
540806,Anaya Chaudhuri,IT,Data Analyst,55,83.17,99.82,4.8,73.41,51,4.6,17,No,0,84.17599999999999,1.4117307692307692,92.0,Exceeds Expectations
101069,Indrans Dara,IT,Data Analyst,61,80.83,98.39,3.3,83.53,35,3.8,12,No,0,82.1845,2.3202777777777777,76.0,Exceeds Expectations
585417,Ivana Borde,Marketing,Content Strategist,76,75.28,79.91,4.2,71.33,52,4.3,24,No,0,75.89999999999999,1.3458490566037735,86.0,Meets Expectations
802371,Nirvaan Bajwa,IT,Software Engineer,61,71.32,90.11,4.9,96.95,42,3.7,14,No,0,87.11099999999999,2.2546511627906978,74.0,Exceeds Expectations
556231,Ehsaan Dyal,Sales,Account Manager,55,77.51,76.9,3.7,89.29,39,4.4,30,No,0,81.01499999999999,2.23225,88.00000000000001,Exceeds Expectations
981415,Kavya Gopal,Sales,Sales Executive,80,85.78,88.04,3.7,82.77,40,4.1,20,No,0,83.29849999999999,2.018780487804878,82.0,Exceeds Expectations
402865,Nishith Ganguly,Sales,Business Development,77,88.11,83.31,3.3,90.13,40,4.4,11,No,0,84.7805,2.1982926829268292,88.00000000000001,Exceeds Expectations
395631,Miraan Ranganathan,Finance,Financial Analyst,59,68.07,88.85,3.9,75.75,44,3.6,2,No,0,75.36449999999999,1.6833333333333333,72.0,Meets Expectations
129815,Vardaniya Buch,HR,Employee Relations,98,89.02,95.59,4.8,83.22,44,4.3,18,Yes,1,89.02249999999998,1.8493333333333333,86.0,Exceeds Expectations
655762,Kartik Gupta,Marketing,Marketing Executive,79,67.0,98.2,3.4,75.13,49,4.2,10,No,0,74.6755,1.5026,84.00000000000001,Meets Expectations
124790,Saanvi Ben,IT,Software Engineer,56,74.0,93.49,4.5,97.81,53,4.4,10,No,0,87.657,1.8112962962962964,88.00000000000001,Exceeds Expectations
145559,Navya Srinivas,HR,Recruitment Specialist,71,64.03,96.4,3.4,76.63,53,3.1,1,No,0,73.89099999999999,1.419074074074074,62.0,Meets Expectations
377949,Lavanya Bhavsar,Finance,Auditor,67,62.41,88.86,3.2,96.17,51,3.7,29,No,0,78.43199999999999,1.849423076923077,74.0,Meets Expectations
344629,Sahil Dave,Marketing,SEO Specialist,61,62.98,83.45,3.9,70.81,40,5.0,23,No,0,71.044,1.7270731707317073,100.0,Meets Expectations
242841,Drishya Upadhyay,Marketing,Content Strategist,99,78.26,87.19,4.2,88.33,37,3.3,3,No,0,83.985,2.3244736842105262,65.99999999999999,Exceeds Expectations
557094,Hunar Konda,Sales,Business Development,59,83.65,91.38,3.1,71.81,49,3.3,6,No,0,77.41799999999999,1.4362000000000001,65.99999999999999,Meets Expectations
860492,Hansh Chopra,Marketing,Marketing Executive,96,86.84,83.84,4.9,71.59,49,3.3,5,No,0,82.7265,1.4318,65.99999999999999,Exceeds Expectations
354639,Neelofar Sethi,HR,HR Manager,94,73.47,87.37,4.5,91.04,35,3.4,27,No,0,84.184,2.528888888888889,68.0,Exceeds Expectations
989716,Shray Shukla,Sales,Account Manager,61,88.3,87.3,3.8,74.93,42,4.2,25,No,0,81.6255,1.742558139534884,84.00000000000001,Exceeds Expectations
628342,Dhanush Mann,Marketing,SEO Specialist,52,64.03,95.78,4.7,76.86,53,4.9,14,No,0,77.7785,1.4233333333333333,98.00000000000001,Meets Expectations
947449,Anahita Varkey,Finance,Accountant,97,65.8,86.58,3.4,73.23,51,4.6,13,Yes,1,71.8475,1.4082692307692308,92.0,Meets Expectations
120635,Reyansh Tripathi,IT,Data Analyst,69,62.95,77.21,4.8,91.98,43,4.5,12,No,0,80.207,2.0904545454545453,90.0,Exceeds Expectations
295342,Saanvi Borah,Marketing,SEO Specialist,96,68.08,77.53,3.1,74.3,35,3.5,12,No,0,70.7625,2.0638888888888887,70.0,Meets Expectations
584079,Saanvi Sunder,Sales,Sales Executive,58,64.86,78.51,3.6,88.26,43,4.0,14,No,0,76.1685,2.005909090909091,80.0,Meets Expectations
827512,Hiran Iyer,Marketing,Marketing Executive,88,93.71,80.8,3.9,78.03,39,3.2,29,No,0,83.929,1.95075,64.0,Exceeds Expectations
584934,Saanvi Walia,HR,Recruitment Specialist,91,91.33,86.19,3.7,72.86,43,4.5,15,Yes,1,81.49499999999999,1.655909090909091,90.0,Exceeds Expectations
224965,Neelofar Rajan,HR,Recruitment Specialist,100,86.07,83.42,3.3,95.71,52,4.7,22,Yes,1,86.036,1.8058490566037735,94.0,Exceeds Expectations
430080,Tara Kaur,Sales,Account Manager,84,65.47,96.75,4.7,82.72,50,3.2,3,No,0,80.47899999999998,1.6219607843137254,64.0,Exceeds Expectations
286756,Ryan Sethi,Marketing,Marketing Executive,91,63.7,75.74,4.5,85.15,55,4.9,13,Yes,1,76.95849999999999,1.5205357142857143,98.00000000000001,Meets Expectations
843748,Ivan Venkataraman,Finance,Financial Analyst,93,70.84,89.19,3.4,72.99,44,4.1,29,Yes,1,73.919,1.6219999999999999,82.0,Meets Expectations
744370,Priyansh Thaman,HR,Recruitment Specialist,92,63.2,81.54,4.2,93.45,44,4.2,10,Yes,1,79.65849999999999,2.0766666666666667,84.00000000000001,Meets Expectations
367828,Arnav Jhaveri,IT,Data Analyst,93,60.43,86.32,3.5,79.32,40,3.5,6,No,0,72.3605,1.9346341463414634,70.0,Meets Expectations
561393,Mehul Kanda,HR,Recruitment Specialist,62,91.27,78.6,4.9,92.45,48,4.3,12,No,0,90.79199999999999,1.886734693877551,86.0,Exceeds Expectations
873186,Kismat Ratti,Marketing,Content Strategist,63,88.2,92.19,4.1,83.57,47,4.9,21,No,0,86.24799999999999,1.7410416666666666,98.00000000000001,Exceeds Expectations
260701,Lakshit Kar,Finance,Accountant,70,61.98,97.63,3.4,73.18,36,3.4,10,No,0,72.1505,1.977837837837838,68.0,Meets Expectations
846053,Nitara Lata,IT,Software Engineer,78,72.94,77.72,3.2,77.67,44,4.3,10,No,0,73.97149999999999,1.726,86.0,Meets Expectations
251222,Nirvaan Sani,HR,Employee Relations,72,79.41,82.24,4.4,75.22,52,3.9,7,No,0,79.6565,1.419245283018868,78.0,Meets Expectations
355954,Mishti Sinha,IT,Data Analyst,92,90.64,81.91,4.3,76.29,54,4.5,7,Yes,1,83.61200000000001,1.3870909090909092,90.0,Exceeds Expectations
182586,Ryan Tandon,Sales,Business Development,97,84.68,75.47,4.6,92.06,55,3.5,14,No,0,86.97949999999999,1.6439285714285714,70.0,Exceeds Expectations
993940,Urvi Dasgupta,IT,Cybersecurity Specialist,82,84.43,81.82,3.5,91.96,42,5.0,26,No,0,84.50949999999999,2.1386046511627907,100.0,Exceeds Expectations
912892,Jayesh Lad,HR,HR Manager,77,63.6,82.78,3.1,82.61,49,4.9,20,No,0,72.8905,1.6522,98.00000000000001,Meets Expectations
409027,Shray Ganesh,IT,Software Engineer,59,84.55,83.94,3.2,84.99,52,3.2,29,No,0,81.52999999999999,1.6035849056603773,64.0,Exceeds Expectations
730338,Raghav Bose,Marketing,Content Strategist,55,89.03,91.67,3.3,91.65,40,4.7,13,No,0,86.88850000000001,2.2353658536585366,94.0,Exceeds Expectations
428565,Samar Doshi,IT,Cybersecurity Specialist,69,77.56,81.04,4.2,92.47,44,4.2,7,No,0,84.2665,2.0548888888888888,84.00000000000001,Exceeds Expectations
920768,Myra Kothari,HR,Employee Relations,97,90.55,91.14,3.7,71.43,49,3.4,11,No,0,81.464,1.4286,68.0,Exceeds Expectations
117388,Zaina Bobal,Marketing,Marketing Executive,53,84.32,93.02,3.2,76.46,43,4.9,12,No,0,79.826,1.7377272727272726,98.00000000000001,Meets Expectations
964676,Aniruddh Jhaveri,Marketing,Content Strategist,100,70.34,82.41,4.1,83.09,35,4.1,14,Yes,1,78.362,2.3080555555555557,82.0,Meets Expectations
771837,Indrans Master,Sales,Business Development,86,75.72,98.58,4.9,85.21,53,3.0,24,No,0,85.81249999999999,1.5779629629629628,60.0,Exceeds Expectations
360357,Nitara Borra,IT,Cybersecurity Specialist,77,76.25,87.04,4.1,97.37,47,4.8,2,No,0,86.12299999999999,2.028541666666667,96.0,Exceeds Expectations
956131,Ryan Dani,IT,Data Analyst,61,83.53,88.58,3.1,90.13,51,3.7,20,No,0,83.36799999999998,1.7332692307692308,74.0,Exceeds Expectations
953951,Farhan Dayal,HR,Employee Relations,72,88.86,93.77,4.2,86.46,52,5.0,20,No,0,88.02749999999999,1.631320754716981,100.0,Exceeds Expectations
812708,Kavya Khalsa,Finance,Auditor,91,92.2,79.26,4.9,81.59,54,3.9,2,No,0,87.4155,1.4834545454545456,78.0,Exceeds Expectations
513182,Madhav Ganesan,IT,Software Engineer,95,83.76,87.49,4.1,70.68,45,3.8,25,No,0,79.47749999999999,1.5365217391304349,76.0,Meets Expectations
171258,Hrishita Buch,Sales,Sales Executive,75,93.72,80.26,3.3,74.87,44,4.0,20,No,0,80.94550000000001,1.6637777777777778,80.0,Exceeds Expectations
658375,Rati Madan,HR,Employee Relations,51,82.81,80.85,4.3,88.05,43,4.8,0,No,0,84.8285,2.0011363636363635,96.0,Exceeds Expectations
191503,Renee Mandal,HR,Employee Relations,82,86.59,86.26,3.4,91.86,36,4.8,4,No,0,85.5965,2.482702702702703,96.0,Exceeds Expectations
931412,Vritika Badal,Sales,Business Development,99,89.44,97.93,3.3,95.55,40,4.1,12,Yes,1,89.336,2.330487804878049,82.0,Exceeds Expectations
962915,Tushar Dave,Marketing,SEO Specialist,68,91.36,98.82,4.5,86.53,52,4.2,0,No,0,90.58449999999999,1.6326415094339624,84.00000000000001,Exceeds Expectations
265214,Shaan Mandal,Finance,Financial Analyst,73,82.5,84.41,3.7,97.65,48,3.5,15,No,0,86.814,1.9928571428571429,70.0,Exceeds Expectations
809065,Shalv Aurora,Sales,Sales Executive,84,64.98,77.45,4.1,73.88,41,3.6,8,No,0,72.5185,1.759047619047619,72.0,Meets Expectations
467412,Gatik Salvi,IT,Data Analyst,82,87.33,87.85,3.2,86.82,49,3.6,0,No,0,83.72999999999999,1.7364,72.0,Exceeds Expectations
148829,Alisha Bedi,Sales,Account Manager,86,67.32,96.36,3.1,73.5,44,4.7,5,Yes,1,73.041,1.6333333333333333,94.0,Meets Expectations
485268,Riaan Majumdar,Sales,Account Manager,77,80.96,79.06,3.9,81.91,44,4.5,13,No,0,80.56349999999999,1.8202222222222222,90.0,Exceeds Expectations
892952,Myra Gopal,IT,Software Engineer,76,94.73,83.24,4.1,85.4,48,4.0,17,No,0,87.83149999999999,1.7428571428571429,80.0,Exceeds Expectations
587217,Suhana Mane,HR,Employee Relations,73,85.99,85.05,3.1,86.26,46,4.7,17,No,0,82.34499999999998,1.8353191489361704,94.0,Exceeds Expectations
505746,Aaryahi Kunda,Sales,Business Development,86,66.59,93.27,3.0,90.87,47,4.1,14,Yes,1,78.1015,1.8931250000000002,82.0,Meets Expectations
627469,Kashvi Chhabra,Finance,Auditor,100,81.48,87.8,4.2,70.57,49,3.2,5,No,0,78.9875,1.4113999999999998,64.0,Meets Expectations
154864,Priyansh Raju,Sales,Sales Executive,96,82.83,88.31,4.1,97.58,48,4.9,11,Yes,1,88.69,1.9914285714285713,98.00000000000001,Exceeds Expectations
401286,Ishaan Sinha,Sales,Sales Executive,96,94.73,77.68,3.1,80.78,41,4.3,15,Yes,1,82.3805,1.9233333333333333,86.0,Exceeds Expectations
559285,Anahita Sanghvi,Marketing,Marketing Executive,94,89.84,89.76,4.0,91.3,41,4.2,26,Yes,1,88.863,2.1738095238095236,84.00000000000001,Exceeds Expectations
652674,Farhan Varghese,Marketing,SEO Specialist,59,87.23,75.08,4.8,75.23,45,5.0,18,No,0,82.523,1.6354347826086957,100.0,Exceeds Expectations
980096,Tarini Kulkarni,Marketing,SEO Specialist,74,89.6,82.81,3.0,99.47,38,3.1,21,No,0,87.59599999999999,2.5505128205128207,62.0,Exceeds Expectations
510681,Mehul Bhargava,HR,Employee Relations,59,70.23,98.26,4.9,80.52,49,4.6,12,No,0,82.2015,1.6103999999999998,92.0,Exceeds Expectations
900733,Pari Balasubramanian,Sales,Account Manager,61,86.05,89.12,3.6,99.8,39,4.7,15,No,0,89.21549999999999,2.495,94.0,Exceeds Expectations
832583,Zeeshan Ben,Sales,Account Manager,73,88.47,86.87,4.3,79.21,55,5.0,24,No,0,84.6185,1.4144642857142855,100.0,Exceeds Expectations
725475,Arnav Gill,IT,Data Analyst,83,62.88,88.79,4.4,78.48,38,3.6,9,No,0,75.9945,2.0123076923076924,72.0,Meets Expectations
626921,Aayush Rout,HR,Employee Relations,81,66.48,83.09,3.5,71.5,45,4.1,30,No,0,71.2565,1.5543478260869565,82.0,Meets Expectations
417698,Purab Krishnan,Marketing,Marketing Executive,89,86.82,75.3,4.9,79.2,53,4.3,29,Yes,1,84.102,1.4666666666666668,86.0,Exceeds Expectations
794666,Vivaan Sahota,IT,Cybersecurity Specialist,58,87.52,83.08,3.5,76.31,54,4.4,10,No,0,80.3025,1.3874545454545455,88.00000000000001,Exceeds Expectations
222441,Badal Mani,HR,Employee Relations,65,75.02,88.33,4.2,74.77,55,3.5,5,No,0,78.27599999999998,1.3351785714285713,70.0,Meets Expectations
598992,Myra Mangat,Sales,Account Manager,67,65.64,97.62,4.3,87.87,38,3.9,6,No,0,81.2715,2.253076923076923,78.0,Exceeds Expectations
704619,Yuvaan Thakkar,Marketing,SEO Specialist,92,81.83,76.56,4.6,93.72,39,3.7,7,No,0,86.72649999999999,2.343,74.0,Exceeds Expectations
987966,Gokul Jayaraman,HR,Recruitment Specialist,63,83.49,85.09,3.5,82.34,52,3.2,22,No,0,81.304,1.5535849056603774,64.0,Exceeds Expectations
596168,Rhea Kara,IT,Cybersecurity Specialist,69,74.58,78.67,3.5,91.2,48,3.5,20,No,0,80.3235,1.8612244897959185,70.0,Exceeds Expectations
714131,Vivaan Rana,Sales,Sales Executive,80,60.44,93.72,4.4,90.98,54,4.0,0,No,0,80.25500000000001,1.6541818181818182,80.0,Exceeds Expectations
786766,Riaan Tak,Finance,Accountant,63,89.24,81.29,3.4,89.9,46,4.5,10,No,0,85.0925,1.9127659574468086,90.0,Exceeds Expectations
976104,Abram Sodhi,HR,HR Manager,92,90.83,99.0,4.9,83.29,49,3.4,28,No,0,90.49199999999999,1.6658000000000002,68.0,Exceeds Expectations
583461,Jhanvi Sura,Finance,Financial Analyst,55,66.31,85.17,3.4,72.94,52,3.4,10,No,0,71.713,1.3762264150943395,68.0,Meets Expectations
494793,Vritika Shankar,Sales,Business Development,56,88.83,85.9,4.6,74.61,46,4.5,0,No,0,83.889,1.5874468085106384,90.0,Exceeds Expectations
920241,Tushar Handa,Marketing,Content Strategist,71,80.3,82.43,3.8,75.73,51,3.9,23,No,0,78.37500000000001,1.456346153846154,78.0,Meets Expectations
185073,Aarush Dey,HR,Recruitment Specialist,53,75.11,87.78,3.4,76.97,38,4.7,5,No,0,76.595,1.9735897435897436,94.0,Meets Expectations
425152,Zoya Sankar,Sales,Business Development,86,61.3,80.64,4.6,73.73,42,3.2,9,No,0,73.1565,1.7146511627906977,64.0,Meets Expectations
412263,Zain Halder,HR,Recruitment Specialist,91,79.8,81.89,5.0,96.33,46,3.7,27,No,0,88.929,2.0495744680851065,74.0,Exceeds Expectations
295304,Uthkarsh Kapadia,IT,Cybersecurity Specialist,60,80.2,87.16,3.6,77.07,49,4.1,2,No,0,78.9185,1.5413999999999999,82.0,Meets Expectations
812902,Misha Saran,Sales,Sales Executive,53,73.53,75.33,4.2,98.03,43,4.6,2,No,0,83.94549999999998,2.2279545454545455,92.0,Exceeds Expectations
386241,Lakshay Sankaran,HR,Recruitment Specialist,58,84.47,93.36,3.9,90.72,39,4.2,5,No,0,87.0205,2.268,84.00000000000001,Exceeds Expectations
837015,Hiran Kurian,Sales,Sales Executive,59,77.31,82.58,5.0,93.3,53,3.8,7,No,0,87.1005,1.7277777777777776,76.0,Exceeds Expectations
506737,Mehul Sodhi,Finance,Auditor,54,86.73,95.82,3.8,92.42,47,3.5,3,No,0,88.47550000000001,1.9254166666666668,70.0,Exceeds Expectations
649034,Baiju Ganesan,Sales,Sales Executive,53,93.88,78.86,3.5,90.74,45,3.7,4,No,0,86.94599999999998,1.9726086956521738,74.0,Exceeds Expectations
535227,Shayak Kumar,Marketing,Content Strategist,86,80.13,82.6,3.2,71.14,37,4.9,28,Yes,1,74.93449999999999,1.8721052631578947,98.00000000000001,Meets Expectations
878473,Shlok Dhar,Sales,Sales Executive,99,86.25,87.88,4.3,88.78,38,3.9,11,No,0,87.3425,2.2764102564102564,78.0,Exceeds Expectations
433973,Farhan Comar,HR,Employee Relations,96,86.25,78.91,3.9,82.26,37,4.5,9,Yes,1,82.515,2.1647368421052633,90.0,Exceeds Expectations
903269,Kimaya Behl,Finance,Auditor,77,87.18,81.69,3.7,77.22,49,4.3,18,No,0,80.89349999999999,1.5444,86.0,Exceeds Expectations
642012,Sana Barad,Marketing,Content Strategist,65,60.1,87.5,4.6,84.83,48,4.1,19,No,0,77.6505,1.7312244897959184,82.0,Meets Expectations
982368,Onkar Ramanathan,Sales,Business Development,88,67.15,94.79,4.4,81.12,53,4.8,5,Yes,1,79.313,1.5022222222222223,96.0,Meets Expectations
620534,Shlok Sahota,Sales,Account Manager,82,78.15,77.93,3.6,75.88,42,3.2,3,No,0,76.39999999999999,1.7646511627906976,64.0,Meets Expectations
790512,Shayak Savant,Finance,Financial Analyst,58,82.19,75.04,3.8,90.38,49,4.5,23,No,0,83.0555,1.8075999999999999,90.0,Exceeds Expectations
275234,Neelofar Savant,IT,Data Analyst,99,60.57,83.38,3.8,82.15,38,4.2,17,Yes,1,73.859,2.1064102564102565,84.00000000000001,Meets Expectations
459765,Adira Ravel,Finance,Auditor,92,94.78,78.94,3.3,78.3,54,3.5,30,No,0,82.319,1.4236363636363636,70.0,Exceeds Expectations
467569,Rati Seshadri,Marketing,Content Strategist,57,75.34,79.81,3.2,89.61,49,4.2,19,No,0,79.304,1.7922,84.00000000000001,Meets Expectations
452074,Nitara Sane,Sales,Sales Executive,64,90.92,99.26,3.9,76.61,42,3.5,5,No,0,85.22449999999999,1.7816279069767442,70.0,Exceeds Expectations
199854,Saira Dua,Marketing,Marketing Executive,75,76.23,94.44,3.3,99.05,51,5.0,0,No,0,85.414,1.9048076923076922,100.0,Exceeds Expectations
819626,Vedika Dani,IT,Cybersecurity Specialist,64,78.7,87.46,4.2,72.95,35,4.9,28,No,0,78.7965,2.026388888888889,98.00000000000001,Meets Expectations
557755,Samaira Bhakta,IT,Cybersecurity Specialist,59,66.61,92.93,3.5,84.79,39,3.8,11,No,0,77.42949999999999,2.1197500000000002,76.0,Meets Expectations
826224,Arhaan Singhal,Sales,Sales Executive,92,76.61,93.56,3.1,97.58,36,4.6,15,Yes,1,84.3005,2.6372972972972972,92.0,Exceeds Expectations
983907,Anay Varkey,Marketing,Content Strategist,80,83.9,89.88,4.7,76.14,54,4.0,0,No,0,83.59599999999999,1.3843636363636365,80.0,Exceeds Expectations
947683,Amani Mall,HR,Recruitment Specialist,65,73.7,96.71,4.3,74.23,51,3.9,1,No,0,79.182,1.4275,78.0,Meets Expectations
649122,Emir Hans,IT,Data Analyst,65,74.74,83.8,3.1,79.66,49,4.5,13,No,0,75.90999999999998,1.5932,90.0,Meets Expectations
771230,Mohanlal Chopra,IT,Cybersecurity Specialist,89,73.73,99.75,3.2,73.96,44,4.1,5,Yes,1,76.25399999999999,1.6435555555555554,82.0,Meets Expectations
631678,Diya Sankaran,Marketing,Marketing Executive,98,82.11,86.88,3.2,72.9,46,4.7,15,Yes,1,76.8855,1.5510638297872341,94.0,Meets Expectations
182624,Hazel Trivedi,IT,Software Engineer,73,68.81,89.3,3.3,98.86,54,4.0,2,No,0,81.9795,1.7974545454545454,80.0,Exceeds Expectations
372406,Shray Goyal,Sales,Business Development,100,81.83,88.11,3.5,87.18,49,4.8,7,Yes,1,82.86999999999999,1.7436,96.0,Exceeds Expectations
560071,Samar Sibal,Finance,Financial Analyst,94,74.09,99.01,3.7,75.41,49,4.1,25,Yes,1,78.27649999999998,1.5082,82.0,Meets Expectations
458987,Divyansh Sachdeva,Sales,Account Manager,55,85.34,88.14,4.6,83.86,55,4.7,12,No,0,86.241,1.4975,94.0,Exceeds Expectations
731297,Kimaya Baral,HR,Employee Relations,82,72.39,94.22,3.1,73.59,42,3.0,1,No,0,74.526,1.7113953488372093,60.0,Meets Expectations
769605,Saira Rama,HR,HR Manager,54,78.15,91.96,3.5,86.42,48,4.6,14,No,0,81.8935,1.7636734693877552,92.0,Exceeds Expectations
813679,Bhamini Kalla,Marketing,Marketing Executive,83,85.86,97.35,3.5,70.37,54,4.9,4,No,0,79.78299999999999,1.2794545454545456,98.00000000000001,Meets Expectations
564542,Aniruddh Kohli,IT,Software Engineer,86,74.98,77.6,4.3,91.57,54,3.3,5,No,0,82.8325,1.664909090909091,65.99999999999999,Exceeds Expectations
709235,Biju Keer,Marketing,Content Strategist,99,77.91,81.33,3.1,96.5,35,3.8,11,No,0,82.54299999999999,2.6805555555555554,76.0,Exceeds Expectations
309011,Jivika Sha,HR,Employee Relations,100,73.35,89.29,4.7,95.1,47,4.6,9,Yes,1,86.451,1.98125,92.0,Exceeds Expectations
708684,Ehsaan Saha,HR,HR Manager,61,94.17,76.49,3.9,96.83,50,3.3,13,No,0,90.0235,1.8986274509803922,65.99999999999999,Exceeds Expectations
755029,Rhea Bedi,HR,HR Manager,54,89.57,88.57,4.7,74.88,48,4.3,10,No,0,84.94299999999998,1.5281632653061223,86.0,Exceeds Expectations
685795,Aradhya Dutta,IT,Cybersecurity Specialist,70,64.14,99.34,3.7,88.59,47,4.8,7,No,0,79.45649999999999,1.845625,96.0,Meets Expectations
932538,Azad Babu,Sales,Business Development,50,93.17,92.54,4.9,72.19,36,4.8,22,No,0,86.457,1.951081081081081,96.0,Exceeds Expectations
394296,Misha Badami,Finance,Auditor,56,71.42,95.54,4.5,86.6,50,4.0,27,No,0,83.13799999999999,1.6980392156862745,80.0,Exceeds Expectations
233654,Ryan Vora,IT,Software Engineer,92,79.94,86.6,3.7,79.2,43,3.8,15,No,0,79.78899999999999,1.8,76.0,Meets Expectations
291591,Hiran Chaudhari,IT,Cybersecurity Specialist,70,81.33,92.31,3.7,70.73,36,4.3,14,No,0,78.1675,1.9116216216216217,86.0,Meets Expectations
884223,Dishani Warrior,Sales,Sales Executive,70,90.28,85.32,3.9,91.53,46,3.6,22,No,0,88.1315,1.9474468085106382,72.0,Exceeds Expectations
472068,Zain Sandhu,IT,Cybersecurity Specialist,72,84.25,86.7,4.7,80.04,41,4.3,27,No,0,84.60649999999998,1.905714285714286,86.0,Exceeds Expectations
975230,Mishti Wadhwa,Finance,Financial Analyst,64,63.35,88.59,3.4,85.86,37,3.7,13,No,0,75.712,2.2594736842105263,74.0,Meets Expectations
910846,Amira Atwal,Sales,Account Manager,90,76.36,80.34,4.9,85.53,50,4.6,18,Yes,1,83.4125,1.6770588235294117,92.0,Exceeds Expectations
930676,Krish Dayal,Sales,Business Development,81,80.74,76.99,3.9,88.77,48,3.2,13,No,0,82.577,1.8116326530612243,64.0,Exceeds Expectations
982810,Ojas Bhasin,HR,Recruitment Specialist,81,69.0,76.6,4.8,73.61,38,3.8,20,No,0,75.80349999999999,1.8874358974358973,76.0,Meets Expectations
125170,Yakshit Krishna,IT,Cybersecurity Specialist,86,94.54,87.91,3.2,87.21,41,4.0,15,No,0,86.39899999999999,2.076428571428571,80.0,Exceeds Expectations
686882,Renee Gole,Marketing,Content Strategist,60,66.94,75.42,4.2,90.11,43,4.7,1,No,0,78.8805,2.0479545454545454,94.0,Meets Expectations
533611,Raunak Contractor,HR,HR Manager,81,88.35,92.41,3.2,93.38,51,3.1,12,No,0,87.06699999999998,1.7957692307692308,62.0,Exceeds Expectations
316421,Mahika Taneja,IT,Data Analyst,94,71.48,82.36,3.5,76.7,49,4.3,22,Yes,1,74.717,1.534,86.0,Meets Expectations
463794,Rasha Kothari,Sales,Business Development,52,64.94,80.6,3.9,82.69,47,3.2,6,No,0,75.4605,1.7227083333333333,64.0,Meets Expectations
412906,Krish Konda,Sales,Sales Executive,76,85.0,85.47,3.5,85.52,42,4.7,18,No,0,83.00249999999998,1.9888372093023254,94.0,Exceeds Expectations
555352,Mohanlal Ramesh,Sales,Account Manager,75,80.68,88.05,4.2,83.1,51,4.0,13,No,0,83.13049999999998,1.598076923076923,80.0,Exceeds Expectations
685912,Shalv Mane,HR,HR Manager,94,76.14,86.49,3.2,92.73,44,3.7,8,No,0,81.678,2.0606666666666666,74.0,Exceeds Expectations
756803,Zain Sem,Sales,Sales Executive,89,85.26,89.0,4.5,83.88,48,3.3,8,No,0,86.04899999999999,1.7118367346938774,65.99999999999999,Exceeds Expectations
710022,Kimaya Tata,Marketing,Content Strategist,65,73.25,91.29,3.3,76.72,38,3.5,29,No,0,76.083,1.9671794871794872,70.0,Meets Expectations
354063,Akarsh Raj,Finance,Auditor,68,81.55,88.18,4.7,84.64,54,3.7,20,No,0,85.4935,1.538909090909091,74.0,Exceeds Expectations
555651,Zeeshan Deep,HR,Employee Relations,97,73.87,91.08,3.9,81.37,53,3.1,8,No,0,79.69600000000001,1.5068518518518519,62.0,Meets Expectations
950473,Lakshit Master,IT,Data Analyst,86,87.9,92.79,3.4,98.85,36,4.8,9,Yes,1,89.481,2.6716216216216213,96.0,Exceeds Expectations
702767,Dishani Badami,HR,HR Manager,92,82.09,90.14,3.8,95.75,44,3.5,13,No,0,87.165,2.1277777777777778,70.0,Exceeds Expectations
806233,Baiju Kanda,IT,Software Engineer,98,62.16,96.91,3.6,80.82,49,4.7,20,Yes,1,75.3795,1.6163999999999998,94.0,Meets Expectations
893650,Ela Arya,Sales,Business Development,62,86.75,90.98,4.3,88.75,48,3.4,0,No,0,87.97200000000001,1.8112244897959184,68.0,Exceeds Expectations
526280,Ishita Biswas,IT,Data Analyst,56,76.69,85.41,3.2,70.44,48,3.5,23,No,0,73.90699999999998,1.4375510204081632,70.0,Meets Expectations
216769,Seher Bhalla,HR,HR Manager,65,94.39,84.59,4.7,74.58,46,4.6,1,No,0,85.928,1.5868085106382979,92.0,Exceeds Expectations
912187,Jayan Bala,Sales,Business Development,58,87.04,93.41,3.3,96.92,47,3.4,1,No,0,88.2975,2.0191666666666666,68.0,Exceeds Expectations
381421,Ishita Tripathi,IT,Data Analyst,66,63.21,97.49,4.8,70.33,48,4.9,26,No,0,75.76249999999999,1.4353061224489796,98.00000000000001,Meets Expectations
189778,Faiyaz Bains,Sales,Sales Executive,99,84.22,99.82,4.0,80.45,52,3.5,29,No,0,84.60749999999999,1.517924528301887,70.0,Exceeds Expectations
295929,Mamooty Sundaram,IT,Software Engineer,65,79.92,90.1,4.7,94.95,48,3.6,11,No,0,88.81949999999999,1.9377551020408164,72.0,Exceeds Expectations
716034,Samarth Mammen,Sales,Sales Executive,51,82.06,77.01,3.2,98.55,49,4.9,7,No,0,84.365,1.9709999999999999,98.00000000000001,Exceeds Expectations
968521,Yuvaan Srinivas,IT,Cybersecurity Specialist,76,71.68,77.75,3.8,81.83,35,4.3,14,No,0,76.791,2.2730555555555556,86.0,Meets Expectations
842724,Zoya Khare,IT,Cybersecurity Specialist,94,68.42,85.93,4.2,74.99,46,3.6,3,No,0,75.68299999999999,1.595531914893617,72.0,Meets Expectations
486122,Vardaniya Choudhary,Sales,Sales Executive,72,86.57,78.15,3.1,86.76,46,3.5,10,No,0,81.68799999999999,1.8459574468085107,70.0,Exceeds Expectations
934241,Reyansh Dara,Finance,Accountant,89,92.42,96.5,3.6,93.17,41,4.8,1,Yes,1,90.2315,2.2183333333333333,96.0,Exceeds Expectations
528942,Kismat Devan,HR,Recruitment Specialist,68,91.4,79.68,3.8,90.64,46,3.2,4,No,0,87.066,1.9285106382978723,64.0,Exceeds Expectations
835092,Samaira Dara,Marketing,SEO Specialist,76,82.71,92.83,3.6,90.41,46,3.7,16,No,0,85.31649999999999,1.9236170212765957,74.0,Exceeds Expectations
646920,Indranil Dewan,Finance,Auditor,83,83.16,76.66,3.6,77.17,47,3.5,9,No,0,78.41449999999999,1.6077083333333333,70.0,Meets Expectations
764085,Taimur Ben,Finance,Auditor,64,67.67,82.4,3.3,86.87,36,3.8,25,No,0,76.349,2.347837837837838,76.0,Meets Expectations
891153,Nayantara Rajagopalan,IT,Data Analyst,60,66.56,88.77,3.3,85.4,36,3.9,12,No,0,76.4015,2.308108108108108,78.0,Meets Expectations
917623,Kismat Ramesh,Sales,Account Manager,77,61.33,94.99,3.7,91.92,43,4.7,20,No,0,78.98599999999999,2.0890909090909093,94.0,Meets Expectations
478328,Adah Kari,Marketing,Marketing Executive,72,91.65,76.35,3.0,79.75,36,3.9,21,No,0,80.4425,2.1554054054054053,78.0,Exceeds Expectations
495214,Zeeshan Chaudhary,Sales,Sales Executive,75,64.77,98.18,4.6,74.14,40,4.2,11,No,0,77.1455,1.8082926829268293,84.00000000000001,Meets Expectations
896289,Madhav Buch,Finance,Auditor,53,94.85,91.51,4.9,72.97,39,3.9,17,No,0,87.1635,1.82425,78.0,Exceeds Expectations
521025,Pranay Dhar,IT,Software Engineer,61,65.26,96.71,3.3,91.99,50,4.6,20,No,0,79.444,1.8037254901960784,92.0,Meets Expectations
592572,Hrishita Vig,HR,Recruitment Specialist,85,73.07,95.77,3.4,75.71,55,3.7,1,No,0,76.6385,1.3519642857142855,74.0,Meets Expectations
790331,Anika Bhat,Sales,Business Development,68,76.74,95.69,4.7,87.61,54,4.1,3,No,0,85.97599999999998,1.5929090909090908,82.0,Exceeds Expectations
625849,Rohan Grover,Sales,Business Development,78,81.86,84.28,3.0,82.0,42,3.7,13,No,0,78.993,1.9069767441860466,74.0,Meets Expectations
429167,Samar Bandi,IT,Software Engineer,96,68.69,76.52,4.0,78.91,38,3.0,3,No,0,75.138,2.0233333333333334,60.0,Meets Expectations
739353,Bhamini Wagle,HR,Recruitment Specialist,53,72.0,81.44,3.7,86.81,39,4.8,11,No,0,78.89949999999999,2.1702500000000002,96.0,Meets Expectations
941613,Pihu Chad,HR,Employee Relations,100,88.45,81.56,4.5,94.86,55,4.7,17,Yes,1,89.8925,1.6939285714285715,94.0,Exceeds Expectations
607836,Samarth Som,Marketing,SEO Specialist,76,60.03,85.42,4.4,87.13,36,5.0,5,No,0,77.519,2.3548648648648647,100.0,Meets Expectations
505017,Divyansh Kulkarni,HR,Employee Relations,74,93.72,86.56,3.7,74.23,46,3.6,4,No,0,82.86649999999999,1.5793617021276596,72.0,Exceeds Expectations
334126,Bhamini De,Sales,Account Manager,63,78.18,80.67,3.1,85.34,40,3.2,10,No,0,78.6325,2.0814634146341464,64.0,Meets Expectations
749978,Faiyaz Sangha,Finance,Financial Analyst,59,60.37,85.03,3.5,98.1,40,3.6,6,No,0,78.719,2.392682926829268,72.0,Meets Expectations
207885,Umang Kalita,HR,Recruitment Specialist,61,86.09,99.07,3.9,78.17,48,3.0,7,No,0,84.0515,1.5953061224489797,60.0,Exceeds Expectations
269172,Ritvik Amble,IT,Cybersecurity Specialist,94,80.86,94.77,4.8,86.31,45,4.0,7,No,0,87.125,1.876304347826087,80.0,Exceeds Expectations
899019,Lavanya Bains,Finance,Financial Analyst,77,67.38,93.18,4.8,98.65,46,3.4,10,No,0,86.48749999999998,2.0989361702127662,68.0,Exceeds Expectations
482871,Yuvaan Bir,HR,HR Manager,79,61.34,88.91,3.3,97.39,36,3.4,20,No,0,78.792,2.632162162162162,68.0,Meets Expectations
491256,Jivika Sheth,HR,Recruitment Specialist,79,71.67,86.18,4.5,80.68,35,4.0,26,No,0,79.7495,2.2411111111111115,80.0,Meets Expectations
252870,Mishti Acharya,Finance,Accountant,75,64.74,85.48,3.8,98.38,37,3.6,9,No,0,81.314,2.5889473684210524,72.0,Exceeds Expectations
144723,Ryan Wason,Sales,Account Manager,50,69.88,82.11,4.2,85.84,48,4.7,9,No,0,79.4185,1.7518367346938777,94.0,Meets Expectations
860222,Veer Ratta,IT,Software Engineer,79,74.82,87.64,4.6,76.59,40,3.6,12,No,0,79.9395,1.868048780487805,72.0,Meets Expectations
229431,Madhup Tiwari,Marketing,SEO Specialist,58,67.53,85.31,4.1,71.76,40,3.7,17,No,0,73.848,1.7502439024390246,74.0,Meets Expectations
471162,Vidur Vasa,Finance,Financial Analyst,62,88.41,88.28,4.9,91.79,42,3.6,26,No,0,91.012,2.1346511627906977,72.0,Exceeds Expectations
881395,Jayesh Ravel,Finance,Financial Analyst,80,92.22,87.76,4.2,71.09,40,3.3,22,No,0,82.9225,1.7339024390243902,65.99999999999999,Exceeds Expectations
296520,Parinaaz Kamdar,IT,Data Analyst,75,63.71,77.0,3.6,87.8,47,4.9,11,No,0,75.37849999999999,1.8291666666666666,98.00000000000001,Meets Expectations
880399,Adah Iyer,Sales,Business Development,72,66.07,89.53,3.8,87.58,53,4.8,22,No,0,78.607,1.6218518518518519,96.0,Meets Expectations
691129,Ivan Wason,Marketing,SEO Specialist,66,65.05,86.34,3.9,98.19,49,3.8,24,No,0,81.785,1.9638,76.0,Exceeds Expectations
346676,Madhav Shan,IT,Data Analyst,61,76.93,85.04,4.1,80.95,39,4.6,6,No,0,80.314,2.02375,92.0,Exceeds Expectations
832077,Ojas Bawa,HR,HR Manager,65,83.15,86.26,3.6,98.43,45,3.2,15,No,0,87.29199999999999,2.1397826086956524,64.0,Exceeds Expectations
578704,Drishya Setty,Sales,Sales Executive,91,87.18,79.33,3.9,96.82,49,3.0,25,No,0,87.9995,1.9364,60.0,Exceeds Expectations
508959,Mehul Dora,IT,Cybersecurity Specialist,66,82.94,88.51,3.4,82.78,49,4.5,30,No,0,81.4785,1.6556,90.0,Exceeds Expectations
504938,Kiaan Wagle,Marketing,Content Strategist,79,82.5,85.26,4.0,99.85,37,3.3,18,No,0,88.61149999999999,2.6276315789473683,65.99999999999999,Exceeds Expectations
103022,Krish Gokhale,IT,Data Analyst,91,80.63,89.82,4.3,78.1,46,4.8,6,Yes,1,81.9285,1.6617021276595743,96.0,Exceeds Expectations
331851,Seher Chad,Finance,Auditor,87,87.09,98.8,3.9,79.83,39,4.8,10,Yes,1,84.942,1.99575,96.0,Exceeds Expectations
135798,Rati Deshmukh,HR,Employee Relations,63,65.28,86.51,3.6,97.03,45,4.7,5,No,0,80.585,2.1093478260869567,94.0,Exceeds Expectations
974392,Veer Bhatti,HR,HR Manager,69,86.57,83.36,3.3,85.9,50,4.7,22,No,0,82.7685,1.684313725490196,94.0,Exceeds Expectations
888872,Shaan Kaul,Marketing,Marketing Executive,78,66.47,76.18,4.1,80.34,55,4.9,25,No,0,75.1105,1.434642857142857,98.00000000000001,Meets Expectations
152410,Advika Sengupta,Sales,Business Development,86,85.63,98.21,3.8,95.68,41,3.2,28,No,0,89.59,2.278095238095238,64.0,Exceeds Expectations
461348,Ivana Edwin,IT,Data Analyst,91,78.49,89.0,3.9,96.82,54,3.8,25,No,0,86.40849999999999,1.7603636363636361,76.0,Exceeds Expectations
311245,Vritika Chaudhari,HR,Recruitment Specialist,77,76.5,75.21,3.3,70.21,46,3.1,23,No,0,72.53,1.4938297872340425,62.0,Meets Expectations
476084,Rasha Sarkar,Marketing,SEO Specialist,60,88.86,77.4,4.9,87.43,46,4.7,9,No,0,88.0115,1.860212765957447,94.0,Exceeds Expectations
906004,Ishaan Goyal,IT,Software Engineer,100,67.7,76.38,3.7,89.0,49,3.9,10,No,0,77.40199999999999,1.78,78.0,Meets Expectations
296920,Pari Chatterjee,Finance,Auditor,99,63.95,81.67,3.8,72.22,39,4.8,20,Yes,1,71.31,1.8054999999999999,96.0,Meets Expectations
903534,Yashvi Toor,HR,Employee Relations,92,60.98,96.61,4.6,96.02,35,4.2,3,Yes,1,83.24149999999999,2.667222222222222,84.00000000000001,Exceeds Expectations
735366,Tushar Sanghvi,Finance,Financial Analyst,84,73.01,80.04,4.3,83.7,43,4.9,29,No,0,79.75450000000001,1.9022727272727273,98.00000000000001,Meets Expectations
326562,Ela Bora,IT,Data Analyst,87,78.78,98.28,4.9,75.03,48,3.6,30,No,0,83.27550000000001,1.5312244897959184,72.0,Exceeds Expectations
503846,Vihaan Majumdar,Marketing,SEO Specialist,56,61.92,88.95,4.6,75.74,55,3.1,15,No,0,75.3235,1.3524999999999998,62.0,Meets Expectations
236702,Tara Randhawa,Finance,Accountant,83,67.96,85.89,3.2,95.41,46,3.6,22,No,0,79.66299999999998,2.03,72.0,Meets Expectations
174984,Shamik Dua,Finance,Accountant,56,82.4,88.65,4.8,99.53,50,4.8,17,No,0,91.37299999999999,1.9515686274509805,96.0,Exceeds Expectations
656968,Riaan Rau,Sales,Account Manager,58,86.75,84.02,3.6,88.02,48,4.9,28,No,0,84.57249999999999,1.796326530612245,98.00000000000001,Exceeds Expectations
734970,Devansh Bhatia,Sales,Business Development,75,75.32,86.96,4.0,93.9,48,3.8,17,No,0,84.271,1.916326530612245,76.0,Exceeds Expectations
992439,Raunak Goel,Sales,Business Development,80,64.9,76.93,4.8,77.32,40,5.0,28,No,0,75.7165,1.8858536585365853,100.0,Meets Expectations
892742,Sana Batra,Marketing,SEO Specialist,95,81.71,97.27,3.9,87.98,38,4.9,26,Yes,1,85.682,2.255897435897436,98.00000000000001,Exceeds Expectations
305331,Elakshi Dhar,Marketing,Marketing Executive,89,88.64,90.63,4.8,71.72,36,4.9,1,Yes,1,84.12049999999999,1.9383783783783783,98.00000000000001,Exceeds Expectations
433200,Samaira Goel,Marketing,SEO Specialist,100,60.72,99.66,3.9,82.21,48,3.4,1,No,0,76.6745,1.6777551020408161,68.0,Meets Expectations
349019,Riya Mangal,Marketing,Content Strategist,58,76.67,93.78,4.9,92.56,44,4.3,10,No,0,87.9975,2.056888888888889,86.0,Exceeds Expectations
539075,Samiha Ratti,HR,HR Manager,79,90.2,84.13,4.2,80.71,40,4.5,21,No,0,85.038,1.9685365853658534,90.0,Exceeds Expectations
329541,Shamik Goda,Sales,Sales Executive,62,76.09,93.7,4.3,88.67,53,3.9,21,No,0,84.62100000000001,1.642037037037037,78.0,Exceeds Expectations
540989,Manikya Garde,Finance,Auditor,62,60.62,77.14,3.5,89.54,48,5.0,21,No,0,74.627,1.8273469387755104,100.0,Meets Expectations
294096,Bhamini Brahmbhatt,Marketing,SEO Specialist,89,76.55,89.29,4.7,84.46,49,4.5,20,Yes,1,83.847,1.6891999999999998,90.0,Exceeds Expectations
271056,Yuvaan Rajagopalan,Sales,Account Manager,97,68.52,80.35,3.1,96.01,55,3.4,9,No,0,78.93799999999999,1.7144642857142858,68.0,Meets Expectations
209939,Baiju Tak,Sales,Sales Executive,65,60.82,98.43,4.0,79.84,38,5.0,20,No,0,75.99549999999999,2.0471794871794873,100.0,Meets Expectations
163488,Nirvaan Basu,Finance,Auditor,89,78.72,94.17,4.5,74.38,46,4.4,20,Yes,1,81.2105,1.5825531914893616,88.00000000000001,Exceeds Expectations
139462,Uthkarsh Dara,Finance,Financial Analyst,60,66.55,90.95,3.7,77.39,36,4.3,18,No,0,75.12149999999998,2.0916216216216217,86.0,Meets Expectations
604075,Kanav Uppal,Marketing,Marketing Executive,56,87.39,75.16,4.6,94.9,45,4.2,25,No,0,88.8755,2.0630434782608695,84.00000000000001,Exceeds Expectations
316519,Ehsaan Sant,HR,Recruitment Specialist,85,81.53,80.7,4.5,74.9,54,3.9,27,No,0,80.3555,1.3618181818181818,78.0,Exceeds Expectations
987975,Navya D’Alia,Sales,Business Development,58,84.72,79.75,4.8,80.74,51,3.7,0,No,0,84.27349999999998,1.5526923076923076,74.0,Exceeds Expectations
476370,Vanya Tella,HR,Employee Relations,55,76.32,82.05,4.4,82.99,51,5.0,10,No,0,81.26599999999999,1.5959615384615384,100.0,Exceeds Expectations
207158,Manjari Chahal,Sales,Sales Executive,97,89.02,76.92,3.2,94.36,43,3.6,8,No,0,85.32099999999998,2.1445454545454545,72.0,Exceeds Expectations
339624,Miraya Salvi,HR,HR Manager,87,60.98,85.5,4.5,80.27,43,3.1,6,No,0,75.76249999999999,1.8243181818181817,62.0,Meets Expectations
858660,Sana Vig,Finance,Accountant,66,74.77,92.91,3.8,84.24,48,3.5,16,No,0,80.99,1.7191836734693877,70.0,Exceeds Expectations
650269,Shalv Mahal,Sales,Account Manager,51,77.29,99.46,4.9,99.72,46,4.0,16,No,0,91.57249999999999,2.1217021276595744,80.0,Exceeds Expectations
331877,Mahika Ganguly,Finance,Accountant,99,64.88,89.84,3.1,80.57,44,3.7,17,No,0,73.6835,1.7904444444444443,74.0,Meets Expectations
263674,Rhea Bhavsar,Marketing,Content Strategist,97,73.04,90.86,3.2,89.25,43,3.4,27,No,0,80.03049999999999,2.028409090909091,68.0,Exceeds Expectations
858826,Anahi Sur,Sales,Account Manager,51,74.49,81.19,3.0,98.43,55,4.4,24,No,0,81.70049999999999,1.7576785714285716,88.00000000000001,Exceeds Expectations
760608,Badal Trivedi,Sales,Sales Executive,96,80.68,89.76,4.9,78.4,35,4.9,18,Yes,1,83.842,2.177777777777778,98.00000000000001,Exceeds Expectations
280988,Akarsh Khurana,IT,Software Engineer,89,68.39,82.77,4.3,81.2,55,4.8,3,Yes,1,77.672,1.45,96.0,Meets Expectations
649564,Aayush Swaminathan,IT,Cybersecurity Specialist,77,75.55,79.87,4.4,75.6,36,3.1,8,No,0,78.083,2.0432432432432432,62.0,Meets Expectations
985721,Manikya Jha,HR,Employee Relations,82,93.74,81.65,4.6,90.32,42,3.8,12,No,0,90.46849999999999,2.1004651162790697,76.0,Exceeds Expectations
410234,Shaan Iyengar,Finance,Auditor,59,90.95,92.07,3.6,93.12,41,4.5,3,No,0,89.035,2.217142857142857,90.0,Exceeds Expectations
219835,Azad Seth,Marketing,Marketing Executive,57,69.12,81.34,3.7,73.17,47,3.2,0,No,0,73.1025,1.524375,64.0,Meets Expectations
165205,Shamik Hora,HR,Employee Relations,73,92.0,87.08,4.9,93.37,44,4.9,14,No,0,92.6415,2.074888888888889,98.00000000000001,Exceeds Expectations
825317,Ritvik Wali,Sales,Account Manager,91,86.9,78.17,4.8,97.13,37,3.4,12,No,0,90.53599999999997,2.556052631578947,68.0,Exceeds Expectations
958787,Hridaan Hegde,Finance,Auditor,79,81.81,77.08,4.1,80.61,37,3.9,8,No,0,80.70899999999999,2.1213157894736843,78.0,Exceeds Expectations
600490,Bhavin Jha,Finance,Auditor,55,84.74,93.2,4.2,89.68,47,3.0,13,No,0,87.627,1.8683333333333334,60.0,Exceeds Expectations
791313,Kiaan Bali,Sales,Account Manager,50,76.78,95.76,4.3,99.55,37,4.7,29,No,0,88.9795,2.619736842105263,94.0,Exceeds Expectations
249463,Darshit Shah,IT,Data Analyst,52,73.79,75.16,4.5,72.0,42,5.0,14,No,0,75.8005,1.6744186046511629,100.0,Meets Expectations
175348,Anvi Bahri,HR,Recruitment Specialist,69,80.4,81.97,4.0,94.12,54,4.2,11,No,0,85.3775,1.7112727272727273,84.00000000000001,Exceeds Expectations
840063,Ivana Chanda,Sales,Sales Executive,77,90.59,85.19,3.7,78.72,46,4.2,6,No,0,83.13699999999999,1.6748936170212765,84.00000000000001,Exceeds Expectations
656576,Kaira Gill,HR,HR Manager,100,71.98,81.12,4.5,83.21,43,4.7,1,Yes,1,79.9845,1.8911363636363634,94.0,Meets Expectations
853536,Anika Rana,HR,Recruitment Specialist,92,75.67,99.29,5.0,71.92,43,3.5,30,No,0,81.55,1.6345454545454545,70.0,Exceeds Expectations
954064,Pari Garg,HR,Employee Relations,95,60.52,78.48,4.4,71.88,46,3.4,3,No,0,71.312,1.5293617021276595,68.0,Meets Expectations
719379,Amani Saxena,Marketing,SEO Specialist,91,76.68,88.46,3.0,92.77,55,3.4,29,No,0,81.5765,1.6566071428571427,68.0,Exceeds Expectations
581148,Charvi Kuruvilla,Finance,Financial Analyst,55,67.09,83.81,4.5,87.65,39,3.4,14,No,0,80.2305,2.19125,68.0,Exceeds Expectations
111544,Nitara Sur,Marketing,SEO Specialist,74,90.12,84.91,3.0,82.75,46,4.3,17,No,0,82.24099999999999,1.7606382978723405,86.0,Exceeds Expectations
210159,Anvi Dua,HR,Employee Relations,88,68.13,83.87,4.5,76.38,40,3.4,25,No,0,76.65899999999999,1.8629268292682926,68.0,Meets Expectations
507310,Hiran Dugar,Finance,Financial Analyst,99,79.58,75.64,3.6,91.55,36,4.7,2,Yes,1,82.0415,2.474324324324324,94.0,Exceeds Expectations
994618,Faiyaz Sanghvi,Finance,Financial Analyst,66,73.84,87.93,3.7,75.91,42,4.0,16,No,0,76.70199999999998,1.7653488372093022,80.0,Meets Expectations
142405,Aarav Dutta,HR,Employee Relations,86,69.58,91.71,4.1,82.33,39,3.7,17,No,0,79.225,2.05825,74.0,Meets Expectations
170269,Ranbir Gopal,HR,Employee Relations,88,83.3,90.08,4.9,72.55,52,4.8,23,Yes,1,82.7595,1.3688679245283017,96.0,Exceeds Expectations
389401,Shaan Acharya,Marketing,SEO Specialist,57,90.51,95.51,4.2,99.33,46,4.0,11,No,0,93.37049999999998,2.113404255319149,80.0,Exceeds Expectations
123940,Vardaniya Solanki,HR,Recruitment Specialist,100,68.27,88.5,4.3,88.1,37,3.1,21,No,0,80.9045,2.318421052631579,62.0,Exceeds Expectations
662858,Anay Salvi,IT,Cybersecurity Specialist,74,94.61,87.85,4.7,86.58,45,4.4,10,No,0,90.69399999999999,1.8821739130434783,88.00000000000001,Exceeds Expectations
209712,Nehmat Din,IT,Cybersecurity Specialist,100,71.54,98.83,3.6,77.86,40,4.4,28,Yes,1,77.91449999999999,1.8990243902439023,88.00000000000001,Meets Expectations
101467,Zain Viswanathan,HR,Recruitment Specialist,82,62.04,93.77,4.9,83.93,39,3.1,25,No,0,79.855,2.09825,62.0,Meets Expectations
699588,Yasmin Majumdar,Marketing,Marketing Executive,68,79.38,77.5,4.5,77.61,36,3.2,4,No,0,80.0715,2.0975675675675673,64.0,Exceeds Expectations
721537,Samarth Gera,Marketing,Content Strategist,63,70.4,92.66,3.5,78.84,45,3.3,22,No,0,76.633,1.713913043478261,65.99999999999999,Meets Expectations
152413,Riya Chaudhry,Marketing,Content Strategist,55,88.86,83.89,4.4,97.93,52,5.0,17,No,0,91.16,1.8477358490566038,100.0,Exceeds Expectations
700543,Baiju Sahota,Finance,Accountant,99,65.61,92.58,3.5,70.93,54,3.0,1,No,0,72.176,1.2896363636363637,60.0,Meets Expectations
587804,Ivana Ravel,Sales,Account Manager,51,67.89,86.24,3.6,71.49,45,4.7,20,No,0,72.51899999999999,1.5541304347826086,94.0,Meets Expectations
787645,Tushar Dada,HR,Employee Relations,95,76.44,98.55,4.0,80.08,42,3.2,4,No,0,81.5645,1.8623255813953488,64.0,Exceeds Expectations
943710,Bhavin Mallick,Finance,Auditor,59,93.36,79.24,4.0,83.31,44,3.5,12,No,0,85.72049999999999,1.8513333333333333,70.0,Exceeds Expectations
386626,Jivin Manne,IT,Data Analyst,98,76.19,90.06,4.3,89.49,51,3.9,5,No,0,84.397,1.7209615384615384,78.0,Exceeds Expectations
506570,Riaan Sankar,HR,Employee Relations,82,61.91,79.77,4.7,77.77,43,4.7,26,No,0,74.95349999999999,1.7674999999999998,94.0,Meets Expectations
713562,Yuvaan Ramanathan,HR,Employee Relations,62,77.62,91.31,4.4,80.23,46,3.8,15,No,0,82.144,1.7070212765957449,76.0,Exceeds Expectations
914388,Kiaan Deo,IT,Cybersecurity Specialist,98,82.49,89.37,3.3,73.89,50,4.5,6,Yes,1,78.0385,1.4488235294117646,90.0,Meets Expectations
610139,Shanaya Ben,IT,Software Engineer,81,80.11,89.98,3.7,86.36,53,5.0,5,No,0,82.86149999999999,1.5992592592592592,100.0,Exceeds Expectations
525234,Nakul Khosla,Finance,Financial Analyst,85,86.03,78.79,4.8,72.53,50,4.8,9,No,0,81.71449999999999,1.422156862745098,96.0,Exceeds Expectations
625933,Samaira Sarin,Finance,Accountant,95,79.64,93.97,4.7,84.23,47,3.1,15,No,0,85.55,1.7547916666666667,62.0,Exceeds Expectations
239865,Mehul Ganguly,Marketing,SEO Specialist,61,79.87,88.41,4.6,85.05,47,4.3,10,No,0,84.78349999999999,1.7718749999999999,86.0,Exceeds Expectations
778084,Stuvan Krishna,Marketing,SEO Specialist,58,65.41,87.03,4.2,86.74,38,3.8,22,No,0,78.90699999999998,2.224102564102564,76.0,Meets Expectations
241428,Kismat Rattan,Sales,Business Development,75,84.08,79.33,4.5,76.44,45,3.6,20,No,0,81.58149999999999,1.6617391304347826,72.0,Exceeds Expectations
652225,Lakshay Sarraf,Sales,Sales Executive,100,63.34,93.28,4.1,74.27,45,3.8,14,No,0,74.4555,1.6145652173913043,76.0,Meets Expectations
933510,Jivin Mall,Marketing,Content Strategist,57,82.58,82.96,4.9,74.91,53,4.9,21,No,0,82.2655,1.3872222222222221,98.00000000000001,Exceeds Expectations
363746,Himmat Deol,Finance,Financial Analyst,72,64.48,76.83,3.8,85.17,52,4.3,7,No,0,75.302,1.6069811320754717,86.0,Meets Expectations
581667,Riaan Karan,HR,Employee Relations,89,73.47,97.02,3.5,95.81,42,4.2,6,Yes,1,84.30099999999999,2.228139534883721,84.00000000000001,Exceeds Expectations
743798,Prerak Dada,HR,HR Manager,93,82.8,78.18,3.4,77.08,47,4.3,15,Yes,1,77.885,1.6058333333333332,86.0,Meets Expectations
469954,Ehsaan Bakshi,HR,Recruitment Specialist,79,84.33,82.27,3.8,80.35,45,4.6,22,No,0,81.3785,1.7467391304347826,92.0,Exceeds Expectations
817516,Tejas Gupta,IT,Data Analyst,85,62.0,93.11,4.1,80.56,44,4.1,30,No,0,76.1625,1.7902222222222224,82.0,Meets Expectations
799579,Farhan Wagle,IT,Software Engineer,56,93.3,92.75,3.1,99.48,41,4.7,3,No,0,90.68549999999998,2.3685714285714288,94.0,Exceeds Expectations
206369,Samar Sabharwal,Marketing,SEO Specialist,67,80.92,94.16,3.4,97.32,51,4.2,19,No,0,86.708,1.8715384615384614,84.00000000000001,Exceeds Expectations
808258,Alisha Balay,Sales,Business Development,91,75.52,94.39,3.8,72.12,44,4.4,8,Yes,1,77.2325,1.6026666666666667,88.00000000000001,Meets Expectations
273286,Emir Amble,HR,HR Manager,58,78.96,90.35,3.5,86.77,38,4.5,28,No,0,82.05799999999999,2.224871794871795,90.0,Exceeds Expectations
731862,Faiyaz Vohra,Finance,Auditor,59,75.32,78.06,3.3,76.89,37,3.2,26,No,0,74.88250000000001,2.023421052631579,64.0,Meets Expectations
673345,Renee Sundaram,Finance,Financial Analyst,88,85.33,82.38,4.5,75.86,55,4.4,25,Yes,1,82.2735,1.354642857142857,88.00000000000001,Exceeds Expectations
148578,Anika Badal,Finance,Accountant,93,81.73,76.66,3.1,92.1,50,4.3,28,Yes,1,81.6395,1.8058823529411763,86.0,Exceeds Expectations
344541,Hansh Barad,IT,Data Analyst,91,72.78,84.35,4.1,92.74,41,3.7,4,No,0,82.88449999999999,2.208095238095238,74.0,Exceeds Expectations
573521,Lakshit Chada,Finance,Accountant,70,64.49,96.09,3.3,89.07,41,3.2,29,No,0,78.0595,2.1207142857142856,64.0,Meets Expectations
406444,Miraya Korpal,Marketing,SEO Specialist,72,80.37,75.79,3.2,78.94,53,3.0,12,No,0,76.72699999999999,1.4618518518518517,60.0,Meets Expectations
488077,Prerak Doshi,IT,Data Analyst,92,71.91,92.19,3.9,84.5,50,3.4,28,No,0,80.272,1.6568627450980393,68.0,Exceeds Expectations
873410,Indrans Wali,HR,Recruitment Specialist,75,73.83,96.11,4.2,79.99,35,4.7,25,No,0,80.8535,2.2219444444444445,94.0,Exceeds Expectations
993839,Nitya Kota,Finance,Accountant,75,61.82,83.65,4.2,79.28,55,4.5,0,No,0,74.5325,1.4157142857142857,90.0,Meets Expectations
149390,Dishani Kara,HR,Employee Relations,51,62.64,83.2,3.4,73.5,36,3.8,27,No,0,70.32900000000001,1.9864864864864864,76.0,Meets Expectations
791130,Navya Char,Finance,Accountant,64,84.6,93.63,3.5,77.34,55,4.4,5,No,0,81.2235,1.3810714285714287,88.00000000000001,Exceeds Expectations
606623,Indrajit Handa,HR,Employee Relations,77,76.5,82.01,4.0,98.39,44,4.4,28,No,0,85.51299999999999,2.1864444444444446,88.00000000000001,Exceeds Expectations
619755,Ranbir Hari,IT,Data Analyst,68,84.19,76.44,3.4,91.81,40,3.8,6,No,0,83.26599999999999,2.239268292682927,76.0,Exceeds Expectations
941949,Bhavin Sidhu,Sales,Sales Executive,63,65.85,88.35,3.4,99.09,35,4.0,9,No,0,81.1815,2.7525,80.0,Exceeds Expectations
242372,Navya Tara,Marketing,SEO Specialist,74,93.72,75.7,4.7,98.43,40,3.5,25,No,0,92.7075,2.4007317073170733,70.0,Exceeds Expectations
753460,Jayan Karpe,Sales,Account Manager,73,69.71,89.98,4.5,76.6,40,3.4,23,No,0,78.20549999999999,1.8682926829268292,68.0,Meets Expectations
828969,Yasmin Master,HR,HR Manager,79,71.1,95.48,4.5,71.77,53,5.0,26,No,0,77.8265,1.329074074074074,100.0,Meets Expectations
609145,Dhruv Yohannan,IT,Software Engineer,84,72.64,96.89,4.5,82.19,46,4.6,0,No,0,82.224,1.748723404255319,92.0,Exceeds Expectations
395001,Shlok Magar,IT,Cybersecurity Specialist,70,75.66,98.78,4.6,93.64,47,4.6,14,No,0,87.872,1.9508333333333334,92.0,Exceeds Expectations
647978,Ahana  Agate,Finance,Accountant,91,70.34,89.6,5.0,93.5,48,3.5,3,No,0,85.784,1.9081632653061225,70.0,Exceeds Expectations
172683,Ira Shere,Sales,Account Manager,94,64.24,88.93,4.2,73.54,53,4.8,19,Yes,1,74.1625,1.3618518518518519,96.0,Meets Expectations
893995,Siya Grover,Sales,Sales Executive,54,86.9,75.83,4.7,79.56,36,3.2,1,No,0,83.73549999999999,2.1502702702702705,64.0,Exceeds Expectations
792276,Ela Sibal,Finance,Auditor,57,87.04,96.19,4.0,81.83,35,3.3,27,No,0,85.53299999999999,2.2730555555555556,65.99999999999999,Exceeds Expectations
672171,Rhea Mane,Finance,Accountant,98,71.79,75.93,3.0,95.35,43,4.5,5,Yes,1,78.8885,2.1670454545454545,90.0,Meets Expectations
771822,Gokul Sarin,Sales,Business Development,81,69.71,76.26,4.8,73.45,46,4.5,27,No,0,75.945,1.5627659574468085,90.0,Meets Expectations
922972,Divit Ramaswamy,IT,Software Engineer,90,80.8,75.43,4.1,77.33,38,4.2,14,Yes,1,78.96,1.9828205128205127,84.00000000000001,Meets Expectations
705108,Urvi Anand,Finance,Financial Analyst,68,66.3,85.86,4.8,93.57,44,3.7,16,No,0,83.23349999999999,2.079333333333333,74.0,Exceeds Expectations
441034,Shaan Sundaram,IT,Software Engineer,64,70.18,89.04,3.4,83.56,38,3.8,8,No,0,77.365,2.1425641025641027,76.0,Meets Expectations
973522,Anaya Kant,HR,Employee Relations,64,65.5,86.63,3.9,97.57,39,5.0,6,No,0,81.76899999999999,2.43925,100.0,Exceeds Expectations
478193,Damini Saran,HR,Recruitment Specialist,63,91.14,87.09,4.8,90.23,50,4.3,25,No,0,90.94300000000001,1.7692156862745099,86.0,Exceeds Expectations
122865,Jhanvi Tailor,Finance,Financial Analyst,66,63.95,76.61,4.3,82.6,50,4.9,5,No,0,75.684,1.6196078431372547,98.00000000000001,Meets Expectations
129858,Rasha Manne,IT,Cybersecurity Specialist,62,71.39,80.86,4.1,84.58,51,3.2,20,No,0,79.0185,1.6265384615384615,64.0,Meets Expectations
994100,Eva Ranganathan,Marketing,Content Strategist,73,85.99,95.14,3.7,89.84,55,4.4,22,No,0,86.91149999999999,1.6042857142857143,88.00000000000001,Exceeds Expectations
434743,Piya Viswanathan,Marketing,Content Strategist,87,77.05,84.64,3.3,78.46,38,4.7,28,Yes,1,77.0245,2.0117948717948715,94.0,Meets Expectations
924746,Nitara Ghose,Sales,Business Development,84,85.33,89.72,4.0,94.56,52,4.1,29,No,0,88.4195,1.7841509433962264,82.0,Exceeds Expectations
825486,Aarush Sheth,IT,Data Analyst,95,82.29,99.86,4.7,75.93,39,4.4,15,Yes,1,84.45599999999999,1.8982500000000002,88.00000000000001,Exceeds Expectations
867358,Stuvan Chawla,IT,Cybersecurity Specialist,91,61.17,97.33,4.7,82.78,36,3.5,20,No,0,79.082,2.2372972972972973,70.0,Meets Expectations
803122,Armaan Sood,HR,HR Manager,55,87.98,97.5,4.9,76.46,55,3.7,0,No,0,86.879,1.3653571428571427,74.0,Exceeds Expectations
993291,Jayesh Ravel,IT,Software Engineer,71,61.09,88.0,4.9,82.73,41,3.1,26,No,0,78.23700000000001,1.9697619047619048,62.0,Meets Expectations
270481,Rasha Bose,Marketing,Marketing Executive,63,79.49,76.49,4.9,80.2,52,4.0,23,No,0,82.065,1.5132075471698114,80.0,Exceeds Expectations
615326,Ritvik Chaudhari,Sales,Account Manager,55,70.3,84.07,3.2,87.37,36,4.6,9,No,0,77.395,2.3613513513513515,92.0,Meets Expectations
359938,Nishith Basu,Sales,Business Development,54,91.14,97.11,3.4,79.31,48,4.9,12,No,0,84.424,1.6185714285714285,98.00000000000001,Exceeds Expectations
715046,Shaan Sethi,Finance,Financial Analyst,74,78.25,88.11,3.5,74.09,50,4.0,10,No,0,77.0355,1.4527450980392158,80.0,Meets Expectations
830400,Zain Thakur,Sales,Sales Executive,57,92.25,98.11,4.1,86.76,38,4.7,11,No,0,89.67,2.224615384615385,94.0,Exceeds Expectations
694248,Mohanlal Sawhney,Sales,Account Manager,100,76.09,98.42,3.3,98.39,52,3.3,1,No,0,85.73100000000001,1.8564150943396227,65.99999999999999,Exceeds Expectations
595983,Mannat Sodhi,Sales,Account Manager,51,64.37,81.31,3.5,74.78,52,4.8,7,No,0,71.399,1.410943396226415,96.0,Meets Expectations
759350,Khushi Anne,Finance,Auditor,65,78.62,95.49,3.9,72.04,40,3.7,4,No,0,78.75450000000001,1.7570731707317075,74.0,Meets Expectations
286418,Jayant Kara,HR,Recruitment Specialist,99,86.56,96.39,3.5,99.19,45,3.2,0,No,0,89.97099999999999,2.156304347826087,64.0,Exceeds Expectations
863654,Mishti Master,Marketing,Content Strategist,54,82.41,88.76,4.0,73.33,44,4.8,13,No,0,79.823,1.6295555555555554,96.0,Meets Expectations
523906,Navya Rajan,Finance,Accountant,95,73.0,90.76,4.8,91.26,37,4.2,0,Yes,1,85.505,2.4015789473684213,84.00000000000001,Exceeds Expectations
977349,Tushar Rau,IT,Cybersecurity Specialist,97,65.45,96.7,3.3,75.28,50,4.1,20,Yes,1,73.6605,1.476078431372549,82.0,Meets Expectations
851226,Rati D’Alia,Finance,Accountant,50,84.51,87.68,3.6,92.7,47,3.7,19,No,0,85.9755,1.9312500000000001,74.0,Exceeds Expectations
968218,Vivaan Chaudhary,IT,Software Engineer,64,65.13,79.73,5.0,72.24,48,3.8,3,No,0,75.03899999999999,1.4742857142857142,76.0,Meets Expectations
419253,Ivana Upadhyay,HR,Recruitment Specialist,86,65.48,86.25,3.4,71.48,45,4.9,3,Yes,1,71.0735,1.5539130434782609,98.00000000000001,Meets Expectations
296917,Vardaniya Kota,IT,Data Analyst,91,91.2,79.13,3.4,98.34,53,4.8,1,Yes,1,88.4085,1.8211111111111111,96.0,Exceeds Expectations
428829,Advik Srinivas,IT,Software Engineer,51,81.95,84.67,4.9,93.41,44,4.6,6,No,0,88.7765,2.0757777777777777,92.0,Exceeds Expectations
375139,Jiya Mallick,IT,Data Analyst,60,87.0,97.91,4.8,83.29,49,4.9,8,No,0,88.68799999999999,1.6658000000000002,98.00000000000001,Exceeds Expectations
742163,Miraya Dash,Finance,Financial Analyst,76,94.32,82.77,4.5,80.88,37,3.9,11,No,0,87.23549999999999,2.128421052631579,78.0,Exceeds Expectations
894506,Aarush Kuruvilla,Marketing,Marketing Executive,69,90.94,85.85,4.4,85.06,42,3.3,5,No,0,87.6775,1.978139534883721,65.99999999999999,Exceeds Expectations
279724,Suhana Verma,Finance,Auditor,79,80.31,91.91,4.4,85.53,47,4.7,22,No,0,85.0305,1.781875,94.0,Exceeds Expectations
646858,Riaan Arora,Sales,Business Development,65,91.35,85.0,4.2,71.63,53,4.0,26,No,0,82.39299999999999,1.3264814814814814,80.0,Exceeds Expectations
875903,Pranay Sachdev,Finance,Financial Analyst,96,80.75,78.32,4.7,87.47,41,4.6,19,Yes,1,84.725,2.0826190476190476,92.0,Exceeds Expectations
315945,Samiha Rastogi,Finance,Accountant,72,70.93,91.11,4.1,91.95,35,3.9,1,No,0,82.97449999999999,2.5541666666666667,78.0,Exceeds Expectations
392685,Kismat Ray,Marketing,Marketing Executive,73,83.11,95.42,4.6,77.85,49,3.6,13,No,0,84.44899999999998,1.557,72.0,Exceeds Expectations
520370,Nakul Banik,HR,HR Manager,93,92.17,92.82,3.8,88.88,35,5.0,11,Yes,1,88.6905,2.468888888888889,100.0,Exceeds Expectations
490018,Anvi Gola,HR,HR Manager,99,78.95,92.45,4.9,71.02,40,3.4,26,No,0,81.057,1.7321951219512195,68.0,Exceeds Expectations
869133,Rhea Bava,Marketing,SEO Specialist,81,63.81,92.99,4.4,92.69,43,3.8,1,No,0,81.9235,2.106590909090909,76.0,Exceeds Expectations
124448,Damini Jhaveri,Marketing,Content Strategist,63,79.37,77.39,3.6,79.33,50,4.6,18,No,0,77.9535,1.5554901960784313,92.0,Meets Expectations
514867,Heer Kapoor,Sales,Business Development,90,79.85,82.44,3.5,82.03,46,3.4,14,No,0,79.524,1.7453191489361701,68.0,Meets Expectations
515284,Priyansh Desai,IT,Cybersecurity Specialist,82,89.74,75.75,3.0,91.77,41,4.0,14,No,0,83.89099999999999,2.185,80.0,Exceeds Expectations
635345,Biju Virk,Marketing,Marketing Executive,61,83.1,86.58,4.5,76.36,35,3.7,2,No,0,82.29799999999999,2.121111111111111,74.0,Exceeds Expectations
956179,Kiara Agarwal,Finance,Auditor,78,75.52,77.78,4.4,97.45,53,4.2,18,No,0,85.40650000000001,1.8046296296296296,84.00000000000001,Exceeds Expectations
671698,Advika Bora,HR,Recruitment Specialist,97,63.35,83.93,3.1,78.2,37,4.6,10,Yes,1,71.432,2.057894736842105,92.0,Meets Expectations
803317,Aaryahi Sagar,Sales,Business Development,66,65.49,83.59,3.7,74.61,39,3.3,24,No,0,72.67349999999999,1.86525,65.99999999999999,Meets Expectations
563173,Siya Chana,IT,Data Analyst,98,66.74,85.45,3.0,76.58,35,4.4,22,Yes,1,71.9795,2.127222222222222,88.00000000000001,Meets Expectations
210622,Aaina Krishnan,HR,HR Manager,54,92.62,75.04,3.6,81.34,46,4.7,24,No,0,82.942,1.7306382978723405,94.0,Exceeds Expectations
285614,Anay Chokshi,Marketing,Marketing Executive,80,69.88,82.94,5.0,91.56,51,4.2,2,No,0,83.945,1.7607692307692309,84.00000000000001,Exceeds Expectations
269372,Bhavin Taneja,HR,Employee Relations,98,63.29,87.95,3.5,80.81,54,4.4,14,Yes,1,74.1275,1.4692727272727273,88.00000000000001,Meets Expectations
831417,Vihaan Jaggi,Sales,Account Manager,96,73.84,87.66,3.9,75.75,55,3.6,25,No,0,77.2055,1.3526785714285714,72.0,Meets Expectations
150433,Aayush Vaidya,IT,Data Analyst,80,78.19,91.06,3.1,91.66,47,3.8,26,No,0,82.4065,1.9095833333333332,76.0,Exceeds Expectations
389434,Oorja Boase,Marketing,Marketing Executive,71,88.16,76.6,3.8,94.44,41,4.5,23,No,0,86.8,2.2485714285714287,90.0,Exceeds Expectations
668245,Anahi Dash,HR,Employee Relations,50,73.39,79.07,3.0,94.06,52,4.3,21,No,0,79.468,1.7747169811320755,86.0,Meets Expectations
682568,Jayesh Chahal,Finance,Accountant,50,74.9,97.77,4.3,77.22,40,4.4,4,No,0,80.8075,1.8834146341463414,88.00000000000001,Exceeds Expectations
186547,Sumer Vohra,Marketing,Marketing Executive,84,66.13,96.42,3.3,98.94,46,3.2,29,No,0,82.1375,2.1051063829787235,64.0,Exceeds Expectations
678872,Taimur Balay,IT,Cybersecurity Specialist,87,65.57,99.02,3.8,79.03,39,3.4,27,No,0,76.863,1.9757500000000001,68.0,Meets Expectations
643748,Romil Khare,Finance,Financial Analyst,90,83.58,86.93,4.3,78.87,40,3.3,15,No,0,82.79700000000001,1.923658536585366,65.99999999999999,Exceeds Expectations
788487,Darshit Ranganathan,HR,HR Manager,82,84.76,87.1,4.5,76.65,37,3.7,10,No,0,83.0585,2.017105263157895,74.0,Exceeds Expectations
184465,Lagan Bhavsar,IT,Cybersecurity Specialist,97,89.85,85.36,4.6,72.6,36,3.8,26,No,0,83.46149999999999,1.962162162162162,76.0,Exceeds Expectations
133670,Akarsh Jayaraman,Finance,Auditor,80,87.41,81.33,4.9,88.41,37,3.3,21,No,0,88.4365,2.326578947368421,65.99999999999999,Exceeds Expectations
492913,Vivaan Bera,HR,Employee Relations,74,64.61,93.35,3.7,90.48,43,3.2,21,No,0,79.38399999999999,2.0563636363636366,64.0,Meets Expectations
885920,Arhaan Barman,Finance,Auditor,91,62.78,94.96,5.0,71.74,55,4.9,25,Yes,1,76.326,1.2810714285714284,98.00000000000001,Meets Expectations
435928,Zara Sankaran,Marketing,Content Strategist,100,83.69,78.28,4.2,97.94,49,4.8,7,Yes,1,87.9125,1.9587999999999999,96.0,Exceeds Expectations
660697,Hazel Ganguly,Marketing,Content Strategist,86,93.13,84.55,3.2,80.38,53,4.9,1,Yes,1,83.01099999999998,1.4885185185185184,98.00000000000001,Exceeds Expectations
339677,Aniruddh Verma,HR,Employee Relations,70,75.84,75.2,3.4,90.26,45,4.7,8,No,0,79.61500000000001,1.9621739130434783,94.0,Meets Expectations
386845,Jiya Ghosh,IT,Software Engineer,60,69.97,80.71,4.7,87.43,51,4.3,11,No,0,81.2965,1.681346153846154,86.0,Exceeds Expectations
851201,Pihu Aurora,IT,Data Analyst,54,85.69,86.17,3.6,99.64,47,4.7,4,No,0,88.591,2.075833333333333,94.0,Exceeds Expectations
573538,Biju Bhatia,Finance,Accountant,60,79.62,91.72,3.5,75.63,53,4.7,9,No,0,78.5955,1.4005555555555556,94.0,Meets Expectations
839249,Shaan Din,HR,HR Manager,51,79.55,90.25,3.2,95.2,53,4.9,21,No,0,84.29999999999998,1.762962962962963,98.00000000000001,Exceeds Expectations
756739,Ahana  Seth,Sales,Account Manager,67,68.03,98.53,4.1,77.15,47,3.2,7,No,0,77.8925,1.6072916666666668,64.0,Meets Expectations
866490,Rohan Kalita,IT,Data Analyst,60,71.94,76.11,4.7,76.05,41,3.8,6,No,0,77.31299999999999,1.8107142857142857,76.0,Meets Expectations
378536,Samarth Kannan,IT,Data Analyst,71,62.91,86.41,4.9,89.53,37,3.2,14,No,0,81.0155,2.3560526315789474,64.0,Exceeds Expectations
939466,Ojas Sunder,IT,Cybersecurity Specialist,99,63.61,88.52,4.2,98.98,42,4.9,30,Yes,1,82.78449999999998,2.3018604651162793,98.00000000000001,Exceeds Expectations
145682,Anika Chaudry,Finance,Financial Analyst,99,86.03,81.95,4.8,98.96,52,3.3,10,No,0,91.439,1.8671698113207547,65.99999999999999,Exceeds Expectations
383760,Dishani Varty,Finance,Auditor,57,77.79,95.66,4.2,81.57,35,3.4,24,No,0,82.725,2.265833333333333,68.0,Exceeds Expectations
581454,Ehsaan Bakshi,HR,Recruitment Specialist,91,84.97,92.11,4.0,77.87,38,4.0,4,No,0,82.8105,1.9966666666666668,80.0,Exceeds Expectations
535051,Taran Dubey,Finance,Accountant,100,86.73,99.03,3.1,93.0,48,3.7,3,No,0,87.05999999999999,1.8979591836734695,74.0,Exceeds Expectations
226681,Uthkarsh Grewal,IT,Software Engineer,96,88.49,85.74,3.2,86.2,52,3.4,1,No,0,83.60249999999999,1.6264150943396227,68.0,Exceeds Expectations
887500,Anya Rout,Marketing,SEO Specialist,61,82.74,87.44,4.7,99.71,36,4.0,15,No,0,91.0735,2.6948648648648645,80.0,Exceeds Expectations
561566,Tushar Date,Sales,Business Development,68,69.22,88.03,5.0,81.67,37,3.5,1,No,0,81.01599999999999,2.1492105263157897,70.0,Exceeds Expectations
782808,Amani Rau,Sales,Business Development,62,91.83,95.42,5.0,72.57,44,3.6,17,No,0,86.853,1.6126666666666665,72.0,Exceeds Expectations
589224,Krish Contractor,Finance,Accountant,95,74.07,98.27,4.3,72.7,35,3.3,17,No,0,79.01,2.0194444444444444,65.99999999999999,Meets Expectations
102836,Ojas Thaman,Marketing,Content Strategist,57,79.86,80.94,3.9,97.45,48,4.4,6,No,0,85.8995,1.9887755102040816,88.00000000000001,Exceeds Expectations
812606,Hazel Thakkar,Marketing,Content Strategist,79,60.45,97.67,3.2,74.87,51,4.1,24,No,0,71.6125,1.4398076923076923,82.0,Meets Expectations
903645,Azad Mahajan,Finance,Auditor,72,67.61,76.76,4.7,85.23,50,3.0,2,No,0,79.10799999999999,1.6711764705882353,60.0,Meets Expectations
111256,Oorja Bhatnagar,Marketing,Marketing Executive,98,73.69,99.98,3.1,74.41,37,4.4,20,Yes,1,76.13199999999999,1.958157894736842,88.00000000000001,Meets Expectations
204580,Vanya Samra,IT,Data Analyst,62,72.51,78.53,4.1,81.46,39,4.2,16,No,0,77.969,2.0364999999999998,84.00000000000001,Meets Expectations
857085,Taran Venkatesh,Marketing,Content Strategist,62,70.21,78.07,4.7,81.33,52,4.8,21,No,0,78.84949999999999,1.5345283018867923,96.0,Meets Expectations
519117,Charvi Chandra,Sales,Business Development,85,63.82,91.11,3.3,75.25,50,4.1,20,No,0,72.241,1.4754901960784315,82.0,Meets Expectations
174200,Madhup Tella,IT,Software Engineer,86,76.31,81.6,4.0,87.25,51,4.8,16,Yes,1,81.48599999999999,1.6778846153846154,96.0,Exceeds Expectations
471062,Inaaya  Viswanathan,IT,Cybersecurity Specialist,52,90.08,94.47,3.3,86.25,51,4.7,16,No,0,85.786,1.6586538461538463,94.0,Exceeds Expectations
647667,Yuvaan Bumb,Sales,Sales Executive,57,76.84,81.03,4.9,82.69,37,3.1,14,No,0,82.69,2.1760526315789472,62.0,Exceeds Expectations
151516,Lagan Bail,Sales,Sales Executive,77,74.15,89.18,3.7,93.36,40,4.6,26,No,0,83.10549999999999,2.277073170731707,92.0,Exceeds Expectations
652936,Dhanush Barman,Marketing,Marketing Executive,75,87.11,76.94,4.1,75.09,49,4.1,10,No,0,80.61099999999999,1.5018,82.0,Exceeds Expectations
161681,Damini Saraf,Sales,Sales Executive,66,92.72,92.59,3.8,88.51,38,3.7,30,No,0,88.719,2.2694871794871796,74.0,Exceeds Expectations
418503,Ranbir Choudhury,IT,Software Engineer,60,73.92,95.61,3.0,92.14,42,4.8,3,No,0,81.46249999999999,2.1427906976744184,96.0,Exceeds Expectations
649093,Abram Bhatti,Sales,Business Development,77,76.49,83.48,3.7,96.79,47,4.9,0,No,0,84.27,2.0164583333333335,98.00000000000001,Exceeds Expectations
702060,Dhanush Halder,Marketing,SEO Specialist,74,86.56,86.46,4.3,94.58,46,3.5,7,No,0,89.268,2.012340425531915,70.0,Exceeds Expectations
180828,Fateh Balakrishnan,Marketing,SEO Specialist,93,76.16,77.88,5.0,91.63,44,3.6,21,No,0,85.40849999999999,2.036222222222222,72.0,Exceeds Expectations
921137,Ivan Sami,Sales,Business Development,62,86.24,95.87,3.5,86.28,50,4.9,5,No,0,85.26249999999999,1.691764705882353,98.00000000000001,Exceeds Expectations
242190,Yuvraj  Aggarwal,HR,HR Manager,60,87.62,94.05,3.9,70.43,52,4.4,0,No,0,81.125,1.328867924528302,88.00000000000001,Exceeds Expectations
389737,Biju Dara,Marketing,SEO Specialist,75,92.3,83.12,3.0,90.29,50,4.3,5,No,0,85.3745,1.7703921568627452,86.0,Exceeds Expectations
115931,Biju Sane,Marketing,SEO Specialist,70,74.26,93.81,3.1,98.25,51,4.5,10,No,0,83.74999999999999,1.8894230769230769,90.0,Exceeds Expectations
413486,Aayush Dhillon,Finance,Financial Analyst,71,79.88,99.53,3.2,85.6,37,4.1,16,No,0,82.44749999999999,2.2526315789473683,82.0,Exceeds Expectations
327109,Arhaan Bali,Sales,Sales Executive,72,75.09,89.78,3.6,89.61,45,3.7,26,No,0,81.91199999999999,1.9480434782608695,74.0,Exceeds Expectations
883403,Abram Kant,IT,Cybersecurity Specialist,73,85.99,87.14,4.2,92.83,55,5.0,15,No,0,88.25799999999998,1.6576785714285713,100.0,Exceeds Expectations
229750,Saksham Ramesh,IT,Cybersecurity Specialist,92,75.33,90.47,3.5,81.41,46,5.0,1,Yes,1,78.92949999999999,1.732127659574468,100.0,Meets Expectations
667357,Kashvi Saran,Sales,Sales Executive,55,94.5,96.9,4.3,74.75,50,3.6,18,No,0,86.6725,1.4656862745098038,72.0,Exceeds Expectations
385226,Amani Lanka,HR,Recruitment Specialist,78,93.4,90.92,3.9,76.38,36,3.2,17,No,0,84.761,2.0643243243243243,64.0,Exceeds Expectations
686098,Suhana Balasubramanian,Finance,Auditor,89,81.93,87.85,4.7,91.96,55,3.3,6,No,0,88.13899999999998,1.6421428571428571,65.99999999999999,Exceeds Expectations
880431,Shalv Shanker,HR,HR Manager,66,62.28,77.6,4.0,85.93,36,3.2,25,No,0,75.5135,2.3224324324324326,64.0,Meets Expectations
441444,Fateh Kumar,Sales,Account Manager,69,73.79,85.5,4.3,99.82,53,3.5,16,No,0,86.4885,1.8485185185185184,70.0,Exceeds Expectations
428591,Hazel Savant,Finance,Auditor,89,82.96,96.06,4.3,99.59,36,3.8,29,No,0,91.2015,2.6916216216216218,76.0,Exceeds Expectations
374772,Reyansh Chhabra,Sales,Sales Executive,97,85.74,94.29,3.4,78.41,35,4.3,15,Yes,1,81.79599999999999,2.1780555555555554,86.0,Exceeds Expectations
697977,Hunar Barman,Sales,Sales Executive,94,78.07,93.61,3.3,99.65,49,3.6,15,No,0,86.1435,1.993,72.0,Exceeds Expectations
920844,Yasmin Brar,Finance,Auditor,66,92.06,98.77,4.1,70.44,41,3.3,8,No,0,83.99049999999998,1.677142857142857,65.99999999999999,Exceeds Expectations
722832,Shray Lala,HR,HR Manager,81,76.55,89.51,3.1,99.92,41,4.3,17,No,0,84.491,2.3790476190476193,86.0,Exceeds Expectations
269236,Lavanya Samra,IT,Data Analyst,75,70.26,87.5,3.9,93.91,44,3.5,21,No,0,82.2845,2.086888888888889,70.0,Exceeds Expectations
515459,Sara Wagle,Sales,Business Development,83,77.12,99.62,4.5,70.93,55,3.4,9,No,0,80.26050000000001,1.266607142857143,68.0,Exceeds Expectations
896142,Nishith Bobal,HR,Recruitment Specialist,91,70.97,83.18,4.1,97.2,40,4.8,6,Yes,1,83.6365,2.370731707317073,96.0,Exceeds Expectations
471920,Neelofar Mangal,HR,HR Manager,62,93.92,75.78,4.9,76.27,46,4.1,3,No,0,85.6335,1.6227659574468085,82.0,Exceeds Expectations
499740,Neelofar Raja,Finance,Auditor,56,63.84,78.42,4.3,73.56,43,3.4,11,No,0,72.753,1.6718181818181819,68.0,Meets Expectations
793880,Uthkarsh Loyal,IT,Cybersecurity Specialist,78,82.24,98.34,4.0,88.77,47,3.2,29,No,0,86.6045,1.849375,64.0,Exceeds Expectations
776746,Ivan Som,Sales,Account Manager,84,69.11,91.81,4.7,92.77,35,3.7,12,No,0,84.52949999999998,2.5769444444444445,74.0,Exceeds Expectations
425637,Parinaaz Bawa,Marketing,Content Strategist,56,74.43,92.28,3.8,73.06,39,4.9,5,No,0,76.8635,1.8265,98.00000000000001,Meets Expectations
467028,Anika Hegde,IT,Data Analyst,53,87.9,88.66,4.3,94.5,35,3.9,29,No,0,90.039,2.625,78.0,Exceeds Expectations
608043,Nishith Gour,Finance,Accountant,69,68.79,99.7,4.0,78.2,55,4.2,18,No,0,78.4015,1.3964285714285716,84.00000000000001,Meets Expectations
261701,Samarth Bansal,HR,HR Manager,82,71.39,93.33,4.0,91.69,49,4.3,12,No,0,83.0775,1.8337999999999999,86.0,Exceeds Expectations
329309,Samarth Srinivas,Marketing,Content Strategist,55,71.47,76.26,3.2,99.28,37,3.6,1,No,0,80.80149999999999,2.6126315789473686,72.0,Exceeds Expectations
967163,Parinaaz Choudhry,Marketing,SEO Specialist,50,81.88,84.99,3.6,95.7,45,4.7,27,No,0,85.70149999999998,2.0804347826086955,94.0,Exceeds Expectations
761246,Hridaan Sahota,IT,Cybersecurity Specialist,84,68.9,99.12,4.9,94.21,36,3.1,13,No,0,86.6565,2.546216216216216,62.0,Exceeds Expectations
770628,Zain Deep,Marketing,Marketing Executive,56,64.75,84.95,4.3,96.68,44,4.9,30,No,0,82.143,2.1484444444444444,98.00000000000001,Exceeds Expectations
417829,Alia Mahal,IT,Software Engineer,83,81.62,82.34,4.8,98.26,44,3.9,16,No,0,89.709,2.1835555555555555,78.0,Exceeds Expectations
994709,Nitara Deol,HR,HR Manager,71,76.1,94.55,3.4,83.66,42,3.5,20,No,0,80.2985,1.9455813953488372,70.0,Exceeds Expectations
566242,Shalv Sura,Sales,Account Manager,76,82.64,98.51,3.8,93.28,43,4.3,12,No,0,87.7485,2.12,86.0,Exceeds Expectations
255161,Saanvi Borra,Sales,Business Development,66,83.42,88.02,5.0,70.12,47,4.9,4,No,0,81.94200000000001,1.4608333333333334,98.00000000000001,Exceeds Expectations
582440,Devansh Kale,Finance,Financial Analyst,81,85.53,98.37,3.6,95.89,48,3.9,29,No,0,89.0525,1.9569387755102041,78.0,Exceeds Expectations
845674,Madhav Sabharwal,Sales,Account Manager,96,80.56,90.38,3.1,75.18,40,4.7,10,Yes,1,77.366,1.833658536585366,94.0,Meets Expectations
343759,Aayush Apte,Sales,Sales Executive,52,81.03,85.57,4.4,71.23,44,4.5,22,No,0,79.3265,1.582888888888889,90.0,Meets Expectations
670589,Alia Din,HR,HR Manager,59,72.14,86.93,3.4,99.04,44,3.6,4,No,0,83.1525,2.200888888888889,72.0,Exceeds Expectations
365916,Akarsh Bhatnagar,IT,Cybersecurity Specialist,84,67.79,86.61,4.2,70.96,45,3.8,18,No,0,74.154,1.5426086956521738,76.0,Meets Expectations
655703,Purab Sachar,Marketing,Marketing Executive,98,76.49,98.07,3.9,82.93,49,4.2,18,Yes,1,82.2075,1.6586,84.00000000000001,Exceeds Expectations
457226,Umang Hans,Finance,Financial Analyst,54,80.43,91.28,4.2,73.67,44,3.7,14,No,0,80.227,1.6371111111111112,74.0,Exceeds Expectations
984853,Faiyaz Apte,HR,HR Manager,58,72.29,81.99,3.2,98.86,53,3.2,7,No,0,81.801,1.8307407407407408,64.0,Exceeds Expectations
672554,Mehul Ramakrishnan,Sales,Account Manager,83,77.93,97.49,4.6,77.05,45,3.4,2,No,0,82.66649999999998,1.675,68.0,Exceeds Expectations
819727,Aayush Balan,Marketing,Marketing Executive,89,65.01,89.08,4.5,78.71,35,3.3,15,No,0,77.16399999999999,2.1863888888888887,65.99999999999999,Meets Expectations
271893,Shray Sunder,Sales,Account Manager,85,61.58,79.88,4.1,83.81,36,4.6,4,No,0,75.1685,2.265135135135135,92.0,Meets Expectations
876830,Shlok Hari,Marketing,SEO Specialist,68,72.15,88.47,3.8,74.19,38,4.3,17,No,0,75.8895,1.9023076923076923,86.0,Meets Expectations
169764,Inaaya  Borra,IT,Data Analyst,65,89.11,76.07,3.7,89.67,49,3.7,0,No,0,85.08349999999999,1.7934,74.0,Exceeds Expectations
932627,Darshit Boase,Finance,Financial Analyst,52,93.0,81.79,4.4,97.89,49,4.1,2,No,0,92.28,1.9578,82.0,Exceeds Expectations
122708,Dharmajan Apte,HR,Employee Relations,69,84.74,83.58,3.2,75.53,41,3.4,15,No,0,78.23149999999998,1.7983333333333333,68.0,Meets Expectations
197333,Amani Kohli,IT,Software Engineer,71,86.54,95.57,3.4,85.04,45,3.7,5,No,0,84.5885,1.848695652173913,74.0,Exceeds Expectations
331821,Hansh Joshi,Sales,Sales Executive,87,85.42,82.71,4.9,89.76,36,3.7,21,No,0,88.4195,2.425945945945946,74.0,Exceeds Expectations
589902,Indranil Sachdev,Sales,Business Development,55,78.49,79.49,3.8,72.19,37,4.3,24,No,0,76.0615,1.8997368421052632,86.0,Meets Expectations
282132,Himmat Bhatnagar,HR,Recruitment Specialist,66,92.35,95.65,4.5,85.26,46,3.1,3,No,0,90.011,1.8140425531914894,62.0,Exceeds Expectations
844914,Urvi Sodhi,Marketing,SEO Specialist,57,84.43,84.93,3.0,91.72,42,4.9,22,No,0,83.392,2.1330232558139532,98.00000000000001,Exceeds Expectations
415369,Yuvraj  Dewan,Finance,Financial Analyst,79,75.4,84.35,3.5,70.36,50,4.6,10,No,0,74.1685,1.379607843137255,92.0,Meets Expectations
453419,Purab Tripathi,Sales,Sales Executive,75,61.68,95.9,4.4,79.17,40,3.9,9,No,0,76.8825,1.9309756097560975,78.0,Meets Expectations
833667,Urvi Kohli,Finance,Accountant,77,88.55,78.72,4.5,75.87,55,3.1,27,No,0,82.85499999999999,1.3548214285714286,62.0,Exceeds Expectations
272269,Yakshit Bhardwaj,HR,Employee Relations,67,74.57,82.8,3.2,75.85,40,4.9,29,No,0,74.66699999999999,1.8499999999999999,98.00000000000001,Meets Expectations
679064,Amira Shah,HR,Recruitment Specialist,81,71.0,84.44,4.0,75.07,52,3.8,18,No,0,75.7905,1.4164150943396225,76.0,Meets Expectations
499544,Anvi Butala,Sales,Account Manager,57,68.19,89.46,4.1,74.17,40,4.5,23,No,0,75.54499999999999,1.8090243902439025,90.0,Meets Expectations
330766,Navya Sant,Finance,Financial Analyst,100,88.8,91.37,3.1,91.07,43,3.0,19,No,0,85.96,2.0697727272727273,60.0,Exceeds Expectations
558287,Siya Wadhwa,Sales,Account Manager,94,79.82,92.1,4.6,75.01,45,3.3,2,No,0,81.8055,1.6306521739130435,65.99999999999999,Exceeds Expectations
618556,Rati Bir,Sales,Sales Executive,54,67.08,78.23,4.5,81.2,37,5.0,25,No,0,77.1325,2.136842105263158,100.0,Meets Expectations
892191,Sahil Ranganathan,Finance,Accountant,59,76.35,94.41,4.1,85.61,41,3.4,3,No,0,83.1475,2.038333333333333,68.0,Exceeds Expectations
992829,Nayantara Badami,Marketing,Content Strategist,78,81.63,84.16,3.7,95.73,53,4.5,6,No,0,85.79999999999998,1.7727777777777778,90.0,Exceeds Expectations
933322,Manikya Lala,HR,Recruitment Specialist,72,83.66,97.97,4.7,94.2,53,3.5,23,No,0,91.04649999999998,1.7444444444444445,70.0,Exceeds Expectations
197938,Vardaniya Saini,Sales,Account Manager,99,66.27,86.79,3.4,99.22,45,3.3,26,No,0,81.14,2.15695652173913,65.99999999999999,Exceeds Expectations
577031,Siya Wason,Finance,Accountant,91,64.0,75.04,3.6,72.37,51,3.4,29,No,0,69.7855,1.3917307692307692,68.0,Meets Expectations
681092,Samar Deshpande,Marketing,Content Strategist,88,60.13,95.92,4.8,81.69,48,3.8,12,No,0,78.42500000000001,1.667142857142857,76.0,Meets Expectations
241844,Aarush Anand,HR,Employee Relations,90,65.36,82.44,3.7,95.54,53,3.4,10,No,0,79.78099999999999,1.7692592592592593,68.0,Meets Expectations
246470,Riya Dash,HR,Employee Relations,67,62.21,98.71,4.0,87.38,46,4.7,20,No,0,79.163,1.8591489361702127,94.0,Meets Expectations
616652,Zaina Bhavsar,Finance,Auditor,95,65.52,78.55,3.6,81.16,37,3.7,19,No,0,73.92049999999999,2.1357894736842105,74.0,Meets Expectations
653355,Ela D’Alia,Sales,Sales Executive,55,94.08,90.09,4.9,96.42,36,3.3,13,No,0,94.88850000000001,2.605945945945946,65.99999999999999,Exceeds Expectations
434717,Miraan Seshadri,IT,Data Analyst,71,67.27,99.13,4.2,71.87,49,3.1,3,No,0,76.1685,1.4374,62.0,Meets Expectations
591325,Lakshit Banerjee,IT,Data Analyst,50,94.98,88.3,4.5,70.88,43,3.9,3,No,0,84.796,1.6109090909090908,78.0,Exceeds Expectations
110370,Kavya Joshi,Sales,Business Development,51,90.44,99.88,4.1,89.17,50,4.6,17,No,0,90.14549999999998,1.7484313725490197,92.0,Exceeds Expectations
102004,Tiya Doshi,IT,Data Analyst,78,86.84,92.39,3.3,87.05,37,4.2,20,No,0,84.62,2.2907894736842103,84.00000000000001,Exceeds Expectations
382404,Zara Borah,Finance,Accountant,79,70.94,80.52,4.3,97.75,46,3.3,7,No,0,84.01950000000001,2.0797872340425534,65.99999999999999,Exceeds Expectations
411592,Kabir Rajan,HR,HR Manager,76,75.33,82.59,4.4,85.34,46,3.9,13,No,0,81.823,1.815744680851064,78.0,Exceeds Expectations
564424,Himmat Apte,Marketing,Marketing Executive,71,68.87,84.24,3.7,82.45,53,4.3,12,No,0,76.698,1.526851851851852,86.0,Meets Expectations
506722,Tushar Ganesh,Finance,Financial Analyst,54,76.18,96.49,3.9,90.65,45,4.6,19,No,0,84.56400000000001,1.9706521739130436,92.0,Exceeds Expectations
314720,Divit Kapur,Sales,Account Manager,55,79.33,95.0,4.3,80.45,48,3.4,23,No,0,83.07300000000001,1.6418367346938776,68.0,Exceeds Expectations
746048,Sana Toor,Marketing,Marketing Executive,53,62.73,75.98,3.1,91.11,41,4.9,6,No,0,74.541,2.1692857142857145,98.00000000000001,Meets Expectations
486826,Darshit Saha,IT,Software Engineer,71,85.57,83.69,4.7,86.91,41,4.1,11,No,0,87.02149999999999,2.0692857142857144,82.0,Exceeds Expectations
207236,Ahana  Mane,Sales,Business Development,55,81.84,97.85,4.6,89.37,38,3.3,22,No,0,88.401,2.2915384615384617,65.99999999999999,Exceeds Expectations
684505,Manikya D’Alia,Finance,Auditor,76,67.53,90.51,3.7,85.38,47,3.7,8,No,0,78.195,1.7787499999999998,74.0,Meets Expectations
738017,Kaira Grover,HR,HR Manager,84,87.53,91.67,3.6,85.6,46,3.1,2,No,0,85.14599999999999,1.8212765957446808,62.0,Exceeds Expectations
260624,Samar Bhatnagar,Finance,Financial Analyst,75,92.76,83.76,4.7,73.44,50,5.0,23,No,0,84.834,1.44,100.0,Exceeds Expectations
423442,Onkar Sha,IT,Cybersecurity Specialist,54,74.6,86.92,4.3,76.44,42,3.1,28,No,0,78.80199999999999,1.7776744186046511,62.0,Meets Expectations
511897,Anya Raman,Finance,Accountant,51,76.63,88.95,4.1,96.74,37,4.7,0,No,0,86.32199999999999,2.5457894736842106,94.0,Exceeds Expectations
238458,Farhan Chandran,Finance,Financial Analyst,60,69.57,79.61,3.8,86.68,36,3.9,2,No,0,78.02900000000001,2.3427027027027028,78.0,Meets Expectations
400150,Renee Sant,Finance,Financial Analyst,88,68.9,94.72,4.9,93.28,54,4.0,25,No,0,85.671,1.696,80.0,Exceeds Expectations
641882,Kavya Desai,Finance,Accountant,57,84.28,89.75,4.2,96.56,51,3.6,16,No,0,89.3565,1.856923076923077,72.0,Exceeds Expectations
816666,Ela Chaudry,Sales,Sales Executive,77,64.3,92.03,4.2,98.39,35,4.8,18,No,0,83.34599999999999,2.7330555555555556,96.0,Exceeds Expectations
801023,Taimur Kar,Marketing,Content Strategist,55,88.27,79.05,3.1,75.58,42,4.5,20,No,0,78.505,1.7576744186046511,90.0,Meets Expectations
299648,Hazel Dugar,IT,Data Analyst,73,81.41,99.0,3.6,99.69,42,3.4,27,No,0,89.03499999999998,2.318372093023256,68.0,Exceeds Expectations
421407,Vaibhav Sekhon,Sales,Sales Executive,67,81.51,82.49,4.7,83.78,53,3.5,8,No,0,84.32499999999999,1.5514814814814815,70.0,Exceeds Expectations
712303,Ahana  Chowdhury,Marketing,Content Strategist,53,73.55,93.91,3.8,96.69,54,3.7,7,No,0,85.0705,1.758,74.0,Exceeds Expectations
890908,Nehmat Krishnan,Finance,Auditor,60,78.56,83.71,4.2,84.07,52,4.7,1,No,0,82.07699999999998,1.5862264150943395,94.0,Exceeds Expectations
331236,Shanaya Keer,Finance,Accountant,86,76.91,90.05,3.5,85.31,42,4.8,13,Yes,1,80.7845,1.983953488372093,96.0,Exceeds Expectations
663581,Siya Bora,Marketing,Marketing Executive,93,66.16,96.87,3.1,90.85,51,3.8,30,No,0,78.78399999999999,1.7471153846153844,76.0,Meets Expectations
226849,Kavya Yadav,Finance,Financial Analyst,51,76.49,76.33,3.5,98.13,38,4.6,7,No,0,83.06649999999999,2.516153846153846,92.0,Exceeds Expectations
315163,Mahika Upadhyay,Sales,Sales Executive,99,79.0,75.66,4.3,81.53,47,3.2,12,No,0,80.4345,1.6985416666666666,64.0,Exceeds Expectations
184662,Baiju Guha,Sales,Business Development,62,75.26,77.59,4.3,90.19,45,4.4,4,No,0,82.446,1.9606521739130434,88.00000000000001,Exceeds Expectations
114390,Saksham Tandon,IT,Software Engineer,64,91.63,86.55,3.0,82.98,40,4.6,12,No,0,83.09599999999999,2.0239024390243903,92.0,Exceeds Expectations
415417,Pihu Behl,IT,Software Engineer,97,72.41,97.63,4.4,81.28,38,3.3,4,No,0,81.636,2.0841025641025643,65.99999999999999,Exceeds Expectations
619849,Navya Barad,Sales,Sales Executive,65,91.81,77.99,3.5,78.09,35,4.8,26,No,0,81.6635,2.169166666666667,96.0,Exceeds Expectations
314472,Suhana Hans,Finance,Accountant,72,77.95,79.33,4.0,91.85,35,5.0,8,No,0,83.3295,2.551388888888889,100.0,Exceeds Expectations
982874,Yuvraj  Chauhan,Finance,Financial Analyst,68,75.02,90.27,3.4,75.58,38,4.3,15,No,0,76.45049999999999,1.9379487179487178,86.0,Meets Expectations
257706,Sana Chaudhari,HR,HR Manager,52,88.75,81.52,3.5,97.35,49,5.0,23,No,0,87.86299999999999,1.9469999999999998,100.0,Exceeds Expectations
675227,Amani Walia,Finance,Accountant,51,61.18,80.95,4.2,97.5,53,3.7,30,No,0,80.28049999999999,1.8055555555555556,74.0,Exceeds Expectations
405565,Krish Sehgal,IT,Software Engineer,58,84.83,75.55,4.2,98.17,39,4.0,11,No,0,87.98249999999999,2.45425,80.0,Exceeds Expectations
845621,Navya Kar,HR,Employee Relations,84,85.09,78.46,3.1,79.7,53,3.0,0,No,0,78.74549999999999,1.475925925925926,60.0,Meets Expectations
633964,Jayan Sawhney,Finance,Financial Analyst,80,73.73,82.65,4.4,79.64,52,5.0,28,No,0,79.277,1.5026415094339622,100.0,Meets Expectations
161961,Arhaan Chaudhari,Finance,Auditor,66,79.46,96.0,4.4,88.65,48,3.5,1,No,0,86.43849999999999,1.8091836734693878,70.0,Exceeds Expectations
573316,Taran Karnik,IT,Software Engineer,82,72.03,86.55,3.7,93.19,42,4.5,21,No,0,81.9095,2.167209302325581,90.0,Exceeds Expectations
616877,Anahita Tripathi,IT,Software Engineer,55,84.68,90.22,4.2,95.62,46,4.7,2,No,0,89.238,2.034468085106383,94.0,Exceeds Expectations
811762,Renee Mannan,Sales,Account Manager,73,64.94,85.36,4.6,73.06,39,4.1,24,No,0,74.904,1.8265,82.0,Meets Expectations
186662,Sumer Master,HR,Employee Relations,56,92.59,99.99,4.9,93.97,36,4.7,25,No,0,94.99449999999999,2.53972972972973,94.0,Exceeds Expectations
985305,Nakul Kapoor,Sales,Account Manager,95,70.46,92.47,3.5,80.24,54,4.0,30,No,0,77.1155,1.4589090909090907,80.0,Meets Expectations
533315,Azad Tiwari,Sales,Account Manager,85,88.45,84.48,3.9,88.46,46,3.4,25,No,0,86.2905,1.882127659574468,68.0,Exceeds Expectations
723420,Dhanuk Jain,Marketing,Marketing Executive,83,60.93,94.03,4.9,77.45,38,3.7,27,No,0,77.2375,1.985897435897436,74.0,Meets Expectations
667843,Advik Gala,Sales,Sales Executive,75,77.41,80.85,3.9,76.83,39,3.4,4,No,0,77.8115,1.92075,68.0,Meets Expectations
472796,Sahil Sunder,Marketing,Marketing Executive,94,64.77,76.19,3.9,90.59,35,4.1,22,Yes,1,77.5045,2.516388888888889,82.0,Meets Expectations
959539,Arnav Dixit,IT,Software Engineer,58,77.94,87.9,3.3,82.79,36,4.9,17,No,0,79.3405,2.237567567567568,98.00000000000001,Meets Expectations
130745,Manjari Agrawal,IT,Cybersecurity Specialist,99,86.4,89.54,3.2,85.66,52,3.3,24,No,0,83.252,1.6162264150943395,65.99999999999999,Exceeds Expectations
228663,Indrans Mall,Finance,Accountant,90,88.89,89.48,3.9,81.52,38,4.0,4,No,0,84.7655,2.0902564102564103,80.0,Exceeds Expectations
271632,Samaira Kashyap,Sales,Sales Executive,54,70.85,87.23,4.8,90.04,44,3.3,22,No,0,83.79599999999999,2.000888888888889,65.99999999999999,Exceeds Expectations
571695,Gatik Raj,Marketing,SEO Specialist,57,76.97,94.5,4.3,77.41,47,4.6,9,No,0,81.108,1.6127083333333332,92.0,Exceeds Expectations
964277,Rhea Dara,Finance,Accountant,93,90.78,82.06,4.2,90.52,35,4.1,18,Yes,1,88.36399999999999,2.5144444444444445,82.0,Exceeds Expectations
243975,Tejas Chandran,Marketing,Marketing Executive,57,81.42,78.67,3.3,75.53,54,3.4,25,No,0,76.63300000000001,1.3732727272727272,68.0,Meets Expectations
450629,Zaina Rau,IT,Data Analyst,86,62.69,89.06,4.5,99.93,45,4.5,4,Yes,1,83.776,2.1723913043478262,90.0,Exceeds Expectations
680706,Siya Sura,Finance,Financial Analyst,93,63.82,80.58,4.4,81.8,54,3.2,17,No,0,76.254,1.4872727272727273,64.0,Meets Expectations
345340,Ehsaan Gara,Sales,Account Manager,73,92.07,91.58,4.3,82.73,45,4.4,20,No,0,87.81700000000001,1.7984782608695653,88.00000000000001,Exceeds Expectations
785165,Nayantara Reddy,Sales,Account Manager,61,85.01,80.6,4.8,72.42,41,3.1,14,No,0,81.59049999999999,1.7242857142857144,62.0,Exceeds Expectations
335553,Ishaan Ravel,IT,Software Engineer,58,87.52,95.73,3.8,87.79,52,3.6,12,No,0,87.11800000000001,1.6564150943396228,72.0,Exceeds Expectations
627046,Jiya Krishna,IT,Cybersecurity Specialist,72,77.14,87.91,3.7,81.63,38,4.3,30,No,0,79.85599999999998,2.093076923076923,86.0,Meets Expectations
482010,Adah Tandon,Finance,Accountant,54,65.69,96.56,3.5,98.3,35,3.1,10,No,0,82.38049999999998,2.7305555555555556,62.0,Exceeds Expectations
850939,Tara Ramachandran,Sales,Business Development,56,70.9,86.6,3.4,83.26,51,3.2,18,No,0,77.146,1.6011538461538461,64.0,Meets Expectations
932001,Hrishita Chawla,Finance,Auditor,55,80.49,89.74,4.0,94.97,37,4.1,8,No,0,86.87199999999999,2.4992105263157893,82.0,Exceeds Expectations
173989,Siya Manne,IT,Cybersecurity Specialist,96,61.5,98.13,4.0,85.17,39,3.7,17,No,0,78.054,2.12925,74.0,Meets Expectations
340732,Divij Lal,Marketing,SEO Specialist,59,74.05,76.52,3.9,76.26,49,4.7,15,No,0,75.78649999999999,1.5252000000000001,94.0,Meets Expectations
800277,Dhruv Bains,Finance,Accountant,99,77.66,80.18,4.8,87.85,54,4.3,13,Yes,1,84.3555,1.5972727272727272,86.0,Exceeds Expectations
436324,Aaina Sahota,HR,Employee Relations,100,76.96,77.9,4.5,83.25,50,3.5,15,No,0,81.2585,1.6323529411764706,70.0,Exceeds Expectations
929892,Pihu Mannan,Marketing,Content Strategist,58,67.92,90.54,4.2,96.22,55,3.1,25,No,0,83.63,1.7182142857142857,62.0,Exceeds Expectations
889952,Yuvaan Walia,HR,Recruitment Specialist,80,86.33,80.76,4.3,80.88,38,4.1,0,No,0,83.53750000000001,2.0738461538461537,82.0,Exceeds Expectations
556253,Azad Bhatia,HR,Employee Relations,80,77.85,87.13,4.8,76.93,47,4.4,22,No,0,81.64249999999998,1.6027083333333334,88.00000000000001,Exceeds Expectations
598176,Jiya Hegde,Finance,Auditor,83,79.9,84.04,3.1,92.57,41,3.4,8,No,0,82.27049999999998,2.204047619047619,68.0,Exceeds Expectations
214260,Ritvik Suri,IT,Cybersecurity Specialist,82,79.61,88.07,3.2,88.06,49,4.3,15,No,0,81.49499999999999,1.7612,86.0,Exceeds Expectations
472565,Ahana  Bains,HR,HR Manager,81,85.26,82.08,4.7,92.66,48,4.5,28,No,0,88.684,1.8910204081632653,90.0,Exceeds Expectations
357116,Stuvan Gour,Sales,Account Manager,75,79.76,84.97,4.4,84.33,44,3.1,13,No,0,83.377,1.8739999999999999,62.0,Exceeds Expectations
146234,Dharmajan Deshpande,Finance,Accountant,81,81.86,97.73,3.4,77.74,46,3.1,27,No,0,80.7195,1.6540425531914893,62.0,Exceeds Expectations
344684,Miraya Bala,IT,Data Analyst,55,77.3,76.0,3.6,71.76,35,3.7,3,No,0,74.371,1.9933333333333334,74.0,Meets Expectations
993445,Yuvaan Ramachandran,Marketing,Marketing Executive,66,66.74,89.24,4.7,82.18,50,4.3,0,No,0,79.60799999999999,1.611372549019608,86.0,Meets Expectations
524782,Umang Ramaswamy,IT,Data Analyst,74,84.66,75.96,3.6,98.97,41,3.2,17,No,0,86.4645,2.3564285714285713,64.0,Exceeds Expectations
115040,Sana Venkatesh,HR,Employee Relations,86,87.64,88.71,3.7,83.11,52,3.4,14,No,0,84.16899999999998,1.5681132075471698,68.0,Exceeds Expectations
737658,Anika Sundaram,Sales,Business Development,51,83.31,96.8,3.1,99.43,52,3.6,1,No,0,87.779,1.8760377358490568,72.0,Exceeds Expectations
606498,Elakshi Wason,Marketing,Marketing Executive,81,60.23,98.26,3.1,90.2,52,3.9,23,No,0,76.6895,1.7018867924528303,78.0,Meets Expectations
894280,Dharmajan Ahluwalia,IT,Software Engineer,68,70.38,88.67,3.9,84.7,54,4.5,29,No,0,79.2785,1.54,90.0,Meets Expectations
214698,Samiha Varghese,Finance,Financial Analyst,60,90.21,86.4,4.1,88.94,47,3.6,14,No,0,87.96249999999999,1.8529166666666665,72.0,Exceeds Expectations
262682,Saira Kurian,IT,Software Engineer,50,73.11,85.58,4.6,91.35,49,5.0,1,No,0,84.198,1.827,100.0,Exceeds Expectations
868872,Purab Yohannan,Finance,Auditor,60,64.64,91.15,3.9,84.49,44,4.9,7,No,0,77.568,1.8775555555555554,98.00000000000001,Meets Expectations
316427,Renee Mahal,HR,Recruitment Specialist,85,60.21,90.29,4.7,98.98,49,4.5,13,No,0,83.35999999999999,1.9796,90.0,Exceeds Expectations
831117,Vardaniya Chaudhari,Finance,Financial Analyst,74,68.83,88.26,4.1,88.09,55,4.0,20,No,0,80.461,1.5730357142857143,80.0,Exceeds Expectations
449942,Gatik Ratta,IT,Cybersecurity Specialist,62,80.37,88.22,3.8,95.63,36,3.5,1,No,0,86.233,2.5845945945945945,70.0,Exceeds Expectations
191554,Mehul Jayaraman,IT,Software Engineer,51,86.05,84.58,3.4,99.28,43,4.8,12,No,0,87.7525,2.2563636363636363,96.0,Exceeds Expectations
544255,Advika Kannan,Sales,Sales Executive,50,83.85,96.19,4.1,92.16,50,4.4,14,No,0,88.332,1.8070588235294116,88.00000000000001,Exceeds Expectations
562922,Dhanush Kohli,Finance,Auditor,92,61.14,84.56,4.0,95.61,50,4.2,2,Yes,1,79.5465,1.8747058823529412,84.00000000000001,Meets Expectations
858934,Samiha Wadhwa,Marketing,Marketing Executive,54,83.06,85.72,4.6,79.66,41,4.4,16,No,0,83.61,1.8966666666666665,88.00000000000001,Exceeds Expectations
314014,Neelofar Chakraborty,Sales,Account Manager,72,79.72,92.35,3.2,71.89,40,5.0,24,No,0,76.51599999999999,1.7534146341463415,100.0,Meets Expectations
481431,Oorja Dar,Sales,Sales Executive,68,79.06,80.2,3.8,74.49,46,3.6,4,No,0,77.1725,1.5848936170212764,72.0,Meets Expectations
296027,Piya Gole,HR,HR Manager,73,68.13,89.76,5.0,95.12,41,4.2,29,No,0,85.6015,2.264761904761905,84.00000000000001,Exceeds Expectations
925720,Dhanush Rau,HR,Employee Relations,99,75.01,78.57,3.6,71.17,48,4.2,29,Yes,1,73.74849999999999,1.4524489795918367,84.00000000000001,Meets Expectations
224768,Azad Sarin,HR,HR Manager,96,81.53,85.43,4.9,96.44,45,4.3,1,Yes,1,89.804,2.0965217391304347,86.0,Exceeds Expectations
283315,Hridaan Sangha,Sales,Sales Executive,76,64.61,94.34,4.2,79.93,50,3.8,9,No,0,77.33999999999999,1.5672549019607844,76.0,Meets Expectations
350772,Emir Bobal,IT,Data Analyst,65,81.02,93.52,4.6,85.66,51,4.9,15,No,0,86.16599999999998,1.6473076923076921,98.00000000000001,Exceeds Expectations
721302,Nehmat Thakkar,HR,HR Manager,64,72.58,86.33,3.1,97.7,50,4.0,29,No,0,81.8475,1.915686274509804,80.0,Exceeds Expectations
420355,Sahil Warrior,Finance,Financial Analyst,88,61.75,78.58,3.5,79.5,37,3.3,29,No,0,71.7245,2.0921052631578947,65.99999999999999,Meets Expectations
680880,Azad Kashyap,Sales,Sales Executive,68,70.13,91.92,4.4,96.52,37,4.4,4,No,0,85.3155,2.54,88.00000000000001,Exceeds Expectations
736673,Drishya Lala,HR,HR Manager,66,85.89,89.31,3.3,88.83,45,3.1,14,No,0,84.44850000000001,1.931086956521739,62.0,Exceeds Expectations
420188,Divit Bajaj,Sales,Business Development,66,64.29,98.0,3.3,70.61,45,3.8,14,No,0,71.81500000000001,1.535,76.0,Meets Expectations
610097,Nayantara Sabharwal,Marketing,Marketing Executive,76,91.68,89.27,4.2,95.96,53,3.5,8,No,0,91.6645,1.777037037037037,70.0,Exceeds Expectations
471042,Yashvi D’Alia,Marketing,Marketing Executive,96,80.18,82.92,4.1,96.08,48,4.8,17,Yes,1,86.429,1.9608163265306122,96.0,Exceeds Expectations
327132,Aradhya Virk,Sales,Sales Executive,93,92.51,82.54,3.2,95.19,55,3.3,3,No,0,87.67599999999999,1.6998214285714286,65.99999999999999,Exceeds Expectations
704161,Darshit Saran,Marketing,Content Strategist,93,85.53,93.61,3.8,89.12,52,4.1,3,Yes,1,86.569,1.6815094339622643,82.0,Exceeds Expectations
692903,Vihaan Chakrabarti,Finance,Accountant,56,79.79,85.73,3.5,81.3,40,3.2,14,No,0,79.741,1.9829268292682927,64.0,Meets Expectations
532049,Ehsaan Upadhyay,HR,Employee Relations,71,63.72,97.88,4.4,83.92,42,3.6,23,No,0,79.556,1.9516279069767442,72.0,Meets Expectations
880641,Lavanya Sidhu,IT,Data Analyst,60,92.71,80.45,4.7,77.35,38,4.4,11,No,0,85.68849999999999,1.9833333333333332,88.00000000000001,Exceeds Expectations
636931,Akarsh Madan,IT,Cybersecurity Specialist,91,79.12,97.42,3.3,79.64,50,4.3,4,Yes,1,80.07900000000001,1.5615686274509804,86.0,Exceeds Expectations
182318,Alia Rout,Sales,Sales Executive,80,64.11,91.63,4.3,90.41,51,3.2,15,No,0,80.7265,1.738653846153846,64.0,Exceeds Expectations
669867,Hridaan Chhabra,Finance,Financial Analyst,63,74.54,80.18,3.4,99.61,38,4.0,13,No,0,83.1795,2.554102564102564,80.0,Exceeds Expectations
581080,Yakshit Kade,HR,Recruitment Specialist,84,60.04,94.97,4.5,72.76,53,3.8,29,No,0,74.22550000000001,1.3474074074074076,76.0,Meets Expectations
637688,Arhaan Aurora,Sales,Account Manager,83,88.77,86.05,4.2,70.45,39,4.6,8,No,0,81.2345,1.76125,92.0,Exceeds Expectations
306594,Nishith Venkatesh,IT,Cybersecurity Specialist,82,70.89,82.57,4.6,92.68,52,3.3,18,No,0,83.43499999999999,1.748679245283019,65.99999999999999,Exceeds Expectations
452579,Taimur Sandal,Finance,Financial Analyst,69,61.39,91.16,4.9,95.6,50,3.3,5,No,0,83.3205,1.8745098039215684,65.99999999999999,Exceeds Expectations
732997,Madhav Samra,Finance,Auditor,53,67.78,91.33,4.6,96.66,40,3.1,1,No,0,85.05349999999999,2.357560975609756,62.0,Exceeds Expectations
586583,Seher Chaudry,HR,Recruitment Specialist,53,91.99,85.72,4.2,91.29,37,4.9,2,No,0,89.606,2.402368421052632,98.00000000000001,Exceeds Expectations
807421,Arnav Bassi,Finance,Accountant,70,71.03,95.65,4.5,92.86,48,4.1,30,No,0,85.20899999999999,1.8951020408163266,82.0,Exceeds Expectations
628378,Faiyaz Raja,HR,Employee Relations,67,86.73,97.73,4.9,85.52,49,3.9,10,No,0,89.64699999999999,1.7104,78.0,Exceeds Expectations
752945,Jivin Agate,Finance,Accountant,95,70.3,94.48,4.2,82.99,43,3.3,1,No,0,80.42349999999999,1.8861363636363635,65.99999999999999,Exceeds Expectations
119080,Alisha Kalita,Marketing,Marketing Executive,100,67.43,87.72,4.5,82.02,40,4.6,5,Yes,1,78.96549999999999,2.000487804878049,92.0,Meets Expectations
490265,Anaya Dyal,IT,Software Engineer,64,63.32,86.0,3.6,73.79,35,3.7,17,No,0,71.6885,2.0497222222222224,74.0,Meets Expectations
124188,Tiya Bhatnagar,IT,Data Analyst,92,77.23,86.99,4.2,76.4,41,4.6,29,Yes,1,79.419,1.8190476190476192,92.0,Meets Expectations
563352,Yuvraj  Ghosh,IT,Cybersecurity Specialist,80,91.3,85.07,4.3,74.12,47,3.2,16,No,0,83.5575,1.5441666666666667,64.0,Exceeds Expectations
737168,Piya Sharma,HR,Employee Relations,96,75.99,91.79,3.4,95.84,36,4.2,26,Yes,1,84.109,2.5902702702702705,84.00000000000001,Exceeds Expectations
708706,Ishaan Buch,Finance,Auditor,96,91.91,98.8,4.5,78.27,38,3.4,5,No,0,87.88299999999998,2.006923076923077,68.0,Exceeds Expectations
658558,Chirag Upadhyay,HR,HR Manager,61,76.35,86.95,3.8,94.81,35,4.6,19,No,0,84.3485,2.633611111111111,92.0,Exceeds Expectations
664475,Shayak Sibal,IT,Cybersecurity Specialist,65,93.19,79.86,4.1,99.77,41,4.1,1,No,0,91.815,2.3754761904761903,82.0,Exceeds Expectations
698276,Ryan Bassi,Sales,Business Development,91,87.02,88.08,4.6,79.76,37,4.5,30,Yes,1,85.38499999999999,2.0989473684210527,90.0,Exceeds Expectations
205046,Advika Aurora,Sales,Sales Executive,74,75.49,80.76,4.2,80.52,35,4.2,28,No,0,79.3175,2.2366666666666664,84.00000000000001,Meets Expectations
102988,Hansh Kakar,Sales,Sales Executive,91,71.64,93.84,3.3,83.87,41,3.1,1,No,0,78.40450000000001,1.996904761904762,62.0,Meets Expectations
219699,Saksham Mahal,Finance,Auditor,63,84.47,91.01,4.7,90.65,41,5.0,1,No,0,89.0435,2.1583333333333337,100.0,Exceeds Expectations
589664,Piya Wadhwa,Marketing,SEO Specialist,69,83.1,77.79,5.0,85.89,47,4.7,0,No,0,85.815,1.789375,94.0,Exceeds Expectations
536049,Krish Chatterjee,Finance,Financial Analyst,98,61.78,77.14,4.8,80.96,43,3.5,22,No,0,75.92999999999998,1.8399999999999999,70.0,Meets Expectations
817248,Indranil Srinivasan,Marketing,SEO Specialist,96,79.93,75.04,4.3,78.99,38,4.2,24,Yes,1,79.778,2.025384615384615,84.00000000000001,Meets Expectations
815629,Ranbir Sandal,IT,Data Analyst,57,62.32,84.92,3.8,79.96,35,4.9,23,No,0,73.93599999999999,2.221111111111111,98.00000000000001,Meets Expectations
936216,Ayesha Doshi,Marketing,Content Strategist,51,82.49,94.2,4.3,87.31,35,3.2,12,No,0,86.46,2.4252777777777776,64.0,Exceeds Expectations
466622,Vedika Lall,Marketing,Marketing Executive,82,71.91,91.49,3.3,71.39,38,4.3,18,No,0,73.77850000000001,1.8305128205128205,86.0,Meets Expectations
935629,Damini Karan,HR,Recruitment Specialist,54,73.16,97.07,3.7,99.33,41,3.6,11,No,0,86.03199999999998,2.3649999999999998,72.0,Exceeds Expectations
349070,Elakshi Raj,IT,Data Analyst,79,92.75,98.57,4.6,99.75,55,4.4,15,No,0,95.9605,1.78125,88.00000000000001,Exceeds Expectations
383339,Tejas Sankaran,Marketing,Content Strategist,91,76.89,81.92,3.0,75.18,38,5.0,2,Yes,1,74.5125,1.9276923076923078,100.0,Meets Expectations
400391,Anahita Dutta,Sales,Sales Executive,84,92.51,75.23,3.4,84.25,39,4.8,0,No,0,83.3505,2.10625,96.0,Exceeds Expectations
243690,Vritika Sibal,Marketing,Marketing Executive,70,89.02,80.42,3.0,81.72,53,4.9,6,No,0,80.82199999999999,1.5133333333333334,98.00000000000001,Exceeds Expectations
457483,Vihaan Manne,Sales,Sales Executive,65,74.98,87.52,4.8,86.01,52,3.4,24,No,0,83.87449999999998,1.6228301886792453,68.0,Exceeds Expectations
208148,Aarav Sengupta,HR,Recruitment Specialist,81,91.34,83.42,4.9,78.38,43,3.6,10,No,0,86.615,1.7813636363636363,72.0,Exceeds Expectations
808742,Jiya Iyengar,Marketing,Marketing Executive,54,93.6,99.96,3.4,86.99,45,4.8,17,No,0,88.4005,1.891086956521739,96.0,Exceeds Expectations
696581,Armaan Salvi,Marketing,Marketing Executive,61,87.7,75.8,3.3,89.79,55,4.2,11,No,0,83.39150000000001,1.6033928571428573,84.00000000000001,Exceeds Expectations
640400,Myra Trivedi,IT,Cybersecurity Specialist,98,84.83,95.31,4.8,91.1,46,3.2,29,No,0,90.27199999999999,1.9382978723404254,64.0,Exceeds Expectations
716141,Vritika Dube,IT,Data Analyst,72,71.12,96.16,3.3,89.83,49,4.7,11,No,0,80.6565,1.7966,94.0,Exceeds Expectations
818099,Onkar Dugar,IT,Software Engineer,65,79.42,94.87,4.2,70.48,38,4.5,9,No,0,79.2955,1.8071794871794873,90.0,Meets Expectations
362484,Alisha Kannan,Finance,Auditor,62,90.4,80.9,3.6,92.32,52,5.0,23,No,0,86.887,1.74188679245283,100.0,Exceeds Expectations
347937,Onkar Balakrishnan,HR,Employee Relations,86,94.42,75.99,4.8,93.68,53,3.8,18,No,0,91.6335,1.734814814814815,76.0,Exceeds Expectations
298334,Samarth Thaman,IT,Cybersecurity Specialist,66,62.65,76.56,4.5,73.18,39,4.9,8,No,0,72.52449999999999,1.8295000000000001,98.00000000000001,Meets Expectations
627137,Zaina Banerjee,IT,Cybersecurity Specialist,60,78.45,96.8,4.0,90.35,54,3.9,13,No,0,85.6,1.6427272727272726,78.0,Exceeds Expectations
393803,Parinaaz Raj,HR,Employee Relations,69,78.96,93.15,4.7,75.24,48,4.2,29,No,0,82.04249999999999,1.5355102040816326,84.00000000000001,Exceeds Expectations
364851,Krish Sama,HR,Recruitment Specialist,51,64.07,82.6,3.6,73.63,43,4.8,8,No,0,71.38499999999999,1.6734090909090908,96.0,Meets Expectations
266354,Prerak Kara,Sales,Sales Executive,95,70.74,94.74,4.2,82.77,49,4.6,21,Yes,1,80.53949999999999,1.6554,92.0,Exceeds Expectations
615377,Vihaan Hegde,Marketing,Content Strategist,94,79.89,80.97,4.6,92.13,44,4.7,3,Yes,1,86.15249999999999,2.0473333333333334,94.0,Exceeds Expectations
770107,Riya Soni,Finance,Auditor,64,69.83,82.21,4.6,71.01,50,4.4,26,No,0,75.4255,1.3923529411764708,88.00000000000001,Meets Expectations
575847,Yuvraj  Bhat,Sales,Business Development,50,92.6,95.73,3.3,92.89,36,4.2,23,No,0,89.181,2.5105405405405405,84.00000000000001,Exceeds Expectations
604572,Rasha Lala,Sales,Sales Executive,81,88.21,79.32,4.4,73.46,39,4.6,24,No,0,81.68249999999999,1.8364999999999998,92.0,Exceeds Expectations
729190,Devansh Behl,Marketing,Content Strategist,77,90.79,75.54,4.3,75.73,49,3.5,26,No,0,82.513,1.5146000000000002,70.0,Exceeds Expectations
722835,Kartik Vaidya,Marketing,Marketing Executive,86,81.2,76.39,4.7,88.85,38,3.3,2,No,0,85.076,2.278205128205128,65.99999999999999,Exceeds Expectations
901257,Nakul Sane,Finance,Financial Analyst,53,73.52,82.66,4.3,78.23,41,3.9,29,No,0,78.4115,1.8626190476190476,78.0,Meets Expectations
779481,Rasha Sundaram,Finance,Auditor,84,93.56,77.92,3.7,98.9,47,3.2,13,No,0,90.149,2.060416666666667,64.0,Exceeds Expectations
647097,Aarna Aggarwal,HR,HR Manager,75,75.35,82.22,4.1,97.3,44,4.2,28,No,0,85.06049999999999,2.1622222222222223,84.00000000000001,Exceeds Expectations
498714,Kavya Chaudhuri,Sales,Business Development,61,67.24,81.29,5.0,74.2,53,3.6,23,No,0,76.69749999999999,1.3740740740740742,72.0,Meets Expectations
697184,Jiya Bhattacharyya,HR,HR Manager,77,79.26,83.83,3.1,73.0,48,4.3,0,No,0,75.1655,1.489795918367347,86.0,Meets Expectations
879133,Nishith Luthra,Marketing,Content Strategist,51,85.35,75.26,4.8,85.73,46,3.3,28,No,0,85.56699999999998,1.8240425531914894,65.99999999999999,Exceeds Expectations
101319,Rasha Taneja,Marketing,Content Strategist,94,94.56,81.58,4.2,78.81,36,4.1,0,Yes,1,85.5165,2.13,82.0,Exceeds Expectations
383680,Bhavin Gandhi,HR,Employee Relations,100,72.57,92.73,3.0,81.93,37,3.2,3,No,0,76.9845,2.1560526315789477,64.0,Meets Expectations
532562,Tushar Gala,IT,Software Engineer,63,86.47,97.51,3.5,99.46,50,5.0,8,No,0,90.202,1.9501960784313723,100.0,Exceeds Expectations
544561,Saanvi Raju,Finance,Auditor,72,68.55,86.23,4.4,90.71,40,3.7,26,No,0,81.8755,2.212439024390244,74.0,Exceeds Expectations
600619,Lagan Vaidya,Finance,Financial Analyst,54,77.8,91.49,3.8,93.43,35,3.3,19,No,0,85.054,2.595277777777778,65.99999999999999,Exceeds Expectations
406414,Saanvi Jha,Finance,Financial Analyst,98,61.89,83.01,3.7,78.55,51,3.2,11,No,0,72.7055,1.510576923076923,64.0,Meets Expectations
465158,Indrans Sehgal,Finance,Auditor,74,66.15,83.3,4.8,91.83,42,3.7,28,No,0,82.18799999999999,2.135581395348837,74.0,Exceeds Expectations
998180,Kimaya Khurana,HR,HR Manager,96,88.57,87.29,4.4,79.0,39,4.5,14,Yes,1,84.943,1.975,90.0,Exceeds Expectations
521118,Jayant Korpal,IT,Data Analyst,78,66.35,96.82,4.3,77.96,55,3.1,21,No,0,77.9315,1.3921428571428571,62.0,Meets Expectations
146964,Kavya Choudhury,IT,Data Analyst,65,77.53,98.66,3.2,79.54,36,3.1,10,No,0,79.3735,2.1497297297297298,62.0,Meets Expectations
959628,Lavanya Mangat,Marketing,Marketing Executive,77,83.45,84.07,4.8,97.62,50,3.2,7,No,0,90.38499999999999,1.9141176470588237,64.0,Exceeds Expectations
720368,Gokul Deep,HR,Recruitment Specialist,57,65.32,82.5,4.0,80.94,42,3.4,1,No,0,75.56599999999999,1.8823255813953488,68.0,Meets Expectations
893936,Diya Babu,HR,HR Manager,62,61.17,89.53,3.4,92.35,38,3.1,25,No,0,77.3615,2.367948717948718,62.0,Meets Expectations
440512,Vidur Bera,Marketing,Content Strategist,100,80.26,86.94,4.5,75.26,54,3.5,28,No,0,80.973,1.3683636363636364,70.0,Exceeds Expectations
425069,Myra Kar,HR,HR Manager,92,70.24,94.15,3.7,88.58,52,4.0,27,No,0,80.80949999999999,1.671320754716981,80.0,Exceeds Expectations
120682,Devansh Badami,Sales,Business Development,93,79.27,85.2,4.4,75.63,35,4.7,30,Yes,1,80.195,2.100833333333333,94.0,Exceeds Expectations
753155,Yashvi Mangal,Sales,Sales Executive,57,88.55,83.91,4.0,91.33,52,3.7,6,No,0,87.5445,1.7232075471698114,74.0,Exceeds Expectations
399105,Samarth Sathe,Sales,Business Development,53,85.91,97.66,3.4,77.5,37,3.7,0,No,0,82.0425,2.039473684210526,74.0,Exceeds Expectations
800901,Tarini Deol,IT,Data Analyst,53,89.75,84.37,3.8,81.34,55,3.5,19,No,0,83.937,1.4525000000000001,70.0,Exceeds Expectations
245924,Dhanush Rastogi,Sales,Sales Executive,90,61.29,91.74,3.5,76.8,50,4.1,4,Yes,1,72.5925,1.5058823529411764,82.0,Meets Expectations
577958,Jayan Sani,Finance,Financial Analyst,60,64.18,79.58,4.6,80.33,44,3.8,18,No,0,76.3155,1.785111111111111,76.0,Meets Expectations
697287,Tara Rao,HR,HR Manager,55,76.87,75.93,4.4,75.87,43,3.0,29,No,0,78.0485,1.7243181818181819,60.0,Meets Expectations
472083,Saanvi Bora,IT,Software Engineer,63,67.15,92.23,4.7,74.41,47,3.6,20,No,0,77.48049999999999,1.5502083333333332,72.0,Meets Expectations
190712,Yasmin Sundaram,Finance,Auditor,75,85.85,85.17,4.1,86.1,45,3.9,22,No,0,85.25799999999998,1.8717391304347826,78.0,Exceeds Expectations
657379,Saira Bhatnagar,Sales,Sales Executive,66,79.74,80.07,4.5,72.74,55,4.0,15,No,0,78.87849999999999,1.2989285714285714,80.0,Meets Expectations
139338,Reyansh Date,Finance,Financial Analyst,98,61.08,99.13,3.8,94.38,36,4.3,8,Yes,1,80.6805,2.5508108108108107,86.0,Exceeds Expectations
822519,Drishya Loke,Finance,Accountant,86,86.8,90.67,3.4,73.37,38,3.0,16,No,0,79.86,1.8812820512820514,60.0,Meets Expectations
693816,Miraan Kara,IT,Data Analyst,71,70.4,80.44,4.6,80.31,37,3.2,24,No,0,78.61449999999999,2.113421052631579,64.0,Meets Expectations
528008,Vihaan Borah,Sales,Account Manager,82,65.01,97.83,4.4,77.85,45,4.0,9,No,0,77.87549999999999,1.692391304347826,80.0,Meets Expectations
726992,Himmat Manne,Sales,Sales Executive,64,89.79,93.7,4.6,87.56,46,4.2,20,No,0,89.9275,1.8629787234042554,84.00000000000001,Exceeds Expectations
919129,Ehsaan Bains,HR,HR Manager,85,67.21,80.28,3.4,76.55,50,3.3,30,No,0,72.55799999999999,1.5009803921568627,65.99999999999999,Meets Expectations
288216,Ela Agrawal,Sales,Account Manager,57,66.1,77.03,3.3,86.11,41,4.5,15,No,0,74.72800000000001,2.0502380952380954,90.0,Meets Expectations
829382,Eva Lad,Finance,Accountant,86,64.63,84.0,3.4,96.29,36,4.7,13,Yes,1,79.122,2.6024324324324324,94.0,Meets Expectations
411201,Devansh De,Marketing,SEO Specialist,78,84.04,83.51,4.0,70.1,44,4.8,12,No,0,78.4755,1.5577777777777777,96.0,Meets Expectations
232350,Mishti Sinha,HR,Recruitment Specialist,86,67.16,85.52,3.4,71.14,52,3.3,29,No,0,71.43299999999999,1.3422641509433961,65.99999999999999,Meets Expectations
757436,Taimur Bhatia,Sales,Business Development,66,77.43,91.8,4.4,93.28,35,3.3,16,No,0,86.71849999999999,2.591111111111111,65.99999999999999,Exceeds Expectations
215298,Aniruddh Manda,HR,Employee Relations,100,84.18,88.02,3.2,90.71,41,3.2,13,No,0,84.0145,2.1597619047619045,64.0,Exceeds Expectations
407191,Diya Sidhu,Sales,Business Development,93,67.74,83.89,4.6,70.31,41,3.1,16,No,0,74.701,1.674047619047619,62.0,Meets Expectations
655164,Aayush Dasgupta,Finance,Accountant,66,69.8,89.37,4.6,70.97,55,4.3,28,No,0,76.475,1.2673214285714285,86.0,Meets Expectations
461843,Shlok Bhasin,IT,Data Analyst,78,67.49,89.69,5.0,76.3,47,4.5,1,No,0,78.78,1.5895833333333333,90.0,Meets Expectations
127172,Himmat Chandran,HR,Employee Relations,57,61.57,96.12,4.3,75.49,37,4.4,17,No,0,75.289,1.986578947368421,88.00000000000001,Meets Expectations
297565,Elakshi Sane,IT,Data Analyst,76,87.73,100.0,4.7,88.21,55,3.7,17,No,0,90.67899999999999,1.5751785714285713,74.0,Exceeds Expectations
729491,Shlok Saran,HR,Employee Relations,51,61.67,94.06,3.9,77.12,47,4.9,22,No,0,74.3855,1.6066666666666667,98.00000000000001,Meets Expectations
728091,Reyansh Rout,IT,Cybersecurity Specialist,85,69.34,98.24,4.0,92.63,47,3.7,6,No,0,83.4255,1.9297916666666666,74.0,Exceeds Expectations
377988,Ojas Sood,Sales,Account Manager,83,67.63,80.69,3.0,96.14,39,3.1,9,No,0,78.423,2.4035,62.0,Meets Expectations
856933,Kiaan Shenoy,Sales,Business Development,97,85.91,96.27,4.6,96.49,47,4.9,22,Yes,1,92.08049999999999,2.0102083333333334,98.00000000000001,Exceeds Expectations
952873,Ahana  Raju,IT,Data Analyst,87,89.39,89.47,3.4,82.71,42,3.7,3,No,0,83.85549999999999,1.9234883720930231,74.0,Exceeds Expectations
666026,Pihu Balan,Finance,Financial Analyst,92,72.21,90.75,4.2,94.67,49,4.3,7,Yes,1,84.62049999999998,1.8934,86.0,Exceeds Expectations
953160,Jiya De,Sales,Sales Executive,57,64.03,93.75,3.1,98.61,50,4.9,13,No,0,80.2865,1.933529411764706,98.00000000000001,Exceeds Expectations
494930,Diya Lalla,HR,Recruitment Specialist,88,88.81,90.4,3.7,75.9,53,4.5,10,Yes,1,82.3085,1.4055555555555557,90.0,Exceeds Expectations
758984,Anaya Chandran,Sales,Business Development,61,79.1,97.92,4.2,72.49,52,3.6,19,No,0,80.34449999999998,1.3677358490566036,72.0,Exceeds Expectations
723744,Pari Rege,Sales,Account Manager,51,94.08,97.63,4.2,73.26,35,3.8,22,No,0,85.81349999999999,2.035,76.0,Exceeds Expectations
848235,Aayush Bir,Marketing,Content Strategist,72,75.76,81.02,3.8,81.35,42,3.5,22,No,0,78.54150000000001,1.891860465116279,70.0,Meets Expectations
344633,Zoya Agate,Finance,Accountant,80,93.18,98.53,4.4,91.59,52,5.0,5,No,0,92.649,1.72811320754717,100.0,Exceeds Expectations
458013,Saira Verma,Sales,Account Manager,71,78.43,96.34,3.1,83.12,40,4.3,14,No,0,80.29350000000001,2.0273170731707317,86.0,Exceeds Expectations
796792,Jayan Lalla,HR,Employee Relations,79,75.44,79.22,3.9,91.84,55,4.4,25,No,0,82.131,1.6400000000000001,88.00000000000001,Exceeds Expectations
656962,Nishith Srivastava,Finance,Financial Analyst,88,61.21,75.16,3.1,78.05,52,4.8,27,Yes,1,69.315,1.4726415094339622,96.0,Meets Expectations
949278,Arhaan Chahal,IT,Software Engineer,72,77.58,97.26,4.4,84.75,48,4.0,4,No,0,84.6045,1.7295918367346939,80.0,Exceeds Expectations
948826,Pranay Kalita,IT,Cybersecurity Specialist,95,72.69,87.88,3.3,76.52,46,3.5,7,No,0,75.3055,1.6280851063829787,70.0,Meets Expectations
278563,Heer Atwal,HR,Recruitment Specialist,69,78.55,76.49,4.8,78.97,48,4.3,5,No,0,81.00549999999998,1.6116326530612244,86.0,Exceeds Expectations
193666,Myra Mall,Finance,Accountant,61,92.19,81.33,3.5,84.17,41,4.2,13,No,0,84.4255,2.0040476190476193,84.00000000000001,Exceeds Expectations
467771,Mahika Hayre,IT,Cybersecurity Specialist,56,92.37,78.06,4.5,82.87,49,3.9,13,No,0,86.543,1.6574,78.0,Exceeds Expectations
305281,Biju Mane,Marketing,Content Strategist,80,65.2,93.17,3.9,74.66,49,3.3,29,No,0,74.6265,1.4931999999999999,65.99999999999999,Meets Expectations
771970,Samarth Acharya,HR,HR Manager,59,71.0,97.59,3.7,86.87,52,4.9,4,No,0,80.993,1.639056603773585,98.00000000000001,Exceeds Expectations
209083,Damini Malhotra,HR,HR Manager,99,79.53,96.02,4.6,88.53,52,3.8,0,No,0,87.02399999999999,1.6703773584905661,76.0,Exceeds Expectations
641990,Vritika Tara,Finance,Accountant,74,74.03,84.32,3.5,96.06,40,4.1,5,No,0,82.67949999999999,2.3429268292682925,82.0,Exceeds Expectations
838087,Damini Raju,Finance,Auditor,58,93.77,97.75,3.5,91.59,52,3.3,19,No,0,90.0385,1.72811320754717,65.99999999999999,Exceeds Expectations
245396,Jiya Wali,IT,Data Analyst,72,60.52,77.69,4.3,89.2,36,3.1,11,No,0,76.9555,2.410810810810811,62.0,Meets Expectations
935669,Vihaan Sura,Sales,Business Development,95,60.86,77.66,3.3,75.23,39,3.9,21,No,0,69.18050000000001,1.8807500000000001,78.0,Meets Expectations
716173,Saanvi Subramanian,HR,Employee Relations,91,65.44,81.12,3.5,79.83,53,4.0,23,No,0,73.51249999999999,1.4783333333333333,80.0,Meets Expectations
742750,Vivaan Saini,HR,Employee Relations,61,83.38,84.54,4.7,97.28,50,4.3,11,No,0,90.01199999999999,1.9074509803921569,86.0,Exceeds Expectations
187560,Aarav Karan,Marketing,Marketing Executive,54,85.46,81.0,4.8,84.77,51,4.6,27,No,0,86.13049999999998,1.6301923076923077,92.0,Exceeds Expectations
430854,Inaaya  Shan,IT,Data Analyst,81,86.11,98.13,4.2,70.43,50,4.1,14,No,0,82.10849999999999,1.3809803921568629,82.0,Exceeds Expectations
757424,Anahita Mallick,Finance,Accountant,95,60.26,83.93,4.0,78.23,41,3.9,20,No,0,73.061,1.8626190476190476,78.0,Meets Expectations
954259,Anya Ratta,IT,Cybersecurity Specialist,51,94.4,75.91,4.2,71.35,37,3.7,18,No,0,81.999,1.8776315789473683,74.0,Exceeds Expectations
733338,Nitara Shenoy,Finance,Financial Analyst,93,75.34,93.93,4.4,76.02,37,3.3,20,No,0,80.2655,2.0005263157894735,65.99999999999999,Exceeds Expectations
907038,Gokul Lalla,HR,Recruitment Specialist,61,71.96,99.78,3.5,89.26,41,4.6,9,No,0,81.89399999999999,2.125238095238095,92.0,Exceeds Expectations
767444,Diya Sandhu,Finance,Auditor,77,90.63,91.38,4.1,87.69,50,4.3,24,No,0,88.41899999999998,1.7194117647058824,86.0,Exceeds Expectations
213126,Seher Bali,IT,Data Analyst,88,67.52,83.44,3.5,72.34,36,3.1,13,No,0,71.96699999999998,1.9551351351351351,62.0,Meets Expectations
640097,Vivaan Krishna,IT,Software Engineer,72,71.06,94.43,3.3,76.05,35,4.5,7,No,0,75.553,2.1125,90.0,Meets Expectations
883472,Veer Sur,Marketing,Marketing Executive,63,64.1,76.82,4.2,83.88,49,3.3,11,No,0,75.91599999999998,1.6776,65.99999999999999,Meets Expectations
429927,Yasmin Som,Sales,Business Development,90,79.96,98.31,4.9,93.19,52,3.9,10,No,0,90.04899999999999,1.7583018867924527,78.0,Exceeds Expectations
920466,Oorja Kala,Sales,Sales Executive,65,92.01,87.05,3.9,72.35,37,3.2,5,No,0,82.2835,1.9039473684210524,64.0,Exceeds Expectations
618938,Misha Shenoy,HR,Employee Relations,98,88.2,84.25,4.1,94.91,41,3.0,23,No,0,89.026,2.2597619047619046,60.0,Exceeds Expectations
591046,Dhruv Seth,IT,Data Analyst,62,65.39,85.45,4.1,88.91,55,3.3,5,No,0,79.12249999999999,1.5876785714285713,65.99999999999999,Meets Expectations
903328,Diya Bath,Finance,Auditor,59,80.49,92.58,3.1,97.33,37,4.4,7,No,0,85.42399999999999,2.561315789473684,88.00000000000001,Exceeds Expectations
117607,Heer Kade,Finance,Auditor,78,93.92,95.98,4.7,88.35,47,4.3,17,No,0,92.2915,1.840625,86.0,Exceeds Expectations
785923,Darshit Sastry,Sales,Account Manager,72,64.02,97.02,4.9,97.09,42,4.0,11,No,0,85.6415,2.257906976744186,80.0,Exceeds Expectations
196285,Tanya Raja,IT,Data Analyst,66,77.6,82.98,3.5,95.52,50,3.3,8,No,0,83.53899999999999,1.872941176470588,65.99999999999999,Exceeds Expectations
307074,Renee Chatterjee,IT,Software Engineer,67,87.56,86.43,3.7,87.75,55,4.0,29,No,0,85.42299999999999,1.5669642857142858,80.0,Exceeds Expectations
863944,Suhana Amble,Marketing,Marketing Executive,62,85.49,76.63,3.8,88.57,52,4.2,27,No,0,83.8155,1.671132075471698,84.00000000000001,Exceeds Expectations
107974,Tarini Korpal,Sales,Business Development,73,63.71,94.52,3.2,78.06,53,3.5,24,No,0,73.3975,1.4455555555555557,70.0,Meets Expectations
963103,Anay Gole,IT,Cybersecurity Specialist,65,92.11,78.49,3.2,81.68,48,4.0,15,No,0,82.19999999999999,1.6669387755102043,80.0,Exceeds Expectations
640424,Reyansh Toor,Marketing,Marketing Executive,60,65.98,99.44,3.0,80.47,35,3.6,8,No,0,75.17349999999999,2.2352777777777777,72.0,Meets Expectations
193366,Hansh Sunder,Marketing,Marketing Executive,69,74.15,97.11,4.6,99.02,53,3.9,21,No,0,88.976,1.8337037037037036,78.0,Exceeds Expectations
821885,Ivana Sur,HR,HR Manager,61,75.16,80.48,3.4,71.74,47,3.1,14,No,0,73.687,1.4945833333333332,62.0,Meets Expectations
621461,Rati Krishnamurthy,HR,Recruitment Specialist,58,64.03,94.45,3.4,82.85,47,4.9,26,No,0,75.7755,1.7260416666666665,98.00000000000001,Meets Expectations
508654,Gatik Karnik,HR,HR Manager,80,93.07,83.14,4.7,92.2,48,3.7,2,No,0,91.41549999999998,1.8816326530612246,74.0,Exceeds Expectations
426921,Zaina Kothari,HR,Recruitment Specialist,95,90.35,92.19,5.0,83.62,42,4.7,9,Yes,1,89.718,1.9446511627906977,94.0,Exceeds Expectations
221469,Arhaan Lalla,Sales,Account Manager,63,89.02,88.28,3.0,73.79,49,4.9,11,No,0,79.2255,1.4758000000000002,98.00000000000001,Meets Expectations
956549,Ojas Mahal,Marketing,Marketing Executive,86,83.01,91.94,4.9,76.76,45,4.9,25,Yes,1,84.4105,1.6686956521739131,98.00000000000001,Exceeds Expectations
982401,Jivin Kaul,Finance,Financial Analyst,76,65.03,88.72,3.9,76.43,43,4.8,18,No,0,74.519,1.7370454545454548,96.0,Meets Expectations
486505,Aarna Arora,IT,Data Analyst,87,77.58,87.22,4.5,82.74,50,3.9,14,No,0,82.695,1.6223529411764706,78.0,Exceeds Expectations
331329,Aarush Luthra,IT,Data Analyst,68,86.24,87.27,4.6,71.09,52,4.4,17,No,0,81.956,1.3413207547169812,88.00000000000001,Exceeds Expectations
239159,Nirvi Sengupta,Sales,Account Manager,57,78.92,79.94,4.1,71.16,49,4.3,14,No,0,76.819,1.4232,86.0,Meets Expectations
990528,Riya Dixit,Sales,Account Manager,84,70.41,84.45,3.1,79.68,41,5.0,28,No,0,74.499,1.8971428571428572,100.0,Meets Expectations
921351,Tarini Sachdev,Sales,Sales Executive,87,61.93,77.4,3.3,94.91,41,3.4,30,No,0,76.40400000000001,2.2597619047619046,68.0,Meets Expectations
524971,Heer Barman,Sales,Account Manager,99,87.81,98.86,3.9,88.14,48,3.4,1,No,0,88.11149999999999,1.7987755102040817,68.0,Exceeds Expectations
129789,Aarav Srivastava,IT,Data Analyst,51,79.83,77.73,3.3,89.0,44,3.1,25,No,0,80.64999999999999,1.9777777777777779,62.0,Exceeds Expectations
556785,Damini Bhakta,Sales,Sales Executive,53,78.41,95.85,4.3,89.66,42,4.3,10,No,0,86.102,2.0851162790697675,86.0,Exceeds Expectations
823424,Aarav Chaudhuri,Finance,Financial Analyst,85,61.34,86.07,4.6,71.96,35,4.3,12,No,0,73.3655,1.9988888888888887,86.0,Meets Expectations
697225,Nehmat Sastry,IT,Cybersecurity Specialist,99,89.21,95.33,3.8,92.04,47,3.4,27,No,0,89.137,1.9175000000000002,68.0,Exceeds Expectations
164753,Manjari Yohannan,HR,HR Manager,64,80.87,99.86,3.1,75.99,50,4.1,11,No,0,79.17999999999999,1.49,82.0,Meets Expectations
793996,Stuvan Dada,Finance,Auditor,94,84.76,84.33,3.3,89.65,46,3.2,30,No,0,83.593,1.9074468085106384,64.0,Exceeds Expectations
738308,Taran Verma,Finance,Auditor,86,90.24,89.68,4.5,85.8,51,4.4,21,Yes,1,88.56599999999999,1.65,88.00000000000001,Exceeds Expectations
256422,Adira Chandran,Finance,Auditor,96,89.98,85.72,3.3,75.48,53,3.4,22,No,0,80.66900000000001,1.3977777777777778,68.0,Exceeds Expectations
522247,Devansh Buch,IT,Cybersecurity Specialist,70,76.66,89.69,3.2,88.89,37,3.5,29,No,0,80.996,2.3392105263157896,70.0,Exceeds Expectations
158074,Taimur Gulati,IT,Cybersecurity Specialist,62,90.92,90.04,3.4,95.32,52,4.4,9,No,0,88.89,1.7984905660377357,88.00000000000001,Exceeds Expectations
605041,Piya Dhingra,IT,Data Analyst,58,88.36,78.53,4.1,75.44,50,4.5,9,No,0,81.4095,1.4792156862745098,90.0,Exceeds Expectations
680481,Neelofar Karnik,Sales,Sales Executive,69,82.17,87.38,4.8,71.44,49,3.7,7,No,0,81.2705,1.4287999999999998,74.0,Exceeds Expectations
290472,Prisha Sandhu,Sales,Account Manager,68,92.41,81.86,4.8,85.45,35,4.8,8,No,0,88.93,2.3736111111111113,96.0,Exceeds Expectations
463295,Himmat Ramachandran,Marketing,Marketing Executive,93,61.75,85.35,3.8,79.34,42,4.4,18,Yes,1,73.584,1.8451162790697675,88.00000000000001,Meets Expectations
792704,Zara Tara,IT,Software Engineer,92,70.64,88.16,4.3,79.03,35,3.5,27,No,0,78.50850000000001,2.1952777777777777,70.0,Meets Expectations
367786,Nitara Tella,Sales,Sales Executive,53,87.44,75.8,4.7,95.67,49,4.1,23,No,0,89.5585,1.9134,82.0,Exceeds Expectations
431693,Jivika Balay,Sales,Account Manager,53,90.39,86.66,3.3,94.16,40,3.0,1,No,0,87.4915,2.2965853658536584,60.0,Exceeds Expectations
775143,Mehul Kara,Finance,Accountant,60,63.15,85.11,4.8,89.78,46,3.2,17,No,0,80.69199999999998,1.9102127659574468,64.0,Exceeds Expectations
546758,Alia Handa,HR,Recruitment Specialist,91,70.79,81.13,4.6,75.09,53,4.8,30,Yes,1,77.0275,1.3905555555555555,96.0,Meets Expectations
570393,Ira Sen,Sales,Account Manager,55,76.41,84.18,4.8,93.31,52,3.4,28,No,0,86.429,1.7605660377358492,68.0,Exceeds Expectations
499627,Shray Badami,Sales,Sales Executive,96,60.74,79.25,4.6,70.39,52,3.8,27,No,0,71.583,1.3281132075471698,76.0,Meets Expectations
490730,Krish Kata,Finance,Auditor,59,90.91,79.19,4.4,97.0,53,4.1,4,No,0,90.847,1.7962962962962963,82.0,Exceeds Expectations
511585,Dhanush Arora,Marketing,SEO Specialist,58,61.46,84.78,4.8,80.35,35,4.1,2,No,0,76.75049999999999,2.2319444444444443,82.0,Meets Expectations
132252,Darshit Shere,IT,Cybersecurity Specialist,65,70.79,97.93,3.5,95.62,44,4.9,14,No,0,83.43299999999999,2.124888888888889,98.00000000000001,Exceeds Expectations
291381,Tarini Karpe,IT,Data Analyst,73,91.48,94.22,3.8,93.93,48,3.6,8,No,0,90.4265,1.9169387755102043,72.0,Exceeds Expectations
258946,Amani Sundaram,HR,Employee Relations,60,62.31,75.3,3.3,82.57,42,4.7,3,No,0,71.903,1.9202325581395348,94.0,Meets Expectations
782846,Oorja Thaman,Finance,Auditor,71,66.46,76.52,3.6,80.55,45,4.8,23,No,0,73.7315,1.751086956521739,96.0,Meets Expectations
489260,Piya Kale,IT,Cybersecurity Specialist,67,67.68,80.94,3.8,83.57,44,4.8,5,No,0,76.47850000000001,1.857111111111111,96.0,Meets Expectations
982937,Aradhya Deo,HR,HR Manager,93,61.21,79.9,4.2,99.3,49,3.0,14,No,0,80.7635,1.986,60.0,Exceeds Expectations
577270,Vardaniya Dayal,Finance,Financial Analyst,72,84.36,84.32,4.5,81.06,53,4.8,24,No,0,84.04499999999999,1.501111111111111,96.0,Exceeds Expectations
912975,Piya Bora,Sales,Business Development,57,62.31,80.67,4.6,90.79,48,4.9,2,No,0,79.48549999999999,1.852857142857143,98.00000000000001,Meets Expectations
652581,Yuvaan Sengupta,HR,Employee Relations,74,82.89,77.99,4.9,82.3,44,3.9,10,No,0,84.21499999999999,1.8288888888888888,78.0,Exceeds Expectations
734862,Biju Chaudhuri,Marketing,SEO Specialist,53,83.41,99.4,3.8,87.67,44,4.0,13,No,0,86.188,1.9482222222222223,80.0,Exceeds Expectations
949635,Prerak Mannan,IT,Cybersecurity Specialist,61,65.37,95.69,3.5,73.94,54,4.2,25,No,0,73.612,1.3443636363636364,84.00000000000001,Meets Expectations
211458,Priyansh Dalal,Finance,Auditor,85,63.87,91.91,3.1,93.82,50,3.4,28,No,0,78.27799999999999,1.8396078431372547,68.0,Meets Expectations
575964,Kaira Sule,HR,Employee Relations,54,90.75,79.33,4.2,82.03,52,3.7,14,No,0,84.9725,1.5477358490566038,74.0,Exceeds Expectations
182544,Damini Sethi,Finance,Accountant,93,65.43,75.96,3.4,76.71,43,4.3,19,Yes,1,71.34299999999999,1.7434090909090907,86.0,Meets Expectations
382185,Kashvi Sandal,HR,Recruitment Specialist,90,90.28,88.19,3.6,85.18,40,3.4,1,No,0,85.4395,2.077560975609756,68.0,Exceeds Expectations
392413,Mamooty Doshi,HR,Employee Relations,78,70.64,92.94,3.3,70.66,45,4.9,10,No,0,73.296,1.536086956521739,98.00000000000001,Meets Expectations
838326,Ishita Sethi,HR,Recruitment Specialist,87,89.9,84.85,4.0,80.55,42,4.5,8,Yes,1,84.38499999999999,1.8732558139534883,90.0,Exceeds Expectations
967016,Faiyaz Kamdar,Marketing,Marketing Executive,75,82.62,82.25,3.5,74.0,50,3.7,1,No,0,77.6545,1.4509803921568627,74.0,Meets Expectations
266926,Miraya Kapadia,HR,Employee Relations,99,92.86,96.75,4.8,81.98,39,3.3,23,No,0,90.10649999999998,2.0495,65.99999999999999,Exceeds Expectations
581595,Diya Lalla,Finance,Financial Analyst,84,81.8,77.79,4.8,86.76,50,3.7,17,No,0,85.06449999999998,1.7011764705882353,74.0,Exceeds Expectations
221365,Hunar Sehgal,Finance,Auditor,74,91.69,86.0,3.9,97.03,38,3.7,26,No,0,90.652,2.487948717948718,74.0,Exceeds Expectations
525539,Kismat Biswas,Sales,Sales Executive,99,86.5,78.69,3.8,80.89,38,3.3,29,No,0,81.79,2.074102564102564,65.99999999999999,Exceeds Expectations
102907,Inaaya  Randhawa,Finance,Auditor,60,73.47,79.31,3.8,92.24,52,4.0,28,No,0,81.295,1.740377358490566,80.0,Exceeds Expectations
498083,Lakshay Kota,Finance,Accountant,75,67.1,89.08,4.8,72.98,53,4.9,24,No,0,76.78999999999999,1.3514814814814815,98.00000000000001,Meets Expectations
292640,Advik Saraf,IT,Data Analyst,56,70.76,78.0,3.4,94.74,47,4.2,19,No,0,79.825,1.97375,84.00000000000001,Meets Expectations
255426,Yashvi Handa,IT,Software Engineer,70,83.42,83.81,4.3,98.07,46,4.5,16,No,0,88.993,2.0865957446808507,90.0,Exceeds Expectations
509587,Tushar Gola,Finance,Auditor,90,84.37,76.52,4.8,72.26,49,3.1,12,No,0,80.6985,1.4452,62.0,Exceeds Expectations
648618,Yashvi Loyal,HR,Employee Relations,66,70.95,88.77,3.8,83.94,53,3.6,20,No,0,78.927,1.5544444444444443,72.0,Meets Expectations
237189,Ehsaan Mallick,IT,Data Analyst,76,62.75,79.52,3.5,73.24,42,4.6,4,No,0,70.02449999999999,1.7032558139534884,92.0,Meets Expectations
199050,Vidur Chandran,Marketing,Content Strategist,100,87.52,94.86,4.7,92.66,48,4.2,24,Yes,1,91.392,1.8910204081632653,84.00000000000001,Exceeds Expectations
112977,Jivika Goda,IT,Software Engineer,87,94.5,84.76,3.0,91.5,53,4.6,7,Yes,1,86.814,1.6944444444444444,92.0,Exceeds Expectations
425234,Lakshay Iyer,Marketing,Content Strategist,60,75.49,89.37,3.3,87.99,52,4.3,13,No,0,80.5235,1.660188679245283,86.0,Exceeds Expectations
481877,Azad Sarma,IT,Cybersecurity Specialist,57,66.56,89.68,4.6,86.03,43,3.1,18,No,0,80.65849999999999,1.9552272727272728,62.0,Exceeds Expectations
624685,Hrishita Bhandari,IT,Cybersecurity Specialist,96,60.16,96.41,4.9,77.69,54,3.9,19,No,0,77.40899999999999,1.4125454545454545,78.0,Meets Expectations
874584,Alia Lata,Sales,Sales Executive,87,75.16,75.96,4.8,71.65,43,4.6,14,Yes,1,77.1775,1.6284090909090911,92.0,Meets Expectations
545145,Neelofar Cherian,Marketing,Content Strategist,61,80.25,85.36,3.9,88.09,45,4.9,1,No,0,83.423,1.915,98.00000000000001,Exceeds Expectations
578775,Indranil Varughese,HR,Employee Relations,74,75.02,98.23,4.4,76.45,47,3.6,17,No,0,80.949,1.5927083333333334,72.0,Exceeds Expectations
924070,Lavanya Gaba,Finance,Auditor,85,85.87,98.46,3.2,97.77,53,3.2,17,No,0,88.643,1.8105555555555555,64.0,Exceeds Expectations
588338,Saira Deol,IT,Cybersecurity Specialist,65,90.17,89.04,3.5,77.9,55,3.4,7,No,0,82.6805,1.3910714285714287,68.0,Exceeds Expectations
626281,Gatik Choudhry,Marketing,Content Strategist,57,93.55,82.82,4.0,78.75,46,4.2,4,No,0,84.728,1.675531914893617,84.00000000000001,Exceeds Expectations
364502,Prerak Lalla,Finance,Financial Analyst,100,82.31,80.55,4.9,72.66,39,4.6,30,Yes,1,81.02199999999999,1.8165,92.0,Exceeds Expectations
353340,Anika Gole,Sales,Business Development,98,67.51,85.89,4.2,86.55,44,3.5,11,No,0,79.40449999999998,1.9233333333333333,70.0,Meets Expectations
416627,Drishya Kulkarni,Marketing,Marketing Executive,57,81.76,96.55,4.7,78.85,43,3.2,2,No,0,84.79599999999999,1.7920454545454545,64.0,Exceeds Expectations
727647,Anahita Bail,Sales,Account Manager,84,79.12,92.02,4.5,71.6,46,3.4,3,No,0,80.05499999999999,1.523404255319149,68.0,Exceeds Expectations
254394,Lagan Balan,IT,Cybersecurity Specialist,59,61.37,98.07,3.9,79.96,53,3.2,25,No,0,75.87599999999999,1.4807407407407407,64.0,Meets Expectations
542857,Arnav Randhawa,HR,HR Manager,54,92.67,98.55,4.7,95.78,51,4.4,30,No,0,94.83999999999999,1.841923076923077,88.00000000000001,Exceeds Expectations
570523,Aayush Raj,HR,Employee Relations,74,69.1,94.93,4.5,95.45,52,3.5,25,No,0,85.332,1.8009433962264152,70.0,Exceeds Expectations
999233,Samar Kota,Sales,Sales Executive,56,68.91,79.22,4.8,99.16,39,3.2,13,No,0,85.10749999999999,2.479,64.0,Exceeds Expectations
787247,Vidur Sundaram,IT,Software Engineer,60,74.43,76.07,4.0,77.09,42,3.3,2,No,0,76.4425,1.7927906976744188,65.99999999999999,Meets Expectations
434108,Jiya Biswas,Finance,Auditor,88,82.34,93.46,4.2,82.04,38,4.2,16,Yes,1,84.15199999999999,2.103589743589744,84.00000000000001,Exceeds Expectations
687398,Nakul Ganguly,IT,Cybersecurity Specialist,60,82.75,77.74,4.0,75.35,44,3.0,4,No,0,78.996,1.6744444444444444,60.0,Meets Expectations
761608,Urvi Sundaram,Marketing,Marketing Executive,53,63.66,90.37,3.6,75.02,35,3.1,21,No,0,72.8935,2.0838888888888887,62.0,Meets Expectations
702859,Badal Krish,Marketing,SEO Specialist,53,80.78,79.33,4.3,99.71,37,3.2,1,No,0,87.971,2.6239473684210526,64.0,Exceeds Expectations
539556,Ryan Chakrabarti,IT,Data Analyst,51,64.81,78.16,4.8,75.9,45,3.3,16,No,0,75.3725,1.6500000000000001,65.99999999999999,Meets Expectations
517159,Damini Bhat,Sales,Business Development,91,72.9,83.96,3.4,74.28,48,3.2,14,No,0,74.307,1.5159183673469387,64.0,Meets Expectations
394783,Nishith Ram,HR,HR Manager,91,73.79,82.77,3.8,89.45,42,4.5,29,Yes,1,80.9495,2.080232558139535,90.0,Exceeds Expectations
457913,Ela Bail,Finance,Auditor,67,71.01,80.6,3.7,75.71,46,4.6,6,No,0,74.54199999999999,1.610851063829787,92.0,Meets Expectations
923149,Purab Bali,Sales,Account Manager,87,80.93,89.38,3.4,79.38,36,4.1,3,Yes,1,79.7155,2.1454054054054055,82.0,Meets Expectations
870520,Nayantara Hora,IT,Cybersecurity Specialist,92,75.28,80.19,4.8,97.72,37,4.2,17,Yes,1,86.9785,2.571578947368421,84.00000000000001,Exceeds Expectations
363725,Kiara Kaur,Finance,Auditor,50,82.41,76.62,4.1,76.59,44,3.4,21,No,0,79.44299999999998,1.7020000000000002,68.0,Meets Expectations
962884,Sumer Chatterjee,Marketing,SEO Specialist,91,73.46,90.72,4.4,70.87,43,4.3,21,Yes,1,77.3235,1.6106818181818183,86.0,Meets Expectations
487489,Aayush Vohra,Sales,Sales Executive,78,94.94,92.93,4.5,73.59,51,4.6,2,No,0,86.425,1.4151923076923079,92.0,Exceeds Expectations
746654,Saksham Hora,IT,Software Engineer,97,61.64,79.53,3.1,93.32,48,4.6,7,Yes,1,75.46549999999999,1.9044897959183673,92.0,Meets Expectations
634540,Neelofar Grover,Sales,Sales Executive,97,73.92,94.15,3.2,80.69,47,4.8,1,Yes,1,77.836,1.6810416666666665,96.0,Meets Expectations
193844,Saanvi Dalal,HR,Recruitment Specialist,90,82.17,84.54,3.9,71.6,55,5.0,5,Yes,1,78.20049999999999,1.2785714285714285,100.0,Meets Expectations
578669,Samaira Dar,IT,Cybersecurity Specialist,87,75.08,84.72,4.7,96.37,54,3.0,26,No,0,86.8155,1.7521818181818183,60.0,Exceeds Expectations
168402,Kavya Lall,Marketing,SEO Specialist,94,88.68,86.73,4.6,77.65,53,3.8,30,No,0,85.025,1.437962962962963,76.0,Exceeds Expectations
406818,Kimaya Bir,IT,Software Engineer,77,74.39,86.59,3.9,75.11,36,4.6,15,No,0,77.01350000000001,2.03,92.0,Meets Expectations
952345,Ojas Garde,HR,Recruitment Specialist,94,90.82,82.73,3.4,77.37,40,3.6,15,No,0,81.476,1.8870731707317074,72.0,Exceeds Expectations
749087,Divit Thaker,Sales,Sales Executive,74,67.07,80.85,4.1,97.31,36,3.4,1,No,0,81.96049999999998,2.63,68.0,Exceeds Expectations
472501,Ishaan Deshmukh,Sales,Business Development,60,77.36,82.59,4.6,79.86,44,3.6,18,No,0,81.21549999999999,1.7746666666666666,72.0,Exceeds Expectations
532997,Aayush Kothari,Sales,Sales Executive,64,71.91,96.67,3.2,70.42,38,3.8,0,No,0,73.916,1.8056410256410256,76.0,Meets Expectations
508507,Reyansh Gopal,IT,Software Engineer,75,74.41,95.13,4.7,97.24,35,5.0,10,No,0,88.44699999999999,2.701111111111111,100.0,Exceeds Expectations
202970,Tiya Ganesh,HR,Employee Relations,76,84.54,76.2,3.9,98.0,35,4.1,17,No,0,87.01899999999999,2.7222222222222223,82.0,Exceeds Expectations
446077,Kartik Mahajan,Sales,Account Manager,60,80.09,92.11,3.2,74.56,42,4.6,0,No,0,77.544,1.733953488372093,92.0,Meets Expectations
132560,Alia Wason,Sales,Sales Executive,86,72.12,81.53,4.0,94.85,53,4.5,18,Yes,1,82.669,1.7564814814814813,90.0,Exceeds Expectations
227717,Ishita Dyal,HR,Employee Relations,83,68.99,77.92,4.8,87.23,38,3.5,27,No,0,80.76499999999999,2.236666666666667,70.0,Exceeds Expectations
968677,Kavya Deshpande,Marketing,Marketing Executive,82,93.54,99.46,3.0,86.67,54,3.5,22,No,0,86.99249999999999,1.5758181818181818,70.0,Exceeds Expectations
263461,Rasha Dada,Finance,Auditor,82,73.21,97.3,3.4,97.96,48,4.6,0,No,0,84.7045,1.9991836734693875,92.0,Exceeds Expectations
955805,Shalv Dhar,Finance,Auditor,98,71.67,79.74,4.5,94.05,38,4.6,22,Yes,1,83.463,2.4115384615384614,92.0,Exceeds Expectations
299262,Amira Borde,IT,Software Engineer,60,73.17,85.78,3.1,95.75,37,4.9,25,No,0,81.289,2.5197368421052633,98.00000000000001,Exceeds Expectations
784449,Pranay Krish,HR,Recruitment Specialist,97,74.68,92.8,3.5,94.36,38,5.0,4,Yes,1,83.584,2.4194871794871795,100.0,Exceeds Expectations
137873,Urvi Grewal,HR,HR Manager,70,66.81,93.41,3.2,92.65,35,3.5,11,No,0,79.4225,2.573611111111111,70.0,Meets Expectations
197005,Baiju Chhabra,IT,Software Engineer,75,80.28,76.01,4.0,87.89,53,4.0,8,No,0,82.261,1.6275925925925927,80.0,Exceeds Expectations
582656,Purab Chawla,Finance,Accountant,69,71.5,77.26,3.3,78.01,49,3.5,15,No,0,73.8175,1.5602,70.0,Meets Expectations
467053,Anay Sankaran,Sales,Account Manager,83,94.71,76.2,4.7,85.05,42,3.8,5,No,0,88.446,1.977906976744186,76.0,Exceeds Expectations
171718,Ira Subramaniam,Marketing,Marketing Executive,85,62.55,89.32,3.8,97.8,43,4.3,26,No,0,80.9205,2.2227272727272727,86.0,Exceeds Expectations
988504,Adah Mallick,Marketing,Content Strategist,78,89.7,76.39,4.1,70.85,45,3.2,11,No,0,79.951,1.5402173913043478,64.0,Meets Expectations
421442,Gatik Tata,HR,Recruitment Specialist,64,93.21,80.08,3.7,70.36,47,4.2,26,No,0,80.36149999999998,1.4658333333333333,84.00000000000001,Exceeds Expectations
288779,Umang Dugal,IT,Cybersecurity Specialist,79,68.82,82.52,4.0,79.59,53,3.8,18,No,0,76.3215,1.473888888888889,76.0,Meets Expectations
965378,Trisha Setty,Marketing,Marketing Executive,52,65.5,75.8,3.1,95.27,35,3.4,2,No,0,76.9395,2.6463888888888887,68.0,Meets Expectations
297108,Jayan Chowdhury,Marketing,SEO Specialist,68,77.02,77.65,3.6,96.53,37,3.4,28,No,0,83.18999999999998,2.540263157894737,68.0,Exceeds Expectations
282785,Tushar Virk,Sales,Sales Executive,95,77.29,92.25,4.9,76.8,35,3.2,1,No,0,82.46900000000001,2.1333333333333333,64.0,Exceeds Expectations
727262,Stuvan Walia,HR,HR Manager,60,78.42,94.64,4.2,87.5,41,3.2,19,No,0,84.868,2.0833333333333335,64.0,Exceeds Expectations
904616,Rhea Goda,Finance,Accountant,79,70.24,92.55,4.8,83.61,41,4.3,13,No,0,82.13,1.9907142857142857,86.0,Exceeds Expectations
273465,Amira Karnik,IT,Data Analyst,95,69.72,80.85,3.9,77.5,41,4.8,30,Yes,1,75.3545,1.8452380952380953,96.0,Meets Expectations
615504,Ivan Sibal,HR,HR Manager,68,63.89,79.22,5.0,99.09,36,4.8,12,No,0,83.926,2.678108108108108,96.0,Exceeds Expectations
560911,Saanvi Rege,HR,Recruitment Specialist,79,79.22,97.84,3.4,71.81,50,4.5,20,No,0,77.73649999999999,1.4080392156862747,90.0,Meets Expectations
851424,Sumer Srinivasan,IT,Cybersecurity Specialist,74,90.28,92.71,3.2,96.98,41,3.6,4,No,0,89.04749999999999,2.309047619047619,72.0,Exceeds Expectations
149969,Trisha Batra,Finance,Auditor,51,76.1,99.47,4.7,73.64,45,4.2,8,No,0,81.42949999999999,1.6008695652173912,84.00000000000001,Exceeds Expectations
488295,Raunak Sami,HR,Employee Relations,58,77.91,94.36,3.5,77.43,52,4.9,26,No,0,79.023,1.4609433962264151,98.00000000000001,Meets Expectations
194337,Kimaya Lad,HR,Recruitment Specialist,64,85.9,81.74,5.0,76.85,51,4.8,20,No,0,84.2235,1.4778846153846152,96.0,Exceeds Expectations
635897,Samarth Ahuja,HR,Recruitment Specialist,68,86.59,97.46,3.9,92.14,52,4.3,4,No,0,88.8745,1.7384905660377359,86.0,Exceeds Expectations
701494,Dharmajan Deo,IT,Software Engineer,67,80.87,90.21,3.2,80.09,53,3.4,6,No,0,79.46749999999999,1.483148148148148,68.0,Meets Expectations
925115,Anay Ramesh,Finance,Accountant,67,94.95,87.87,4.4,79.99,46,4.6,7,No,0,87.6095,1.7019148936170212,92.0,Exceeds Expectations
388904,Charvi Kata,HR,HR Manager,87,60.93,75.01,4.8,89.51,40,4.9,4,Yes,1,78.3055,2.183170731707317,98.00000000000001,Meets Expectations
515369,Anya Dora,Marketing,SEO Specialist,52,93.35,85.15,4.9,74.66,45,3.9,15,No,0,86.276,1.6230434782608696,78.0,Exceeds Expectations
895486,Indranil Jha,Sales,Account Manager,95,70.49,92.39,4.7,95.81,39,3.2,5,No,0,86.1635,2.39525,64.0,Exceeds Expectations
506999,Divij Cheema,HR,Recruitment Specialist,97,84.17,77.64,5.0,71.46,50,4.6,12,Yes,1,81.11649999999999,1.4011764705882352,92.0,Exceeds Expectations
433033,Purab Dhingra,IT,Software Engineer,90,94.62,89.12,4.4,75.86,42,4.9,13,Yes,1,86.23599999999999,1.764186046511628,98.00000000000001,Exceeds Expectations
978453,Ranbir Konda,Marketing,SEO Specialist,94,62.89,82.21,4.8,99.28,44,4.2,15,Yes,1,83.49099999999999,2.2062222222222223,84.00000000000001,Exceeds Expectations
467489,Biju Iyengar,HR,HR Manager,56,73.09,76.03,3.9,95.55,55,4.4,28,No,0,82.1285,1.70625,88.00000000000001,Exceeds Expectations
232329,Reyansh Yohannan,HR,HR Manager,71,83.06,82.28,4.0,94.59,42,4.0,25,No,0,86.5195,2.199767441860465,80.0,Exceeds Expectations
984958,Yuvraj  Brahmbhatt,HR,Recruitment Specialist,80,86.85,75.94,4.3,85.56,41,4.6,24,No,0,84.6345,2.0371428571428574,92.0,Exceeds Expectations
767033,Keya Bala,IT,Software Engineer,55,86.16,90.81,3.6,86.7,38,3.0,26,No,0,84.92249999999999,2.223076923076923,60.0,Exceeds Expectations
247250,Alisha Kadakia,IT,Cybersecurity Specialist,62,85.92,77.89,3.8,89.45,50,3.2,5,No,0,84.463,1.753921568627451,64.0,Exceeds Expectations
111008,Akarsh Bath,Sales,Account Manager,69,70.9,98.7,4.9,74.98,40,3.7,12,No,0,80.563,1.8287804878048781,74.0,Exceeds Expectations
929537,Indrajit Kadakia,Sales,Sales Executive,53,89.61,95.97,3.7,85.62,36,3.6,10,No,0,86.826,2.314054054054054,72.0,Exceeds Expectations
336270,Jivika Sule,IT,Cybersecurity Specialist,66,82.44,98.96,4.9,94.69,42,3.3,22,No,0,91.53949999999999,2.202093023255814,65.99999999999999,Exceeds Expectations
879559,Raghav Ganguly,Finance,Accountant,75,68.88,86.44,3.9,88.88,51,4.3,29,No,0,79.88199999999999,1.709230769230769,86.0,Meets Expectations
506522,Divij Vaidya,HR,Employee Relations,80,66.5,91.28,4.6,89.6,54,4.5,21,No,0,82.127,1.629090909090909,90.0,Exceeds Expectations
469514,Ela Setty,Sales,Account Manager,73,62.54,82.89,4.5,81.61,43,4.0,7,No,0,76.386,1.8547727272727272,80.0,Meets Expectations
476049,Neysa Thakur,Sales,Account Manager,69,67.74,78.55,4.9,70.14,41,4.2,5,No,0,74.7405,1.67,84.00000000000001,Meets Expectations
783567,Romil Dani,Finance,Financial Analyst,74,74.63,91.33,4.8,89.45,47,4.7,22,No,0,85.5275,1.8635416666666667,94.0,Exceeds Expectations
844540,Suhana Sood,Finance,Accountant,81,83.12,79.82,4.3,74.26,36,4.9,9,No,0,79.956,2.007027027027027,98.00000000000001,Meets Expectations
844024,Oorja Thaker,Marketing,Content Strategist,98,87.92,79.82,4.8,71.08,46,3.3,23,No,0,82.023,1.5123404255319148,65.99999999999999,Exceeds Expectations
866516,Shalv Loke,Sales,Sales Executive,76,72.7,78.96,4.6,77.29,37,3.2,14,No,0,78.14049999999999,2.0339473684210527,64.0,Meets Expectations
900343,Ranbir Cherian,HR,Employee Relations,95,70.13,79.4,4.0,80.98,40,4.9,9,Yes,1,76.79849999999999,1.9751219512195124,98.00000000000001,Meets Expectations
676712,Anahi Bail,Marketing,Marketing Executive,58,93.99,78.49,3.5,84.59,47,4.6,10,No,0,84.7765,1.7622916666666668,92.0,Exceeds Expectations
855681,Kashvi Kakar,Sales,Account Manager,82,80.74,85.64,5.0,87.52,40,4.3,6,No,0,86.737,2.1346341463414635,86.0,Exceeds Expectations
681499,Fateh Wagle,IT,Cybersecurity Specialist,61,77.85,81.36,4.0,87.13,36,4.9,28,No,0,81.94699999999999,2.3548648648648647,98.00000000000001,Exceeds Expectations
659423,Urvi Deshpande,Finance,Accountant,81,81.71,87.12,4.6,88.94,46,4.7,13,No,0,86.59549999999999,1.892340425531915,94.0,Exceeds Expectations
622318,Yashvi Thaman,Sales,Business Development,71,84.26,86.16,4.8,90.65,54,3.9,8,No,0,88.54249999999999,1.6481818181818182,78.0,Exceeds Expectations
424372,Riya Kapur,Finance,Financial Analyst,96,67.26,83.61,4.9,80.97,43,4.3,24,Yes,1,79.122,1.8402272727272726,86.0,Meets Expectations
441486,Saira Salvi,Sales,Sales Executive,50,92.26,76.24,4.5,87.38,40,3.5,11,No,0,87.80999999999999,2.1312195121951216,70.0,Exceeds Expectations
533267,Alia Loke,Sales,Sales Executive,83,78.39,82.24,4.6,99.59,42,3.3,15,No,0,88.42899999999999,2.316046511627907,65.99999999999999,Exceeds Expectations
958959,Yakshit Baral,Finance,Financial Analyst,94,86.68,87.95,4.2,87.79,46,4.5,14,Yes,1,86.857,1.867872340425532,90.0,Exceeds Expectations
826662,Rania Ramachandran,Marketing,Marketing Executive,89,74.23,78.96,4.4,74.76,36,3.7,10,No,0,77.1905,2.0205405405405408,74.0,Meets Expectations
496946,Kanav Sarkar,Marketing,SEO Specialist,73,86.08,84.38,4.6,94.44,37,3.2,9,No,0,89.63899999999998,2.4852631578947366,64.0,Exceeds Expectations
856499,Oorja Dixit,Sales,Business Development,91,82.91,96.78,3.1,93.76,40,4.1,16,Yes,1,85.6515,2.286829268292683,82.0,Exceeds Expectations
301758,Gatik Deshmukh,Sales,Account Manager,64,61.59,93.66,4.6,76.02,39,3.2,1,No,0,76.0125,1.9004999999999999,64.0,Meets Expectations
416468,Miraan Dalal,HR,Employee Relations,83,74.43,78.15,4.3,76.19,46,3.6,16,No,0,77.3395,1.621063829787234,72.0,Meets Expectations
982476,Devansh Wadhwa,IT,Software Engineer,85,65.46,81.59,4.3,73.48,50,3.3,12,No,0,73.7675,1.4407843137254903,65.99999999999999,Meets Expectations
596377,Kiara Mallick,Marketing,Marketing Executive,75,65.65,87.19,4.2,93.67,54,4.9,12,No,0,81.4405,1.7030909090909092,98.00000000000001,Exceeds Expectations
868521,Divit Subramaniam,Finance,Auditor,72,69.69,98.29,4.6,75.24,36,3.9,20,No,0,79.26899999999999,2.033513513513513,78.0,Meets Expectations
462417,Hiran Mahajan,IT,Software Engineer,79,82.87,87.95,3.4,83.64,37,3.1,22,No,0,81.67099999999999,2.2010526315789476,62.0,Exceeds Expectations
735129,Farhan Sethi,HR,Recruitment Specialist,61,77.58,87.4,4.4,88.46,52,3.6,12,No,0,84.42399999999999,1.6690566037735848,72.0,Exceeds Expectations
601399,Amani Amble,Sales,Account Manager,62,83.09,77.44,4.8,84.47,39,3.0,12,No,0,84.662,2.11175,60.0,Exceeds Expectations
697289,Jayan Babu,HR,HR Manager,55,90.03,85.84,4.1,79.25,52,4.0,13,No,0,84.42399999999999,1.4952830188679245,80.0,Exceeds Expectations
146352,Zeeshan Suresh,HR,Employee Relations,69,91.93,99.32,4.6,85.51,40,3.6,8,No,0,90.80199999999999,2.0856097560975613,72.0,Exceeds Expectations
603933,Armaan Chaudhuri,Marketing,SEO Specialist,90,72.89,78.98,4.9,72.04,38,3.6,13,No,0,77.2725,1.8471794871794873,72.0,Meets Expectations
706958,Renee Bail,Finance,Accountant,50,92.32,87.05,3.4,97.55,45,3.5,23,No,0,89.712,2.1206521739130433,70.0,Exceeds Expectations
295742,Neysa Johal,Sales,Sales Executive,59,94.71,84.36,4.6,93.8,43,3.2,25,No,0,92.43249999999999,2.131818181818182,64.0,Exceeds Expectations
966300,Yuvaan Krish,Sales,Account Manager,93,77.83,95.11,3.7,73.35,50,4.2,20,Yes,1,78.27949999999998,1.438235294117647,84.00000000000001,Meets Expectations
682682,Kimaya Varghese,Marketing,Content Strategist,52,69.89,93.18,3.2,74.17,45,3.8,4,No,0,73.99799999999999,1.6123913043478262,76.0,Meets Expectations
490054,Rohan Saran,IT,Software Engineer,87,84.17,85.88,3.4,75.3,43,4.5,26,Yes,1,78.8965,1.7113636363636362,90.0,Meets Expectations
615419,Vidur Mannan,Marketing,Content Strategist,81,67.64,78.92,3.8,75.55,36,4.9,7,No,0,73.3545,2.041891891891892,98.00000000000001,Meets Expectations
256154,Amira Rajan,Sales,Business Development,67,89.55,81.99,3.1,83.72,55,3.5,6,No,0,82.243,1.4949999999999999,70.0,Exceeds Expectations
904766,Sana Handa,Sales,Business Development,85,74.6,83.63,3.4,78.72,48,4.0,16,No,0,76.4065,1.606530612244898,80.0,Meets Expectations
219194,Madhav Subramaniam,HR,Employee Relations,86,83.17,79.41,3.0,81.22,49,4.1,28,Yes,1,78.448,1.6244,82.0,Meets Expectations
264382,Rasha Dugar,Finance,Auditor,50,60.59,92.5,4.0,90.33,37,3.1,29,No,0,78.697,2.377105263157895,62.0,Meets Expectations
882220,Akarsh Dua,Marketing,Content Strategist,91,65.01,79.08,3.9,86.13,45,4.3,5,Yes,1,76.461,1.872391304347826,86.0,Meets Expectations
369520,Anika Yogi,Marketing,Content Strategist,59,74.4,76.95,4.2,94.85,37,4.5,24,No,0,83.38,2.496052631578947,90.0,Exceeds Expectations
965575,Zara Lanka,Marketing,Marketing Executive,64,73.76,86.83,3.7,73.04,46,3.5,26,No,0,75.5045,1.5540425531914894,70.0,Meets Expectations
976037,Samaira Mahal,Finance,Financial Analyst,63,66.54,90.24,4.3,79.33,47,5.0,28,No,0,77.49050000000001,1.6527083333333332,100.0,Meets Expectations
534344,Bhamini Cherian,IT,Cybersecurity Specialist,71,61.08,95.97,3.6,99.61,46,4.2,24,No,0,81.43699999999998,2.1193617021276596,84.00000000000001,Exceeds Expectations
988379,Charvi Gera,Finance,Accountant,59,65.67,76.99,3.2,85.54,51,3.1,6,No,0,74.072,1.645,62.0,Meets Expectations
193674,Jiya Sarin,IT,Software Engineer,81,89.72,92.95,4.8,72.4,44,3.8,1,No,0,85.08449999999999,1.608888888888889,76.0,Exceeds Expectations
337917,Yasmin Yohannan,Marketing,Marketing Executive,56,85.64,95.84,4.3,93.05,49,3.2,30,No,0,89.8175,1.861,64.0,Exceeds Expectations
188263,Nirvi Jain,Finance,Financial Analyst,53,83.03,99.44,3.9,80.25,47,4.7,12,No,0,83.764,1.671875,94.0,Exceeds Expectations
353599,Shaan Balakrishnan,IT,Data Analyst,89,68.33,86.93,4.9,74.82,51,4.1,13,Yes,1,77.842,1.4388461538461537,82.0,Meets Expectations
891878,Samar Venkataraman,IT,Software Engineer,86,62.75,79.93,4.6,86.93,48,3.9,12,No,0,78.1775,1.7740816326530613,78.0,Meets Expectations
146417,Prerak Trivedi,IT,Data Analyst,59,86.06,82.15,4.9,89.37,43,3.7,1,No,0,88.423,2.0311363636363637,74.0,Exceeds Expectations
177999,Neelofar Maharaj,Marketing,SEO Specialist,96,88.32,96.97,4.9,77.47,35,4.7,28,Yes,1,87.272,2.151944444444444,94.0,Exceeds Expectations
438498,Divit Apte,Finance,Auditor,64,84.18,81.72,3.9,89.05,35,3.0,4,No,0,84.5885,2.473611111111111,60.0,Exceeds Expectations
810728,Aarav Sarkar,HR,Employee Relations,96,92.71,94.65,3.3,93.46,43,4.2,24,Yes,1,89.257,2.124090909090909,84.00000000000001,Exceeds Expectations
191671,Nehmat Saraf,Marketing,Content Strategist,85,79.2,90.64,4.8,97.31,50,4.2,15,No,0,89.77449999999999,1.9080392156862747,84.00000000000001,Exceeds Expectations
719213,Seher Saini,Finance,Accountant,88,64.84,78.77,3.4,82.68,46,3.1,29,No,0,73.6475,1.7591489361702128,62.0,Meets Expectations
271309,Diya Gopal,HR,Employee Relations,90,79.55,88.99,3.1,87.47,39,3.8,10,No,0,81.10549999999999,2.18675,76.0,Exceeds Expectations
239972,Samaira Ramanathan,IT,Cybersecurity Specialist,86,76.67,92.19,4.8,95.36,48,5.0,24,Yes,1,88.439,1.9461224489795919,100.0,Exceeds Expectations
209419,Kiara Bumb,Marketing,Marketing Executive,93,71.48,97.23,4.1,93.63,48,4.6,5,Yes,1,84.673,1.9108163265306122,92.0,Exceeds Expectations
544954,Divij Kakar,Sales,Business Development,53,90.99,94.88,3.1,80.0,52,3.7,27,No,0,83.37849999999999,1.509433962264151,74.0,Exceeds Expectations
224870,Mishti Handa,IT,Cybersecurity Specialist,92,88.19,88.72,3.5,98.24,42,3.9,28,No,0,89.05849999999998,2.2846511627906976,78.0,Exceeds Expectations
322135,Ivan Ravel,Marketing,Content Strategist,60,62.98,79.51,4.0,82.4,46,3.9,18,No,0,74.8095,1.7531914893617022,78.0,Meets Expectations
746114,Samarth Ramanathan,Finance,Accountant,95,73.78,76.93,3.1,87.28,45,3.2,29,No,0,77.2105,1.897391304347826,64.0,Meets Expectations
923123,Mamooty Soni,Finance,Auditor,67,81.78,76.94,4.0,72.21,52,3.6,2,No,0,77.43749999999999,1.3624528301886791,72.0,Meets Expectations
626952,Biju Bir,IT,Software Engineer,89,78.17,79.19,3.3,91.22,40,4.0,21,No,0,81.065,2.2248780487804876,80.0,Exceeds Expectations
213797,Romil Samra,Finance,Auditor,67,71.14,75.84,3.5,77.74,41,4.5,9,No,0,73.98399999999998,1.850952380952381,90.0,Meets Expectations
735209,Kismat Banerjee,Sales,Business Development,92,67.35,90.57,4.8,80.6,45,4.7,14,Yes,1,79.768,1.7521739130434781,94.0,Meets Expectations
911301,Baiju Arya,IT,Software Engineer,85,94.63,84.56,4.6,89.7,47,4.4,6,No,0,90.9995,1.8687500000000001,88.00000000000001,Exceeds Expectations
188515,Manikya Roy,IT,Cybersecurity Specialist,51,82.24,96.98,3.8,92.29,49,4.4,25,No,0,87.0325,1.8458,88.00000000000001,Exceeds Expectations
734572,Krish Jayaraman,Sales,Sales Executive,90,82.89,95.16,4.8,88.53,50,4.2,1,Yes,1,88.67099999999999,1.7358823529411764,84.00000000000001,Exceeds Expectations
850478,Rati Thakkar,Finance,Financial Analyst,71,76.49,77.16,3.2,93.29,49,4.7,27,No,0,80.597,1.8658000000000001,94.0,Exceeds Expectations
587474,Hiran Singhal,Sales,Sales Executive,82,86.14,86.72,3.6,83.69,38,5.0,14,No,0,83.24849999999999,2.1458974358974356,100.0,Exceeds Expectations
849392,Shamik Bora,HR,HR Manager,59,68.19,81.37,3.0,77.13,51,3.4,23,No,0,72.0675,1.4832692307692308,68.0,Meets Expectations
548834,Lakshay Bose,IT,Software Engineer,53,90.56,85.75,3.1,76.23,35,3.0,6,No,0,80.53899999999999,2.1175,60.0,Exceeds Expectations
255458,Bhamini Chand,Marketing,Content Strategist,67,79.33,92.67,3.3,71.99,35,3.8,1,No,0,76.7625,1.9997222222222222,76.0,Meets Expectations
422372,Yashvi Gill,IT,Data Analyst,95,62.51,90.86,4.9,85.27,36,4.4,9,Yes,1,80.052,2.3045945945945947,88.00000000000001,Exceeds Expectations
981762,Zain Vig,IT,Data Analyst,100,70.71,80.71,3.5,73.73,54,3.2,18,No,0,73.16049999999998,1.3405454545454547,64.0,Meets Expectations
563230,Nayantara Kunda,HR,Recruitment Specialist,53,65.81,90.92,4.3,96.11,46,4.4,27,No,0,83.21000000000001,2.0448936170212764,88.00000000000001,Exceeds Expectations
935870,Damini Chanda,Finance,Accountant,100,63.24,76.09,3.7,93.44,47,4.2,18,Yes,1,77.3515,1.9466666666666665,84.00000000000001,Meets Expectations
416198,Mehul Sarkar,Marketing,SEO Specialist,51,63.68,88.36,4.4,85.48,37,4.3,9,No,0,78.66000000000001,2.2494736842105265,86.0,Meets Expectations
209199,Krish Comar,IT,Cybersecurity Specialist,59,62.69,77.75,3.7,79.79,40,4.9,16,No,0,72.6305,1.94609756097561,98.00000000000001,Meets Expectations
670062,Shlok Hayer,HR,HR Manager,95,64.61,99.8,3.6,98.39,41,3.8,28,No,0,82.82,2.342619047619048,76.0,Exceeds Expectations
791583,Baiju Bhatia,Sales,Account Manager,74,73.85,92.39,3.8,83.17,45,5.0,14,No,0,80.21549999999999,1.8080434782608696,100.0,Exceeds Expectations
318172,Gatik Luthra,IT,Cybersecurity Specialist,90,87.65,76.69,4.1,78.63,54,4.6,10,Yes,1,82.0015,1.4296363636363636,92.0,Exceeds Expectations
537761,Anya Majumdar,Marketing,Content Strategist,90,85.54,82.31,4.6,87.19,54,4.0,28,No,0,86.602,1.5852727272727272,80.0,Exceeds Expectations
880954,Reyansh Sem,Sales,Business Development,97,62.75,76.04,3.3,86.49,36,4.3,25,Yes,1,73.53999999999999,2.3375675675675676,86.0,Meets Expectations
590418,Aarav Jha,IT,Software Engineer,73,65.55,99.97,3.0,75.64,49,4.2,6,No,0,73.412,1.5128,84.00000000000001,Meets Expectations
542908,Jhanvi Raman,Marketing,SEO Specialist,59,86.95,84.18,3.3,90.51,44,4.1,11,No,0,84.638,2.0113333333333334,82.0,Exceeds Expectations
295750,Eva Shukla,Marketing,SEO Specialist,71,69.03,98.59,4.3,74.02,55,4.0,11,No,0,77.756,1.3217857142857141,80.0,Meets Expectations
784411,Trisha Mallick,Marketing,SEO Specialist,94,65.15,96.93,3.1,71.39,46,4.2,10,Yes,1,71.6285,1.518936170212766,84.00000000000001,Meets Expectations
515923,Aarav Kashyap,Finance,Financial Analyst,63,71.45,86.39,4.5,70.87,48,4.9,12,No,0,76.2705,1.446326530612245,98.00000000000001,Meets Expectations
481395,Renee Sachar,Finance,Accountant,94,94.65,95.9,3.8,75.27,39,4.8,0,Yes,1,85.257,1.8817499999999998,96.0,Exceeds Expectations
488935,Faiyaz Mahal,Sales,Sales Executive,51,82.92,97.6,4.1,81.16,48,4.1,23,No,0,84.368,1.6563265306122448,82.0,Exceeds Expectations
500842,Madhav Kashyap,Marketing,Content Strategist,63,86.44,96.49,3.7,73.86,45,4.9,6,No,0,81.67849999999999,1.6056521739130434,98.00000000000001,Exceeds Expectations
829717,Jayant Bhagat,HR,Recruitment Specialist,68,94.96,77.1,4.4,91.99,46,3.3,15,No,0,90.19749999999999,1.9572340425531913,65.99999999999999,Exceeds Expectations
301292,Saira Kaur,Sales,Business Development,57,80.18,95.19,3.6,72.19,39,3.4,30,No,0,78.40799999999999,1.8047499999999999,68.0,Meets Expectations
332292,Ryan Karnik,IT,Cybersecurity Specialist,73,60.4,81.44,3.8,78.91,49,4.7,7,No,0,72.3745,1.5781999999999998,94.0,Meets Expectations
391184,Trisha Bose,IT,Cybersecurity Specialist,71,67.45,86.81,3.1,76.3,48,3.3,29,No,0,72.634,1.5571428571428572,65.99999999999999,Meets Expectations
102928,Veer Sagar,HR,Recruitment Specialist,60,70.81,88.3,3.5,98.5,52,3.8,25,No,0,83.0035,1.8584905660377358,76.0,Exceeds Expectations
238037,Shaan Shetty,Marketing,Marketing Executive,71,65.13,92.64,4.3,80.41,39,4.5,4,No,0,77.735,2.01025,90.0,Meets Expectations
530999,Ayesha Garde,HR,HR Manager,92,76.8,94.92,4.4,73.65,48,3.6,8,No,0,80.0955,1.503061224489796,72.0,Exceeds Expectations
620611,Akarsh Andra,HR,Recruitment Specialist,90,75.41,99.58,4.2,86.53,54,4.6,16,Yes,1,84.216,1.5732727272727274,92.0,Exceeds Expectations
199145,Sana Jhaveri,Marketing,Marketing Executive,94,90.65,79.51,4.4,87.33,36,4.5,17,Yes,1,87.4195,2.36027027027027,90.0,Exceeds Expectations
349090,Inaaya  Doctor,Finance,Auditor,57,71.97,95.56,4.0,76.86,50,3.7,28,No,0,78.4245,1.5070588235294118,74.0,Meets Expectations
906820,Onkar Basak,HR,Employee Relations,84,84.78,82.27,3.3,99.07,49,3.2,7,No,0,86.588,1.9813999999999998,64.0,Exceeds Expectations
590869,Parinaaz Kumar,IT,Cybersecurity Specialist,97,64.23,87.67,4.8,95.33,50,3.0,25,No,0,83.3965,1.8692156862745097,60.0,Exceeds Expectations
860960,Armaan Badami,Sales,Business Development,84,77.86,98.82,4.6,87.66,39,3.2,2,No,0,86.55499999999999,2.1915,64.0,Exceeds Expectations
137127,Saksham Chandra,HR,Recruitment Specialist,53,70.65,82.16,3.7,82.14,38,4.1,29,No,0,76.9005,2.106153846153846,82.0,Meets Expectations
737753,Miraan Dani,HR,Employee Relations,69,85.73,94.36,4.5,82.75,48,4.6,0,No,0,86.622,1.6887755102040816,92.0,Exceeds Expectations
424195,Ranbir Sabharwal,HR,Recruitment Specialist,63,61.64,87.21,4.5,77.43,42,3.9,15,No,0,75.256,1.8006976744186047,78.0,Meets Expectations
794019,Adah Deep,Marketing,Marketing Executive,80,66.9,99.13,4.2,92.0,40,4.7,10,No,0,83.08449999999999,2.2439024390243905,94.0,Exceeds Expectations
593427,Prerak Sundaram,Marketing,Marketing Executive,98,83.67,90.74,4.7,77.22,50,3.4,16,No,0,84.0225,1.5141176470588236,68.0,Exceeds Expectations
659869,Mehul Doctor,Sales,Sales Executive,88,86.04,83.78,4.2,81.39,45,4.5,10,Yes,1,83.76749999999998,1.7693478260869566,90.0,Exceeds Expectations
482829,Yuvraj  Dewan,HR,Recruitment Specialist,94,92.66,95.2,4.3,97.21,37,4.6,10,Yes,1,93.6345,2.558157894736842,92.0,Exceeds Expectations
493092,Piya Virk,Finance,Financial Analyst,61,94.95,96.8,4.7,98.22,38,3.8,3,No,0,96.22949999999999,2.5184615384615383,76.0,Exceeds Expectations
570104,Ryan Sachar,IT,Cybersecurity Specialist,83,77.34,82.14,4.6,78.74,42,3.6,15,No,0,80.749,1.8311627906976744,72.0,Exceeds Expectations
324427,Divij Randhawa,Finance,Financial Analyst,67,78.58,79.93,4.1,85.18,47,4.5,3,No,0,81.60549999999999,1.7745833333333334,90.0,Exceeds Expectations
339528,Fateh Sharma,IT,Software Engineer,61,87.4,93.93,3.2,99.69,39,4.3,27,No,0,89.17099999999999,2.49225,86.0,Exceeds Expectations
946960,Alisha Chand,Finance,Financial Analyst,83,60.68,77.49,3.3,94.09,44,4.0,8,No,0,75.693,2.090888888888889,80.0,Meets Expectations
731424,Pihu Dutt,Finance,Auditor,72,68.14,97.15,4.5,75.78,37,3.2,23,No,0,78.4445,1.9942105263157894,64.0,Meets Expectations
842692,Saanvi Madan,HR,HR Manager,93,91.14,78.8,3.1,75.56,53,4.6,11,Yes,1,79.46499999999999,1.3992592592592592,92.0,Meets Expectations
278306,Nakul Rout,Finance,Accountant,75,92.35,87.09,3.6,94.69,45,4.8,22,No,0,89.3275,2.058478260869565,96.0,Exceeds Expectations
609399,Vritika Hora,Marketing,Marketing Executive,75,61.44,94.92,4.0,83.31,46,4.1,28,No,0,76.9005,1.7725531914893617,82.0,Meets Expectations
132841,Ryan Madan,Sales,Account Manager,100,79.22,99.63,3.5,77.49,47,4.3,28,Yes,1,80.29299999999999,1.614375,86.0,Exceeds Expectations
729250,Miraya Uppal,IT,Software Engineer,95,91.46,98.52,4.0,90.64,42,4.5,28,Yes,1,90.51299999999999,2.1079069767441863,90.0,Exceeds Expectations
129892,Kaira Virk,Finance,Financial Analyst,73,75.92,87.69,3.8,86.08,41,3.8,27,No,0,81.2535,2.0495238095238095,76.0,Exceeds Expectations
267795,Rhea Ghose,Finance,Accountant,60,90.44,99.56,4.2,81.57,55,3.7,17,No,0,87.73749999999998,1.4566071428571428,74.0,Exceeds Expectations
525528,Rhea Dalal,Finance,Accountant,53,78.94,84.4,4.3,85.32,50,4.2,13,No,0,83.051,1.6729411764705882,84.00000000000001,Exceeds Expectations
848046,Suhana Malhotra,Sales,Business Development,81,92.57,92.3,3.7,88.46,52,4.9,19,No,0,88.30549999999998,1.6690566037735848,98.00000000000001,Exceeds Expectations
752362,Ela Ray,IT,Software Engineer,92,61.26,81.01,3.2,91.86,52,4.5,16,Yes,1,75.34349999999999,1.7332075471698114,90.0,Meets Expectations
916452,Rati Anne,Sales,Business Development,99,65.78,77.93,4.2,91.07,52,3.4,21,No,0,79.18699999999998,1.7183018867924527,68.0,Meets Expectations
186110,Anaya Vora,HR,Recruitment Specialist,82,73.68,81.21,3.5,84.06,54,4.5,11,No,0,77.8905,1.5283636363636364,90.0,Meets Expectations
125052,Saanvi Venkatesh,Finance,Auditor,65,68.7,98.18,3.4,98.38,50,4.0,1,No,0,83.405,1.9290196078431372,80.0,Exceeds Expectations
362851,Dishani Mahal,Sales,Business Development,78,69.53,84.89,4.2,83.53,41,3.3,17,No,0,78.90449999999998,1.9888095238095238,65.99999999999999,Meets Expectations
946388,Prisha Divan,Finance,Financial Analyst,76,88.07,82.34,3.5,88.57,50,4.2,21,No,0,84.675,1.7366666666666666,84.00000000000001,Exceeds Expectations
872665,Eshani Sathe,Marketing,Marketing Executive,77,79.96,94.51,4.1,76.06,44,3.6,29,No,0,81.0835,1.6902222222222223,72.0,Exceeds Expectations
977935,Sara Bava,Finance,Accountant,80,87.17,94.67,3.0,88.38,38,3.0,25,No,0,84.643,2.266153846153846,60.0,Exceeds Expectations
646736,Vidur Choudhury,IT,Software Engineer,73,61.56,98.33,4.2,92.2,39,4.6,30,No,0,81.1655,2.305,92.0,Exceeds Expectations
474625,Kismat Reddy,HR,Employee Relations,93,90.5,88.67,3.8,92.91,52,3.2,2,No,0,88.894,1.7530188679245282,64.0,Exceeds Expectations
223790,Badal Tara,HR,Employee Relations,83,86.19,75.04,3.7,95.45,46,3.3,30,No,0,85.92999999999999,2.0308510638297874,65.99999999999999,Exceeds Expectations
938700,Siya Bahri,Sales,Business Development,53,91.39,76.19,5.0,72.25,36,3.2,8,No,0,83.7025,1.9527027027027026,64.0,Exceeds Expectations
671927,Anahita Chandra,Sales,Account Manager,68,92.65,86.03,3.1,87.55,45,3.1,7,No,0,85.2745,1.9032608695652173,62.0,Exceeds Expectations
685345,Tiya Magar,HR,Employee Relations,78,84.1,97.37,3.9,80.39,40,4.3,6,No,0,83.877,1.9607317073170731,86.0,Exceeds Expectations
473298,Vritika Vasa,Finance,Accountant,62,64.95,94.85,4.1,79.49,51,3.8,4,No,0,77.08149999999999,1.5286538461538461,76.0,Meets Expectations
737360,Shlok Sibal,Sales,Account Manager,87,71.48,85.8,4.7,75.83,45,3.4,10,No,0,78.5285,1.6484782608695652,68.0,Meets Expectations
145730,Advik Ranganathan,Finance,Accountant,55,84.08,85.84,3.9,81.72,49,4.6,3,No,0,82.606,1.6344,92.0,Exceeds Expectations
912978,Divit Doshi,HR,Employee Relations,69,62.4,89.2,4.6,89.33,50,4.2,14,No,0,80.28549999999998,1.7515686274509803,84.00000000000001,Exceeds Expectations
850624,Trisha Bakshi,Marketing,Marketing Executive,85,60.19,75.84,4.8,72.33,50,3.3,22,No,0,72.15799999999999,1.418235294117647,65.99999999999999,Meets Expectations
171937,Hansh Koshy,Marketing,Content Strategist,61,89.86,94.42,3.7,99.46,46,4.5,5,No,0,91.52499999999998,2.116170212765957,90.0,Exceeds Expectations
884429,Anvi Bhavsar,Sales,Sales Executive,64,86.44,91.05,3.7,90.62,48,4.7,8,No,0,86.7285,1.849387755102041,94.0,Exceeds Expectations
728424,Dhruv Acharya,HR,HR Manager,99,69.49,97.13,3.6,83.33,41,4.8,24,Yes,1,78.8565,1.984047619047619,96.0,Meets Expectations
880296,Ivan Mand,HR,Recruitment Specialist,93,81.43,76.47,3.5,93.14,42,3.4,6,No,0,83.07,2.166046511627907,68.0,Exceeds Expectations
761061,Mehul Lad,Sales,Account Manager,79,84.98,92.59,4.5,80.53,52,4.5,21,No,0,85.31700000000001,1.519433962264151,90.0,Exceeds Expectations
156156,Hansh Karnik,IT,Data Analyst,59,73.17,93.95,3.4,95.76,50,4.4,14,No,0,83.418,1.8776470588235294,88.00000000000001,Exceeds Expectations
691406,Uthkarsh Vala,Finance,Accountant,69,71.88,92.52,3.5,96.32,45,4.9,2,No,0,83.24799999999999,2.0939130434782607,98.00000000000001,Exceeds Expectations
632730,Kashvi Buch,Sales,Business Development,91,60.91,97.96,3.2,71.13,40,4.0,0,No,0,70.508,1.7348780487804878,80.0,Meets Expectations
286824,Riya Madan,Finance,Financial Analyst,81,85.97,82.46,5.0,75.67,44,3.7,18,No,0,83.943,1.6815555555555557,74.0,Exceeds Expectations
995749,Oorja Bobal,Sales,Account Manager,66,81.2,98.89,3.0,90.1,47,5.0,12,No,0,83.7885,1.8770833333333332,100.0,Exceeds Expectations
439866,Shlok Saini,Finance,Auditor,65,88.18,89.76,4.3,82.39,44,3.1,20,No,0,86.0635,1.830888888888889,62.0,Exceeds Expectations
425648,Anika Sengupta,HR,Recruitment Specialist,100,73.83,90.15,4.2,92.6,54,4.7,4,Yes,1,84.37299999999999,1.6836363636363636,94.0,Exceeds Expectations
551207,Lakshay Saxena,HR,Employee Relations,97,93.27,91.54,3.8,90.42,49,4.5,16,Yes,1,89.42249999999999,1.8084,90.0,Exceeds Expectations
895289,Indrans Wason,HR,Employee Relations,85,94.51,85.68,3.9,72.04,43,3.9,4,No,0,82.84450000000001,1.6372727272727274,78.0,Exceeds Expectations
740139,Parinaaz Swaminathan,IT,Software Engineer,71,89.24,79.08,3.8,90.59,51,4.6,30,No,0,86.2025,1.7421153846153847,92.0,Exceeds Expectations
250239,Zara Roy,Finance,Accountant,59,73.51,84.79,4.5,79.77,37,3.2,25,No,0,79.8665,2.0992105263157894,64.0,Meets Expectations
311211,Yuvraj  Swaminathan,Marketing,Content Strategist,94,81.59,87.33,4.5,88.48,47,3.3,5,No,0,86.124,1.8433333333333335,65.99999999999999,Exceeds Expectations
940441,Ojas Chada,HR,HR Manager,86,88.88,88.4,4.0,98.15,52,4.0,18,No,0,90.7205,1.8518867924528304,80.0,Exceeds Expectations
318048,Ira Thakkar,IT,Cybersecurity Specialist,99,65.41,89.81,4.8,80.61,48,4.9,1,Yes,1,78.9785,1.6451020408163266,98.00000000000001,Meets Expectations
917471,Pihu Ghose,HR,HR Manager,72,65.69,76.26,4.9,98.66,48,4.0,10,No,0,83.6615,2.013469387755102,80.0,Exceeds Expectations
705706,Samiha Thaman,Finance,Auditor,90,78.08,97.23,4.6,75.87,47,4.5,16,Yes,1,82.267,1.5806250000000002,90.0,Exceeds Expectations
551820,Ivana Rattan,Marketing,Content Strategist,83,71.74,98.71,4.8,74.26,40,3.2,12,No,0,80.3065,1.811219512195122,64.0,Exceeds Expectations
221582,Jiya Cheema,Marketing,Marketing Executive,51,78.2,90.55,4.3,79.56,35,3.8,22,No,0,81.69850000000001,2.21,76.0,Exceeds Expectations
441547,Faiyaz Raval,HR,Recruitment Specialist,76,80.44,80.18,3.2,96.76,39,3.3,19,No,0,83.64699999999999,2.419,65.99999999999999,Exceeds Expectations
795310,Raunak Konda,IT,Data Analyst,65,77.51,90.49,4.6,97.47,37,3.3,9,No,0,88.61649999999999,2.565,65.99999999999999,Exceeds Expectations
578635,Myra Ranganathan,IT,Software Engineer,59,60.07,79.14,3.5,97.36,53,4.4,14,No,0,77.47149999999999,1.8029629629629629,88.00000000000001,Meets Expectations
346443,Rania Garg,IT,Software Engineer,82,65.15,78.79,3.6,73.62,37,4.5,6,No,0,71.188,1.9373684210526316,90.0,Meets Expectations
832149,Adah Goswami,Marketing,Content Strategist,68,82.07,88.23,4.9,71.28,35,3.3,16,No,0,81.607,1.98,65.99999999999999,Exceeds Expectations
925126,Mahika Bora,Sales,Account Manager,100,72.07,87.59,3.0,87.41,49,4.7,2,Yes,1,77.95649999999999,1.7482,94.0,Meets Expectations
560397,Shanaya Bali,HR,Employee Relations,81,65.94,95.39,3.7,78.72,51,3.1,7,No,0,76.03949999999999,1.5138461538461538,62.0,Meets Expectations
350626,Kanav Lanka,Finance,Accountant,66,84.19,92.13,4.9,72.51,44,4.2,7,No,0,83.3645,1.6113333333333335,84.00000000000001,Exceeds Expectations
335208,Mishti Ganguly,HR,Recruitment Specialist,82,76.59,77.06,4.6,97.82,36,3.5,2,No,0,86.40249999999999,2.6437837837837836,70.0,Exceeds Expectations
860980,Kimaya Aggarwal,Finance,Auditor,100,94.94,94.95,3.5,79.71,38,3.1,20,No,0,85.87,2.043846153846154,62.0,Exceeds Expectations
349858,Prisha Chanda,Sales,Account Manager,94,68.02,78.48,4.4,72.7,38,3.6,20,No,0,74.22399999999999,1.8641025641025641,72.0,Meets Expectations
965221,Chirag Lalla,Sales,Account Manager,56,68.01,83.8,4.0,97.63,44,4.0,27,No,0,82.544,2.1695555555555552,80.0,Exceeds Expectations
680014,Abram Seth,HR,Recruitment Specialist,68,78.8,96.19,3.3,73.78,52,4.1,3,No,0,77.73150000000001,1.3920754716981132,82.0,Meets Expectations
770909,Jayan Kohli,IT,Cybersecurity Specialist,65,75.1,91.08,4.4,98.27,52,4.3,15,No,0,87.5415,1.8541509433962264,86.0,Exceeds Expectations
232269,Riaan Chacko,HR,Employee Relations,86,61.79,89.29,3.7,96.62,38,3.0,19,No,0,79.937,2.4774358974358974,60.0,Meets Expectations
418960,Sana Hans,Finance,Auditor,71,74.92,88.65,4.8,83.68,41,3.9,29,No,0,83.20750000000001,1.9923809523809526,78.0,Exceeds Expectations
755582,Prerak Datta,Sales,Sales Executive,59,93.72,92.52,4.9,78.65,54,4.6,24,No,0,88.9075,1.4300000000000002,92.0,Exceeds Expectations
913107,Anahita Hans,Finance,Accountant,93,70.94,90.73,3.3,95.54,48,4.8,29,Yes,1,81.7775,1.949795918367347,96.0,Exceeds Expectations
219532,Hrishita Koshy,HR,HR Manager,56,86.7,89.53,4.7,87.21,37,3.2,13,No,0,88.398,2.295,64.0,Exceeds Expectations
516332,Kartik Lalla,HR,Recruitment Specialist,97,91.01,82.26,4.4,89.22,44,4.3,3,Yes,1,88.6195,1.9826666666666666,86.0,Exceeds Expectations
445720,Amani Bhat,Finance,Auditor,73,79.8,92.43,3.6,93.3,49,4.5,28,No,0,85.2495,1.8659999999999999,90.0,Exceeds Expectations
201647,Elakshi Char,HR,Recruitment Specialist,98,93.46,78.15,3.4,77.0,43,4.4,20,Yes,1,81.5835,1.75,88.00000000000001,Exceeds Expectations
125397,Vivaan Kakar,Marketing,Content Strategist,86,63.2,99.73,3.7,99.31,44,3.1,11,No,0,82.938,2.206888888888889,62.0,Exceeds Expectations
338231,Pranay Sen,IT,Software Engineer,62,81.92,86.65,3.7,79.04,45,3.3,5,No,0,80.4335,1.7182608695652175,65.99999999999999,Exceeds Expectations
283018,Hunar Sura,IT,Software Engineer,95,81.08,75.74,4.4,71.13,51,3.3,19,No,0,77.8345,1.3678846153846154,65.99999999999999,Meets Expectations
375092,Elakshi Borde,HR,Employee Relations,85,78.08,86.72,3.7,72.73,35,4.6,22,No,0,76.8915,2.020277777777778,92.0,Meets Expectations
948704,Nishith Bains,Finance,Financial Analyst,92,88.52,83.88,4.3,91.61,48,3.8,30,No,0,88.52749999999999,1.8695918367346938,76.0,Exceeds Expectations
501435,Madhav Dhar,Marketing,Content Strategist,73,94.83,90.82,4.3,94.63,52,4.7,26,No,0,92.83400000000002,1.7854716981132075,94.0,Exceeds Expectations
427518,Neysa Magar,Marketing,SEO Specialist,81,68.76,84.05,4.5,71.37,54,4.0,8,No,0,75.153,1.2976363636363637,80.0,Meets Expectations
830311,Samiha Dugar,IT,Cybersecurity Specialist,67,67.02,85.26,3.0,75.97,41,3.0,24,No,0,71.8355,1.8088095238095239,60.0,Meets Expectations
938143,Rohan Mann,Marketing,Marketing Executive,100,85.73,97.11,3.1,70.88,38,3.5,19,No,0,78.67999999999999,1.8174358974358973,70.0,Meets Expectations
189294,Indranil Saran,Sales,Business Development,83,91.08,81.83,4.9,75.77,55,3.1,16,No,0,85.372,1.3530357142857141,62.0,Exceeds Expectations
582678,Kiaan Doshi,IT,Software Engineer,57,71.91,75.44,3.7,94.54,40,3.9,28,No,0,80.67349999999999,2.3058536585365856,78.0,Exceeds Expectations
322714,Tejas Sangha,Finance,Financial Analyst,94,65.6,76.56,4.4,84.26,42,3.7,22,No,0,77.13499999999999,1.9595348837209303,74.0,Meets Expectations
700739,Kavya Kuruvilla,Marketing,SEO Specialist,52,79.9,94.94,3.6,79.66,44,4.8,27,No,0,80.88699999999999,1.7702222222222221,96.0,Exceeds Expectations
697715,Yuvaan Subramaniam,Sales,Account Manager,80,90.5,95.4,3.6,91.61,41,4.6,10,No,0,88.84849999999999,2.1811904761904763,92.0,Exceeds Expectations
423076,Zoya Hora,Marketing,SEO Specialist,85,67.04,94.72,4.7,92.5,35,3.4,17,No,0,84.14699999999999,2.5694444444444446,68.0,Exceeds Expectations
956232,Anahita Goswami,IT,Data Analyst,77,83.28,84.59,4.2,82.74,44,3.3,4,No,0,83.3955,1.8386666666666664,65.99999999999999,Exceeds Expectations
481589,Hridaan Bumb,Sales,Business Development,96,75.19,84.09,3.7,94.34,52,4.9,5,Yes,1,83.04899999999999,1.78,98.00000000000001,Exceeds Expectations
640250,Rania Karan,Sales,Business Development,68,67.94,83.82,3.8,87.3,37,3.9,2,No,0,78.30699999999999,2.2973684210526315,78.0,Meets Expectations
284205,Bhamini Madan,Finance,Accountant,89,92.23,77.88,3.4,80.68,38,3.6,14,No,0,82.4005,2.068717948717949,72.0,Exceeds Expectations
657968,Khushi Jaggi,HR,HR Manager,74,74.03,95.83,3.7,88.46,51,4.2,12,No,0,82.34599999999999,1.701153846153846,84.00000000000001,Exceeds Expectations
920286,Manjari Chowdhury,HR,HR Manager,75,78.37,88.3,3.5,92.42,38,3.5,20,No,0,83.5215,2.3697435897435897,70.0,Exceeds Expectations
997513,Armaan Lala,Finance,Accountant,55,93.93,92.74,4.5,97.83,48,3.1,9,No,0,94.527,1.996530612244898,62.0,Exceeds Expectations
521197,Manjari Uppal,HR,Employee Relations,80,93.97,94.56,4.8,86.47,46,3.1,25,No,0,91.738,1.8397872340425532,62.0,Exceeds Expectations
682614,Taran Chadha,Marketing,Marketing Executive,72,69.48,87.28,4.5,86.45,54,5.0,26,No,0,81.1675,1.5718181818181818,100.0,Exceeds Expectations
491320,Kavya Sachdev,HR,Employee Relations,61,63.98,86.22,3.4,85.82,42,3.2,25,No,0,75.563,1.9958139534883719,64.0,Meets Expectations
212943,Zoya Balasubramanian,Marketing,Marketing Executive,59,75.35,85.99,4.2,92.12,45,3.7,27,No,0,84.11299999999999,2.002608695652174,74.0,Exceeds Expectations
603571,Kartik Chacko,Marketing,SEO Specialist,79,65.02,87.37,4.1,80.06,47,3.6,8,No,0,76.1835,1.6679166666666667,72.0,Meets Expectations
960911,Ritvik Chhabra,HR,HR Manager,91,77.97,75.64,4.4,70.16,44,4.5,12,Yes,1,76.3915,1.5591111111111111,90.0,Meets Expectations
542816,Drishya Khurana,Marketing,SEO Specialist,50,87.09,78.62,3.9,73.1,42,3.3,15,No,0,79.5595,1.7,65.99999999999999,Meets Expectations
799701,Bhavin Gulati,HR,HR Manager,92,84.06,87.75,3.1,81.67,36,4.7,0,Yes,1,80.46799999999999,2.2072972972972975,94.0,Exceeds Expectations
386385,Anika Chaudhari,HR,HR Manager,99,74.83,96.5,3.9,85.18,40,4.2,17,Yes,1,82.1785,2.077560975609756,84.00000000000001,Exceeds Expectations
467268,Suhana Varughese,Marketing,SEO Specialist,96,74.62,81.03,4.5,79.33,48,4.6,20,Yes,1,79.537,1.6189795918367347,92.0,Meets Expectations
440183,Saira Choudhury,Marketing,Content Strategist,55,60.23,97.86,4.8,92.78,38,3.4,16,No,0,82.6325,2.378974358974359,68.0,Exceeds Expectations
799671,Sara Chad,IT,Software Engineer,61,80.03,89.88,4.5,94.51,37,4.5,9,No,0,88.071,2.4871052631578947,90.0,Exceeds Expectations
846174,Riya Manda,HR,Employee Relations,94,72.06,88.35,3.2,71.87,37,4.1,1,Yes,1,73.228,1.8913157894736843,82.0,Meets Expectations
107658,Aaryahi Borah,Sales,Account Manager,95,90.51,86.6,4.0,76.39,41,4.0,7,No,0,83.405,1.8188095238095239,80.0,Exceeds Expectations
668817,Anika Manne,Marketing,SEO Specialist,91,62.57,87.18,4.0,76.81,41,3.8,21,No,0,73.86,1.8288095238095239,76.0,Meets Expectations
354554,Baiju Reddy,Sales,Sales Executive,59,71.06,94.46,4.7,94.24,50,3.1,8,No,0,86.12399999999998,1.8478431372549018,62.0,Exceeds Expectations
289677,Tejas D’Alia,IT,Software Engineer,98,80.13,85.5,3.5,85.25,47,3.1,7,No,0,81.208,1.7760416666666667,62.0,Exceeds Expectations
239763,Zeeshan Goda,Finance,Financial Analyst,76,77.25,88.4,3.6,76.07,48,4.3,22,No,0,77.722,1.5524489795918366,86.0,Meets Expectations
187647,Kabir Ratta,Sales,Sales Executive,63,63.47,80.87,3.8,78.85,46,3.2,7,No,0,73.3425,1.677659574468085,64.0,Meets Expectations
804964,Shanaya Wali,Sales,Sales Executive,83,74.92,78.41,4.2,74.18,41,3.1,4,No,0,76.5465,1.7661904761904763,62.0,Meets Expectations
414839,Ranbir Dass,HR,Recruitment Specialist,54,78.24,78.69,4.0,93.18,47,3.8,24,No,0,83.8005,1.9412500000000001,76.0,Exceeds Expectations
237379,Kaira Bala,Finance,Accountant,67,75.97,99.26,3.9,90.85,41,3.9,29,No,0,84.976,2.163095238095238,78.0,Exceeds Expectations
574652,Taimur Zacharia,Sales,Business Development,65,68.71,80.6,3.1,91.88,51,4.0,9,No,0,77.59649999999999,1.7669230769230768,80.0,Meets Expectations
461876,Parinaaz Dutta,IT,Data Analyst,61,91.46,99.61,3.3,83.09,49,4.0,24,No,0,85.934,1.6618000000000002,80.0,Exceeds Expectations
871801,Jayant Kaul,Finance,Accountant,76,83.13,95.98,4.7,88.69,39,3.3,5,No,0,88.63399999999999,2.21725,65.99999999999999,Exceeds Expectations
242466,Pari Sane,IT,Cybersecurity Specialist,91,78.74,78.89,3.0,71.28,36,4.8,17,Yes,1,73.34049999999999,1.9264864864864866,96.0,Meets Expectations
276778,Yasmin Zachariah,Sales,Sales Executive,81,68.31,76.61,3.4,84.65,40,3.8,30,No,0,75.2275,2.0646341463414637,76.0,Meets Expectations
462162,Nakul Lalla,Finance,Accountant,72,87.75,79.65,3.9,95.24,40,4.1,7,No,0,87.694,2.3229268292682925,82.0,Exceeds Expectations
218020,Kiara Sen,HR,HR Manager,65,84.47,83.22,4.0,97.87,53,4.4,3,No,0,88.302,1.8124074074074075,88.00000000000001,Exceeds Expectations
315371,Abram Sankar,IT,Software Engineer,52,73.63,92.83,4.7,79.92,44,4.9,19,No,0,81.76699999999998,1.776,98.00000000000001,Exceeds Expectations
831689,Siya Sethi,Sales,Account Manager,59,74.02,85.51,3.1,96.09,41,3.7,30,No,0,81.66499999999999,2.287857142857143,74.0,Exceeds Expectations
636317,Jivin Savant,IT,Cybersecurity Specialist,51,62.02,84.22,3.7,85.1,46,3.8,3,No,0,75.225,1.8106382978723403,76.0,Meets Expectations
128755,Ojas Sama,IT,Software Engineer,68,70.39,79.58,3.1,76.43,47,4.2,5,No,0,72.624,1.5922916666666669,84.00000000000001,Meets Expectations
268753,Jayesh Comar,HR,Employee Relations,80,93.43,77.49,3.5,74.23,47,4.4,4,No,0,80.80449999999999,1.5464583333333335,88.00000000000001,Exceeds Expectations
959736,Aarush Tak,Marketing,Marketing Executive,98,67.91,81.61,3.8,79.71,40,4.9,6,Yes,1,75.3085,1.9441463414634146,98.00000000000001,Meets Expectations
970279,Ranbir Viswanathan,Marketing,SEO Specialist,54,65.2,85.51,4.0,90.12,41,4.1,18,No,0,79.18849999999999,2.145714285714286,82.0,Meets Expectations
304464,Suhana Ramaswamy,HR,Recruitment Specialist,96,66.04,85.92,3.9,90.03,55,3.3,1,No,0,79.2125,1.6076785714285715,65.99999999999999,Meets Expectations
633692,Biju Sule,Marketing,Marketing Executive,73,79.44,84.51,4.8,88.49,45,4.6,17,No,0,85.852,1.923695652173913,92.0,Exceeds Expectations
172159,Anika Roy,Sales,Business Development,82,72.22,88.51,3.0,88.46,54,4.1,8,No,0,78.5145,1.6083636363636362,82.0,Meets Expectations
997052,Urvi Seth,Finance,Auditor,76,85.41,99.34,3.5,97.47,42,3.7,26,No,0,89.40899999999999,2.2667441860465116,74.0,Exceeds Expectations
836049,Saanvi Mane,HR,HR Manager,73,66.6,80.95,4.7,73.06,44,3.5,10,No,0,75.12349999999999,1.6235555555555556,70.0,Meets Expectations
385650,Samar Rana,Finance,Financial Analyst,84,61.03,87.65,3.5,75.87,52,4.7,8,No,0,71.5625,1.4315094339622643,94.0,Meets Expectations
863727,Tiya Upadhyay,Sales,Business Development,71,77.94,97.57,4.4,72.45,42,4.5,21,No,0,80.472,1.6848837209302325,90.0,Exceeds Expectations
330405,Fateh Ganesh,HR,Recruitment Specialist,71,69.64,92.88,4.3,98.62,48,3.4,2,No,0,85.723,2.0126530612244897,68.0,Exceeds Expectations
762512,Kismat Chad,Sales,Sales Executive,78,82.27,93.94,4.1,84.13,45,3.0,19,No,0,84.63099999999999,1.8289130434782608,60.0,Exceeds Expectations
676115,Tejas Mallick,Sales,Business Development,63,65.02,84.82,4.5,91.09,52,4.2,30,No,0,80.86149999999999,1.7186792452830189,84.00000000000001,Exceeds Expectations
999653,Riaan Rajan,IT,Cybersecurity Specialist,83,81.09,97.73,3.2,99.39,36,3.9,8,No,0,87.42749999999998,2.6862162162162164,78.0,Exceeds Expectations
622482,Aaina Comar,Marketing,Content Strategist,52,75.11,97.47,4.7,81.0,45,4.2,15,No,0,83.35899999999998,1.7608695652173914,84.00000000000001,Exceeds Expectations
271054,Divij Rao,Marketing,SEO Specialist,75,62.3,93.71,4.9,88.79,50,4.2,16,No,0,81.63799999999999,1.740980392156863,84.00000000000001,Exceeds Expectations
316433,Hunar Sarkar,IT,Data Analyst,81,81.23,79.16,4.4,97.52,46,3.8,16,No,0,87.6365,2.0748936170212766,76.0,Exceeds Expectations
914673,Tarini Sidhu,IT,Data Analyst,85,70.89,85.47,4.6,85.75,54,3.8,23,No,0,81.44449999999999,1.559090909090909,76.0,Exceeds Expectations
655954,Shamik Virk,Finance,Financial Analyst,54,71.32,75.9,4.8,85.46,40,4.8,17,No,0,80.65799999999999,2.0843902439024387,96.0,Exceeds Expectations
833486,Armaan Verma,HR,HR Manager,50,88.66,98.3,4.8,89.34,36,3.7,26,No,0,91.445,2.4145945945945946,74.0,Exceeds Expectations
387598,Vanya Golla,IT,Software Engineer,69,91.14,85.96,3.0,84.68,48,3.8,28,No,0,83.431,1.7281632653061225,76.0,Exceeds Expectations
729513,Mishti Chada,IT,Data Analyst,93,81.52,83.97,3.9,82.73,53,3.0,9,No,0,81.783,1.532037037037037,60.0,Exceeds Expectations
207324,Navya Ganesh,Finance,Auditor,60,73.68,98.01,3.4,71.57,45,4.4,13,No,0,75.73899999999999,1.555869565217391,88.00000000000001,Meets Expectations
351873,Prisha Borra,Sales,Account Manager,94,63.86,77.09,4.8,97.28,54,4.1,3,Yes,1,82.36249999999998,1.7687272727272727,82.0,Exceeds Expectations
900614,Diya Kata,Marketing,SEO Specialist,88,90.03,82.68,3.4,82.89,53,3.4,25,No,0,83.124,1.535,68.0,Exceeds Expectations
855906,Kiara Salvi,IT,Data Analyst,59,78.72,98.12,4.4,71.28,41,4.6,17,No,0,80.418,1.697142857142857,92.0,Exceeds Expectations
840994,Dishani Tandon,Marketing,Marketing Executive,70,88.94,82.27,4.7,72.51,40,4.6,25,No,0,82.94799999999998,1.7685365853658537,92.0,Exceeds Expectations
220836,Neelofar Vig,Marketing,SEO Specialist,91,62.64,88.93,3.2,77.07,45,4.5,6,Yes,1,71.838,1.6754347826086955,90.0,Meets Expectations
141021,Lavanya Ravi,HR,Employee Relations,73,83.5,79.67,4.4,74.47,45,4.9,1,No,0,80.44,1.6189130434782608,98.00000000000001,Exceeds Expectations
984998,Kiaan Korpal,Finance,Accountant,52,91.48,86.43,4.3,75.76,54,4.7,19,No,0,84.39850000000001,1.3774545454545455,94.0,Exceeds Expectations
475371,Jhanvi Goswami,Finance,Auditor,86,72.24,78.18,3.1,75.83,44,3.1,17,No,0,72.85149999999999,1.685111111111111,62.0,Meets Expectations
529264,Miraya Golla,Marketing,Content Strategist,58,92.81,93.95,4.2,99.76,46,3.7,17,No,0,94.09199999999998,2.1225531914893616,74.0,Exceeds Expectations
391476,Kartik Dalal,Marketing,Content Strategist,69,82.98,92.26,4.3,96.45,52,3.9,6,No,0,89.5395,1.819811320754717,78.0,Exceeds Expectations
967124,Hansh Bora,HR,Recruitment Specialist,94,93.8,78.78,4.8,94.74,53,4.2,4,Yes,1,92.20600000000002,1.7544444444444443,84.00000000000001,Exceeds Expectations
883298,Ivana Barad,Marketing,Marketing Executive,100,70.39,95.72,4.9,98.08,45,4.5,27,Yes,1,88.0225,2.132173913043478,90.0,Exceeds Expectations
312337,Samaira Iyengar,HR,Recruitment Specialist,74,75.69,93.85,3.7,76.84,38,3.8,17,No,0,78.56299999999999,1.9702564102564104,76.0,Meets Expectations
711065,Dhruv Swamy,IT,Software Engineer,71,82.91,86.82,3.5,79.45,49,4.1,22,No,0,80.34899999999999,1.589,82.0,Exceeds Expectations
713918,Parinaaz Goel,HR,Recruitment Specialist,95,91.67,77.48,4.5,72.12,55,4.9,8,Yes,1,82.4485,1.287857142857143,98.00000000000001,Exceeds Expectations
568508,Lakshit Toor,HR,Recruitment Specialist,83,91.4,94.16,4.8,76.62,51,4.4,1,No,0,87.33099999999999,1.4734615384615386,88.00000000000001,Exceeds Expectations
299441,Ahana  Arya,Finance,Financial Analyst,78,79.19,91.96,4.9,76.57,45,4.1,14,No,0,83.00999999999999,1.6645652173913041,82.0,Exceeds Expectations
933785,Khushi Uppal,Sales,Sales Executive,64,68.55,96.18,3.5,95.93,48,4.2,1,No,0,82.495,1.9577551020408164,84.00000000000001,Exceeds Expectations
858842,Nirvi Magar,HR,Employee Relations,54,76.1,86.32,3.7,78.73,53,5.0,1,No,0,78.23849999999999,1.4579629629629631,100.0,Meets Expectations
581350,Zain Malhotra,HR,Employee Relations,62,93.08,87.28,4.2,94.8,48,3.7,9,No,0,91.44999999999999,1.9346938775510203,74.0,Exceeds Expectations
761136,Kimaya Tailor,Marketing,SEO Specialist,75,67.04,83.74,3.6,81.02,48,3.7,3,No,0,75.18199999999999,1.6534693877551019,74.0,Meets Expectations
323181,Zain Raja,Marketing,SEO Specialist,68,89.21,90.24,4.8,87.53,47,4.3,0,No,0,89.79499999999999,1.8235416666666666,86.0,Exceeds Expectations
292276,Rhea Sagar,HR,Recruitment Specialist,76,66.81,95.81,4.8,84.34,35,3.8,5,No,0,81.674,2.342777777777778,76.0,Exceeds Expectations
557502,Shalv Kibe,Marketing,Marketing Executive,66,82.37,98.04,3.5,98.77,48,3.8,19,No,0,88.605,2.0157142857142856,76.0,Exceeds Expectations
619911,Shray Chatterjee,HR,HR Manager,69,85.95,99.68,4.5,95.92,42,4.8,14,No,0,92.1065,2.2306976744186047,96.0,Exceeds Expectations
959460,Farhan Baria,HR,Employee Relations,79,86.0,78.05,3.6,96.96,48,3.4,8,No,0,86.54349999999998,1.9787755102040816,68.0,Exceeds Expectations
117814,Kabir Kapadia,Sales,Business Development,86,74.21,97.09,3.8,93.24,46,4.0,10,No,0,84.571,1.9838297872340425,80.0,Exceeds Expectations
162225,Kaira Krishnamurthy,HR,Employee Relations,73,85.83,84.63,3.5,97.6,47,4.5,30,No,0,87.395,2.033333333333333,90.0,Exceeds Expectations
517826,Tejas Ramachandran,Marketing,SEO Specialist,74,87.29,93.45,3.5,81.68,55,4.4,16,No,0,83.657,1.4585714285714286,88.00000000000001,Exceeds Expectations
984800,Ritvik Balasubramanian,Finance,Accountant,66,76.46,93.15,4.2,71.0,43,4.7,20,No,0,78.18349999999998,1.6136363636363635,94.0,Meets Expectations
836255,Raghav Sridhar,Marketing,Marketing Executive,67,65.75,94.44,4.7,98.89,38,3.9,5,No,0,85.88999999999999,2.535641025641026,78.0,Exceeds Expectations
786966,Hazel Amble,IT,Data Analyst,58,88.26,81.93,3.9,75.64,40,4.6,18,No,0,81.3545,1.844878048780488,92.0,Exceeds Expectations
295585,Piya Zacharia,IT,Data Analyst,56,87.11,86.05,3.3,82.28,53,4.8,26,No,0,82.094,1.5237037037037038,96.0,Exceeds Expectations
840289,Riya Chowdhury,IT,Software Engineer,75,75.01,91.92,4.7,88.46,53,4.5,6,No,0,85.10249999999999,1.6381481481481481,90.0,Exceeds Expectations
879607,Umang Sarma,HR,Recruitment Specialist,54,67.42,75.98,4.6,90.4,55,3.9,7,No,0,80.434,1.6142857142857143,78.0,Exceeds Expectations
640494,Jayan Deshmukh,Finance,Accountant,69,66.55,75.67,4.8,78.59,36,3.3,24,No,0,76.5495,2.1240540540540542,65.99999999999999,Meets Expectations
296395,Seher Khatri,Marketing,Marketing Executive,70,70.23,82.21,3.9,82.11,47,4.0,20,No,0,77.3505,1.710625,80.0,Meets Expectations
125546,Jiya Keer,Sales,Sales Executive,57,90.05,94.64,3.4,79.61,50,3.7,19,No,0,83.777,1.5609803921568628,74.0,Exceeds Expectations
747944,Dhanuk Chandran,Sales,Account Manager,72,64.97,84.91,3.4,97.1,53,4.6,23,No,0,79.66099999999999,1.798148148148148,92.0,Meets Expectations
168343,Dishani Kala,IT,Data Analyst,73,63.52,81.62,3.6,74.84,50,4.8,3,No,0,71.46900000000001,1.467450980392157,96.0,Meets Expectations
759331,Sana Kohli,Finance,Accountant,56,94.4,98.22,3.2,78.74,48,3.4,25,No,0,84.93199999999999,1.606938775510204,68.0,Exceeds Expectations
469127,Advik Mangal,HR,HR Manager,63,83.7,94.04,4.1,79.25,37,3.3,10,No,0,83.43849999999999,2.085526315789474,65.99999999999999,Exceeds Expectations
485924,Sana Kapur,IT,Software Engineer,82,71.91,86.34,4.9,97.41,53,4.1,10,No,0,86.913,1.8038888888888889,82.0,Exceeds Expectations
326079,Advik Comar,Sales,Account Manager,62,68.38,97.75,3.3,87.21,53,4.7,28,No,0,79.01899999999999,1.615,94.0,Meets Expectations
586460,Shamik Bal,Finance,Accountant,59,85.01,96.3,3.2,90.77,42,4.1,27,No,0,85.56799999999998,2.1109302325581396,82.0,Exceeds Expectations
551937,Himmat Sur,Marketing,SEO Specialist,63,80.41,91.07,4.8,80.46,45,4.7,1,No,0,84.36499999999998,1.7491304347826087,94.0,Exceeds Expectations
599103,Nitya Gera,Sales,Business Development,61,62.02,77.71,3.3,85.65,45,4.9,18,No,0,73.241,1.8619565217391305,98.00000000000001,Meets Expectations
523812,Indrajit Rastogi,HR,HR Manager,89,71.38,82.83,4.7,72.5,43,4.6,0,Yes,1,76.8825,1.6477272727272727,92.0,Meets Expectations
479099,Yuvaan Sankar,Finance,Auditor,97,66.62,96.11,4.9,71.33,50,3.8,14,No,0,77.399,1.3986274509803922,76.0,Meets Expectations
681342,Rasha Srinivas,Sales,Account Manager,51,60.46,97.08,3.5,79.89,40,4.6,28,No,0,74.18449999999999,1.9485365853658536,92.0,Meets Expectations
753777,Ojas Lanka,Finance,Auditor,91,67.48,86.15,5.0,78.39,53,3.1,1,No,0,78.977,1.4516666666666667,62.0,Meets Expectations
191289,Kartik Kashyap,Sales,Business Development,66,78.8,77.03,3.4,70.47,49,3.9,9,No,0,73.999,1.4094,78.0,Meets Expectations
194973,Dhanush Sha,HR,Employee Relations,87,67.22,85.33,4.5,90.02,50,4.2,18,Yes,1,81.33349999999999,1.765098039215686,84.00000000000001,Exceeds Expectations
146035,Vanya Golla,Finance,Accountant,99,65.16,82.79,4.4,98.88,35,3.4,30,No,0,83.0325,2.7466666666666666,68.0,Exceeds Expectations
689963,Kiara Gara,Marketing,Content Strategist,79,82.72,95.6,3.4,83.6,55,4.6,0,No,0,82.752,1.4928571428571427,92.0,Exceeds Expectations
621545,Keya Chaudhari,IT,Data Analyst,94,89.11,83.97,4.3,71.43,35,4.2,7,Yes,1,81.6845,1.9841666666666669,84.00000000000001,Exceeds Expectations
559156,Aayush Dyal,Finance,Auditor,67,89.01,83.9,3.2,87.01,44,4.8,8,No,0,83.792,1.9335555555555557,96.0,Exceeds Expectations
215858,Ehsaan Kadakia,Sales,Account Manager,61,65.96,88.06,3.8,85.14,49,3.9,4,No,0,77.494,1.7028,78.0,Meets Expectations
519213,Vanya Sha,Marketing,Content Strategist,72,60.36,93.2,4.1,87.5,40,3.0,8,No,0,78.03099999999999,2.1341463414634148,60.0,Meets Expectations
937313,Amani Kakar,Sales,Business Development,91,69.85,87.97,3.1,93.95,46,3.4,29,No,0,79.82549999999999,1.998936170212766,68.0,Meets Expectations
386351,Hiran Sawhney,IT,Cybersecurity Specialist,99,88.75,91.68,3.7,90.49,38,4.5,25,Yes,1,87.58599999999998,2.3202564102564103,90.0,Exceeds Expectations
125258,Heer Deol,Finance,Financial Analyst,71,81.49,96.56,4.4,84.84,54,4.1,13,No,0,85.89949999999999,1.5425454545454547,82.0,Exceeds Expectations
717288,Mahika Jain,HR,Recruitment Specialist,70,73.93,90.94,4.3,89.23,52,4.9,4,No,0,83.647,1.6835849056603773,98.00000000000001,Exceeds Expectations
641425,Khushi Dey,IT,Data Analyst,63,67.69,75.63,3.4,98.97,53,3.3,3,No,0,79.8755,1.8327777777777778,65.99999999999999,Meets Expectations
361788,Taimur Venkataraman,HR,Recruitment Specialist,68,90.99,89.84,4.6,77.19,50,4.7,11,No,0,86.139,1.5135294117647058,94.0,Exceeds Expectations
522252,Vidur Dewan,IT,Software Engineer,82,62.23,83.75,4.5,93.62,48,3.1,30,No,0,80.61,1.9106122448979592,62.0,Exceeds Expectations
781175,Nehmat Chaudhari,Sales,Business Development,84,93.13,78.87,3.5,86.05,45,4.9,12,No,0,85.0435,1.8706521739130435,98.00000000000001,Exceeds Expectations
573799,Dhanuk De,HR,Employee Relations,68,65.75,87.07,4.0,75.33,41,4.2,26,No,0,74.4385,1.7935714285714286,84.00000000000001,Meets Expectations
439427,Vivaan Bajwa,HR,Employee Relations,76,76.42,97.21,4.8,89.27,36,3.4,7,No,0,86.97299999999998,2.4127027027027026,68.0,Exceeds Expectations
442344,Aarna Sandhu,HR,Recruitment Specialist,56,64.74,92.21,3.1,87.58,38,4.5,7,No,0,76.44349999999999,2.2456410256410257,90.0,Meets Expectations
116231,Dhanuk Bala,Sales,Sales Executive,68,87.03,81.48,3.0,96.01,53,5.0,5,No,0,85.28599999999999,1.777962962962963,100.0,Exceeds Expectations
918072,Taimur Bhavsar,Finance,Auditor,88,72.98,84.72,3.5,92.03,45,3.9,10,No,0,80.9615,2.0006521739130436,78.0,Exceeds Expectations
416998,Baiju Uppal,Finance,Accountant,63,85.43,94.13,3.3,89.68,38,3.8,20,No,0,85.308,2.29948717948718,76.0,Exceeds Expectations
351523,Mehul Dyal,IT,Cybersecurity Specialist,61,68.78,92.7,3.2,87.73,41,4.1,29,No,0,78.28349999999999,2.088809523809524,82.0,Meets Expectations
476552,Trisha Hari,Marketing,SEO Specialist,60,89.74,82.11,4.8,86.53,53,4.4,23,No,0,88.411,1.6024074074074075,88.00000000000001,Exceeds Expectations
141361,Navya Ramesh,Sales,Sales Executive,91,82.37,88.18,4.3,82.44,41,3.8,9,No,0,83.8105,1.9628571428571429,76.0,Exceeds Expectations
123083,Aarush Gaba,Sales,Sales Executive,79,65.19,76.8,3.6,92.54,50,4.0,5,No,0,77.5255,1.8145098039215688,80.0,Meets Expectations
479628,Ira Mander,Finance,Auditor,83,72.92,93.69,3.0,93.01,36,3.8,5,No,0,81.12899999999999,2.5137837837837838,76.0,Exceeds Expectations
184752,Keya Sathe,Marketing,SEO Specialist,56,62.43,97.84,4.1,87.72,42,4.7,28,No,0,79.5285,2.04,94.0,Meets Expectations
586305,Vedika Sridhar,Marketing,Marketing Executive,68,69.94,81.83,4.5,96.73,35,3.9,21,No,0,84.109,2.6869444444444444,78.0,Exceeds Expectations
666949,Rhea Deol,IT,Software Engineer,55,66.63,95.81,5.0,85.26,38,4.6,29,No,0,82.533,2.186153846153846,92.0,Exceeds Expectations
273389,Jayant Kaul,Sales,Business Development,93,72.72,89.26,4.9,88.62,43,4.8,25,Yes,1,84.55799999999999,2.014090909090909,96.0,Exceeds Expectations
199571,Prerak Doctor,IT,Data Analyst,51,76.37,80.04,3.3,95.04,36,4.6,3,No,0,81.89950000000002,2.5686486486486486,92.0,Exceeds Expectations
369972,Aniruddh Wable,Finance,Financial Analyst,51,75.49,91.89,4.9,90.12,35,3.7,14,No,0,86.447,2.5033333333333334,74.0,Exceeds Expectations
839585,Ivana Ghosh,Finance,Accountant,100,88.89,85.45,3.3,99.4,47,4.4,20,Yes,1,88.619,2.0708333333333333,88.00000000000001,Exceeds Expectations
612060,Mishti Deep,Marketing,SEO Specialist,50,67.89,97.14,4.2,99.08,52,3.3,14,No,0,85.61049999999999,1.869433962264151,65.99999999999999,Exceeds Expectations
809374,Kiaan Sem,IT,Software Engineer,66,93.58,77.88,3.2,95.27,35,3.6,5,No,0,87.3795,2.6463888888888887,72.0,Exceeds Expectations
283201,Ojas Mahal,IT,Cybersecurity Specialist,65,73.47,94.22,4.7,71.54,50,4.3,4,No,0,78.98649999999999,1.4027450980392158,86.0,Meets Expectations
138624,Rohan Brahmbhatt,Finance,Accountant,66,67.85,95.38,3.4,73.02,38,4.6,15,No,0,73.8115,1.8723076923076922,92.0,Meets Expectations
195831,Renee Rajagopalan,HR,Employee Relations,98,75.54,82.06,3.7,81.24,42,4.3,4,Yes,1,78.282,1.8893023255813952,86.0,Meets Expectations
104582,Riya Kumar,Marketing,Marketing Executive,75,82.25,95.93,3.0,84.29,42,3.9,0,No,0,81.6785,1.960232558139535,78.0,Exceeds Expectations
937943,Saira Balakrishnan,Finance,Accountant,85,94.81,77.23,3.5,80.86,51,4.0,8,No,0,83.569,1.555,80.0,Exceeds Expectations
502412,Aaina Baria,HR,Employee Relations,99,80.64,79.87,3.7,96.8,35,3.3,27,No,0,85.18449999999999,2.6888888888888887,65.99999999999999,Exceeds Expectations
217874,Yakshit Kurian,HR,Recruitment Specialist,71,86.33,75.42,4.5,99.8,42,4.2,27,No,0,89.9585,2.3209302325581396,84.00000000000001,Exceeds Expectations
805164,Nirvi Bose,HR,HR Manager,85,63.32,91.86,3.5,84.87,49,3.9,20,No,0,76.1455,1.6974,78.0,Meets Expectations
100956,Adira Swamy,HR,HR Manager,86,83.63,76.36,4.7,79.8,52,4.6,18,Yes,1,82.75449999999998,1.5056603773584905,92.0,Exceeds Expectations
728807,Vritika Bumb,IT,Data Analyst,92,89.49,93.73,4.8,76.13,50,4.7,26,Yes,1,86.4265,1.4927450980392156,94.0,Exceeds Expectations
583085,Stuvan Ramanathan,Finance,Auditor,57,65.5,95.71,4.2,77.24,38,3.1,8,No,0,76.91549999999998,1.9805128205128204,62.0,Meets Expectations
679308,Taimur Dube,IT,Data Analyst,72,77.03,92.57,3.8,80.24,43,3.3,10,No,0,80.33,1.8236363636363635,65.99999999999999,Exceeds Expectations
548013,Zaina Gara,Sales,Business Development,90,72.96,81.83,3.0,83.54,40,4.3,20,Yes,1,76.0495,2.037560975609756,86.0,Meets Expectations
991157,Dharmajan Lala,Marketing,Content Strategist,95,94.75,95.13,4.3,89.76,40,4.3,22,Yes,1,91.748,2.189268292682927,86.0,Exceeds Expectations
657666,Ritvik Roy,Marketing,Content Strategist,96,92.03,87.89,4.9,77.33,53,4.3,13,Yes,1,87.1595,1.432037037037037,86.0,Exceeds Expectations
167374,Ishaan Venkataraman,IT,Data Analyst,59,65.83,77.03,4.4,78.44,55,4.1,23,No,0,75.249,1.4007142857142856,82.0,Meets Expectations
470545,Jayesh Lala,IT,Cybersecurity Specialist,56,66.15,85.64,3.0,95.19,48,3.6,12,No,0,78.315,1.9426530612244897,72.0,Meets Expectations
115614,Anaya Lad,HR,HR Manager,97,70.43,84.76,3.7,85.73,39,4.3,24,Yes,1,78.47,2.14325,86.0,Meets Expectations
958930,Shamik Sule,HR,Employee Relations,94,82.97,83.06,3.8,70.24,50,3.4,20,No,0,77.4825,1.3772549019607843,68.0,Meets Expectations
295743,Mohanlal Khare,Marketing,Content Strategist,60,94.85,88.79,3.4,80.92,49,4.9,4,No,0,85.038,1.6184,98.00000000000001,Exceeds Expectations
858462,Anahi Saran,Marketing,Marketing Executive,57,88.28,78.52,3.9,86.78,55,3.5,4,No,0,84.74900000000001,1.549642857142857,70.0,Exceeds Expectations
543096,Ishaan Samra,HR,HR Manager,71,79.16,91.87,4.1,70.54,49,3.4,19,No,0,78.4755,1.4108,68.0,Meets Expectations
559184,Sumer Sagar,IT,Data Analyst,87,84.12,95.85,3.5,95.41,51,4.3,14,Yes,1,87.713,1.8348076923076921,86.0,Exceeds Expectations
548768,Fateh Bahri,Sales,Sales Executive,54,78.33,90.94,3.8,87.34,44,3.4,8,No,0,83.02550000000001,1.9408888888888889,68.0,Exceeds Expectations
377404,Ehsaan Chaudhry,IT,Software Engineer,54,81.92,80.95,4.4,92.72,48,3.9,2,No,0,86.4665,1.8922448979591837,78.0,Exceeds Expectations
781744,Pranay Sandal,IT,Software Engineer,65,78.59,93.45,3.0,90.45,52,3.5,7,No,0,82.1815,1.7066037735849058,70.0,Exceeds Expectations
115601,Yuvraj  Sagar,Sales,Sales Executive,72,67.67,91.21,3.2,71.07,37,4.4,9,No,0,71.84049999999999,1.8702631578947366,88.00000000000001,Meets Expectations
948808,Eva Sundaram,Sales,Sales Executive,63,87.36,87.35,4.1,83.9,46,4.5,22,No,0,85.34349999999999,1.7851063829787235,90.0,Exceeds Expectations
421529,Armaan Wali,Marketing,Content Strategist,55,81.7,90.15,4.3,74.26,45,4.5,2,No,0,81.0085,1.6143478260869566,90.0,Exceeds Expectations
649735,Ahana  Chauhan,HR,Employee Relations,93,69.48,92.02,4.9,97.19,50,3.7,27,No,0,86.83749999999999,1.9056862745098038,74.0,Exceeds Expectations
535748,Mahika Chatterjee,HR,Recruitment Specialist,85,73.76,95.04,3.8,95.63,43,4.9,22,No,0,84.9425,2.173409090909091,98.00000000000001,Exceeds Expectations
166477,Kartik Mannan,Sales,Account Manager,87,88.88,78.68,3.3,88.23,55,3.3,26,No,0,83.6905,1.5755357142857143,65.99999999999999,Exceeds Expectations
315430,Tushar Bath,Marketing,Marketing Executive,62,83.61,99.06,3.3,96.42,43,3.0,26,No,0,87.7695,2.1913636363636364,60.0,Exceeds Expectations
151009,Pranay Ramaswamy,Finance,Accountant,94,64.41,98.39,4.0,86.3,41,5.0,19,Yes,1,79.50699999999999,2.0547619047619046,100.0,Meets Expectations
362145,Vaibhav Bath,Sales,Account Manager,67,86.8,86.47,3.4,73.73,55,4.2,1,No,0,79.356,1.3166071428571429,84.00000000000001,Meets Expectations
575441,Krish Tara,IT,Software Engineer,69,93.15,78.94,4.3,82.51,53,3.7,13,No,0,86.222,1.527962962962963,74.0,Exceeds Expectations
148684,Lakshit Yadav,Sales,Sales Executive,83,75.77,99.68,4.0,92.78,38,3.6,17,No,0,85.94449999999999,2.378974358974359,72.0,Exceeds Expectations
344708,Ryan Rastogi,Finance,Financial Analyst,92,85.85,91.36,3.6,97.59,52,4.5,3,Yes,1,88.70799999999998,1.8413207547169812,90.0,Exceeds Expectations
607716,Shaan Sachdeva,IT,Data Analyst,97,72.78,99.6,3.9,91.96,41,4.1,29,Yes,1,84.29899999999999,2.189523809523809,82.0,Exceeds Expectations
406281,Hiran Chanda,Finance,Financial Analyst,73,85.51,90.45,4.9,70.49,49,3.1,25,No,0,82.86749999999999,1.4098,62.0,Exceeds Expectations
672760,Hansh Chaudhry,IT,Software Engineer,56,75.38,95.88,4.8,77.41,52,4.3,10,No,0,82.2585,1.460566037735849,86.0,Exceeds Expectations
225584,Shalv Krishnamurthy,Finance,Auditor,81,80.27,90.8,4.1,84.0,44,4.0,30,No,0,83.41449999999999,1.8666666666666667,80.0,Exceeds Expectations
781813,Dharmajan Bhatti,Finance,Financial Analyst,77,73.65,89.37,4.6,76.21,37,4.2,15,No,0,79.6565,2.0055263157894734,84.00000000000001,Meets Expectations
264862,Aayush Swaminathan,IT,Cybersecurity Specialist,67,84.81,91.71,4.6,79.04,53,4.2,24,No,0,84.904,1.4637037037037037,84.00000000000001,Exceeds Expectations
827183,Hrishita Mangal,IT,Data Analyst,95,79.96,97.71,4.1,72.6,50,4.2,25,Yes,1,80.35249999999999,1.4235294117647057,84.00000000000001,Exceeds Expectations
229264,Dhanush Kari,Finance,Financial Analyst,97,81.83,75.32,3.5,92.42,47,4.9,4,Yes,1,82.7855,1.9254166666666668,98.00000000000001,Exceeds Expectations
236512,Dhanush Tiwari,Sales,Business Development,78,67.12,91.25,4.5,79.27,41,3.5,0,No,0,78.424,1.8873809523809524,70.0,Meets Expectations
558641,Yuvraj  Ramakrishnan,Sales,Sales Executive,85,93.51,91.99,4.5,89.63,46,4.5,20,No,0,91.3975,1.9070212765957446,90.0,Exceeds Expectations
194410,Zaina Chanda,Finance,Auditor,90,76.83,79.1,3.7,85.09,50,3.0,9,No,0,79.63699999999999,1.6684313725490196,60.0,Meets Expectations
826217,Aarav Gade,Sales,Sales Executive,90,62.05,95.9,4.0,85.14,39,4.4,1,Yes,1,77.9015,2.1285,88.00000000000001,Meets Expectations
568883,Riya Krishnamurthy,Marketing,Content Strategist,100,66.45,75.8,4.0,84.34,49,4.4,7,Yes,1,76.1465,1.6868,88.00000000000001,Meets Expectations
526548,Divyansh Kamdar,Marketing,SEO Specialist,64,71.25,98.42,4.4,70.2,44,4.6,3,No,0,77.4705,1.56,92.0,Meets Expectations
277979,Ryan Dara,Marketing,Marketing Executive,64,90.72,89.94,3.4,84.83,43,4.7,2,No,0,85.1335,1.9279545454545455,94.0,Exceeds Expectations
113981,Vivaan Roy,Finance,Financial Analyst,96,84.95,86.81,4.4,75.49,46,3.3,24,No,0,82.3755,1.6061702127659574,65.99999999999999,Exceeds Expectations
868091,Kanav Chaudhry,IT,Data Analyst,80,62.46,79.85,3.6,80.65,40,4.3,5,No,0,72.866,1.9670731707317075,86.0,Meets Expectations
342334,Manjari Shankar,Finance,Financial Analyst,93,76.02,88.0,4.0,83.19,51,3.3,23,No,0,80.92349999999999,1.5998076923076923,65.99999999999999,Exceeds Expectations
748706,Zeeshan Bhat,Marketing,SEO Specialist,82,61.68,78.97,4.6,80.04,37,4.8,18,No,0,75.2475,2.1063157894736846,96.0,Meets Expectations
331689,Vaibhav Deshmukh,HR,HR Manager,85,71.11,80.71,4.1,91.89,45,4.4,18,No,0,81.45649999999999,1.997608695652174,88.00000000000001,Exceeds Expectations
488568,Urvi Lata,Finance,Accountant,84,67.46,91.62,4.9,70.86,35,3.3,5,No,0,76.85499999999999,1.9683333333333333,65.99999999999999,Meets Expectations
754604,Ivana Badal,Marketing,Marketing Executive,87,84.85,97.31,4.0,80.18,41,4.4,24,Yes,1,84.357,1.909047619047619,88.00000000000001,Exceeds Expectations
321003,Nitara Buch,Sales,Sales Executive,56,72.01,82.52,3.7,81.84,55,4.6,19,No,0,77.32549999999999,1.4614285714285715,92.0,Meets Expectations
319256,Taimur Balasubramanian,Sales,Business Development,62,78.89,81.41,4.4,85.48,51,4.1,7,No,0,82.941,1.643846153846154,82.0,Exceeds Expectations
425125,Tushar Amble,Finance,Accountant,70,88.26,80.54,4.6,90.09,40,4.1,14,No,0,88.3035,2.1973170731707317,82.0,Exceeds Expectations
455358,Aarush Dixit,IT,Cybersecurity Specialist,84,74.63,79.84,3.1,99.34,53,3.9,10,No,0,82.1655,1.8396296296296297,78.0,Exceeds Expectations
806159,Vihaan Mangal,Sales,Account Manager,50,78.47,88.37,3.6,70.8,41,3.5,0,No,0,76.3,1.6857142857142857,70.0,Meets Expectations
891483,Darshit Kant,Marketing,Content Strategist,69,77.79,90.35,3.3,84.53,50,4.5,22,No,0,80.2645,1.6574509803921569,90.0,Exceeds Expectations
895947,Dhanush Arya,Sales,Sales Executive,75,62.73,85.95,3.3,90.65,36,4.1,15,No,0,76.4755,2.45,82.0,Meets Expectations
688873,Madhup Tank,HR,Employee Relations,96,89.93,79.67,3.7,73.58,53,5.0,24,Yes,1,80.279,1.3625925925925926,100.0,Exceeds Expectations
713690,Ivan Batra,Finance,Accountant,97,81.01,92.4,4.2,83.24,55,3.2,22,No,0,83.94749999999999,1.4864285714285714,64.0,Exceeds Expectations
290108,Heer Saxena,IT,Software Engineer,77,87.01,83.62,4.7,97.25,51,4.0,17,No,0,91.13399999999999,1.8701923076923077,80.0,Exceeds Expectations
716295,Gatik Koshy,Finance,Accountant,79,84.0,87.07,3.8,70.26,44,3.0,2,No,0,78.45150000000001,1.5613333333333335,60.0,Meets Expectations
636691,Dhruv Loke,IT,Cybersecurity Specialist,80,84.9,98.86,3.9,75.31,43,3.9,12,No,0,82.60249999999999,1.7115909090909092,78.0,Exceeds Expectations
299828,Zoya Bumb,IT,Data Analyst,72,60.45,94.51,4.5,73.18,35,4.8,16,No,0,74.447,2.032777777777778,96.0,Meets Expectations
804227,Samarth Edwin,HR,Recruitment Specialist,96,82.65,81.87,4.8,73.51,51,3.7,14,No,0,81.3365,1.4136538461538461,74.0,Exceeds Expectations
386743,Ritvik Kant,Finance,Financial Analyst,76,94.77,86.11,3.9,94.45,46,3.1,27,No,0,90.8435,2.0095744680851064,62.0,Exceeds Expectations
537776,Himmat Mander,IT,Cybersecurity Specialist,60,89.29,94.94,4.1,96.0,39,3.6,6,No,0,91.39249999999998,2.4,72.0,Exceeds Expectations
336301,Neelofar Choudhury,Marketing,SEO Specialist,58,74.84,82.81,3.9,93.56,45,3.3,16,No,0,83.0615,2.033913043478261,65.99999999999999,Exceeds Expectations
427191,Vanya Dasgupta,Finance,Accountant,96,76.62,97.95,3.6,82.37,49,4.6,13,Yes,1,81.139,1.6474000000000002,92.0,Exceeds Expectations
747036,Gokul Chander,Marketing,Marketing Executive,93,76.03,82.26,3.4,84.48,36,4.7,17,Yes,1,78.7175,2.2832432432432435,94.0,Meets Expectations
802885,Hansh Dhar,Sales,Sales Executive,88,89.35,80.24,4.6,76.4,40,4.1,24,Yes,1,83.8485,1.8634146341463416,82.0,Exceeds Expectations
981134,Nayantara Divan,IT,Data Analyst,94,89.58,81.7,4.7,82.19,37,3.4,3,No,0,86.47449999999999,2.162894736842105,68.0,Exceeds Expectations
735800,Saira Bhattacharyya,Sales,Sales Executive,92,85.03,88.24,4.6,88.52,55,4.5,27,Yes,1,87.7785,1.5807142857142857,90.0,Exceeds Expectations
118134,Renee Kakar,Sales,Account Manager,71,80.25,98.93,4.1,91.09,38,4.9,11,No,0,87.10849999999999,2.3356410256410256,98.00000000000001,Exceeds Expectations
729578,Myra Mall,IT,Cybersecurity Specialist,55,67.33,95.46,4.6,77.64,37,4.6,7,No,0,78.85849999999999,2.0431578947368423,92.0,Meets Expectations
526493,Dhanush Bhalla,Sales,Sales Executive,95,88.89,92.25,3.8,86.44,53,4.1,27,Yes,1,86.60300000000001,1.6007407407407408,82.0,Exceeds Expectations
548883,Kabir Bera,Marketing,Marketing Executive,95,82.79,91.75,4.4,92.8,49,4.2,30,Yes,1,88.419,1.8559999999999999,84.00000000000001,Exceeds Expectations
595985,Vaibhav Dani,Marketing,SEO Specialist,77,86.6,99.89,4.5,92.63,43,4.3,26,No,0,91.214,2.1052272727272725,86.0,Exceeds Expectations
536307,Charvi Chand,Marketing,Marketing Executive,73,80.61,82.4,5.0,96.19,53,4.4,3,No,0,89.24,1.7812962962962962,88.00000000000001,Exceeds Expectations
194552,Ivan Keer,HR,HR Manager,93,76.26,75.94,4.1,82.13,49,3.9,15,No,0,79.1275,1.6425999999999998,78.0,Meets Expectations
409547,Divit Mane,Marketing,Content Strategist,58,93.88,91.54,4.5,74.47,38,4.6,2,No,0,86.1535,1.9094871794871795,92.0,Exceeds Expectations
996196,Anika Kapoor,Finance,Auditor,69,70.83,78.72,3.8,83.19,55,3.1,14,No,0,77.11500000000001,1.4855357142857142,62.0,Meets Expectations
542666,Prisha Sampath,IT,Cybersecurity Specialist,55,87.15,99.05,3.7,81.83,42,3.6,29,No,0,85.1005,1.9030232558139535,72.0,Exceeds Expectations
194466,Kaira Aggarwal,Sales,Sales Executive,85,84.94,79.03,4.1,71.62,37,4.8,4,No,0,78.95049999999999,1.8847368421052633,96.0,Meets Expectations
759516,Kavya Bedi,Sales,Account Manager,73,76.26,87.76,3.2,90.92,52,3.7,21,No,0,81.27699999999999,1.7154716981132077,74.0,Exceeds Expectations
767334,Aarush Sathe,HR,Recruitment Specialist,68,67.23,98.76,3.1,95.83,37,3.4,7,No,0,81.18499999999999,2.5218421052631577,68.0,Exceeds Expectations
840653,Hiran Kunda,HR,Recruitment Specialist,89,93.78,96.14,3.1,81.79,52,4.1,21,Yes,1,85.17049999999999,1.5432075471698115,82.0,Exceeds Expectations
985091,Fateh Bhattacharyya,HR,HR Manager,73,75.81,84.27,3.8,75.3,44,3.9,13,No,0,76.929,1.6733333333333333,78.0,Meets Expectations
356650,Siya Chaudhuri,Marketing,Marketing Executive,85,88.71,89.56,4.7,83.03,37,3.0,1,No,0,87.64299999999999,2.185,60.0,Exceeds Expectations
398438,Taimur Majumdar,Finance,Auditor,64,87.28,88.08,4.4,71.04,52,4.5,30,No,0,81.824,1.340377358490566,90.0,Exceeds Expectations
974765,Misha Sen,HR,Employee Relations,87,84.69,75.11,3.2,88.96,40,3.6,26,No,0,81.64399999999998,2.1697560975609753,72.0,Exceeds Expectations
125463,Mishti D’Alia,Finance,Auditor,57,71.09,92.81,5.0,86.25,39,3.7,15,No,0,83.9905,2.15625,74.0,Exceeds Expectations
424410,Parinaaz Sarkar,Marketing,Marketing Executive,87,73.18,77.49,4.0,96.4,45,3.3,18,No,0,82.9765,2.095652173913044,65.99999999999999,Exceeds Expectations
603104,Misha Sunder,Marketing,SEO Specialist,52,83.68,92.91,3.4,72.97,48,3.5,19,No,0,78.964,1.4891836734693877,70.0,Meets Expectations
329092,Priyansh Mangal,IT,Cybersecurity Specialist,77,77.96,85.51,3.8,91.72,43,3.6,22,No,0,83.61449999999999,2.0845454545454545,72.0,Exceeds Expectations
388649,Jayant Buch,IT,Data Analyst,98,65.71,79.64,3.5,99.94,50,4.5,24,Yes,1,80.42349999999999,1.9596078431372548,90.0,Exceeds Expectations
495587,Anvi Yogi,IT,Cybersecurity Specialist,77,83.54,98.82,3.0,97.27,43,4.4,2,No,0,87.1065,2.210681818181818,88.00000000000001,Exceeds Expectations
385088,Pihu Kannan,IT,Software Engineer,85,72.42,85.38,4.3,90.6,49,4.3,11,No,0,82.764,1.8119999999999998,86.0,Exceeds Expectations
268419,Ayesha Wali,Sales,Sales Executive,57,76.13,84.23,3.5,79.12,46,3.3,28,No,0,77.472,1.683404255319149,65.99999999999999,Meets Expectations
918417,Kavya Bhatia,IT,Data Analyst,50,84.77,89.58,4.8,74.15,50,3.0,0,No,0,83.459,1.4539215686274511,60.0,Exceeds Expectations
997134,Amira Venkataraman,IT,Cybersecurity Specialist,70,66.21,95.98,3.6,80.3,51,3.8,12,No,0,76.4755,1.544230769230769,76.0,Meets Expectations
594129,Kanav Koshy,Marketing,Content Strategist,69,80.38,98.55,4.6,96.32,53,4.7,5,No,0,90.4275,1.7837037037037036,94.0,Exceeds Expectations
269255,Pari Sastry,IT,Data Analyst,89,73.66,95.32,4.7,72.4,52,3.0,29,No,0,79.51899999999999,1.3660377358490567,60.0,Meets Expectations
773640,Seher Bassi,Sales,Business Development,51,75.09,99.64,3.3,95.33,38,4.0,6,No,0,84.49300000000001,2.444358974358974,80.0,Exceeds Expectations
442984,Ishaan Dave,IT,Cybersecurity Specialist,53,62.28,95.56,4.5,98.98,54,4.5,15,No,0,84.275,1.7996363636363637,90.0,Exceeds Expectations
560213,Yashvi Rana,Sales,Account Manager,68,74.43,78.64,3.7,87.75,38,3.2,6,No,0,79.65899999999999,2.25,64.0,Meets Expectations
972003,Divyansh Lall,Sales,Sales Executive,56,81.28,79.32,4.3,97.07,41,3.8,0,No,0,87.22049999999999,2.3111904761904762,76.0,Exceeds Expectations
899590,Rati Baral,Marketing,Content Strategist,54,79.7,93.55,3.3,81.4,40,4.0,9,No,0,80.3175,1.9853658536585368,80.0,Exceeds Expectations
192403,Chirag Sidhu,IT,Data Analyst,85,86.29,84.55,4.5,70.16,41,3.7,3,No,0,80.94,1.6704761904761904,74.0,Exceeds Expectations
151905,Baiju Sen,Marketing,Content Strategist,84,67.39,90.91,3.2,74.72,38,3.1,7,No,0,72.975,1.9158974358974359,62.0,Meets Expectations
323227,Kiaan Goyal,Finance,Financial Analyst,99,63.84,79.92,4.6,95.95,43,3.9,20,No,0,81.7145,2.180681818181818,78.0,Exceeds Expectations
122712,Ivana Soni,Finance,Financial Analyst,80,69.96,91.88,3.6,70.51,53,3.1,9,No,0,73.7465,1.3057407407407409,62.0,Meets Expectations
114320,Inaaya  Dayal,Marketing,Marketing Executive,64,75.87,95.09,3.9,85.18,42,3.3,24,No,0,82.331,1.9809302325581397,65.99999999999999,Exceeds Expectations
700540,Hiran Tank,Sales,Sales Executive,94,61.36,76.72,3.6,95.89,37,3.6,5,No,0,77.34549999999999,2.523421052631579,72.0,Meets Expectations
170802,Lakshay Choudhury,Sales,Sales Executive,81,62.89,95.95,3.9,93.29,55,3.5,2,No,0,80.7555,1.6658928571428573,70.0,Exceeds Expectations
522677,Miraya Baria,IT,Software Engineer,74,85.86,87.74,3.2,83.12,36,4.5,6,No,0,81.904,2.2464864864864866,90.0,Exceeds Expectations
542032,Badal Ravi,IT,Cybersecurity Specialist,77,69.5,86.34,4.8,75.13,45,3.0,1,No,0,77.97149999999999,1.6332608695652173,60.0,Meets Expectations
784897,Nitara Dave,HR,HR Manager,54,69.81,76.66,3.6,70.57,37,4.0,17,No,0,71.43199999999999,1.8571052631578946,80.0,Meets Expectations
548757,Lavanya Borah,IT,Software Engineer,61,81.27,93.02,4.0,85.8,48,4.8,3,No,0,84.4275,1.7510204081632652,96.0,Exceeds Expectations
737611,Sahil Sandal,Marketing,SEO Specialist,55,72.37,75.36,4.9,88.88,47,3.8,27,No,0,82.4415,1.8516666666666666,76.0,Exceeds Expectations
962477,Vivaan Chakrabarti,IT,Data Analyst,100,67.15,92.67,3.8,89.41,35,3.4,8,No,0,80.0965,2.483611111111111,68.0,Exceeds Expectations
235704,Zain Gill,HR,Employee Relations,86,88.47,82.22,3.4,94.07,40,3.6,27,No,0,86.422,2.294390243902439,72.0,Exceeds Expectations
266424,Tiya Dugar,Sales,Sales Executive,67,60.39,87.47,4.9,73.32,42,4.4,19,No,0,74.61899999999999,1.7051162790697674,88.00000000000001,Meets Expectations
900336,Kiaan Garde,Sales,Business Development,53,61.74,89.43,4.9,70.2,51,4.4,26,No,0,74.29350000000001,1.35,88.00000000000001,Meets Expectations
549980,Suhana Raval,HR,Recruitment Specialist,81,69.28,90.86,3.5,79.51,41,3.0,2,No,0,76.2055,1.8930952380952382,60.0,Meets Expectations
280372,Arhaan Yadav,HR,Recruitment Specialist,75,76.11,97.09,3.5,82.43,53,4.9,21,No,0,80.5525,1.5264814814814816,98.00000000000001,Exceeds Expectations
985142,Alisha Bose,Finance,Accountant,100,94.76,83.48,3.7,86.37,42,3.6,27,No,0,87.0175,2.008604651162791,72.0,Exceeds Expectations
383508,Ira Kumar,IT,Cybersecurity Specialist,83,67.54,83.14,4.2,76.24,43,4.8,1,No,0,75.39399999999999,1.7327272727272727,96.0,Meets Expectations
136215,Alisha Rao,IT,Cybersecurity Specialist,81,69.0,90.02,4.9,70.65,52,3.1,5,No,0,77.0805,1.3330188679245285,62.0,Meets Expectations
780641,Elakshi Lanka,HR,Employee Relations,91,86.05,95.96,3.6,91.34,52,3.1,10,No,0,87.28049999999999,1.7233962264150944,62.0,Exceeds Expectations
158576,Oorja Shah,Marketing,SEO Specialist,94,68.35,89.52,3.9,99.63,52,3.3,19,No,0,83.92099999999999,1.879811320754717,65.99999999999999,Exceeds Expectations
734661,Kimaya Dubey,Sales,Account Manager,89,61.72,81.71,4.9,76.25,49,4.8,24,Yes,1,75.246,1.525,96.0,Meets Expectations
960376,Neelofar Hayer,Marketing,Marketing Executive,61,69.24,92.92,4.2,79.93,47,3.5,25,No,0,78.74749999999999,1.6652083333333334,70.0,Meets Expectations
298732,Misha Banik,IT,Software Engineer,81,91.09,78.46,4.0,82.79,42,3.8,8,No,0,84.62700000000001,1.9253488372093024,76.0,Exceeds Expectations
266688,Riya Mand,Sales,Account Manager,51,83.58,87.32,3.3,70.63,50,3.0,9,No,0,76.97149999999999,1.3849019607843136,60.0,Meets Expectations
568326,Adira Ghose,IT,Software Engineer,72,85.67,75.62,3.6,81.62,55,4.8,10,No,0,80.69449999999999,1.4575,96.0,Exceeds Expectations
649567,Ahana  Bhatnagar,HR,Employee Relations,70,73.69,88.97,3.3,91.13,44,3.6,5,No,0,80.9325,2.025111111111111,72.0,Exceeds Expectations
183931,Ojas Banik,Marketing,Marketing Executive,56,73.43,79.03,4.3,77.53,53,3.3,25,No,0,77.5905,1.4357407407407408,65.99999999999999,Meets Expectations
827749,Vaibhav Saxena,Sales,Business Development,70,75.93,79.42,3.1,91.68,55,3.0,17,No,0,79.8765,1.6371428571428572,60.0,Meets Expectations
177855,Shanaya Bhagat,Marketing,Content Strategist,74,72.4,86.31,3.7,95.0,53,4.8,27,No,0,82.6365,1.7592592592592593,96.0,Exceeds Expectations
906712,Ivan Basu,IT,Software Engineer,64,66.38,80.95,4.5,99.39,40,3.0,16,No,0,83.66199999999999,2.424146341463415,60.0,Exceeds Expectations
996132,Ishita Konda,IT,Software Engineer,67,70.4,89.69,3.1,81.08,35,4.1,3,No,0,75.7715,2.252222222222222,82.0,Meets Expectations
965184,Kimaya Gokhale,Marketing,SEO Specialist,78,64.41,86.02,3.3,81.7,43,3.4,30,No,0,73.94149999999999,1.856818181818182,68.0,Meets Expectations
212289,Shalv Dora,HR,Recruitment Specialist,72,74.95,89.03,4.2,92.41,44,3.5,9,No,0,84.53049999999999,2.0535555555555556,70.0,Exceeds Expectations
164176,Azad Sahni,HR,HR Manager,77,87.73,80.76,4.5,92.4,50,3.5,29,No,0,88.65950000000001,1.811764705882353,70.0,Exceeds Expectations
929912,Ojas Chad,Finance,Auditor,98,78.77,75.8,4.2,84.23,55,3.6,3,No,0,81.02,1.5041071428571429,72.0,Exceeds Expectations
360784,Uthkarsh Sharma,HR,Employee Relations,51,78.23,98.49,3.5,96.99,55,3.0,0,No,0,86.6005,1.7319642857142856,60.0,Exceeds Expectations
483507,Amira Sharaf,Sales,Business Development,94,94.95,83.06,4.9,92.64,37,3.3,30,No,0,92.8155,2.437894736842105,65.99999999999999,Exceeds Expectations
926833,Hridaan Sanghvi,Finance,Auditor,63,71.0,80.86,3.0,92.1,53,3.5,20,No,0,78.214,1.7055555555555555,70.0,Meets Expectations
902761,Gokul Sani,IT,Software Engineer,69,65.69,90.72,3.8,83.65,52,4.4,10,No,0,77.277,1.578301886792453,88.00000000000001,Meets Expectations
343258,Saksham Khalsa,IT,Cybersecurity Specialist,64,89.81,82.38,3.7,78.86,38,4.3,16,No,0,82.49149999999999,2.022051282051282,86.0,Exceeds Expectations
600021,Shlok Verma,IT,Cybersecurity Specialist,64,93.67,96.67,3.4,81.57,49,4.4,28,No,0,86.0345,1.6314,88.00000000000001,Exceeds Expectations
415592,Jayan Jani,Finance,Financial Analyst,70,87.63,97.24,4.6,88.96,43,3.1,5,No,0,90.19249999999998,2.0218181818181815,62.0,Exceeds Expectations
844040,Jayant Ramanathan,Marketing,Marketing Executive,67,65.95,95.87,4.6,86.33,49,4.2,24,No,0,81.4785,1.7266,84.00000000000001,Exceeds Expectations
980593,Yashvi Srinivas,Finance,Financial Analyst,62,86.01,76.31,3.7,94.73,36,4.5,26,No,0,85.8055,2.56027027027027,90.0,Exceeds Expectations
814478,Lakshay Anand,IT,Software Engineer,72,67.89,90.63,3.6,87.01,43,4.6,20,No,0,78.6095,1.9775,92.0,Meets Expectations
591577,Anay Savant,Marketing,Content Strategist,71,80.54,97.31,3.8,93.84,36,4.2,24,No,0,87.02950000000001,2.5362162162162165,84.00000000000001,Exceeds Expectations
864247,Jhanvi Kalita,HR,HR Manager,56,72.81,95.86,3.1,84.98,35,4.2,0,No,0,78.9055,2.3605555555555555,84.00000000000001,Meets Expectations
167393,Mohanlal Ahluwalia,Finance,Auditor,100,92.33,95.24,3.5,70.53,47,3.5,5,No,0,81.78699999999999,1.469375,70.0,Exceeds Expectations
998341,Elakshi Deshpande,Finance,Auditor,59,88.79,96.3,3.6,80.31,54,3.6,21,No,0,84.42999999999999,1.4601818181818182,72.0,Exceeds Expectations
659886,Purab Vyas,Marketing,Content Strategist,84,73.91,80.01,4.4,96.54,53,3.2,25,No,0,84.859,1.787777777777778,64.0,Exceeds Expectations
485369,Zaina Shroff,HR,Recruitment Specialist,94,93.37,80.99,4.6,82.78,47,3.6,16,No,0,87.60099999999998,1.7245833333333334,72.0,Exceeds Expectations
765312,Nitya Balasubramanian,Marketing,Content Strategist,57,73.6,82.8,4.9,80.3,35,4.2,7,No,0,80.985,2.2305555555555556,84.00000000000001,Exceeds Expectations
817294,Sana Srivastava,Sales,Business Development,54,64.04,87.84,3.7,96.12,37,3.9,24,No,0,80.332,2.5294736842105263,78.0,Exceeds Expectations
684286,Tara Tiwari,Marketing,SEO Specialist,59,87.95,82.07,3.4,99.24,39,4.3,12,No,0,88.027,2.481,86.0,Exceeds Expectations
724397,Jhanvi Raman,Finance,Auditor,58,74.07,97.06,3.5,80.55,38,3.7,7,No,0,79.17599999999999,2.065384615384615,74.0,Meets Expectations
877799,Khushi Guha,HR,HR Manager,74,92.94,75.94,3.7,79.85,36,4.9,8,No,0,82.96749999999999,2.158108108108108,98.00000000000001,Exceeds Expectations
662243,Jayesh Varma,Finance,Financial Analyst,77,77.74,94.19,3.3,71.51,53,3.5,3,No,0,76.266,1.3242592592592592,70.0,Meets Expectations
986309,Emir Seshadri,IT,Software Engineer,75,92.69,94.28,5.0,77.94,45,3.7,12,No,0,88.8625,1.6943478260869564,74.0,Exceeds Expectations
946003,Seher Bala,HR,HR Manager,93,62.49,96.86,3.4,94.53,40,3.6,14,No,0,79.68599999999999,2.305609756097561,72.0,Meets Expectations
877911,Gokul Mall,IT,Cybersecurity Specialist,88,94.99,83.35,3.4,93.96,53,3.2,3,No,0,88.835,1.74,64.0,Exceeds Expectations
635982,Yashvi Andra,Finance,Auditor,97,65.07,75.25,4.5,79.32,46,4.1,10,Yes,1,75.32399999999998,1.687659574468085,82.0,Meets Expectations
331070,Manikya Kalla,Sales,Account Manager,80,87.27,82.08,3.6,97.88,35,4.8,0,No,0,87.91449999999999,2.718888888888889,96.0,Exceeds Expectations
519962,Neelofar Varma,Marketing,Content Strategist,88,60.39,96.07,3.5,89.93,46,4.0,20,No,0,77.5225,1.913404255319149,80.0,Meets Expectations
242915,Tanya Sane,Marketing,Marketing Executive,78,66.79,99.16,3.4,91.98,40,4.0,14,No,0,80.6435,2.2434146341463417,80.0,Exceeds Expectations
407228,Yashvi Chauhan,HR,HR Manager,78,90.12,77.25,3.0,70.45,50,3.1,9,No,0,76.787,1.3813725490196078,62.0,Meets Expectations
955008,Adah Shroff,Marketing,Content Strategist,51,90.89,86.77,3.8,83.9,36,3.6,16,No,0,85.592,2.2675675675675677,72.0,Exceeds Expectations
700164,Kiara Basu,Sales,Business Development,56,66.39,79.87,3.9,78.8,47,4.6,17,No,0,74.497,1.6416666666666666,92.0,Meets Expectations
771416,Adah Apte,Finance,Accountant,86,91.86,93.64,4.9,96.14,42,3.5,15,No,0,94.546,2.235813953488372,70.0,Exceeds Expectations
635899,Purab Sarna,HR,Recruitment Specialist,90,74.42,92.57,4.7,89.32,46,3.4,30,No,0,85.29449999999999,1.9004255319148935,68.0,Exceeds Expectations
699005,Taimur Srinivas,Sales,Sales Executive,82,63.43,88.45,4.4,81.03,36,3.5,3,No,0,77.0285,2.19,70.0,Meets Expectations
863056,Indranil Sagar,Marketing,SEO Specialist,84,61.17,76.37,4.6,78.08,39,3.2,3,No,0,73.993,1.952,64.0,Meets Expectations
354103,Yuvraj  Sani,IT,Software Engineer,63,71.41,85.76,3.6,82.18,39,4.5,25,No,0,77.4205,2.0545,90.0,Meets Expectations
683562,Pihu Gola,Marketing,SEO Specialist,82,83.82,95.46,3.6,80.14,42,3.0,0,No,0,82.505,1.8637209302325581,60.0,Exceeds Expectations
574076,Aarav Kapadia,Finance,Accountant,73,77.13,89.87,4.1,99.19,35,3.9,24,No,0,87.49249999999999,2.7552777777777777,78.0,Exceeds Expectations
860484,Navya Basu,HR,Employee Relations,50,75.67,76.71,4.8,90.08,38,3.7,3,No,0,83.91900000000001,2.3097435897435896,74.0,Exceeds Expectations
314437,Ishita Brahmbhatt,IT,Cybersecurity Specialist,71,80.82,83.26,4.1,93.98,36,5.0,14,No,0,85.969,2.54,100.0,Exceeds Expectations
382052,Faiyaz Jain,Finance,Financial Analyst,83,82.13,89.22,4.3,77.62,55,3.9,14,No,0,82.1955,1.3860714285714286,78.0,Exceeds Expectations
105085,Rohan Hans,Marketing,SEO Specialist,60,65.15,76.82,3.7,98.04,53,3.6,4,No,0,79.73949999999999,1.8155555555555556,72.0,Meets Expectations
651144,Nirvi Johal,Marketing,Marketing Executive,73,83.26,94.23,4.2,75.35,48,4.1,29,No,0,82.24799999999999,1.5377551020408162,82.0,Exceeds Expectations
488366,Abram Bhalla,Sales,Business Development,88,78.7,97.04,4.4,78.28,47,3.7,8,No,0,82.699,1.6308333333333334,74.0,Exceeds Expectations
863371,Elakshi Tak,Sales,Business Development,67,88.53,97.12,4.2,87.07,54,4.4,11,No,0,88.62799999999999,1.5830909090909089,88.00000000000001,Exceeds Expectations
130655,Madhav Seth,HR,Recruitment Specialist,88,83.27,93.06,3.1,96.57,36,3.7,28,No,0,86.20299999999999,2.61,74.0,Exceeds Expectations
179761,Yuvaan Raju,IT,Software Engineer,58,78.51,97.34,3.2,93.72,49,3.7,24,No,0,84.4815,1.8744,74.0,Exceeds Expectations
392065,Suhana Gandhi,Marketing,SEO Specialist,60,75.38,84.17,3.0,79.99,41,3.9,5,No,0,76.005,1.9045238095238095,78.0,Meets Expectations
578576,Tanya Sangha,IT,Cybersecurity Specialist,68,89.15,76.37,3.7,92.37,45,3.7,13,No,0,86.0875,2.00804347826087,74.0,Exceeds Expectations
308039,Rasha Tripathi,Finance,Auditor,89,70.23,89.39,4.0,94.3,50,3.5,5,No,0,82.994,1.8490196078431371,70.0,Exceeds Expectations
609161,Chirag Babu,IT,Cybersecurity Specialist,61,93.19,81.36,4.3,80.5,52,3.9,29,No,0,85.8955,1.5188679245283019,78.0,Exceeds Expectations
953670,Yashvi Dewan,IT,Cybersecurity Specialist,68,69.32,97.75,4.3,87.27,36,3.8,11,No,0,82.369,2.3586486486486486,76.0,Exceeds Expectations
320211,Yuvraj  Keer,HR,Recruitment Specialist,50,92.1,98.1,4.4,88.28,41,3.5,25,No,0,91.048,2.1019047619047617,70.0,Exceeds Expectations
386939,Parinaaz Banik,IT,Cybersecurity Specialist,61,86.38,100.0,4.5,84.27,35,3.0,20,No,0,88.22749999999999,2.3408333333333333,60.0,Exceeds Expectations
212229,Yuvaan Dalal,Sales,Account Manager,69,85.9,98.43,4.2,70.62,45,3.7,15,No,0,82.14649999999999,1.5352173913043479,74.0,Exceeds Expectations
280261,Vaibhav Wadhwa,Marketing,Content Strategist,67,87.24,87.24,3.8,85.97,40,3.4,25,No,0,85.1095,2.096829268292683,68.0,Exceeds Expectations
884323,Priyansh Varghese,IT,Cybersecurity Specialist,90,85.42,89.12,4.4,76.01,52,3.7,11,No,0,83.0685,1.4341509433962265,74.0,Exceeds Expectations
964752,Mehul Sankaran,HR,Recruitment Specialist,72,64.48,94.26,3.3,93.41,40,3.3,21,No,0,79.3005,2.2782926829268293,65.99999999999999,Meets Expectations
858696,Aarna Bhatnagar,Finance,Auditor,67,63.5,84.14,3.3,87.65,48,4.0,26,No,0,75.4235,1.7887755102040817,80.0,Meets Expectations
968079,Seher Bhatia,IT,Cybersecurity Specialist,73,92.77,92.41,3.2,81.61,42,4.7,26,No,0,84.49449999999999,1.897906976744186,94.0,Exceeds Expectations
121835,Abram Chandran,Finance,Financial Analyst,86,92.5,86.31,4.4,75.14,39,3.8,15,No,0,84.8205,1.8785,76.0,Exceeds Expectations
907976,Eva De,IT,Software Engineer,58,93.96,91.83,4.3,84.36,37,4.0,26,No,0,89.0865,2.22,80.0,Exceeds Expectations
236930,Arnav Sarma,HR,Employee Relations,73,86.17,90.05,3.6,72.13,35,3.0,1,No,0,79.71249999999999,2.003611111111111,60.0,Meets Expectations
454457,Ivan Batta,Sales,Business Development,92,70.67,86.54,4.8,96.28,46,4.2,18,Yes,1,85.8135,2.048510638297872,84.00000000000001,Exceeds Expectations
472977,Jhanvi Hayre,Sales,Sales Executive,62,65.65,88.36,4.2,94.05,42,3.5,2,No,0,81.749,2.187209302325581,70.0,Exceeds Expectations
529145,Damini Suri,Sales,Account Manager,74,63.41,98.23,3.1,90.38,38,3.6,8,No,0,77.86099999999999,2.3174358974358973,72.0,Meets Expectations
590221,Rhea Comar,HR,Recruitment Specialist,81,64.79,93.69,3.8,84.19,54,3.4,14,No,0,77.5965,1.5307272727272727,68.0,Meets Expectations
808571,Advika Jain,IT,Software Engineer,70,71.82,76.14,4.3,92.91,38,4.1,10,No,0,81.97649999999999,2.382307692307692,82.0,Exceeds Expectations
920075,Priyansh Seth,Sales,Account Manager,79,85.45,86.68,4.7,73.18,49,4.1,26,No,0,82.62249999999999,1.4636000000000002,82.0,Exceeds Expectations
847538,Umang Grewal,Sales,Business Development,85,79.83,96.62,3.8,75.29,39,4.7,18,No,0,80.185,1.8822500000000002,94.0,Exceeds Expectations
511783,Miraan Batra,IT,Data Analyst,53,61.1,85.92,3.6,73.29,48,3.5,17,No,0,70.7245,1.4957142857142858,70.0,Meets Expectations
375423,Anaya Garde,HR,Recruitment Specialist,91,72.24,90.93,4.7,97.64,49,3.8,12,No,0,87.19749999999999,1.9528,76.0,Exceeds Expectations
488317,Khushi Maharaj,Sales,Business Development,89,68.78,98.07,4.5,81.4,55,3.0,20,No,0,80.7735,1.4535714285714287,60.0,Exceeds Expectations
617975,Miraya Saha,Sales,Account Manager,77,75.41,96.16,4.0,87.76,38,4.4,11,No,0,83.5335,2.2502564102564104,88.00000000000001,Exceeds Expectations
917472,Ehsaan Shankar,Marketing,Content Strategist,55,74.32,81.42,5.0,97.99,53,3.9,21,No,0,87.52149999999999,1.8146296296296296,78.0,Exceeds Expectations
177733,Dhanuk Sahni,Sales,Account Manager,92,62.44,83.38,3.0,97.66,50,3.1,13,No,0,77.542,1.9149019607843136,62.0,Meets Expectations
571266,Aarush Loke,Marketing,Content Strategist,66,61.82,80.21,3.8,80.44,46,4.1,7,No,0,73.2225,1.7114893617021276,82.0,Meets Expectations
698684,Siya Basak,IT,Data Analyst,69,90.47,93.9,3.2,79.85,51,3.8,16,No,0,83.297,1.535576923076923,76.0,Exceeds Expectations
482410,Hansh Rattan,Marketing,SEO Specialist,99,67.09,95.64,4.1,73.27,38,4.7,11,Yes,1,75.77199999999999,1.8787179487179486,94.0,Meets Expectations
797291,Yashvi Cherian,IT,Cybersecurity Specialist,55,66.82,81.48,3.1,76.41,55,4.1,14,No,0,71.6525,1.3644642857142857,82.0,Meets Expectations
691825,Arnav Sankar,Finance,Accountant,58,81.55,91.14,4.1,78.04,54,4.0,13,No,0,81.8275,1.4189090909090911,80.0,Exceeds Expectations
553714,Samar Sarna,IT,Cybersecurity Specialist,86,65.8,100.0,4.9,92.19,41,4.7,22,Yes,1,84.9965,2.195,94.0,Exceeds Expectations
975746,Amani Raman,IT,Cybersecurity Specialist,59,66.02,90.62,3.4,91.69,39,4.1,29,No,0,78.9915,2.29225,82.0,Meets Expectations
568153,Parinaaz Buch,Finance,Accountant,84,81.34,84.53,3.8,89.88,46,4.6,19,No,0,84.0065,1.9123404255319147,92.0,Exceeds Expectations
562750,Kiaan Batta,Finance,Financial Analyst,81,81.66,89.59,4.9,99.12,51,4.0,25,No,0,91.4115,1.9061538461538463,80.0,Exceeds Expectations
749706,Stuvan Wagle,IT,Software Engineer,89,90.24,75.69,3.5,80.11,36,3.0,19,No,0,81.476,2.1651351351351353,60.0,Exceeds Expectations
876103,Fateh Mani,HR,HR Manager,100,65.01,98.68,3.3,91.58,42,3.6,2,No,0,79.5085,2.1297674418604653,72.0,Meets Expectations
107370,Lakshit Goyal,HR,HR Manager,85,70.18,84.24,4.5,88.2,43,3.6,0,No,0,81.569,2.0045454545454544,72.0,Exceeds Expectations
755767,Anika Raja,IT,Cybersecurity Specialist,61,72.34,92.65,3.9,87.9,52,4.9,24,No,0,81.68150000000001,1.658490566037736,98.00000000000001,Exceeds Expectations
854075,Eshani Krishnamurthy,Finance,Accountant,100,70.15,76.79,4.1,72.74,52,4.6,5,Yes,1,73.83,1.3724528301886791,92.0,Meets Expectations
528238,Ira Chokshi,HR,HR Manager,83,91.95,85.48,4.9,71.62,42,4.3,20,No,0,84.7715,1.6655813953488374,86.0,Exceeds Expectations
894847,Mannat Suresh,Marketing,Marketing Executive,85,87.34,95.52,3.4,82.66,39,4.5,21,No,0,84.028,2.0665,90.0,Exceeds Expectations
243622,Eva Talwar,HR,Recruitment Specialist,75,92.46,93.87,3.6,75.46,41,4.9,17,No,0,83.65249999999999,1.7966666666666664,98.00000000000001,Exceeds Expectations
981092,Lakshay Bhalla,Sales,Business Development,55,76.72,82.83,4.8,91.1,46,3.6,8,No,0,85.5615,1.9382978723404254,72.0,Exceeds Expectations
835317,Ahana  Vyas,IT,Software Engineer,81,91.33,85.16,4.8,85.83,45,4.0,25,No,0,89.18,1.8658695652173913,80.0,Exceeds Expectations
197367,Shayak Divan,HR,Employee Relations,61,60.99,85.63,3.8,90.4,46,4.3,0,No,0,77.23100000000001,1.923404255319149,86.0,Meets Expectations
375241,Akarsh Shankar,Finance,Financial Analyst,84,68.5,75.12,4.0,96.16,43,4.1,11,No,0,80.899,2.1854545454545455,82.0,Exceeds Expectations
115774,Amira Chatterjee,Sales,Business Development,50,84.21,87.95,3.8,87.98,55,3.1,17,No,0,84.859,1.5710714285714287,62.0,Exceeds Expectations
722222,Hansh Kadakia,Marketing,Marketing Executive,92,77.66,90.6,4.6,96.58,52,3.6,17,No,0,88.374,1.822264150943396,72.0,Exceeds Expectations
449776,Heer Lala,Finance,Accountant,66,65.45,96.77,3.6,76.32,44,4.3,12,No,0,74.93499999999999,1.696,86.0,Meets Expectations
962012,Seher Brahmbhatt,Sales,Account Manager,95,84.27,80.06,3.3,73.92,36,3.8,27,No,0,77.2755,1.9978378378378379,76.0,Meets Expectations
816016,Tanya Kara,IT,Software Engineer,53,88.67,94.49,3.2,87.72,40,4.3,8,No,0,85.50999999999999,2.1395121951219513,86.0,Exceeds Expectations
201487,Nishith Dar,IT,Cybersecurity Specialist,71,82.48,88.46,3.4,92.86,48,3.6,11,No,0,84.83800000000001,1.8951020408163266,72.0,Exceeds Expectations
988491,Kabir Lata,HR,Recruitment Specialist,93,75.27,79.08,3.8,78.46,37,4.3,9,Yes,1,77.0675,2.064736842105263,86.0,Meets Expectations
182457,Krish Ramanathan,Finance,Accountant,90,70.31,99.42,3.8,87.43,54,4.6,25,Yes,1,81.522,1.5896363636363637,92.0,Exceeds Expectations
525132,Bhamini Chakrabarti,Sales,Business Development,82,68.63,91.57,3.1,90.86,50,4.2,25,No,0,78.857,1.7815686274509803,84.00000000000001,Meets Expectations
911052,Kaira Acharya,Sales,Sales Executive,98,60.44,78.23,4.3,85.57,53,3.6,23,No,0,75.738,1.5846296296296296,72.0,Meets Expectations
527733,Saira Chad,Finance,Accountant,75,66.59,77.32,4.0,81.55,51,3.7,22,No,0,75.447,1.5682692307692307,74.0,Meets Expectations
678411,Elakshi Zachariah,HR,HR Manager,76,90.14,94.69,4.2,78.86,53,4.4,2,No,0,85.95349999999999,1.4603703703703703,88.00000000000001,Exceeds Expectations
867485,Divyansh Sampath,Marketing,Content Strategist,69,83.16,84.9,5.0,88.81,38,3.8,7,No,0,87.9245,2.2771794871794873,76.0,Exceeds Expectations
951931,Saira Chaudhary,IT,Data Analyst,72,93.71,91.38,3.8,76.03,49,4.0,28,No,0,84.51599999999999,1.5206,80.0,Exceeds Expectations
566589,Piya Dua,HR,Employee Relations,98,82.24,97.18,4.3,76.04,36,4.9,4,Yes,1,82.875,2.0551351351351355,98.00000000000001,Exceeds Expectations
786330,Indrans Sane,HR,Recruitment Specialist,72,63.61,81.78,4.9,98.12,55,3.2,11,No,0,83.57249999999999,1.7521428571428572,64.0,Exceeds Expectations
409074,Dharmajan Jayaraman,Marketing,SEO Specialist,85,88.68,75.46,3.4,91.61,37,3.1,22,No,0,84.6205,2.4107894736842104,62.0,Exceeds Expectations
886658,Rhea Soni,IT,Software Engineer,87,80.19,94.95,3.1,71.7,43,4.2,15,Yes,1,76.704,1.6295454545454546,84.00000000000001,Meets Expectations
900454,Ira Wali,Sales,Sales Executive,96,78.95,95.47,4.7,84.93,55,4.4,29,Yes,1,85.7785,1.516607142857143,88.00000000000001,Exceeds Expectations
177018,Zoya Bera,HR,Recruitment Specialist,81,83.61,78.95,4.6,90.45,49,3.7,25,No,0,86.56349999999999,1.8090000000000002,74.0,Exceeds Expectations
354340,Shalv Dhar,Marketing,SEO Specialist,62,87.65,75.54,3.1,82.62,37,4.1,1,No,0,80.2255,2.1742105263157896,82.0,Exceeds Expectations
391299,Anahita Kalla,HR,HR Manager,68,79.51,88.49,3.9,86.81,47,4.2,19,No,0,83.1855,1.8085416666666667,84.00000000000001,Exceeds Expectations
979295,Oorja Gole,Sales,Sales Executive,58,71.73,82.17,3.9,79.82,43,3.9,5,No,0,77.068,1.814090909090909,78.0,Meets Expectations
805688,Anahita Khatri,Finance,Auditor,51,92.93,77.18,4.9,77.71,37,4.4,14,No,0,86.001,2.045,88.00000000000001,Exceeds Expectations
981576,Keya Babu,HR,HR Manager,83,65.65,94.34,3.0,90.9,42,4.2,19,No,0,77.9435,2.113953488372093,84.00000000000001,Meets Expectations
784715,Shaan Dugar,Marketing,SEO Specialist,68,74.42,80.68,4.7,90.69,42,4.5,9,No,0,83.9905,2.1090697674418606,90.0,Exceeds Expectations
656516,Dharmajan Sahni,HR,Employee Relations,76,83.64,77.29,3.1,87.31,45,4.6,4,No,0,80.726,1.8980434782608697,92.0,Exceeds Expectations
211543,Ishaan Bail,Finance,Auditor,99,76.53,91.63,3.8,71.01,46,3.5,18,No,0,76.7835,1.5108510638297874,70.0,Meets Expectations
676114,Indrajit Kara,Finance,Auditor,62,63.07,98.38,3.8,74.35,55,4.6,8,No,0,74.25399999999999,1.3276785714285713,92.0,Meets Expectations
832952,Renee Yadav,Finance,Auditor,70,90.08,76.81,4.4,86.12,35,4.2,17,No,0,86.39150000000001,2.3922222222222222,84.00000000000001,Exceeds Expectations
950626,Umang Dara,IT,Cybersecurity Specialist,55,80.6,99.12,4.2,89.75,48,3.4,11,No,0,87.09049999999999,1.8316326530612246,68.0,Exceeds Expectations
700424,Ranbir Gour,Finance,Auditor,70,86.31,82.57,4.8,97.04,43,3.3,8,No,0,90.958,2.2054545454545456,65.99999999999999,Exceeds Expectations
852861,Ivana Sami,Sales,Account Manager,96,79.69,76.4,4.8,80.28,40,4.7,15,Yes,1,81.8495,1.9580487804878048,94.0,Exceeds Expectations
718981,Purab Jaggi,Marketing,SEO Specialist,52,88.2,94.82,3.2,87.68,42,3.7,0,No,0,85.38099999999999,2.0390697674418607,74.0,Exceeds Expectations
583287,Shamik Kala,IT,Software Engineer,50,86.73,95.6,4.7,77.56,51,4.0,5,No,0,85.94149999999999,1.4915384615384615,80.0,Exceeds Expectations
760756,Sana Talwar,IT,Cybersecurity Specialist,70,65.8,83.82,5.0,85.35,52,3.4,7,No,0,80.47549999999998,1.6103773584905658,68.0,Exceeds Expectations
731607,Vidur Dalal,Finance,Auditor,62,64.13,76.36,4.3,89.86,40,4.4,7,No,0,78.25049999999999,2.191707317073171,88.00000000000001,Meets Expectations
411085,Suhana Sankaran,Marketing,Content Strategist,87,76.93,87.36,4.7,73.05,51,3.8,28,No,0,79.69699999999999,1.4048076923076922,76.0,Meets Expectations
483233,Taran Sangha,Marketing,Content Strategist,89,81.59,88.94,3.1,86.97,54,3.9,28,No,0,81.63699999999999,1.5812727272727272,78.0,Exceeds Expectations
439966,Abram Madan,IT,Data Analyst,95,71.24,81.15,3.5,94.74,42,4.5,10,Yes,1,80.7655,2.203255813953488,90.0,Exceeds Expectations
118283,Fateh Gopal,Marketing,SEO Specialist,60,93.17,86.68,3.1,95.74,53,4.3,29,No,0,88.42049999999998,1.7729629629629629,86.0,Exceeds Expectations
534865,Adira Singh,Sales,Account Manager,97,68.27,83.95,3.7,88.9,46,4.6,17,Yes,1,78.70199999999998,1.8914893617021278,92.0,Meets Expectations
731428,Tanya Bhattacharyya,IT,Data Analyst,96,80.04,75.29,3.6,89.88,35,4.6,11,Yes,1,81.56549999999999,2.4966666666666666,92.0,Exceeds Expectations
412242,Badal Koshy,Finance,Auditor,86,92.23,99.06,3.2,79.78,37,3.7,5,No,0,84.66249999999998,2.099473684210526,74.0,Exceeds Expectations
912388,Nakul Jani,Sales,Account Manager,73,83.99,99.64,3.1,95.8,45,3.7,17,No,0,87.17249999999999,2.0826086956521737,74.0,Exceeds Expectations
185897,Samaira Anand,HR,Recruitment Specialist,70,72.65,85.22,3.6,70.15,43,3.8,8,No,0,73.563,1.594318181818182,76.0,Meets Expectations
865164,Akarsh Boase,Finance,Financial Analyst,81,72.49,97.96,4.3,80.89,38,3.4,17,No,0,81.277,2.074102564102564,68.0,Exceeds Expectations
805133,Arnav Soman,Sales,Sales Executive,76,82.55,86.9,4.3,92.05,37,3.7,8,No,0,87.045,2.4223684210526315,74.0,Exceeds Expectations
151131,Ivana Subramaniam,Finance,Financial Analyst,100,79.1,81.97,4.0,99.28,51,4.4,26,Yes,1,86.7285,1.9092307692307693,88.00000000000001,Exceeds Expectations
341915,Umang Jha,Finance,Financial Analyst,84,87.19,91.77,3.2,92.23,54,3.1,25,No,0,86.1625,1.676909090909091,62.0,Exceeds Expectations
989043,Amani Balan,HR,Recruitment Specialist,87,70.97,88.28,4.1,91.52,37,4.2,3,Yes,1,82.4135,2.408421052631579,84.00000000000001,Exceeds Expectations
127312,Madhup Rama,HR,HR Manager,94,71.65,79.16,5.0,88.82,51,3.5,20,No,0,83.0385,1.708076923076923,70.0,Exceeds Expectations
161065,Jayant Karnik,HR,Employee Relations,61,60.16,77.32,3.5,92.98,38,3.8,25,No,0,75.697,2.384102564102564,76.0,Meets Expectations
484878,Shamik Dhawan,IT,Data Analyst,75,72.38,93.65,3.8,74.71,54,4.6,7,No,0,76.929,1.3583636363636362,92.0,Meets Expectations
665848,Seher Banerjee,Sales,Sales Executive,72,77.17,80.41,3.3,90.35,50,3.9,20,No,0,80.59349999999999,1.7715686274509803,78.0,Exceeds Expectations
541507,Kavya Roy,Finance,Accountant,82,92.44,98.13,3.3,71.31,37,3.3,12,No,0,81.932,1.8765789473684211,65.99999999999999,Exceeds Expectations
215160,Tushar Mandal,Finance,Accountant,95,73.28,82.98,5.0,81.29,53,3.1,4,No,0,81.5465,1.5053703703703705,62.0,Exceeds Expectations
942165,Shlok Madan,Sales,Account Manager,83,66.09,84.68,4.6,88.53,44,5.0,4,No,0,80.619,1.9673333333333334,100.0,Exceeds Expectations
116414,Alisha Varty,Sales,Account Manager,85,92.91,98.91,3.9,79.44,37,4.0,4,No,0,86.859,2.090526315789474,80.0,Exceeds Expectations
197547,Jivin Chopra,IT,Cybersecurity Specialist,66,81.6,80.18,3.9,72.12,35,3.8,7,No,0,77.529,2.0033333333333334,76.0,Meets Expectations
588063,Emir Brahmbhatt,Marketing,SEO Specialist,65,77.34,95.82,4.2,78.04,44,3.7,8,No,0,81.356,1.7342222222222223,74.0,Exceeds Expectations
384652,Advik Khanna,Marketing,SEO Specialist,87,75.36,95.86,3.9,74.23,37,3.7,16,No,0,78.4355,1.953421052631579,74.0,Meets Expectations
306124,Uthkarsh Atwal,HR,Recruitment Specialist,96,75.04,83.71,4.0,93.94,46,3.4,9,No,0,83.6995,1.998723404255319,68.0,Exceeds Expectations
416013,Riaan Subramaniam,IT,Cybersecurity Specialist,84,62.44,83.07,3.4,77.16,46,3.3,2,No,0,71.5205,1.6417021276595745,65.99999999999999,Meets Expectations
696739,Faiyaz Sinha,IT,Cybersecurity Specialist,89,91.8,83.64,3.1,75.74,39,3.3,8,No,0,80.485,1.8935,65.99999999999999,Exceeds Expectations
523109,Tara Krishnan,Finance,Auditor,60,63.26,79.64,3.7,71.86,49,3.7,11,No,0,70.338,1.4372,74.0,Meets Expectations
426900,Nehmat Sem,HR,Recruitment Specialist,81,78.03,80.79,3.7,86.06,35,4.3,17,No,0,80.64999999999999,2.3905555555555558,86.0,Exceeds Expectations
674298,Sumer Chaudhry,IT,Cybersecurity Specialist,54,60.71,79.91,3.1,82.59,47,4.4,12,No,0,71.4415,1.720625,88.00000000000001,Meets Expectations
981163,Kabir Bir,Sales,Business Development,75,89.01,82.24,4.4,86.74,37,5.0,15,No,0,87.0485,2.282631578947368,100.0,Exceeds Expectations
676810,Inaaya  Bhat,Sales,Business Development,94,65.45,91.22,3.4,85.12,35,4.3,4,Yes,1,76.5825,2.3644444444444446,86.0,Meets Expectations
764058,Zaina Halder,Finance,Financial Analyst,57,80.25,90.37,4.0,98.84,50,4.6,17,No,0,88.237,1.9380392156862747,92.0,Exceeds Expectations
613693,Umang Rajan,HR,HR Manager,83,94.88,81.39,4.7,84.7,39,4.5,23,No,0,89.16149999999999,2.1175,90.0,Exceeds Expectations
466224,Mehul Boase,Finance,Financial Analyst,60,64.26,95.16,3.6,72.66,44,3.3,27,No,0,72.996,1.6146666666666667,65.99999999999999,Meets Expectations
375013,Azad Bhargava,Sales,Sales Executive,53,80.09,78.55,4.5,87.98,46,3.4,7,No,0,84.107,1.8719148936170213,68.0,Exceeds Expectations
716562,Bhamini Iyengar,IT,Cybersecurity Specialist,89,92.97,91.92,4.6,98.03,54,4.3,2,Yes,1,94.43799999999999,1.7823636363636364,86.0,Exceeds Expectations
610031,Jivika Badami,Sales,Account Manager,78,94.15,83.36,4.3,79.03,39,3.0,5,No,0,86.01700000000001,1.9757500000000001,60.0,Exceeds Expectations
569945,Ishaan Uppal,HR,HR Manager,78,82.4,95.68,4.5,79.99,40,3.1,22,No,0,84.6885,1.9509756097560975,62.0,Exceeds Expectations
946214,Gokul Rana,IT,Data Analyst,98,78.86,91.36,4.7,91.89,43,4.2,24,Yes,1,87.56649999999999,2.088409090909091,84.00000000000001,Exceeds Expectations
873481,Taran Tata,Sales,Sales Executive,58,83.37,83.98,4.9,100.0,53,4.1,26,No,0,91.4765,1.8518518518518519,82.0,Exceeds Expectations
576546,Miraan Bedi,HR,Recruitment Specialist,56,69.6,92.43,4.1,91.94,45,4.8,6,No,0,82.70349999999999,1.998695652173913,96.0,Exceeds Expectations
795970,Aayush Samra,IT,Cybersecurity Specialist,91,70.08,94.07,4.5,73.09,49,4.9,15,Yes,1,77.72,1.4618,98.00000000000001,Meets Expectations
541132,Ayesha Batta,IT,Cybersecurity Specialist,88,67.11,82.5,3.7,75.87,39,3.2,7,No,0,73.518,1.8967500000000002,64.0,Meets Expectations
836217,Aarav Rajagopal,Marketing,Marketing Executive,51,68.75,83.39,3.2,82.53,39,4.1,12,No,0,75.05649999999999,2.06325,82.0,Meets Expectations
297348,Azad Kannan,HR,HR Manager,85,75.43,75.17,3.7,92.09,51,3.2,19,No,0,81.0075,1.7709615384615385,64.0,Exceeds Expectations
507057,Heer Thakur,Finance,Accountant,54,94.64,90.43,3.7,91.58,52,4.4,27,No,0,89.84149999999998,1.7279245283018867,88.00000000000001,Exceeds Expectations
727325,Ritvik Sastry,Sales,Sales Executive,58,78.43,92.26,3.8,94.56,46,4.9,26,No,0,85.7855,2.0119148936170212,98.00000000000001,Exceeds Expectations
791732,Gokul Kumer,Marketing,Marketing Executive,53,65.21,77.1,3.5,92.32,40,4.9,22,No,0,77.20049999999999,2.2517073170731705,98.00000000000001,Meets Expectations
794003,Hiran Soman,Sales,Sales Executive,56,65.43,84.44,4.4,95.81,49,4.7,13,No,0,82.3,1.9162000000000001,94.0,Exceeds Expectations
628173,Adah Divan,IT,Cybersecurity Specialist,77,74.3,94.3,3.2,78.57,50,3.8,21,No,0,77.24949999999998,1.5405882352941176,76.0,Meets Expectations
390162,Neysa Srinivas,Sales,Account Manager,87,62.07,85.36,3.7,72.38,42,4.6,7,Yes,1,70.9615,1.6832558139534883,92.0,Meets Expectations
845142,Shayak Kaur,Marketing,Marketing Executive,73,87.29,85.22,4.5,84.46,38,3.3,22,No,0,86.3955,2.1656410256410257,65.99999999999999,Exceeds Expectations
588643,Dishani Bhatnagar,HR,HR Manager,72,94.4,96.02,3.1,85.88,49,4.0,23,No,0,86.801,1.7176,80.0,Exceeds Expectations
212140,Yuvraj  Kadakia,Finance,Financial Analyst,95,77.49,94.55,3.6,71.48,35,3.5,13,No,0,77.122,1.9855555555555557,70.0,Meets Expectations
606063,Eshani Ravi,Finance,Financial Analyst,82,76.97,88.16,4.3,88.52,53,4.0,21,No,0,84.0455,1.6392592592592592,80.0,Exceeds Expectations
928871,Alia Borah,IT,Data Analyst,98,70.98,77.28,3.5,99.98,36,3.1,7,No,0,81.928,2.7021621621621623,62.0,Exceeds Expectations
596293,Yakshit Joshi,HR,Recruitment Specialist,82,66.72,82.16,3.6,85.8,49,3.2,29,No,0,76.50599999999999,1.716,64.0,Meets Expectations
315288,Hansh Kapoor,Sales,Business Development,52,66.79,82.13,3.4,72.29,51,3.7,2,No,0,71.19749999999999,1.3901923076923077,74.0,Meets Expectations
314597,Divij Sagar,Sales,Sales Executive,70,87.37,95.05,3.2,72.04,35,3.3,15,No,0,79.651,2.0011111111111113,65.99999999999999,Meets Expectations
398497,Krish Mani,Finance,Auditor,81,88.23,75.13,4.5,75.14,45,3.2,20,No,0,81.949,1.6334782608695653,64.0,Exceeds Expectations
570184,Neelofar Chaudhuri,Sales,Business Development,64,67.98,90.7,3.8,83.11,46,3.1,17,No,0,77.8865,1.7682978723404255,62.0,Meets Expectations
876222,Hrishita Swamy,Sales,Account Manager,69,92.48,75.23,4.0,94.92,49,4.3,2,No,0,88.8745,1.8984,86.0,Exceeds Expectations
734480,Ehsaan Subramaniam,HR,Recruitment Specialist,67,79.51,75.3,4.6,92.79,35,3.2,6,No,0,85.4,2.5775,64.0,Exceeds Expectations
950805,Rhea Kamdar,Sales,Business Development,86,62.45,89.04,4.5,71.65,44,3.4,22,No,0,73.791,1.5922222222222224,68.0,Meets Expectations
451710,Miraan Halder,Finance,Auditor,94,75.67,93.22,4.4,95.43,47,3.2,0,No,0,87.06800000000001,1.9881250000000001,64.0,Exceeds Expectations
240501,Nishith Chander,HR,HR Manager,52,72.3,92.9,4.4,92.45,51,3.4,19,No,0,84.7975,1.7778846153846155,68.0,Exceeds Expectations
209733,Samar Ratti,Marketing,Marketing Executive,99,63.84,89.65,3.6,99.6,35,4.6,6,Yes,1,81.4515,2.7666666666666666,92.0,Exceeds Expectations
602244,Aarna Dhaliwal,Finance,Auditor,60,73.42,85.95,3.4,87.92,40,4.2,13,No,0,79.5615,2.144390243902439,84.00000000000001,Meets Expectations
884118,Ehsaan Borra,IT,Data Analyst,76,66.9,87.35,3.2,79.61,41,3.1,20,No,0,73.981,1.8954761904761905,62.0,Meets Expectations
327292,Bhavin Roy,IT,Data Analyst,56,84.36,78.73,3.9,92.12,44,3.8,6,No,0,85.27749999999999,2.047111111111111,76.0,Exceeds Expectations
640682,Yakshit Dasgupta,IT,Data Analyst,82,60.92,88.56,3.6,98.36,46,4.3,17,No,0,79.832,2.0927659574468085,86.0,Meets Expectations
900208,Kanav Brar,IT,Data Analyst,79,82.88,89.6,3.9,85.69,51,4.9,26,No,0,84.1395,1.6478846153846154,98.00000000000001,Exceeds Expectations
470652,Ahana  Loyal,HR,HR Manager,81,63.26,82.82,3.9,84.45,36,3.1,5,No,0,75.8215,2.2824324324324325,62.0,Meets Expectations
502321,Faiyaz Khanna,Sales,Business Development,100,85.2,91.62,4.8,74.78,48,4.6,5,Yes,1,84.136,1.526122448979592,92.0,Exceeds Expectations
268455,Elakshi Chandra,Finance,Financial Analyst,55,91.05,84.25,3.7,85.41,40,3.8,29,No,0,85.49849999999999,2.083170731707317,76.0,Exceeds Expectations
911814,Manjari Manne,IT,Software Engineer,77,85.33,89.57,3.3,94.58,50,4.4,8,No,0,86.304,1.8545098039215686,88.00000000000001,Exceeds Expectations
108555,Hazel Chahal,Marketing,Content Strategist,78,85.23,77.02,3.7,78.17,37,4.6,22,No,0,79.84299999999999,2.057105263157895,92.0,Meets Expectations
513731,Neysa Seth,Sales,Business Development,64,90.73,93.26,3.4,95.29,55,4.0,24,No,0,89.296,1.7016071428571429,80.0,Exceeds Expectations
795499,Vritika Bhalla,IT,Software Engineer,85,80.56,77.4,3.5,77.96,47,4.1,8,No,0,77.592,1.6241666666666665,82.0,Meets Expectations
156488,Manikya Gole,IT,Cybersecurity Specialist,53,75.53,88.53,4.4,98.88,46,3.1,18,No,0,87.523,2.1038297872340426,62.0,Exceeds Expectations
356902,Miraan Ganesh,Finance,Auditor,76,76.15,81.09,3.3,82.07,50,4.6,25,No,0,77.4405,1.6092156862745097,92.0,Meets Expectations
765633,Ivana Bawa,Marketing,Content Strategist,94,75.95,85.75,3.6,84.81,36,3.7,0,No,0,79.9285,2.292162162162162,74.0,Meets Expectations
181776,Charvi D’Alia,IT,Data Analyst,73,62.65,96.99,3.7,72.14,36,3.9,4,No,0,72.82499999999999,1.9497297297297298,78.0,Meets Expectations
245504,Kanav Sachar,IT,Data Analyst,82,67.35,98.88,3.7,74.44,39,4.4,7,No,0,75.55849999999998,1.861,88.00000000000001,Meets Expectations
491648,Aarush Chakraborty,Marketing,SEO Specialist,85,87.12,95.63,3.2,86.0,50,4.8,19,No,0,84.53649999999999,1.6862745098039216,96.0,Exceeds Expectations
880538,Reyansh Rajagopal,IT,Cybersecurity Specialist,59,62.12,98.56,3.5,80.85,36,4.7,0,No,0,75.3235,2.185135135135135,94.0,Meets Expectations
328602,Lakshit Kant,Marketing,Content Strategist,92,83.41,92.76,3.4,97.07,49,4.1,19,Yes,1,87.282,1.9413999999999998,82.0,Exceeds Expectations
464246,Armaan Ahuja,Sales,Sales Executive,56,64.87,83.28,3.5,72.64,41,3.2,9,No,0,71.12049999999999,1.7295238095238095,64.0,Meets Expectations
135772,Eshani Yadav,Sales,Account Manager,64,84.61,95.72,4.6,96.71,52,3.2,6,No,0,91.61999999999999,1.8247169811320754,64.0,Exceeds Expectations
576875,Zaina Kashyap,Marketing,Content Strategist,99,64.91,85.2,3.9,95.1,49,3.0,1,No,0,80.48349999999999,1.902,60.0,Exceeds Expectations
671166,Sana Swaminathan,Marketing,SEO Specialist,76,85.56,95.25,3.5,98.84,46,4.0,3,No,0,89.32749999999999,2.1029787234042554,80.0,Exceeds Expectations
334087,Gokul Bhatt,Sales,Business Development,87,85.36,91.8,4.8,77.22,44,4.3,23,Yes,1,85.07299999999998,1.716,86.0,Exceeds Expectations
533996,Faiyaz Ghosh,HR,HR Manager,68,83.5,77.25,3.9,86.41,36,4.9,2,No,0,82.756,2.3354054054054054,98.00000000000001,Exceeds Expectations
285608,Ryan Tandon,Marketing,Content Strategist,73,69.1,93.78,3.1,98.64,42,4.8,24,No,0,82.076,2.293953488372093,96.0,Exceeds Expectations
480186,Aarna Chana,Finance,Financial Analyst,90,60.32,97.34,3.7,86.35,36,3.2,21,No,0,77.03549999999998,2.3337837837837836,64.0,Meets Expectations
545876,Sara Dara,IT,Software Engineer,72,65.16,81.29,4.9,92.53,43,3.5,7,No,0,82.085,2.1029545454545455,70.0,Exceeds Expectations
897088,Divyansh Krish,Finance,Financial Analyst,69,81.37,80.59,4.7,99.9,54,3.5,30,No,0,89.63299999999998,1.8163636363636364,70.0,Exceeds Expectations
863995,Umang Mandal,Marketing,Marketing Executive,100,65.19,84.88,3.8,76.5,46,4.1,20,Yes,1,73.7235,1.627659574468085,82.0,Meets Expectations
139511,Lavanya Krishna,HR,Recruitment Specialist,78,69.38,92.15,3.4,90.64,54,3.8,30,No,0,80.0295,1.648,76.0,Exceeds Expectations
988230,Hazel Buch,HR,HR Manager,62,60.57,86.12,4.2,92.92,49,3.6,24,No,0,79.23949999999999,1.8584,72.0,Meets Expectations
326266,Madhup Shankar,HR,Recruitment Specialist,92,80.18,96.4,3.7,76.96,54,4.2,16,Yes,1,80.559,1.3992727272727272,84.00000000000001,Exceeds Expectations
549581,Ayesha Bawa,HR,Employee Relations,89,71.72,81.63,4.0,77.35,49,3.1,21,No,0,76.419,1.547,62.0,Meets Expectations
702120,Neysa Boase,HR,Recruitment Specialist,54,80.01,89.54,4.9,82.26,37,3.5,27,No,0,84.9255,2.1647368421052633,70.0,Exceeds Expectations
525923,Vidur Kibe,Marketing,Marketing Executive,86,69.24,91.62,3.8,80.09,43,3.9,22,No,0,77.4085,1.8202272727272728,78.0,Meets Expectations
450295,Yashvi Mani,IT,Software Engineer,94,89.78,77.3,3.8,77.98,43,3.4,17,No,0,81.711,1.7722727272727274,68.0,Exceeds Expectations
275335,Anahi Suri,Sales,Business Development,88,85.71,87.29,4.3,76.58,36,3.6,2,No,0,82.795,2.0697297297297297,72.0,Exceeds Expectations
427388,Krish Bobal,HR,Recruitment Specialist,73,87.66,82.34,3.5,84.5,48,4.9,15,No,0,83.107,1.7244897959183674,98.00000000000001,Exceeds Expectations
328197,Veer Rau,HR,Recruitment Specialist,81,69.03,95.15,3.7,90.65,38,4.1,8,No,0,81.2605,2.3243589743589745,82.0,Exceeds Expectations
841660,Mishti Raval,Sales,Sales Executive,82,62.03,83.63,4.5,93.47,53,4.9,8,No,0,80.4695,1.730925925925926,98.00000000000001,Exceeds Expectations
759428,Chirag Dhingra,IT,Data Analyst,58,65.1,83.67,5.0,76.83,43,3.9,1,No,0,77.226,1.7461363636363636,78.0,Meets Expectations
596739,Neysa Sridhar,Marketing,SEO Specialist,74,76.57,90.64,3.6,82.24,48,3.1,26,No,0,79.97949999999999,1.6783673469387754,62.0,Meets Expectations
176249,Mamooty Vasa,Finance,Auditor,73,76.49,85.45,3.2,74.2,48,4.9,1,No,0,75.15899999999999,1.5142857142857142,98.00000000000001,Meets Expectations
752175,Vihaan Yohannan,HR,Recruitment Specialist,80,60.64,79.96,4.1,82.73,51,3.3,16,No,0,74.4735,1.5909615384615385,65.99999999999999,Meets Expectations
641259,Alia Ratta,Marketing,SEO Specialist,53,74.78,96.91,4.5,92.52,38,4.5,25,No,0,86.5915,2.3723076923076922,90.0,Exceeds Expectations
154551,Ayesha Issac,HR,Recruitment Specialist,86,74.79,99.34,4.4,89.6,36,4.7,15,Yes,1,85.6375,2.4216216216216213,94.0,Exceeds Expectations
195044,Shayak Dewan,Finance,Accountant,100,62.86,87.94,3.9,72.23,50,4.4,30,Yes,1,72.1725,1.4162745098039216,88.00000000000001,Meets Expectations
291654,Nehmat Bhattacharyya,Marketing,Content Strategist,85,62.39,83.49,3.6,84.26,42,5.0,21,No,0,74.651,1.9595348837209303,100.0,Meets Expectations
318895,Nirvaan Badal,HR,HR Manager,100,89.62,87.94,4.1,95.99,49,3.1,2,No,0,90.4545,1.9198,62.0,Exceeds Expectations
106454,Aayush Lala,Sales,Sales Executive,87,87.4,89.68,3.2,80.31,46,4.6,24,Yes,1,81.75049999999999,1.7087234042553192,92.0,Exceeds Expectations
499787,Hridaan Balasubramanian,Sales,Account Manager,89,60.44,87.22,3.3,77.67,53,3.7,13,No,0,71.3215,1.4383333333333335,74.0,Meets Expectations
961325,Ira Ganguly,Marketing,SEO Specialist,91,91.43,87.94,3.7,82.18,35,3.4,12,No,0,85.0545,2.282777777777778,68.0,Exceeds Expectations
213802,Nakul Chakraborty,Finance,Financial Analyst,58,68.46,98.1,4.2,95.14,44,4.2,12,No,0,84.57499999999999,2.1142222222222222,84.00000000000001,Exceeds Expectations
428759,Rati Chandra,IT,Software Engineer,60,60.12,88.2,3.4,87.38,37,3.5,21,No,0,75.05499999999999,2.2994736842105263,70.0,Meets Expectations
914694,Vanya Sethi,Sales,Business Development,60,63.32,99.75,4.4,91.22,39,3.6,2,No,0,82.25150000000001,2.2805,72.0,Exceeds Expectations
579854,Aaryahi Savant,Marketing,Marketing Executive,91,81.48,93.27,4.8,81.52,40,4.5,12,Yes,1,85.44049999999999,1.9882926829268293,90.0,Exceeds Expectations
191707,Mamooty Ganguly,Marketing,Content Strategist,50,74.97,90.02,3.6,83.48,37,3.7,30,No,0,79.7605,2.196842105263158,74.0,Meets Expectations
669969,Nirvaan Sengupta,HR,Recruitment Specialist,61,94.09,76.68,3.7,70.87,36,3.8,26,No,0,80.338,1.9154054054054055,76.0,Exceeds Expectations
985391,Hrishita Goel,HR,Employee Relations,53,72.66,99.66,3.4,88.88,40,3.1,21,No,0,81.688,2.16780487804878,62.0,Exceeds Expectations
942008,Nitara Rastogi,Sales,Account Manager,71,94.26,86.44,3.2,72.06,37,3.5,21,No,0,80.77799999999999,1.8963157894736842,70.0,Exceeds Expectations
145367,Jayesh Shan,Sales,Account Manager,70,81.08,79.57,3.6,86.26,49,3.5,22,No,0,81.30449999999999,1.7252,70.0,Exceeds Expectations
720164,Shayak Saran,Finance,Auditor,78,90.03,84.02,3.2,73.48,45,3.9,10,No,0,79.43149999999999,1.5973913043478263,78.0,Meets Expectations
817854,Zoya Sarna,Sales,Business Development,83,87.99,82.84,4.2,70.86,43,3.9,13,No,0,80.62349999999999,1.6104545454545454,78.0,Exceeds Expectations
969681,Mishti Walia,Marketing,Marketing Executive,52,82.67,75.51,3.4,99.37,49,3.5,10,No,0,85.2405,1.9874,70.0,Exceeds Expectations
221196,Hansh Desai,IT,Software Engineer,79,67.84,76.46,4.6,73.89,53,3.4,3,No,0,74.8745,1.3683333333333334,68.0,Meets Expectations
226687,Vritika Tandon,HR,Recruitment Specialist,55,88.92,79.68,4.9,75.67,49,4.4,21,No,0,84.2585,1.5134,88.00000000000001,Exceeds Expectations
322253,Pranay Mander,Finance,Accountant,94,85.74,81.62,4.9,94.62,51,4.1,16,Yes,1,90.06899999999999,1.8196153846153846,82.0,Exceeds Expectations
743719,Kavya Dhar,Finance,Accountant,100,80.41,89.81,4.6,84.4,52,3.8,18,No,0,84.955,1.5924528301886793,76.0,Exceeds Expectations
558991,Adah Bains,HR,Recruitment Specialist,96,78.65,94.92,4.4,76.55,48,3.8,22,No,0,81.758,1.5622448979591836,76.0,Exceeds Expectations
462834,Hazel Bera,HR,Employee Relations,64,87.46,93.62,4.1,98.29,39,5.0,23,No,0,91.35549999999999,2.45725,100.0,Exceeds Expectations
518589,Adira Jha,IT,Software Engineer,96,80.6,95.02,3.8,79.46,36,4.7,24,Yes,1,81.67399999999999,2.1475675675675676,94.0,Exceeds Expectations
490489,Inaaya  Kala,Finance,Accountant,89,68.34,75.26,4.2,97.09,50,3.6,27,No,0,81.78949999999999,1.9037254901960785,72.0,Exceeds Expectations
412669,Samarth Mall,IT,Software Engineer,87,64.81,94.59,4.9,76.26,47,3.4,4,No,0,78.26299999999999,1.58875,68.0,Meets Expectations
628162,Ira Choudhary,HR,HR Manager,87,84.12,82.35,3.6,88.76,46,4.1,19,Yes,1,83.6605,1.8885106382978725,82.0,Exceeds Expectations
333194,Chirag Vohra,Sales,Business Development,77,89.45,96.14,3.3,94.55,41,3.4,27,No,0,88.721,2.251190476190476,68.0,Exceeds Expectations
941251,Nitya Kakar,Finance,Auditor,68,88.73,92.53,3.2,82.9,54,4.0,14,No,0,83.54999999999998,1.5072727272727273,80.0,Exceeds Expectations
406259,Ela Basak,Sales,Account Manager,56,75.89,90.15,4.8,75.58,39,3.9,3,No,0,80.93700000000001,1.8895,78.0,Exceeds Expectations
512273,Shanaya Sane,HR,HR Manager,50,87.92,95.93,4.3,70.15,37,4.8,23,No,0,82.614,1.8460526315789476,96.0,Exceeds Expectations
996601,Indrans Bumb,Sales,Account Manager,52,65.48,83.06,3.9,87.59,39,4.1,12,No,0,77.7335,2.18975,82.0,Meets Expectations
962077,Oorja Deol,IT,Software Engineer,56,78.94,78.27,4.5,94.04,53,4.3,19,No,0,85.7835,1.7414814814814816,86.0,Exceeds Expectations
579942,Biju Contractor,HR,Recruitment Specialist,52,90.01,95.25,3.0,81.63,42,3.9,3,No,0,83.36149999999999,1.8983720930232557,78.0,Exceeds Expectations
227125,Kanav Sharaf,Sales,Business Development,62,82.64,80.15,4.8,73.35,40,4.3,14,No,0,81.019,1.7890243902439023,86.0,Exceeds Expectations
902324,Ishita Bassi,Sales,Sales Executive,99,72.06,89.4,3.1,99.98,40,4.8,26,Yes,1,82.92399999999999,2.4385365853658536,96.0,Exceeds Expectations
584998,Adira Chad,Sales,Sales Executive,100,70.88,96.22,3.6,70.23,41,4.4,4,Yes,1,74.6215,1.6721428571428572,88.00000000000001,Meets Expectations
501563,Pari Sood,HR,HR Manager,96,78.63,93.03,4.3,91.18,38,3.2,13,No,0,86.288,2.337948717948718,64.0,Exceeds Expectations
218716,Veer Wason,IT,Cybersecurity Specialist,68,86.39,87.07,4.9,79.92,47,3.9,8,No,0,85.96900000000001,1.665,78.0,Exceeds Expectations
653767,Dishani Shah,Finance,Accountant,72,80.76,89.03,3.7,82.66,52,3.0,26,No,0,81.65149999999998,1.5596226415094339,60.0,Exceeds Expectations
604645,Azad Sachar,Marketing,Marketing Executive,84,65.76,96.88,4.1,73.35,38,4.5,10,No,0,75.5205,1.8807692307692305,90.0,Meets Expectations
436452,Dhanush Vohra,Marketing,SEO Specialist,97,65.53,99.85,3.2,82.43,46,4.2,23,Yes,1,76.36349999999999,1.7538297872340427,84.00000000000001,Meets Expectations
886663,Charvi Bail,HR,Employee Relations,89,62.27,91.82,3.6,82.23,45,4.5,28,Yes,1,75.148,1.787608695652174,90.0,Meets Expectations
720286,Nirvaan Solanki,Finance,Accountant,87,68.49,83.2,3.9,96.01,46,4.5,12,Yes,1,81.755,2.0427659574468087,90.0,Exceeds Expectations
107784,Lakshit Dave,HR,Recruitment Specialist,60,75.58,94.21,4.6,76.98,40,3.9,11,No,0,81.3275,1.8775609756097562,78.0,Exceeds Expectations
528593,Nirvi Ahuja,IT,Cybersecurity Specialist,88,89.54,77.66,3.6,78.02,37,3.3,24,No,0,81.095,2.053157894736842,65.99999999999999,Exceeds Expectations
219508,Nirvaan Chanda,Sales,Account Manager,55,71.4,77.67,3.8,75.78,37,3.8,26,No,0,74.5635,1.9942105263157894,76.0,Meets Expectations
948962,Vaibhav Yohannan,HR,Employee Relations,57,71.52,80.56,3.8,93.86,44,3.4,16,No,0,81.367,2.085777777777778,68.0,Exceeds Expectations
530664,Keya Bhattacharyya,HR,HR Manager,97,81.76,93.69,4.8,79.06,47,4.5,15,Yes,1,84.7405,1.6470833333333335,90.0,Exceeds Expectations
108938,Badal Bhagat,IT,Cybersecurity Specialist,78,70.26,93.28,3.2,70.97,41,3.8,8,No,0,73.0225,1.6897619047619048,76.0,Meets Expectations
373142,Anvi Sidhu,HR,Recruitment Specialist,79,86.49,95.82,4.5,92.14,55,3.8,30,No,0,90.39349999999999,1.645357142857143,76.0,Exceeds Expectations
186492,Tara Mani,Sales,Account Manager,53,91.16,91.58,4.1,98.15,51,4.5,20,No,0,92.29549999999999,1.8875000000000002,90.0,Exceeds Expectations
756883,Divit Banerjee,Sales,Account Manager,71,62.21,96.39,4.6,70.21,47,3.1,7,No,0,74.60549999999999,1.4627083333333333,62.0,Meets Expectations
429731,Aarav Desai,Marketing,SEO Specialist,55,93.33,93.62,3.1,71.94,49,3.3,0,No,0,81.1875,1.4387999999999999,65.99999999999999,Exceeds Expectations
967616,Kiaan Kala,Finance,Financial Analyst,50,63.25,87.39,4.5,95.48,54,4.4,29,No,0,82.16399999999999,1.736,88.00000000000001,Exceeds Expectations
576078,Jayesh Chacko,Sales,Sales Executive,59,65.08,81.86,4.3,71.64,55,4.0,25,No,0,73.031,1.2792857142857144,80.0,Meets Expectations
894790,Mishti Chauhan,Marketing,Marketing Executive,83,61.61,75.29,4.0,84.2,54,4.3,13,No,0,74.327,1.530909090909091,86.0,Meets Expectations
527948,Anahi Choudhary,Finance,Financial Analyst,77,86.29,97.79,3.4,91.54,50,3.4,19,No,0,87.109,1.7949019607843137,68.0,Exceeds Expectations
937871,Anaya Andra,Marketing,Marketing Executive,76,74.05,94.54,4.7,75.05,47,4.2,18,No,0,80.466,1.5635416666666666,84.00000000000001,Exceeds Expectations
927942,Gokul Sekhon,Marketing,SEO Specialist,50,67.22,98.84,4.9,74.18,37,4.8,30,No,0,79.016,1.952105263157895,96.0,Meets Expectations
577525,Devansh Divan,HR,HR Manager,94,70.5,85.31,4.2,78.06,44,3.6,5,No,0,77.39249999999998,1.7346666666666668,72.0,Meets Expectations
286853,Chirag Shenoy,Marketing,Content Strategist,77,82.6,92.21,4.0,98.71,44,4.4,24,No,0,89.28999999999999,2.1935555555555553,88.00000000000001,Exceeds Expectations
148562,Alisha Agate,IT,Cybersecurity Specialist,57,89.75,83.88,3.6,94.44,43,3.4,0,No,0,87.84849999999999,2.1463636363636365,68.0,Exceeds Expectations
464576,Seher Kala,Finance,Auditor,87,75.19,81.98,4.1,77.51,40,3.5,21,No,0,78.04199999999999,1.890487804878049,70.0,Meets Expectations
557679,Rohan Karnik,IT,Software Engineer,87,91.27,95.35,3.0,70.95,52,4.0,12,No,0,80.0795,1.338679245283019,80.0,Exceeds Expectations
844757,Myra Badal,IT,Data Analyst,67,63.36,84.64,4.6,76.71,42,4.6,19,No,0,75.5205,1.7839534883720929,92.0,Meets Expectations
406502,Anaya Basak,Sales,Sales Executive,70,68.94,94.89,3.4,83.52,36,4.1,23,No,0,77.79449999999999,2.2572972972972973,82.0,Meets Expectations
881260,Nishith Ramanathan,HR,Recruitment Specialist,73,94.86,93.05,4.6,73.01,47,3.8,16,No,0,86.512,1.5210416666666668,76.0,Exceeds Expectations
682690,Aayush Sen,Marketing,Content Strategist,84,82.09,94.0,4.5,96.97,45,3.9,7,No,0,90.27099999999999,2.1080434782608695,78.0,Exceeds Expectations
383544,Tiya Sen,Sales,Business Development,98,84.86,78.64,4.2,80.51,43,4.5,8,Yes,1,82.2755,1.8297727272727273,90.0,Exceeds Expectations
748539,Taimur Kumer,Finance,Accountant,88,79.17,91.14,4.2,90.7,42,4.2,29,Yes,1,85.72549999999998,2.1093023255813956,84.00000000000001,Exceeds Expectations
204652,Saanvi Hora,HR,HR Manager,82,92.2,85.59,4.3,87.0,42,4.4,11,No,0,88.4585,2.0232558139534884,88.00000000000001,Exceeds Expectations
899741,Heer Tata,Finance,Financial Analyst,86,64.37,90.79,3.1,83.48,44,4.2,19,Yes,1,74.666,1.8551111111111112,84.00000000000001,Meets Expectations
152499,Hazel Grover,IT,Software Engineer,79,83.19,78.99,4.2,92.35,46,3.7,13,No,0,85.88749999999999,1.9648936170212765,74.0,Exceeds Expectations
331293,Saanvi Loke,HR,Employee Relations,91,82.59,82.68,4.2,77.07,46,3.7,28,No,0,80.88299999999998,1.639787234042553,74.0,Exceeds Expectations
325278,Tanya Hegde,Sales,Account Manager,61,78.67,87.9,4.9,71.91,37,3.6,24,No,0,80.588,1.8923684210526315,72.0,Exceeds Expectations
637147,Shanaya Bandi,Marketing,Content Strategist,90,77.6,81.7,4.7,84.96,43,4.9,16,Yes,1,83.25099999999999,1.9309090909090907,98.00000000000001,Exceeds Expectations
956604,Siya Hora,Finance,Auditor,87,72.63,80.18,3.7,99.23,43,3.2,11,No,0,83.27799999999999,2.255227272727273,64.0,Exceeds Expectations
416603,Shaan Bajwa,Marketing,Content Strategist,67,62.98,96.42,3.8,88.89,43,3.9,0,No,0,79.0175,2.0202272727272725,78.0,Meets Expectations
400462,Vanya Uppal,IT,Software Engineer,78,92.93,98.42,4.2,95.62,45,3.7,20,No,0,93.3555,2.0786956521739133,74.0,Exceeds Expectations
599066,Jayan Barad,Marketing,Content Strategist,91,82.05,98.19,3.1,74.46,41,3.3,2,No,0,78.80699999999999,1.7728571428571427,65.99999999999999,Meets Expectations
283075,Suhana Mammen,Marketing,Marketing Executive,100,63.54,81.28,3.3,79.81,37,3.8,29,No,0,72.2645,2.100263157894737,76.0,Meets Expectations
183564,Vardaniya Dass,Finance,Financial Analyst,65,63.66,90.9,4.6,85.23,49,4.0,18,No,0,79.5465,1.7046000000000001,80.0,Meets Expectations
102862,Onkar Walla,Marketing,Marketing Executive,68,78.33,97.17,4.7,94.07,53,4.0,13,No,0,89.01549999999999,1.7420370370370368,80.0,Exceeds Expectations
770518,Himmat Vyas,Marketing,Marketing Executive,57,64.77,84.82,4.0,83.67,44,3.5,14,No,0,76.67699999999999,1.8593333333333333,70.0,Meets Expectations
399177,Hrishita Mandal,Finance,Auditor,79,84.03,89.5,4.2,93.79,52,3.6,26,No,0,88.262,1.769622641509434,72.0,Exceeds Expectations
106444,Tejas Bajaj,Marketing,SEO Specialist,84,92.62,94.17,3.4,84.54,46,4.4,21,No,0,86.3315,1.7987234042553193,88.00000000000001,Exceeds Expectations
296808,Nayantara Sengupta,IT,Software Engineer,63,61.91,86.23,3.2,77.69,41,4.4,16,No,0,71.3945,1.8497619047619047,88.00000000000001,Meets Expectations
183732,Aradhya Bajwa,Finance,Accountant,50,61.01,78.49,4.2,85.4,47,4.7,7,No,0,75.61699999999999,1.7791666666666668,94.0,Meets Expectations
756845,Kimaya Ganesh,Sales,Sales Executive,94,73.12,98.52,4.6,97.35,53,3.1,18,No,0,88.24249999999999,1.8027777777777776,62.0,Exceeds Expectations
332355,Ivan Dara,HR,HR Manager,53,89.65,78.05,3.6,96.77,48,4.1,0,No,0,87.7545,1.9748979591836733,82.0,Exceeds Expectations
510762,Zaina Ramanathan,Marketing,SEO Specialist,57,68.58,96.78,3.5,97.36,36,3.8,5,No,0,83.09599999999999,2.631351351351351,76.0,Exceeds Expectations
947367,Aarna Dhingra,Finance,Auditor,97,69.9,97.05,5.0,72.27,39,4.0,20,No,0,79.317,1.8067499999999999,80.0,Meets Expectations
658187,Umang Ramanathan,Marketing,Marketing Executive,64,82.69,92.25,3.3,72.88,36,4.6,25,No,0,78.187,1.9697297297297296,92.0,Meets Expectations
642194,Emir Sachdev,HR,Employee Relations,81,69.72,86.4,4.3,72.53,54,4.8,3,No,0,75.6475,1.3187272727272727,96.0,Meets Expectations
104435,Manikya Sanghvi,Sales,Business Development,86,62.35,99.73,4.4,95.67,42,3.9,11,No,0,83.4665,2.2248837209302326,78.0,Exceeds Expectations
891391,Misha Bandi,Marketing,SEO Specialist,86,86.85,78.73,4.8,87.57,39,3.9,24,No,0,87.25649999999999,2.18925,78.0,Exceeds Expectations
828698,Alisha Desai,IT,Data Analyst,66,93.5,94.06,4.4,92.95,35,3.7,21,No,0,92.56649999999999,2.5819444444444444,74.0,Exceeds Expectations
271037,Lakshit Sabharwal,Marketing,Content Strategist,64,88.06,84.14,3.1,77.08,51,4.8,10,No,0,79.71999999999998,1.4823076923076923,96.0,Meets Expectations
623135,Tushar Dugar,Finance,Accountant,100,93.32,75.44,3.6,88.56,50,4.5,17,Yes,1,85.774,1.7364705882352942,90.0,Exceeds Expectations
319347,Shayak Chanda,IT,Software Engineer,88,89.51,84.66,4.0,76.63,49,3.3,24,No,0,82.848,1.5326,65.99999999999999,Exceeds Expectations
873920,Anika Walla,IT,Cybersecurity Specialist,90,60.56,90.08,3.4,91.65,40,3.4,12,No,0,76.9855,2.2353658536585366,68.0,Meets Expectations
895625,Jayan Deo,Finance,Accountant,93,86.15,92.82,3.9,86.41,37,4.1,15,Yes,1,86.019,2.2739473684210525,82.0,Exceeds Expectations
723884,Jivin Chakraborty,HR,Employee Relations,82,71.21,90.82,3.2,93.76,45,4.8,20,No,0,80.96249999999999,2.0382608695652173,96.0,Exceeds Expectations
203128,Charvi Vasa,IT,Cybersecurity Specialist,98,82.78,79.59,3.2,77.94,39,3.7,7,No,0,77.7905,1.9485,74.0,Meets Expectations
268088,Mohanlal Sheth,IT,Cybersecurity Specialist,57,76.92,96.59,4.5,85.15,47,4.9,1,No,0,84.713,1.7739583333333335,98.00000000000001,Exceeds Expectations
607322,Yuvraj  Raja,HR,Recruitment Specialist,99,86.6,90.41,4.6,98.09,36,3.2,24,No,0,92.00299999999999,2.651081081081081,64.0,Exceeds Expectations
431797,Anahita Chauhan,IT,Cybersecurity Specialist,80,86.7,88.66,4.5,99.16,49,3.1,30,No,0,91.85,1.9831999999999999,62.0,Exceeds Expectations
597093,Emir Thakkar,Finance,Financial Analyst,88,86.71,94.77,3.8,87.11,35,4.4,4,Yes,1,86.45249999999999,2.419722222222222,88.00000000000001,Exceeds Expectations
122174,Nehmat Toor,IT,Cybersecurity Specialist,63,89.13,95.44,3.6,93.56,39,4.5,27,No,0,89.05749999999999,2.339,90.0,Exceeds Expectations
925752,Vritika Upadhyay,Sales,Sales Executive,82,65.48,85.1,4.6,87.59,46,3.3,22,No,0,80.1395,1.863617021276596,65.99999999999999,Exceeds Expectations
992652,Tara Bhardwaj,Finance,Accountant,64,66.66,80.49,4.2,86.11,46,4.3,16,No,0,78.14299999999999,1.832127659574468,86.0,Meets Expectations
557318,Trisha Bora,Sales,Sales Executive,85,61.41,94.38,4.7,82.46,40,3.0,9,No,0,78.61149999999999,2.011219512195122,60.0,Meets Expectations
976107,Lagan Gill,HR,Recruitment Specialist,81,60.77,80.22,3.1,78.67,35,3.3,21,No,0,70.137,2.185277777777778,65.99999999999999,Meets Expectations
618500,Riya Sandhu,HR,HR Manager,91,65.9,96.25,4.7,94.77,50,3.4,24,No,0,84.77199999999999,1.858235294117647,68.0,Exceeds Expectations
631677,Shayak Dani,Finance,Financial Analyst,81,91.96,82.27,3.6,76.72,42,3.8,2,No,0,82.17849999999999,1.784186046511628,76.0,Exceeds Expectations
979110,Kismat Datta,IT,Cybersecurity Specialist,56,76.2,84.86,5.0,72.18,41,4.8,8,No,0,79.662,1.7185714285714286,96.0,Meets Expectations
339127,Oorja Kamdar,HR,Employee Relations,71,72.28,99.02,3.6,93.98,54,3.4,6,No,0,83.844,1.7087272727272729,68.0,Exceeds Expectations
886475,Advik Mangal,Sales,Account Manager,67,81.5,91.06,4.2,80.56,51,3.2,11,No,0,82.97999999999999,1.5492307692307692,64.0,Exceeds Expectations
264228,Aarav Kapur,IT,Cybersecurity Specialist,72,65.55,89.84,4.2,83.1,37,3.9,11,No,0,78.1035,2.1868421052631577,78.0,Meets Expectations
761495,Anahi Kibe,Marketing,Content Strategist,59,81.25,91.83,4.3,88.54,44,4.5,20,No,0,86.101,1.9675555555555557,90.0,Exceeds Expectations
211923,Kabir Sarna,IT,Data Analyst,73,65.35,99.38,3.0,91.81,40,3.8,24,No,0,78.913,2.239268292682927,76.0,Meets Expectations
548251,Manikya Bora,Sales,Account Manager,72,87.63,81.04,3.3,75.9,51,4.8,5,No,0,79.29150000000001,1.4596153846153848,96.0,Meets Expectations
743505,Shaan Dave,IT,Software Engineer,54,71.06,90.19,3.0,70.42,52,3.5,26,No,0,72.04650000000001,1.328679245283019,70.0,Meets Expectations
526659,Piya Sodhi,Sales,Sales Executive,91,88.74,92.49,3.1,88.16,49,3.8,5,No,0,85.08849999999998,1.7631999999999999,76.0,Exceeds Expectations
957814,Riya Ray,HR,Employee Relations,80,77.45,80.05,3.7,71.39,43,3.2,12,No,0,75.20149999999998,1.6225,64.0,Meets Expectations
104091,Madhup Bhasin,HR,Employee Relations,60,81.18,84.87,3.3,96.7,49,3.4,24,No,0,84.88850000000001,1.9340000000000002,68.0,Exceeds Expectations
964329,Taimur Balasubramanian,HR,HR Manager,60,83.29,89.01,3.1,89.09,50,4.5,2,No,0,82.9845,1.7468627450980392,90.0,Exceeds Expectations
932536,Uthkarsh Cherian,HR,Recruitment Specialist,73,63.89,88.52,3.4,93.46,44,4.0,19,No,0,78.5505,2.0768888888888886,80.0,Meets Expectations
988488,Pari Dua,Finance,Auditor,54,81.52,98.83,3.0,72.19,52,3.9,20,No,0,77.62299999999999,1.3620754716981132,78.0,Meets Expectations
156878,Heer Lad,Finance,Auditor,60,82.13,95.13,4.6,90.45,50,4.6,26,No,0,88.47249999999998,1.773529411764706,92.0,Exceeds Expectations
566305,Tejas Chokshi,HR,HR Manager,100,79.27,91.02,3.8,79.22,48,4.0,3,No,0,80.52449999999999,1.616734693877551,80.0,Exceeds Expectations
971085,Nakul Choudhry,HR,Recruitment Specialist,75,71.45,85.91,3.9,83.86,36,4.6,20,No,0,78.94500000000001,2.2664864864864867,92.0,Meets Expectations
964598,Lagan Chaudhari,Finance,Auditor,62,60.46,85.73,4.8,88.35,42,3.7,9,No,0,79.34299999999999,2.0546511627906976,74.0,Meets Expectations
362707,Advika Bumb,Finance,Accountant,71,76.3,88.66,3.4,88.02,43,3.8,12,No,0,81.011,2.0004545454545455,76.0,Exceeds Expectations
864277,Kanav Choudhary,HR,HR Manager,51,87.52,84.39,3.7,99.87,37,4.5,12,No,0,89.345,2.6281578947368422,90.0,Exceeds Expectations
998672,Divij Dasgupta,Marketing,Marketing Executive,52,66.23,81.87,4.3,93.33,49,3.5,8,No,0,81.0265,1.8666,70.0,Exceeds Expectations
421986,Saira Saha,Sales,Sales Executive,94,82.33,99.47,4.9,85.87,41,4.0,20,No,0,88.4905,2.0445238095238096,80.0,Exceeds Expectations
702741,Rohan Iyer,Sales,Sales Executive,59,66.15,94.41,4.7,80.5,37,3.2,15,No,0,79.589,2.1184210526315788,64.0,Meets Expectations
396415,Siya Talwar,HR,HR Manager,72,69.4,75.08,4.9,84.91,39,3.6,5,No,0,79.9705,2.12275,72.0,Meets Expectations
836703,Jayan Ram,Finance,Accountant,55,79.65,84.19,3.4,91.1,35,3.6,28,No,0,82.591,2.5305555555555554,72.0,Exceeds Expectations
814171,Hansh Baria,HR,HR Manager,52,71.42,88.79,3.8,72.66,39,3.3,23,No,0,75.1465,1.8165,65.99999999999999,Meets Expectations
606965,Hansh Ganguly,Finance,Accountant,85,89.45,93.09,3.9,91.81,40,4.4,18,No,0,89.1045,2.239268292682927,88.00000000000001,Exceeds Expectations
273080,Mohanlal Sundaram,Marketing,SEO Specialist,69,77.31,99.1,4.4,96.93,48,3.4,7,No,0,89.04899999999999,1.9781632653061225,68.0,Exceeds Expectations
767338,Akarsh Banerjee,Finance,Auditor,86,88.23,80.2,3.5,70.15,50,4.6,15,Yes,1,77.963,1.3754901960784316,92.0,Meets Expectations
257807,Abram Din,Marketing,Marketing Executive,94,80.38,85.82,4.4,88.39,41,3.9,4,No,0,85.1425,2.1045238095238097,78.0,Exceeds Expectations
603784,Alia Vaidya,Sales,Business Development,86,68.97,94.87,4.0,76.29,52,3.9,9,No,0,77.0715,1.439433962264151,78.0,Meets Expectations
163103,Oorja Luthra,Finance,Financial Analyst,87,89.97,87.71,4.2,70.87,51,4.6,11,Yes,1,82.05049999999999,1.3628846153846155,92.0,Exceeds Expectations
159931,Anay Bains,Marketing,SEO Specialist,89,88.7,96.22,4.8,73.84,35,3.1,30,No,0,85.72200000000001,2.051111111111111,62.0,Exceeds Expectations
134326,Dharmajan Ramanathan,Finance,Accountant,55,93.21,99.62,3.7,90.43,41,3.3,30,No,0,90.317,2.153095238095238,65.99999999999999,Exceeds Expectations
564163,Alisha Dar,Marketing,Content Strategist,89,91.21,84.33,3.5,82.64,45,5.0,28,Yes,1,83.997,1.796521739130435,100.0,Exceeds Expectations
974107,Rania Johal,HR,HR Manager,96,67.23,86.2,3.8,98.34,37,4.6,9,Yes,1,82.27950000000001,2.5878947368421055,92.0,Exceeds Expectations
437784,Hridaan Bajwa,Finance,Accountant,92,78.71,95.96,4.7,79.88,35,3.5,17,No,0,84.00049999999999,2.218888888888889,70.0,Exceeds Expectations
711089,Divyansh Sridhar,Sales,Business Development,87,73.55,92.2,3.8,87.51,39,4.7,18,Yes,1,81.601,2.1877500000000003,94.0,Exceeds Expectations
845797,Sana Sodhi,IT,Data Analyst,79,65.37,97.98,4.5,78.03,37,4.1,11,No,0,78.387,2.053421052631579,82.0,Meets Expectations
285256,Raghav Venkataraman,Marketing,Marketing Executive,70,66.02,92.69,4.4,96.66,37,3.6,3,No,0,84.04149999999998,2.5436842105263158,72.0,Exceeds Expectations
794243,Faiyaz Lanka,Marketing,SEO Specialist,81,63.32,91.81,3.8,73.45,52,4.2,26,No,0,73.04100000000001,1.3858490566037736,84.00000000000001,Meets Expectations
281822,Sumer Dyal,Finance,Accountant,64,61.12,79.36,4.3,99.25,40,4.7,19,No,0,80.9335,2.4207317073170733,94.0,Exceeds Expectations
768173,Amani Kanda,Sales,Business Development,81,82.06,97.43,3.3,71.11,52,3.2,0,No,0,78.124,1.3416981132075472,64.0,Meets Expectations
632755,Onkar Kunda,IT,Software Engineer,61,80.98,89.02,3.8,73.71,49,3.7,17,No,0,78.8945,1.4742,74.0,Meets Expectations
835815,Anika Banik,HR,Recruitment Specialist,65,70.15,86.28,4.3,71.61,46,4.9,23,No,0,75.458,1.5236170212765958,98.00000000000001,Meets Expectations
745103,Lagan Borah,IT,Data Analyst,65,93.68,88.19,4.0,91.06,47,3.7,9,No,0,89.8875,1.8970833333333335,74.0,Exceeds Expectations
447271,Raghav Aurora,IT,Data Analyst,85,92.19,91.86,4.8,93.44,48,4.0,21,No,0,93.14949999999999,1.906938775510204,80.0,Exceeds Expectations
198895,Tanya Mannan,Sales,Business Development,85,66.19,94.11,4.8,71.82,54,3.6,11,No,0,76.82,1.3058181818181818,72.0,Meets Expectations
941083,Jayant Chaudhry,IT,Data Analyst,83,94.61,83.74,3.3,74.97,48,4.9,6,No,0,81.814,1.53,98.00000000000001,Exceeds Expectations
902328,Pihu Talwar,Marketing,Content Strategist,59,67.75,83.85,4.0,84.32,36,4.0,23,No,0,77.80199999999999,2.2789189189189187,80.0,Meets Expectations
382247,Kashvi Dhillon,HR,Employee Relations,54,73.7,75.61,4.0,85.29,39,4.4,18,No,0,78.988,2.13225,88.00000000000001,Meets Expectations
116319,Gatik Banik,IT,Cybersecurity Specialist,51,67.76,86.34,4.5,88.19,41,3.2,8,No,0,81.0335,2.0997619047619045,64.0,Exceeds Expectations
433459,Ishaan Dhar,Marketing,Content Strategist,66,82.9,75.66,3.0,87.82,45,3.4,28,No,0,80.101,1.9091304347826086,68.0,Exceeds Expectations
637113,Chirag Dhawan,HR,Employee Relations,89,82.85,78.79,3.1,95.87,43,3.3,28,No,0,83.67049999999999,2.1788636363636367,65.99999999999999,Exceeds Expectations
657790,Nirvi Sarraf,IT,Cybersecurity Specialist,60,85.77,84.04,3.5,94.13,51,4.1,24,No,0,86.07099999999998,1.8101923076923077,82.0,Exceeds Expectations
154140,Lakshay Kari,IT,Software Engineer,97,61.32,97.3,4.2,99.24,55,4.0,19,No,0,83.39099999999999,1.772142857142857,80.0,Exceeds Expectations
392648,Shalv Ramachandran,Finance,Accountant,59,71.07,93.24,4.2,83.46,49,3.3,2,No,0,80.6715,1.6691999999999998,65.99999999999999,Exceeds Expectations
326824,Arnav Dhaliwal,Marketing,Content Strategist,97,67.95,95.91,4.9,70.21,48,4.5,15,Yes,1,77.4425,1.4328571428571428,90.0,Meets Expectations
233714,Drishya Aurora,Sales,Sales Executive,54,67.2,90.32,4.8,79.42,40,3.7,22,No,0,79.26499999999999,1.9370731707317073,74.0,Meets Expectations
234781,Sana Chakrabarti,Marketing,Marketing Executive,67,70.37,97.33,3.8,93.98,51,3.7,18,No,0,83.522,1.8073076923076923,74.0,Exceeds Expectations
984132,Anvi Kadakia,Finance,Accountant,73,60.74,93.7,3.1,91.21,41,3.5,10,No,0,76.5375,2.1716666666666664,70.0,Meets Expectations
658424,Lavanya Subramaniam,Finance,Auditor,80,82.66,98.63,3.6,90.21,49,4.2,18,No,0,86.09899999999999,1.8041999999999998,84.00000000000001,Exceeds Expectations
919751,Jayesh Walla,HR,Employee Relations,63,86.31,79.49,4.8,85.8,40,4.1,7,No,0,86.56199999999998,2.0926829268292684,82.0,Exceeds Expectations
753799,Romil Lad,Finance,Financial Analyst,72,91.82,86.17,3.9,78.85,37,4.2,4,No,0,84.36,2.0749999999999997,84.00000000000001,Exceeds Expectations
569196,Shray Kala,Sales,Sales Executive,77,70.69,98.55,3.3,76.83,55,4.2,2,No,0,76.31450000000001,1.3719642857142857,84.00000000000001,Meets Expectations
871767,Tanya Kade,IT,Data Analyst,64,63.86,90.68,4.4,73.61,35,3.0,17,No,0,74.9165,2.044722222222222,60.0,Meets Expectations
950169,Zeeshan Doshi,Sales,Account Manager,69,75.96,76.19,4.2,74.56,53,4.0,3,No,0,76.7105,1.3807407407407408,80.0,Meets Expectations
505383,Dishani Chatterjee,IT,Cybersecurity Specialist,82,89.13,93.85,3.1,95.68,37,3.5,5,No,0,88.06099999999999,2.5178947368421056,70.0,Exceeds Expectations
343833,Drishya Dubey,IT,Software Engineer,56,70.68,86.09,3.4,96.57,52,4.9,0,No,0,81.651,1.8220754716981131,98.00000000000001,Exceeds Expectations
954618,Ishita Date,HR,HR Manager,94,89.84,87.4,3.6,97.48,46,3.7,8,No,0,89.472,2.0740425531914894,74.0,Exceeds Expectations
435695,Alia Sangha,IT,Cybersecurity Specialist,50,64.68,79.76,3.8,79.9,43,3.4,5,No,0,73.967,1.8159090909090911,68.0,Meets Expectations
369372,Rhea Borde,Finance,Financial Analyst,95,80.36,80.63,3.0,81.05,45,3.5,27,No,0,77.588,1.7619565217391304,70.0,Meets Expectations
833493,Kanav Rajagopal,Marketing,Content Strategist,73,81.31,78.46,3.9,95.24,40,4.1,26,No,0,85.2615,2.3229268292682925,82.0,Exceeds Expectations
688556,Eshani Sunder,IT,Data Analyst,85,60.9,76.41,4.3,74.51,53,3.9,8,No,0,71.75500000000001,1.3798148148148148,78.0,Meets Expectations
250973,Aradhya Ganguly,IT,Cybersecurity Specialist,87,74.04,84.27,4.1,99.92,43,4.2,16,Yes,1,85.8265,2.270909090909091,84.00000000000001,Exceeds Expectations
634833,Kimaya Majumdar,IT,Cybersecurity Specialist,97,76.67,81.09,3.5,88.31,36,3.6,12,No,0,80.4065,2.386756756756757,72.0,Exceeds Expectations
482185,Aaina Krishnamurthy,HR,HR Manager,95,69.09,78.02,4.5,98.36,42,3.6,11,No,0,83.81049999999999,2.2874418604651163,72.0,Exceeds Expectations
346681,Romil Tak,IT,Cybersecurity Specialist,61,94.09,97.16,5.0,87.92,55,4.4,24,No,0,93.2775,1.57,88.00000000000001,Exceeds Expectations
910847,Kiara Devi,IT,Cybersecurity Specialist,85,72.05,76.52,5.0,89.16,43,3.3,19,No,0,82.90149999999998,2.0263636363636364,65.99999999999999,Exceeds Expectations
907096,Ishaan Dube,Finance,Financial Analyst,73,88.79,94.49,4.8,76.65,47,3.2,20,No,0,86.47749999999999,1.596875,64.0,Exceeds Expectations
823513,Anahita Goswami,Sales,Business Development,95,63.27,94.9,4.2,85.36,39,4.8,8,Yes,1,78.85549999999999,2.134,96.0,Meets Expectations
705336,Yakshit Dutt,Marketing,SEO Specialist,52,88.27,77.85,4.8,86.22,37,3.3,24,No,0,87.149,2.2689473684210526,65.99999999999999,Exceeds Expectations
811956,Rania Tank,Sales,Sales Executive,64,80.86,97.48,3.4,97.44,35,4.7,16,No,0,87.227,2.7066666666666666,94.0,Exceeds Expectations
583343,Vedika Bala,HR,Recruitment Specialist,89,93.41,82.35,3.2,84.4,47,4.1,23,Yes,1,84.18599999999999,1.7583333333333335,82.0,Exceeds Expectations
909845,Hridaan Keer,HR,Employee Relations,82,81.56,82.63,3.6,86.19,41,4.2,10,No,0,81.90699999999998,2.052142857142857,84.00000000000001,Exceeds Expectations
809491,Manjari Varghese,IT,Cybersecurity Specialist,65,74.06,83.55,4.1,98.23,45,4.5,24,No,0,85.134,2.1354347826086957,90.0,Exceeds Expectations
688565,Neelofar Walia,Marketing,Content Strategist,89,78.08,84.34,4.7,70.51,46,4.4,17,Yes,1,78.7575,1.500212765957447,88.00000000000001,Meets Expectations
685287,Biju Rajagopalan,IT,Cybersecurity Specialist,82,80.79,89.45,3.4,91.02,48,4.4,29,No,0,83.751,1.8575510204081631,88.00000000000001,Exceeds Expectations
941936,Nishith Yadav,Sales,Sales Executive,56,78.83,98.77,4.5,91.81,37,4.3,6,No,0,88.03949999999999,2.4160526315789475,86.0,Exceeds Expectations
231534,Mahika Contractor,Sales,Business Development,97,64.36,79.57,4.6,94.62,41,4.8,2,Yes,1,81.3785,2.252857142857143,96.0,Exceeds Expectations
110767,Oorja Butala,Finance,Accountant,70,76.62,79.46,4.0,73.34,45,3.9,5,No,0,76.405,1.5943478260869566,78.0,Meets Expectations
163842,Jivin Tandon,IT,Software Engineer,96,72.6,90.01,4.9,87.51,36,4.1,26,Yes,1,84.24,2.365135135135135,82.0,Exceeds Expectations
531739,Baiju Chakrabarti,Marketing,Content Strategist,79,92.35,76.89,4.5,99.93,53,3.3,14,No,0,92.3315,1.8505555555555557,65.99999999999999,Exceeds Expectations
420742,Siya Mani,HR,Recruitment Specialist,50,65.27,89.19,3.3,73.85,42,4.9,21,No,0,71.9705,1.717441860465116,98.00000000000001,Meets Expectations
929792,Urvi Lata,Sales,Account Manager,87,70.97,96.6,4.1,84.7,47,3.2,30,No,0,81.27449999999999,1.7645833333333334,64.0,Exceeds Expectations
498049,Oorja Shan,Marketing,Content Strategist,84,63.8,89.61,4.6,83.08,55,3.1,22,No,0,78.64949999999999,1.4835714285714285,62.0,Meets Expectations
868171,Akarsh Rajagopal,Marketing,Marketing Executive,79,63.74,87.12,3.3,75.13,54,4.9,2,No,0,71.5725,1.3659999999999999,98.00000000000001,Meets Expectations
267158,Dhruv Bhakta,Marketing,Marketing Executive,65,76.72,93.78,3.2,84.68,54,3.3,7,No,0,80.15699999999998,1.5396363636363637,65.99999999999999,Exceeds Expectations
578924,Veer Mander,IT,Software Engineer,69,92.81,92.44,4.6,87.53,49,3.7,19,No,0,90.785,1.7506,74.0,Exceeds Expectations
121979,Aarush Thakkar,IT,Cybersecurity Specialist,90,66.75,90.45,3.4,84.66,45,3.3,27,No,0,76.761,1.8404347826086955,65.99999999999999,Meets Expectations
787133,Shamik Chowdhury,Sales,Business Development,61,93.19,82.88,3.8,96.83,42,3.2,19,No,0,90.339,2.251860465116279,64.0,Exceeds Expectations
196840,Tara Randhawa,HR,Employee Relations,68,64.46,79.18,3.6,83.99,36,4.6,2,No,0,74.6345,2.27,92.0,Meets Expectations
236487,Romil Choudhury,Marketing,Content Strategist,90,65.9,90.53,3.4,79.59,54,4.8,9,Yes,1,74.70100000000001,1.4470909090909092,96.0,Meets Expectations
653652,Kabir Date,IT,Software Engineer,89,89.16,87.16,3.4,76.72,54,3.3,14,No,0,81.332,1.3949090909090909,65.99999999999999,Exceeds Expectations
105672,Divyansh Bali,Finance,Accountant,66,70.57,77.25,4.1,72.03,41,3.3,21,No,0,73.7975,1.715,65.99999999999999,Meets Expectations
416052,Jivika Saxena,Finance,Accountant,97,94.37,94.56,4.6,84.48,37,3.1,24,No,0,90.58149999999999,2.223157894736842,62.0,Exceeds Expectations
615742,Ranbir Bera,Finance,Accountant,59,69.21,79.57,4.7,72.13,38,4.7,29,No,0,75.5045,1.8494871794871794,94.0,Meets Expectations
175813,Jayesh Bandi,IT,Cybersecurity Specialist,74,76.23,76.75,3.8,83.46,35,3.8,24,No,0,78.804,2.3183333333333334,76.0,Meets Expectations
763423,Parinaaz Mane,Finance,Financial Analyst,73,82.36,99.63,3.1,74.65,52,4.4,18,No,0,79.198,1.408490566037736,88.00000000000001,Meets Expectations
879179,Vardaniya Tandon,IT,Software Engineer,66,83.58,93.05,3.8,84.84,52,3.6,22,No,0,84.3045,1.600754716981132,72.0,Exceeds Expectations
119419,Zara Bandi,HR,Recruitment Specialist,72,86.83,87.85,3.3,81.05,41,3.3,3,No,0,81.8355,1.9297619047619048,65.99999999999999,Exceeds Expectations
635587,Riaan Som,HR,Employee Relations,61,93.2,76.7,5.0,95.3,54,4.1,15,No,0,92.47999999999999,1.7327272727272727,82.0,Exceeds Expectations
786623,Jivin Buch,Marketing,Marketing Executive,91,79.93,94.83,4.1,74.93,36,3.4,6,No,0,80.7255,2.025135135135135,68.0,Exceeds Expectations
516488,Aarna Chaudhary,IT,Data Analyst,68,93.7,89.93,3.7,77.8,42,3.3,17,No,0,84.61449999999999,1.8093023255813954,65.99999999999999,Exceeds Expectations
702662,Tushar Kunda,Marketing,Marketing Executive,87,81.01,84.03,4.4,86.6,38,3.4,30,No,0,84.468,2.22051282051282,68.0,Exceeds Expectations
613227,Madhav Chawla,HR,Employee Relations,86,93.58,84.48,3.3,76.79,35,3.8,9,No,0,82.20150000000001,2.133055555555556,76.0,Exceeds Expectations
444501,Madhup Ahluwalia,Finance,Auditor,70,60.87,82.35,3.8,96.95,45,3.2,1,No,0,78.98949999999999,2.107608695652174,64.0,Meets Expectations
254257,Advika Thakkar,Sales,Business Development,71,82.4,83.99,3.9,89.48,54,4.2,5,No,0,84.4565,1.626909090909091,84.00000000000001,Exceeds Expectations
855084,Stuvan Edwin,Marketing,Marketing Executive,51,81.84,88.37,4.3,80.28,53,4.9,12,No,0,82.89750000000001,1.4866666666666666,98.00000000000001,Exceeds Expectations
559971,Eshani Mandal,HR,Employee Relations,62,83.15,84.08,3.2,93.6,37,3.5,25,No,0,84.07449999999999,2.4631578947368418,70.0,Exceeds Expectations
312287,Jayesh Sarma,Finance,Auditor,98,85.86,79.57,4.9,78.52,38,3.3,9,No,0,84.1685,2.013333333333333,65.99999999999999,Exceeds Expectations
810497,Lakshay Kant,Marketing,SEO Specialist,92,83.6,98.12,4.0,80.04,51,4.8,25,Yes,1,83.99199999999999,1.5392307692307694,96.0,Exceeds Expectations
593028,Miraya Loyal,IT,Cybersecurity Specialist,96,61.9,76.99,3.3,98.87,42,3.1,1,No,0,77.718,2.2993023255813956,62.0,Meets Expectations
785106,Arhaan Jhaveri,HR,Employee Relations,91,89.31,92.5,4.5,84.69,37,4.8,0,Yes,1,88.27499999999999,2.228684210526316,96.0,Exceeds Expectations
516801,Aarna Kunda,Sales,Business Development,53,81.41,82.29,4.6,80.99,38,3.4,28,No,0,82.98349999999999,2.0766666666666667,68.0,Exceeds Expectations
456919,Prisha Lanka,Finance,Accountant,78,82.38,80.04,3.6,89.39,52,3.0,18,No,0,82.92549999999999,1.6866037735849058,60.0,Exceeds Expectations
608164,Hrishita Sharma,HR,HR Manager,70,93.67,75.82,4.2,76.15,52,4.8,6,No,0,83.41,1.4367924528301887,96.0,Exceeds Expectations
695493,Urvi Chakraborty,Sales,Business Development,80,94.98,83.21,4.3,70.68,44,3.9,0,No,0,83.36250000000001,1.5706666666666669,78.0,Exceeds Expectations
414210,Dharmajan Khurana,Marketing,Content Strategist,87,92.56,75.77,3.3,89.48,46,4.1,10,Yes,1,84.9795,1.9038297872340426,82.0,Exceeds Expectations
268350,Zara Anand,Sales,Business Development,98,74.11,75.6,3.5,90.5,46,4.6,27,Yes,1,79.45349999999999,1.925531914893617,92.0,Meets Expectations
208696,Kimaya Wagle,IT,Cybersecurity Specialist,83,87.12,91.58,4.0,81.13,41,3.3,28,No,0,84.6245,1.9316666666666666,65.99999999999999,Exceeds Expectations
533294,Eshani Sahota,Marketing,Content Strategist,51,86.44,77.44,4.2,98.34,47,3.1,30,No,0,88.889,2.04875,62.0,Exceeds Expectations
559310,Miraya Sani,IT,Cybersecurity Specialist,88,91.08,97.39,3.7,77.28,49,4.8,19,Yes,1,84.63449999999999,1.5456,96.0,Exceeds Expectations
584510,Oorja Lall,Finance,Auditor,61,68.59,90.03,3.7,82.92,43,3.4,21,No,0,77.63299999999998,1.8845454545454545,68.0,Meets Expectations
646569,Anya Dutta,Finance,Accountant,62,78.77,87.53,4.0,75.45,48,4.2,20,No,0,79.1065,1.539795918367347,84.00000000000001,Meets Expectations
312218,Lavanya Sharaf,Finance,Accountant,53,79.31,87.84,4.4,77.44,46,4.1,29,No,0,81.2385,1.647659574468085,82.0,Exceeds Expectations
867379,Nakul Ganesh,HR,Employee Relations,65,80.86,81.13,4.1,70.66,42,3.7,26,No,0,77.5015,1.6432558139534883,74.0,Meets Expectations
167716,Yakshit Korpal,IT,Data Analyst,87,73.03,96.14,4.3,82.24,44,4.2,25,Yes,1,81.66550000000001,1.8275555555555554,84.00000000000001,Exceeds Expectations
182875,Devansh Arya,HR,Recruitment Specialist,76,61.53,97.05,4.8,88.86,54,3.6,27,No,0,81.594,1.6156363636363635,72.0,Exceeds Expectations
113558,Pari Date,IT,Cybersecurity Specialist,62,79.41,83.79,4.5,75.0,48,3.5,30,No,0,80.112,1.530612244897959,70.0,Exceeds Expectations
117853,Indrans Jhaveri,Sales,Account Manager,92,77.89,86.11,3.6,86.62,42,4.4,9,Yes,1,81.295,2.014418604651163,88.00000000000001,Exceeds Expectations
461060,Anay Sethi,Marketing,Marketing Executive,91,63.69,94.9,4.5,74.32,53,3.7,10,No,0,76.0385,1.3762962962962961,74.0,Meets Expectations
523370,Elakshi Sawhney,IT,Cybersecurity Specialist,51,70.02,75.68,4.3,94.09,49,3.2,24,No,0,81.6905,1.8818000000000001,64.0,Exceeds Expectations
849267,Stuvan Sant,HR,Recruitment Specialist,68,82.47,89.07,3.5,80.35,47,4.6,23,No,0,80.8475,1.6739583333333332,92.0,Exceeds Expectations
221231,Chirag Seshadri,HR,Recruitment Specialist,78,85.94,95.34,4.6,72.44,42,3.4,29,No,0,83.53399999999999,1.6846511627906977,68.0,Exceeds Expectations
170025,Indrans Basak,Sales,Business Development,91,88.35,76.86,3.1,91.47,55,3.5,12,No,0,83.76599999999999,1.633392857142857,70.0,Exceeds Expectations
684786,Hrishita Sangha,HR,Employee Relations,83,60.01,82.93,3.3,95.59,52,4.6,17,No,0,76.7995,1.8035849056603774,92.0,Meets Expectations
308136,Shayak Khare,HR,Employee Relations,56,93.61,79.7,4.6,80.53,37,4.5,28,No,0,86.704,2.1192105263157894,90.0,Exceeds Expectations
351552,Farhan Raj,Finance,Accountant,83,78.41,75.35,4.2,84.78,49,3.9,13,No,0,81.01899999999999,1.6956,78.0,Exceeds Expectations
881949,Lagan Sani,Sales,Account Manager,97,93.16,80.61,3.0,81.98,45,3.8,23,No,0,82.39049999999999,1.7821739130434784,76.0,Exceeds Expectations
179334,Vihaan Brahmbhatt,IT,Cybersecurity Specialist,92,81.02,83.89,4.6,70.99,50,4.0,16,No,0,79.58699999999999,1.3919607843137254,80.0,Meets Expectations
467161,Neelofar Bali,Finance,Auditor,63,60.1,91.64,3.9,91.88,47,3.3,20,No,0,78.639,1.9141666666666666,65.99999999999999,Meets Expectations
699245,Yuvraj  Kumar,HR,Recruitment Specialist,89,66.84,92.31,4.6,75.06,41,4.8,22,Yes,1,77.3115,1.7871428571428571,96.0,Meets Expectations
766456,Lakshay Acharya,IT,Software Engineer,99,65.06,82.74,3.0,93.07,55,4.1,8,Yes,1,76.75649999999999,1.6619642857142856,82.0,Meets Expectations
692901,Amani Rana,Sales,Business Development,80,82.9,81.86,4.8,73.93,35,4.0,3,No,0,81.5695,2.0536111111111115,80.0,Exceeds Expectations
963233,Vaibhav Bhattacharyya,Finance,Financial Analyst,96,93.24,82.1,3.9,86.34,46,4.3,11,Yes,1,86.868,1.8370212765957448,86.0,Exceeds Expectations
972714,Ryan Mall,Marketing,SEO Specialist,53,74.88,88.36,4.2,74.21,37,4.9,23,No,0,78.0355,1.952894736842105,98.00000000000001,Meets Expectations
679493,Nakul Uppal,Finance,Accountant,83,82.73,78.85,4.2,71.36,53,3.0,17,No,0,78.359,1.3214814814814815,60.0,Meets Expectations
938893,Nirvi Bhasin,IT,Cybersecurity Specialist,94,79.31,88.87,4.1,74.24,51,4.0,8,No,0,79.37299999999999,1.4276923076923076,80.0,Meets Expectations
385533,Madhup Butala,Sales,Account Manager,61,88.2,76.39,4.6,76.31,38,3.5,8,No,0,82.83699999999999,1.9566666666666668,70.0,Exceeds Expectations
957959,Elakshi Dyal,HR,Employee Relations,56,82.39,86.12,3.8,83.38,54,3.9,21,No,0,82.3375,1.516,78.0,Exceeds Expectations
785197,Urvi Dhar,Finance,Financial Analyst,87,67.44,86.35,3.8,78.59,44,5.0,20,Yes,1,75.46300000000001,1.7464444444444445,100.0,Meets Expectations
974553,Ivana Sachar,Finance,Financial Analyst,68,78.49,97.33,4.3,79.63,38,3.3,4,No,0,82.8415,2.0417948717948717,65.99999999999999,Exceeds Expectations
654260,Damini Dugar,Marketing,Content Strategist,72,71.71,87.26,3.9,97.51,43,4.0,19,No,0,84.016,2.216136363636364,80.0,Exceeds Expectations
303341,Advik Bassi,Marketing,SEO Specialist,94,72.07,80.94,3.1,83.57,51,4.4,7,Yes,1,75.91499999999999,1.6071153846153845,88.00000000000001,Meets Expectations
324244,Yuvraj  Sha,Marketing,Content Strategist,97,61.45,79.86,4.7,87.29,55,3.3,27,No,0,78.13799999999999,1.55875,65.99999999999999,Meets Expectations
441424,Uthkarsh Vig,Finance,Accountant,67,83.85,88.06,4.6,70.87,46,4.6,19,No,0,81.161,1.507872340425532,92.0,Exceeds Expectations
378913,Khushi Lad,Sales,Business Development,67,80.65,99.28,4.2,76.26,43,3.7,23,No,0,82.41049999999998,1.7331818181818184,74.0,Exceeds Expectations
637523,Gatik Bajaj,Sales,Business Development,80,94.77,88.91,4.1,73.42,39,3.4,25,No,0,84.503,1.8355000000000001,68.0,Exceeds Expectations
776529,Gatik Mann,Sales,Sales Executive,64,61.79,75.39,4.4,81.21,43,4.2,6,No,0,74.5585,1.845681818181818,84.00000000000001,Meets Expectations
219261,Shray Mannan,IT,Cybersecurity Specialist,90,93.67,99.99,3.2,72.55,48,4.9,3,Yes,1,82.7755,1.480612244897959,98.00000000000001,Exceeds Expectations
708972,Aniruddh Maharaj,Marketing,SEO Specialist,78,62.2,77.69,3.2,92.6,39,3.4,6,No,0,75.43349999999998,2.315,68.0,Meets Expectations
284767,Sahil Warrior,Sales,Sales Executive,96,68.15,94.59,3.9,73.49,40,4.1,21,Yes,1,75.46249999999999,1.7924390243902437,82.0,Meets Expectations
403237,Romil Dave,Marketing,Content Strategist,83,60.21,96.2,3.5,98.3,40,3.8,3,No,0,80.4085,2.397560975609756,76.0,Exceeds Expectations
917743,Chirag Chakraborty,IT,Cybersecurity Specialist,81,92.21,77.14,3.6,81.31,55,3.0,29,No,0,83.103,1.4519642857142858,60.0,Exceeds Expectations
127284,Ojas Choudhary,Marketing,SEO Specialist,57,61.24,94.95,3.2,70.38,47,3.3,27,No,0,69.9095,1.4662499999999998,65.99999999999999,Meets Expectations
162369,Samar Kumar,Finance,Auditor,53,64.21,94.47,3.7,92.07,37,5.0,24,No,0,79.96849999999999,2.422894736842105,100.0,Meets Expectations
151502,Navya Tailor,Marketing,Marketing Executive,55,76.15,78.0,4.3,77.0,51,4.6,27,No,0,78.2025,1.4807692307692308,92.0,Meets Expectations
579328,Emir Ranganathan,HR,Recruitment Specialist,65,61.49,96.6,3.2,82.32,43,4.9,22,No,0,74.42349999999999,1.8709090909090909,98.00000000000001,Meets Expectations
911031,Uthkarsh Master,Sales,Account Manager,85,79.32,87.45,3.2,80.86,52,4.1,4,No,0,78.78049999999999,1.5256603773584905,82.0,Meets Expectations
826259,Misha Sama,Marketing,SEO Specialist,54,63.66,80.81,3.2,86.58,51,4.8,14,No,0,74.3055,1.665,96.0,Meets Expectations
760320,Gokul Aurora,HR,Employee Relations,57,89.0,98.34,3.2,88.8,46,3.1,13,No,0,86.58099999999999,1.8893617021276594,62.0,Exceeds Expectations
698407,Mahika Kamdar,Marketing,Marketing Executive,77,62.21,76.85,4.4,81.78,49,3.4,13,No,0,75.124,1.6356,68.0,Meets Expectations
652774,Purab Mangal,HR,Employee Relations,74,67.27,94.95,3.7,82.66,53,4.4,27,No,0,77.81799999999998,1.5307407407407407,88.00000000000001,Meets Expectations
156602,Ela Sant,HR,Employee Relations,88,68.27,83.88,3.7,79.17,44,4.4,29,Yes,1,75.28599999999999,1.7593333333333334,88.00000000000001,Meets Expectations
629644,Zaina Mand,HR,Employee Relations,80,75.54,97.65,4.0,70.6,40,3.9,10,No,0,77.79650000000001,1.7219512195121949,78.0,Meets Expectations
287695,Samarth Kata,IT,Software Engineer,85,71.31,78.57,3.1,95.29,39,4.6,0,No,0,79.3955,2.38225,92.0,Meets Expectations
767113,Hiran Warrior,HR,Employee Relations,59,74.03,84.57,3.6,77.78,53,4.2,18,No,0,76.619,1.4403703703703703,84.00000000000001,Meets Expectations
306666,Uthkarsh Sodhi,Sales,Sales Executive,81,78.66,83.52,3.5,89.42,35,4.3,23,No,0,81.856,2.483888888888889,86.0,Exceeds Expectations
900323,Lakshit Jaggi,Sales,Account Manager,84,83.37,83.76,4.8,76.05,37,4.5,13,No,0,82.761,2.001315789473684,90.0,Exceeds Expectations
837755,Bhavin Rajagopalan,IT,Software Engineer,81,61.02,83.71,3.8,94.01,52,4.1,30,No,0,78.217,1.7737735849056604,82.0,Meets Expectations
481807,Myra Kaul,IT,Software Engineer,70,63.13,99.82,3.3,80.19,38,4.4,27,No,0,75.035,2.056153846153846,88.00000000000001,Meets Expectations
581486,Dhruv Bali,HR,Recruitment Specialist,70,84.09,79.15,4.6,79.33,49,3.7,3,No,0,82.8695,1.5866,74.0,Exceeds Expectations
526927,Heer Khosla,Finance,Accountant,97,78.6,79.38,3.9,88.85,42,3.1,0,No,0,82.2145,2.066279069767442,62.0,Exceeds Expectations
104468,Baiju Kibe,HR,HR Manager,50,76.99,76.0,3.7,98.61,45,3.9,21,No,0,83.96,2.1436956521739132,78.0,Exceeds Expectations
975343,Pihu Brar,IT,Software Engineer,72,87.98,75.76,3.0,84.62,48,3.8,14,No,0,80.774,1.7269387755102041,76.0,Exceeds Expectations
180560,Ishaan Ben,Finance,Auditor,56,94.39,84.92,4.4,73.93,47,3.4,27,No,0,84.85000000000001,1.5402083333333334,68.0,Exceeds Expectations
774164,Faiyaz Mahajan,Finance,Financial Analyst,88,62.79,93.5,3.7,87.19,41,4.1,7,Yes,1,77.618,2.0759523809523808,82.0,Meets Expectations
432784,Urvi Jayaraman,HR,Recruitment Specialist,84,90.92,83.5,4.0,75.14,43,3.2,8,No,0,82.646,1.7077272727272728,64.0,Exceeds Expectations
562710,Hiran Yadav,Finance,Financial Analyst,94,67.63,92.25,4.9,80.6,53,3.5,21,No,0,80.418,1.4925925925925925,70.0,Exceeds Expectations
738026,Charvi Khosla,Sales,Sales Executive,84,89.61,87.85,3.3,88.25,51,4.7,5,No,0,85.3285,1.6971153846153846,94.0,Exceeds Expectations
422041,Inaaya  Sathe,Sales,Account Manager,86,80.68,83.94,4.1,70.08,50,3.8,14,No,0,77.657,1.3741176470588234,76.0,Meets Expectations
645875,Darshit Ramanathan,IT,Cybersecurity Specialist,61,74.52,95.56,4.5,87.13,45,4.9,27,No,0,84.41149999999999,1.8941304347826087,98.00000000000001,Exceeds Expectations
204792,Stuvan Brahmbhatt,IT,Data Analyst,100,86.74,94.94,3.9,85.94,53,4.5,22,Yes,1,86.37899999999999,1.5914814814814815,90.0,Exceeds Expectations
716823,Anay Thakkar,Marketing,Content Strategist,77,61.79,82.74,4.6,91.55,41,4.9,16,No,0,79.88,2.1797619047619046,98.00000000000001,Meets Expectations
775739,Oorja Kakar,HR,HR Manager,65,66.7,99.02,4.6,96.02,49,3.2,29,No,0,85.60499999999999,1.9203999999999999,64.0,Exceeds Expectations
368394,Raunak Kant,Sales,Account Manager,100,67.48,98.13,3.7,71.86,53,4.0,10,No,0,74.5885,1.3307407407407408,80.0,Meets Expectations
661791,Dishani Bal,Finance,Financial Analyst,88,79.06,86.88,3.8,83.1,49,3.4,20,No,0,81.188,1.662,68.0,Exceeds Expectations
314488,Kiara Yogi,IT,Cybersecurity Specialist,61,67.91,99.42,4.5,74.35,55,4.3,14,No,0,78.204,1.3276785714285713,86.0,Meets Expectations
807102,Arhaan Devan,Finance,Financial Analyst,56,69.56,92.42,3.3,91.39,40,3.3,13,No,0,80.0955,2.2290243902439024,65.99999999999999,Exceeds Expectations
712648,Aarav Kala,Sales,Account Manager,89,67.43,77.97,3.4,87.57,54,3.7,27,No,0,76.1455,1.5921818181818181,74.0,Meets Expectations
628319,Tiya Raj,IT,Software Engineer,64,72.87,76.92,4.8,90.5,51,3.8,3,No,0,83.1175,1.7403846153846154,76.0,Exceeds Expectations
998806,Akarsh Shanker,Sales,Account Manager,53,84.31,84.8,4.8,71.01,37,4.2,14,No,0,81.482,1.868684210526316,84.00000000000001,Exceeds Expectations
923001,Fateh Babu,Sales,Account Manager,81,79.96,98.67,3.7,83.42,45,4.3,9,No,0,83.08349999999999,1.8134782608695652,86.0,Exceeds Expectations
998971,Ayesha Devan,Sales,Business Development,83,91.51,92.26,5.0,78.25,38,3.5,7,No,0,88.255,2.0064102564102564,70.0,Exceeds Expectations
258563,Hazel Rao,Marketing,Marketing Executive,58,76.39,90.1,4.5,97.71,44,4.7,11,No,0,87.94999999999999,2.171333333333333,94.0,Exceeds Expectations
512602,Myra Ranganathan,Sales,Account Manager,95,86.86,85.18,4.8,89.67,36,4.2,11,Yes,1,88.9625,2.4235135135135137,84.00000000000001,Exceeds Expectations
584430,Adira Varty,Sales,Business Development,59,94.37,86.56,4.3,80.7,48,4.6,6,No,0,87.1585,1.646938775510204,92.0,Exceeds Expectations
710491,Ranbir Comar,IT,Software Engineer,63,90.9,80.03,3.7,83.4,36,4.9,2,No,0,84.1095,2.254054054054054,98.00000000000001,Exceeds Expectations
156467,Kanav Mangat,IT,Software Engineer,74,76.34,98.26,4.9,87.26,47,4.2,10,No,0,86.69900000000001,1.8179166666666668,84.00000000000001,Exceeds Expectations
692836,Taran Bhat,Marketing,SEO Specialist,73,61.98,98.11,4.8,78.6,38,3.6,9,No,0,78.3195,2.0153846153846153,72.0,Meets Expectations
868106,Stuvan Khatri,HR,Employee Relations,55,70.04,83.26,4.9,82.94,54,3.3,9,No,0,80.732,1.508,65.99999999999999,Exceeds Expectations
614028,Ritvik Biswas,HR,Recruitment Specialist,59,75.95,92.77,4.4,83.57,45,3.3,8,No,0,82.94749999999999,1.8167391304347824,65.99999999999999,Exceeds Expectations
918945,Damini Gara,HR,Recruitment Specialist,63,83.44,75.96,3.5,93.45,46,4.9,9,No,0,83.8055,1.9882978723404257,98.00000000000001,Exceeds Expectations
607571,Tanya Dyal,HR,Recruitment Specialist,74,78.15,84.55,3.3,99.75,42,4.2,16,No,0,84.8475,2.3197674418604652,84.00000000000001,Exceeds Expectations
934229,Ivana Chander,Marketing,Marketing Executive,70,62.78,75.12,3.5,98.91,40,3.8,29,No,0,78.3595,2.4124390243902436,76.0,Meets Expectations
158185,Sana Sani,Marketing,SEO Specialist,91,81.11,85.73,3.2,71.0,42,4.9,12,Yes,1,75.698,1.6511627906976745,98.00000000000001,Meets Expectations
666897,Rati Bali,HR,HR Manager,96,74.76,96.96,3.8,79.02,40,4.9,2,Yes,1,79.767,1.9273170731707316,98.00000000000001,Meets Expectations
911788,Kiaan Chaudhuri,HR,HR Manager,90,89.11,78.8,5.0,79.2,55,3.4,27,No,0,85.7285,1.4142857142857144,68.0,Exceeds Expectations
833934,Ishita Bhatia,Marketing,SEO Specialist,63,74.73,77.04,3.7,99.06,39,4.2,13,No,0,83.48249999999999,2.4765,84.00000000000001,Exceeds Expectations
836415,Dharmajan Dhillon,Marketing,Marketing Executive,100,74.0,80.18,5.0,73.38,51,3.4,3,No,0,78.61,1.411153846153846,68.0,Meets Expectations
275762,Gokul Jhaveri,Finance,Accountant,84,84.81,99.77,3.5,99.33,37,4.6,13,No,0,89.9145,2.613947368421053,92.0,Exceeds Expectations
193019,Jivika D’Alia,HR,HR Manager,90,84.13,88.08,4.6,93.71,49,4.6,5,Yes,1,89.25599999999999,1.8741999999999999,92.0,Exceeds Expectations
343615,Manjari Chand,HR,Recruitment Specialist,98,68.76,77.71,4.6,78.17,55,4.9,28,Yes,1,76.882,1.3958928571428573,98.00000000000001,Meets Expectations
408486,Nakul Batta,HR,HR Manager,58,88.04,86.98,4.3,95.28,43,3.5,30,No,0,90.10900000000001,2.1654545454545455,70.0,Exceeds Expectations
956539,Pari Desai,Sales,Sales Executive,52,86.81,75.73,3.0,85.0,39,3.8,19,No,0,80.493,2.125,76.0,Exceeds Expectations
103626,Tara Bhardwaj,Sales,Account Manager,56,75.32,92.8,4.6,75.33,41,4.2,0,No,0,80.44749999999999,1.7935714285714286,84.00000000000001,Exceeds Expectations
581220,Kiara Chaudhary,Marketing,Marketing Executive,67,94.23,92.03,4.9,79.39,43,4.4,24,No,0,89.2715,1.804318181818182,88.00000000000001,Exceeds Expectations
383822,Tara Sarma,IT,Software Engineer,54,87.1,78.01,4.3,76.98,50,4.7,26,No,0,82.0295,1.5094117647058825,94.0,Exceeds Expectations
450922,Adira Ganesh,HR,HR Manager,92,81.05,99.53,4.4,79.8,38,3.2,22,No,0,84.42699999999999,2.046153846153846,64.0,Exceeds Expectations
575013,Adira Mannan,Sales,Account Manager,89,85.02,77.78,4.9,96.6,47,4.5,10,Yes,1,89.934,2.0124999999999997,90.0,Exceeds Expectations
778350,Ivana Som,Marketing,SEO Specialist,69,60.95,80.48,3.2,91.48,36,3.3,8,No,0,75.0225,2.4724324324324325,65.99999999999999,Meets Expectations
353047,Advika Venkatesh,Sales,Business Development,82,81.53,78.04,4.3,93.0,51,3.7,27,No,0,85.6915,1.7884615384615385,74.0,Exceeds Expectations
554758,Nirvaan Sridhar,Finance,Auditor,70,75.27,82.87,3.2,70.12,50,4.8,29,No,0,72.917,1.3749019607843138,96.0,Meets Expectations
235762,Veer Shah,HR,HR Manager,71,87.27,90.85,3.3,97.94,51,4.5,27,No,0,88.351,1.8834615384615385,90.0,Exceeds Expectations
869003,Madhup Gill,Marketing,Content Strategist,97,87.39,76.32,4.2,85.87,43,4.9,24,Yes,1,84.689,1.9515909090909092,98.00000000000001,Exceeds Expectations
178442,Zara Dhingra,Finance,Accountant,84,86.83,75.36,3.5,91.73,38,4.3,7,No,0,84.3,2.352051282051282,86.0,Exceeds Expectations
604786,Adira Arya,Marketing,Marketing Executive,74,67.03,81.05,3.7,97.14,53,4.5,11,No,0,80.71699999999998,1.798888888888889,90.0,Exceeds Expectations
706992,Alisha Sabharwal,HR,HR Manager,77,65.95,89.42,3.8,95.03,45,4.0,26,No,0,81.156,2.0658695652173913,80.0,Exceeds Expectations
417279,Anvi Bhatti,IT,Software Engineer,79,94.13,94.73,3.0,96.09,43,4.0,30,No,0,89.7865,2.1838636363636366,80.0,Exceeds Expectations
734226,Jivin Brahmbhatt,HR,HR Manager,58,78.71,83.32,4.6,94.97,37,4.8,11,No,0,87.086,2.4992105263157893,96.0,Exceeds Expectations
337652,Dhruv Kapur,Finance,Accountant,81,85.87,92.77,4.7,78.77,41,3.5,27,No,0,85.63949999999998,1.8754761904761903,70.0,Exceeds Expectations
347839,Lagan Jain,Finance,Auditor,65,72.52,75.97,3.6,96.73,40,4.1,3,No,0,81.43299999999999,2.359268292682927,82.0,Exceeds Expectations
341374,Saira Dey,Finance,Auditor,73,84.55,92.21,4.8,78.8,39,4.1,17,No,0,85.404,1.97,82.0,Exceeds Expectations
897160,Mehul Kant,IT,Data Analyst,61,65.25,82.48,4.9,87.7,47,3.8,28,No,0,80.6045,1.8270833333333334,76.0,Exceeds Expectations
336606,Elakshi Bajwa,HR,Recruitment Specialist,86,65.21,79.79,4.7,95.34,49,3.4,15,No,0,82.261,1.9068,68.0,Exceeds Expectations
743421,Stuvan Goel,Sales,Account Manager,76,60.64,83.55,4.5,76.48,50,4.3,6,No,0,74.0245,1.499607843137255,86.0,Meets Expectations
868315,Stuvan Batta,Sales,Business Development,99,62.85,90.07,3.3,73.03,39,3.3,27,No,0,70.96849999999999,1.82575,65.99999999999999,Meets Expectations
454665,Divij Karpe,Sales,Account Manager,50,76.88,84.28,4.6,91.25,44,3.1,20,No,0,85.2875,2.0277777777777777,62.0,Exceeds Expectations
624983,Yasmin Ramachandran,Finance,Auditor,80,93.29,94.59,3.0,86.11,55,4.2,0,No,0,85.9785,1.5376785714285715,84.00000000000001,Exceeds Expectations
130180,Adira Arya,HR,Employee Relations,56,63.08,98.62,3.3,97.52,46,3.8,30,No,0,80.90299999999999,2.0748936170212766,76.0,Exceeds Expectations
144603,Sara Loke,Finance,Auditor,90,61.72,80.98,4.2,97.0,52,4.4,10,Yes,1,80.29899999999999,1.830188679245283,88.00000000000001,Exceeds Expectations
528129,Hridaan Kapur,Finance,Accountant,100,63.8,82.57,3.2,78.13,40,4.1,11,Yes,1,71.661,1.905609756097561,82.0,Meets Expectations
434481,Ivan Bhatt,Sales,Business Development,71,84.98,77.81,4.0,89.32,39,4.5,16,No,0,84.67649999999999,2.2329999999999997,90.0,Exceeds Expectations
525197,Romil Agrawal,Finance,Auditor,76,88.5,81.25,3.4,92.5,38,3.2,21,No,0,85.7375,2.371794871794872,64.0,Exceeds Expectations
124269,Miraya Atwal,Sales,Business Development,71,67.62,100.0,4.1,73.09,36,3.7,6,No,0,76.5485,1.9754054054054055,74.0,Meets Expectations
130629,Anya Bains,Marketing,Content Strategist,70,67.05,87.97,3.1,81.57,39,3.7,13,No,0,74.51249999999999,2.03925,74.0,Meets Expectations
112883,Ahana  Ratti,IT,Cybersecurity Specialist,72,67.28,88.27,3.3,71.21,40,3.7,20,No,0,71.612,1.7368292682926827,74.0,Meets Expectations
824348,Hiran Rama,Finance,Auditor,72,73.51,79.21,4.2,99.95,50,3.8,8,No,0,85.1925,1.9598039215686276,76.0,Exceeds Expectations
596928,Nakul Bansal,Sales,Account Manager,97,71.6,97.76,4.9,78.07,46,4.7,6,Yes,1,81.74849999999999,1.661063829787234,94.0,Exceeds Expectations
916725,Aayush Agate,IT,Cybersecurity Specialist,60,60.54,86.84,4.6,81.09,36,4.1,16,No,0,76.39649999999999,2.1916216216216218,82.0,Meets Expectations
907675,Dharmajan Kaul,Marketing,Marketing Executive,56,67.96,79.29,4.5,86.47,35,3.1,26,No,0,79.444,2.401944444444444,62.0,Meets Expectations
399624,Anika Bedi,Finance,Auditor,53,71.27,85.06,3.8,99.44,38,4.8,18,No,0,83.9075,2.54974358974359,96.0,Exceeds Expectations
330944,Kiara Kanda,Sales,Account Manager,58,68.09,77.62,3.4,73.64,45,4.4,21,No,0,71.4485,1.6008695652173912,88.00000000000001,Meets Expectations
301263,Akarsh Chanda,HR,Employee Relations,80,84.24,92.81,3.7,94.42,54,3.1,3,No,0,87.55249999999998,1.7167272727272727,62.0,Exceeds Expectations
474721,Sara Dass,HR,Recruitment Specialist,56,78.0,80.45,3.3,73.46,40,5.0,19,No,0,74.9785,1.7917073170731705,100.0,Meets Expectations
543620,Heer Subramanian,Sales,Account Manager,82,71.8,78.05,3.3,77.69,36,3.8,9,No,0,73.929,2.0997297297297295,76.0,Meets Expectations
329274,Mishti Sachdeva,HR,Employee Relations,80,90.75,98.87,3.9,78.44,36,4.7,30,No,0,85.747,2.12,94.0,Exceeds Expectations
508920,Prisha Tank,Sales,Business Development,66,80.24,99.03,5.0,70.68,50,4.2,25,No,0,82.67649999999999,1.3858823529411766,84.00000000000001,Exceeds Expectations
168985,Rasha Lad,IT,Cybersecurity Specialist,98,70.42,79.34,3.7,72.49,43,3.6,30,No,0,73.0195,1.6475,72.0,Meets Expectations
609201,Aniruddh Sachdeva,Marketing,Marketing Executive,76,70.49,81.75,4.9,80.37,42,4.0,11,No,0,79.76350000000001,1.8690697674418606,80.0,Meets Expectations
174556,Tara Keer,Marketing,SEO Specialist,66,79.16,78.63,3.2,78.81,55,4.3,0,No,0,76.684,1.4073214285714286,86.0,Meets Expectations
350327,Kismat Doshi,HR,HR Manager,83,78.44,80.88,3.0,97.51,41,3.0,18,No,0,82.7145,2.3216666666666668,60.0,Exceeds Expectations
345269,Anay Bali,IT,Data Analyst,80,65.38,93.1,4.5,75.14,48,4.7,18,No,0,76.64699999999999,1.533469387755102,94.0,Meets Expectations
322501,Dishani Tata,Finance,Financial Analyst,87,79.9,88.09,3.8,82.57,40,4.9,21,Yes,1,81.478,2.01390243902439,98.00000000000001,Exceeds Expectations
117709,Shlok Gour,HR,Employee Relations,56,60.93,87.68,3.7,96.59,43,4.4,27,No,0,79.38399999999999,2.195227272727273,88.00000000000001,Meets Expectations
963111,Adah Karnik,Finance,Accountant,72,69.55,97.83,4.8,79.03,37,3.3,1,No,0,81.07749999999999,2.0797368421052633,65.99999999999999,Exceeds Expectations
496470,Nirvaan Vyas,Finance,Accountant,82,67.76,78.6,3.8,99.86,35,4.5,21,No,0,81.857,2.773888888888889,90.0,Exceeds Expectations
462961,Indrajit Ramanathan,Sales,Account Manager,99,81.9,81.84,4.6,94.71,51,4.7,13,Yes,1,87.8895,1.8213461538461537,94.0,Exceeds Expectations
622030,Madhav Ramaswamy,HR,HR Manager,94,69.41,76.1,3.2,78.62,51,4.6,6,Yes,1,72.82549999999999,1.511923076923077,92.0,Meets Expectations
621309,Prisha Solanki,IT,Software Engineer,83,62.81,85.79,3.5,80.62,50,3.8,27,No,0,73.569,1.5807843137254902,76.0,Meets Expectations
188974,Veer Chokshi,Marketing,SEO Specialist,79,69.06,94.21,3.7,90.48,49,3.8,17,No,0,81.0705,1.8096,76.0,Exceeds Expectations
201578,Siya Khanna,Marketing,Content Strategist,55,69.72,98.28,4.4,83.59,42,4.2,23,No,0,81.6005,1.943953488372093,84.00000000000001,Exceeds Expectations
235296,Gatik Boase,IT,Software Engineer,57,69.22,81.68,3.6,86.58,39,4.9,2,No,0,77.582,2.1645,98.00000000000001,Meets Expectations
911448,Aniruddh Garg,IT,Cybersecurity Specialist,63,65.8,87.19,3.4,97.73,52,3.3,20,No,0,80.51400000000001,1.8439622641509434,65.99999999999999,Exceeds Expectations
144988,Sara Shetty,Marketing,SEO Specialist,84,94.0,86.39,4.6,90.08,55,4.8,13,No,0,91.1865,1.6085714285714285,96.0,Exceeds Expectations
228392,Prisha Lal,Marketing,Marketing Executive,61,74.96,97.58,3.3,76.09,49,3.5,3,No,0,77.4045,1.5218,70.0,Meets Expectations
440215,Himmat Ramachandran,Sales,Account Manager,57,77.6,99.36,3.1,90.56,48,3.0,9,No,0,83.05999999999999,1.8481632653061224,60.0,Exceeds Expectations
575830,Divij Borah,Finance,Financial Analyst,75,68.79,80.65,3.3,77.77,40,4.9,26,No,0,73.2935,1.8968292682926828,98.00000000000001,Meets Expectations
778582,Shalv Swamy,Finance,Accountant,54,93.89,91.38,4.7,77.23,53,4.2,20,No,0,87.69899999999998,1.4301851851851852,84.00000000000001,Exceeds Expectations
192425,Kanav Goswami,Sales,Business Development,52,85.18,86.91,3.1,93.16,55,3.0,7,No,0,84.7555,1.6635714285714285,60.0,Exceeds Expectations
154784,Lakshay Krish,HR,Recruitment Specialist,85,83.52,89.03,3.4,78.52,36,3.3,6,No,0,80.26849999999999,2.1221621621621622,65.99999999999999,Exceeds Expectations
620971,Priyansh Tella,Finance,Auditor,92,74.46,86.68,3.8,70.04,46,4.1,13,Yes,1,74.977,1.490212765957447,82.0,Meets Expectations
534778,Raghav Karan,Marketing,Marketing Executive,91,65.04,86.84,3.5,77.1,55,4.4,10,Yes,1,73.27499999999999,1.3767857142857143,88.00000000000001,Meets Expectations
397463,Shray Sood,Finance,Accountant,88,60.47,77.63,5.0,98.23,47,4.3,26,Yes,1,82.1895,2.0464583333333333,86.0,Exceeds Expectations
670110,Aarna Srinivasan,Sales,Account Manager,98,92.28,81.85,4.5,78.34,45,3.7,28,No,0,85.4945,1.7030434782608697,74.0,Exceeds Expectations
622635,Veer Kannan,HR,Recruitment Specialist,54,67.71,87.36,4.9,97.05,48,4.8,1,No,0,85.46999999999998,1.980612244897959,96.0,Exceeds Expectations
724139,Heer Rout,HR,Recruitment Specialist,94,85.29,78.74,4.5,88.03,38,3.6,9,No,0,85.973,2.2571794871794872,72.0,Exceeds Expectations
208283,Samaira Kaul,HR,Recruitment Specialist,86,81.68,79.97,3.7,96.96,42,4.3,9,Yes,1,85.61949999999999,2.2548837209302324,86.0,Exceeds Expectations
778899,Vivaan Wagle,Finance,Accountant,51,83.9,94.29,4.4,74.68,55,3.8,30,No,0,82.8465,1.3335714285714286,76.0,Exceeds Expectations
740244,Vritika Grover,HR,HR Manager,71,64.4,87.59,4.1,88.96,44,4.0,29,No,0,79.11449999999999,1.9768888888888887,80.0,Meets Expectations
869661,Neelofar Varghese,HR,Employee Relations,74,93.43,77.61,4.9,86.77,40,4.2,25,No,0,89.41149999999999,2.116341463414634,84.00000000000001,Exceeds Expectations
153656,Drishya Salvi,Marketing,SEO Specialist,96,94.45,81.57,3.8,91.74,39,4.6,13,Yes,1,88.80199999999999,2.2935,92.0,Exceeds Expectations
181641,Seher Chandran,Finance,Auditor,53,84.25,87.08,3.9,94.64,40,3.2,26,No,0,87.37349999999999,2.308292682926829,64.0,Exceeds Expectations
319676,Ishita Bhatti,Sales,Sales Executive,88,68.5,97.24,4.9,93.35,41,3.4,14,No,0,85.9335,2.2226190476190473,68.0,Exceeds Expectations
341103,Sara Sachar,HR,Recruitment Specialist,100,67.74,82.33,3.0,89.99,53,4.0,29,No,0,76.55499999999999,1.6664814814814815,80.0,Meets Expectations
453414,Dhruv Sankaran,Sales,Sales Executive,53,79.44,80.62,4.1,87.61,47,4.0,20,No,0,82.8605,1.8252083333333333,80.0,Exceeds Expectations
248278,Kismat Grover,Marketing,Marketing Executive,73,94.01,90.64,4.7,74.39,50,3.8,20,No,0,86.636,1.4586274509803923,76.0,Exceeds Expectations
289795,Kartik Jaggi,Marketing,Content Strategist,92,78.46,85.88,4.3,73.16,52,4.3,15,Yes,1,78.849,1.3803773584905659,86.0,Meets Expectations
272304,Reyansh Karpe,Sales,Business Development,92,85.0,85.66,5.0,76.98,44,3.5,14,No,0,84.542,1.7106666666666668,70.0,Exceeds Expectations
942019,Sara Lata,Finance,Auditor,67,91.31,88.51,3.3,82.93,38,4.8,13,No,0,84.1605,2.1264102564102565,96.0,Exceeds Expectations
549044,Neysa Din,HR,Employee Relations,67,84.86,80.1,3.1,70.97,44,3.8,15,No,0,75.85549999999999,1.5771111111111111,76.0,Meets Expectations
646979,Rania Kannan,Marketing,Content Strategist,96,76.01,76.12,4.0,94.26,41,3.2,5,No,0,83.0125,2.244285714285714,64.0,Exceeds Expectations
712534,Shalv Sidhu,HR,Employee Relations,51,81.42,75.28,4.0,97.37,45,3.2,13,No,0,85.8685,2.116739130434783,64.0,Exceeds Expectations
919417,Himmat Shah,HR,Recruitment Specialist,91,73.74,78.32,5.0,77.0,48,3.6,19,No,0,79.507,1.5714285714285714,72.0,Meets Expectations
640447,Saira Kala,Marketing,Marketing Executive,76,68.29,87.4,3.7,79.46,54,4.6,2,No,0,75.9225,1.4447272727272726,92.0,Meets Expectations
811657,Kashvi Varughese,HR,Recruitment Specialist,99,68.8,75.21,3.1,76.9,49,4.2,20,Yes,1,71.5765,1.538,84.00000000000001,Meets Expectations
274173,Eva Mahajan,Marketing,Content Strategist,58,89.17,97.61,3.1,91.23,44,4.1,18,No,0,87.08149999999999,2.0273333333333334,82.0,Exceeds Expectations
466374,Raghav Chaudhari,Finance,Financial Analyst,67,91.64,77.28,4.0,77.85,50,3.7,13,No,0,82.9135,1.526470588235294,74.0,Exceeds Expectations
453674,Nirvi Ganguly,Sales,Account Manager,58,83.14,91.64,3.1,72.2,46,4.2,13,No,0,77.41499999999999,1.5361702127659576,84.00000000000001,Meets Expectations
323326,Nirvi Buch,Marketing,SEO Specialist,96,86.5,82.68,3.1,92.98,51,4.8,17,Yes,1,84.52,1.7880769230769231,96.0,Exceeds Expectations
539289,Gokul Chand,IT,Data Analyst,72,67.39,78.11,3.1,83.81,42,3.7,16,No,0,73.9365,1.9490697674418604,74.0,Meets Expectations
912802,Damini Khosla,Marketing,Content Strategist,70,82.73,86.93,4.7,82.23,46,3.7,0,No,0,84.8755,1.7495744680851064,74.0,Exceeds Expectations
194874,Nishith Soni,Sales,Account Manager,51,85.28,75.89,5.0,98.96,39,3.3,25,No,0,90.86749999999999,2.4739999999999998,65.99999999999999,Exceeds Expectations
746809,Khushi Wable,Sales,Account Manager,63,78.63,75.13,3.7,81.79,54,4.2,4,No,0,78.5165,1.4870909090909092,84.00000000000001,Meets Expectations
836718,Mehul Chatterjee,HR,Employee Relations,81,83.61,75.42,3.8,96.6,48,3.0,26,No,0,85.7865,1.9714285714285713,60.0,Exceeds Expectations
758214,Manjari Goda,Sales,Sales Executive,59,93.86,84.54,4.2,78.5,54,4.4,10,No,0,85.60699999999999,1.4272727272727272,88.00000000000001,Exceeds Expectations
456483,Aniruddh Agrawal,Marketing,Content Strategist,90,69.06,79.73,4.0,71.53,48,3.5,12,No,0,73.166,1.459795918367347,70.0,Meets Expectations
873505,Taimur Ganguly,Marketing,Content Strategist,68,72.87,91.45,4.0,92.75,39,3.9,6,No,0,83.6845,2.31875,78.0,Exceeds Expectations
251623,Kartik Venkataraman,Marketing,SEO Specialist,95,76.66,83.72,4.8,98.65,44,4.3,24,Yes,1,88.31649999999999,2.1922222222222225,86.0,Exceeds Expectations
459243,Sana Dugar,HR,Employee Relations,89,76.16,82.08,3.8,79.65,39,4.5,0,Yes,1,78.2455,1.9912500000000002,90.0,Meets Expectations
435587,Veer Chander,Finance,Financial Analyst,59,72.61,83.29,3.2,72.19,37,4.5,10,No,0,72.77349999999998,1.8997368421052632,90.0,Meets Expectations
794350,Nehmat Karnik,Sales,Sales Executive,74,70.05,80.35,4.5,76.64,47,4.2,14,No,0,76.89399999999999,1.5966666666666667,84.00000000000001,Meets Expectations
904358,Hrishita Mane,HR,Employee Relations,76,87.95,84.01,3.4,77.57,45,4.5,7,No,0,80.73349999999999,1.6863043478260868,90.0,Exceeds Expectations
588175,Miraan Master,IT,Software Engineer,90,64.63,86.6,3.2,94.71,37,4.1,29,Yes,1,78.35899999999998,2.4923684210526313,82.0,Meets Expectations
551737,Kartik Chand,HR,HR Manager,58,62.38,83.96,4.3,97.39,37,3.3,16,No,0,81.4135,2.562894736842105,65.99999999999999,Exceeds Expectations
863646,Lagan Sridhar,Finance,Auditor,62,84.37,94.98,3.3,81.66,45,4.0,14,No,0,82.2575,1.7752173913043479,80.0,Exceeds Expectations
939679,Ehsaan Kala,Marketing,SEO Specialist,85,90.15,93.46,3.2,98.03,36,3.7,4,No,0,89.482,2.6494594594594596,74.0,Exceeds Expectations
237549,Shalv Kunda,HR,HR Manager,83,85.61,82.62,3.2,81.13,37,4.1,1,No,0,80.35199999999999,2.135,82.0,Exceeds Expectations
120455,Samaira Ramakrishnan,IT,Cybersecurity Specialist,61,67.08,78.39,4.9,80.34,52,3.4,27,No,0,78.0555,1.5158490566037737,68.0,Meets Expectations
488107,Heer Keer,Sales,Account Manager,70,76.44,85.13,3.8,80.48,39,3.3,14,No,0,79.0915,2.012,65.99999999999999,Meets Expectations
164170,Ira Virk,Marketing,Content Strategist,60,90.71,95.63,3.3,83.34,35,3.1,29,No,0,85.162,2.315,62.0,Exceeds Expectations
204062,Manikya Shanker,IT,Data Analyst,85,87.43,81.94,4.8,80.31,44,3.0,27,No,0,85.4,1.7846666666666666,60.0,Exceeds Expectations
967697,Dhanush Deol,IT,Data Analyst,95,81.51,91.23,4.7,97.57,44,3.1,14,No,0,90.46249999999999,2.168222222222222,62.0,Exceeds Expectations
700615,Eshani Ahuja,Marketing,SEO Specialist,100,65.27,93.64,3.1,74.36,39,4.2,2,Yes,1,72.2165,1.859,84.00000000000001,Meets Expectations
610421,Baiju Bhagat,HR,Recruitment Specialist,91,67.51,89.87,3.4,70.48,53,4.3,9,Yes,1,71.97699999999999,1.3051851851851852,86.0,Meets Expectations
529533,Rati Hayer,HR,Employee Relations,61,65.7,77.61,4.6,95.12,54,4.9,24,No,0,81.7285,1.7294545454545456,98.00000000000001,Exceeds Expectations
820451,Tara Wali,HR,HR Manager,59,81.56,84.44,3.2,94.02,40,4.6,4,No,0,83.719,2.293170731707317,92.0,Exceeds Expectations
253148,Jayan Soman,HR,Employee Relations,95,60.32,78.73,4.6,77.55,44,3.9,5,No,0,73.86399999999999,1.7233333333333332,78.0,Meets Expectations
554153,Anya Sabharwal,IT,Data Analyst,57,75.41,92.51,4.2,81.65,37,3.6,10,No,0,81.44749999999999,2.1486842105263158,72.0,Exceeds Expectations
238211,Jayesh Krish,IT,Cybersecurity Specialist,64,64.96,89.36,4.2,78.91,42,4.9,22,No,0,76.35849999999999,1.8351162790697673,98.00000000000001,Meets Expectations
660256,Shalv Mander,Sales,Account Manager,67,91.98,75.53,3.0,70.16,47,3.2,26,No,0,77.07849999999999,1.4616666666666667,64.0,Meets Expectations
421112,Mahika Kata,IT,Data Analyst,66,67.31,99.99,3.2,77.42,39,3.8,8,No,0,75.25399999999999,1.9355,76.0,Meets Expectations
201415,Fateh Chokshi,IT,Cybersecurity Specialist,71,76.2,76.04,3.1,97.51,42,3.4,12,No,0,81.50450000000001,2.2676744186046514,68.0,Exceeds Expectations
181518,Farhan Konda,Sales,Business Development,85,78.48,76.61,4.1,95.79,53,3.3,27,No,0,84.786,1.773888888888889,65.99999999999999,Exceeds Expectations
838689,Manjari Johal,Sales,Sales Executive,93,62.57,87.42,3.9,86.95,42,4.7,1,Yes,1,77.145,2.022093023255814,94.0,Meets Expectations
121502,Vidur Thaker,Marketing,SEO Specialist,84,68.47,76.36,4.4,83.69,39,4.9,18,No,0,77.91,2.09225,98.00000000000001,Meets Expectations
119536,Lakshay Dani,Marketing,SEO Specialist,84,68.39,77.11,4.3,85.66,45,4.2,4,No,0,78.384,1.8621739130434782,84.00000000000001,Meets Expectations
131346,Kiaan Mangat,Finance,Financial Analyst,96,60.33,96.65,4.5,71.53,41,3.4,3,No,0,74.1485,1.7030952380952382,68.0,Meets Expectations
968609,Nirvi Kumer,IT,Data Analyst,79,65.0,75.17,4.7,74.21,50,4.4,5,No,0,74.099,1.4550980392156863,88.00000000000001,Meets Expectations
582496,Saanvi Bumb,Marketing,Content Strategist,64,90.29,94.82,3.7,73.29,37,4.7,20,No,0,82.576,1.928684210526316,94.0,Exceeds Expectations
534556,Baiju Loke,Marketing,Marketing Executive,80,76.17,90.31,3.5,81.52,52,4.9,13,No,0,79.23799999999999,1.5381132075471697,98.00000000000001,Meets Expectations
748618,Madhav Savant,IT,Data Analyst,98,94.2,88.9,4.6,84.96,41,3.9,1,No,0,89.841,2.0228571428571427,78.0,Exceeds Expectations
502550,Ivana Gupta,Sales,Business Development,61,82.86,75.51,3.4,73.56,36,4.7,7,No,0,76.2735,1.9881081081081082,94.0,Meets Expectations
875160,Ehsaan Char,IT,Software Engineer,75,87.22,79.71,3.7,76.86,43,3.5,20,No,0,80.4845,1.7468181818181818,70.0,Exceeds Expectations
854820,Anahi Hegde,IT,Software Engineer,71,84.01,82.37,4.1,94.28,45,4.6,23,No,0,87.057,2.0495652173913044,92.0,Exceeds Expectations
481326,Umang Sura,Finance,Auditor,65,75.39,84.36,3.1,89.77,40,4.9,23,No,0,79.75999999999999,2.189512195121951,98.00000000000001,Meets Expectations
128104,Emir Ray,Marketing,SEO Specialist,90,63.82,99.35,3.2,74.63,44,4.7,29,Yes,1,72.96,1.6584444444444444,94.0,Meets Expectations
169384,Lakshit Sharma,Sales,Sales Executive,71,88.6,96.18,4.5,87.39,35,3.6,11,No,0,89.52349999999998,2.4275,72.0,Exceeds Expectations
913210,Riya Khanna,Sales,Account Manager,77,63.59,76.86,4.6,77.04,45,3.4,14,No,0,74.5495,1.6747826086956523,68.0,Meets Expectations
434839,Zoya Din,IT,Data Analyst,52,85.03,76.51,4.2,89.67,51,4.1,3,No,0,85.22149999999999,1.724423076923077,82.0,Exceeds Expectations
434004,Manjari Sarna,Finance,Auditor,91,71.09,93.11,3.9,76.97,44,4.5,18,Yes,1,77.4875,1.7104444444444444,90.0,Meets Expectations
129593,Zoya Sidhu,HR,Employee Relations,82,91.07,86.25,4.6,83.37,47,4.3,3,No,0,87.7915,1.7368750000000002,86.0,Exceeds Expectations
974327,Madhav Ravel,Sales,Account Manager,50,72.7,90.06,3.2,86.34,45,3.5,24,No,0,78.773,1.8769565217391304,70.0,Meets Expectations
307189,Farhan Mandal,HR,HR Manager,80,72.2,93.68,4.4,81.88,46,3.7,11,No,0,81.18,1.742127659574468,74.0,Exceeds Expectations
887680,Mamooty Karpe,HR,Recruitment Specialist,58,81.91,95.62,3.7,81.08,51,3.6,3,No,0,82.48949999999999,1.5592307692307692,72.0,Exceeds Expectations
666391,Yuvraj  Krish,Sales,Business Development,93,80.38,81.86,4.4,71.29,36,4.4,17,Yes,1,78.56349999999999,1.926756756756757,88.00000000000001,Meets Expectations
592890,Zaina Dhawan,HR,Recruitment Specialist,82,84.18,93.52,4.6,97.42,55,3.1,12,No,0,91.38799999999999,1.7396428571428573,62.0,Exceeds Expectations
478395,Indrajit Anne,HR,Recruitment Specialist,73,83.63,80.0,3.4,80.78,49,3.4,24,No,0,79.7435,1.6156,68.0,Meets Expectations
830228,Mamooty Sarin,HR,Recruitment Specialist,86,84.28,82.49,4.4,98.58,46,4.2,0,Yes,1,89.5745,2.097446808510638,84.00000000000001,Exceeds Expectations
304834,Baiju Sarkar,IT,Software Engineer,61,63.9,84.23,3.0,77.32,48,4.6,23,No,0,71.0615,1.5779591836734692,92.0,Meets Expectations
923529,Kabir Sankaran,Finance,Financial Analyst,78,93.98,89.39,3.2,88.77,40,4.4,2,No,0,86.97099999999999,2.165121951219512,88.00000000000001,Exceeds Expectations
293210,Zoya Grewal,Sales,Business Development,77,67.18,83.71,4.5,82.63,44,4.2,19,No,0,78.49,1.8362222222222222,84.00000000000001,Meets Expectations
324323,Jiya Rama,Sales,Business Development,54,61.27,99.52,3.5,94.02,53,4.8,17,No,0,79.7795,1.741111111111111,96.0,Meets Expectations
441954,Jhanvi Chaudhari,Marketing,Content Strategist,56,83.66,82.4,5.0,78.27,54,4.0,3,No,0,84.0355,1.423090909090909,80.0,Exceeds Expectations
277131,Zain Viswanathan,Sales,Sales Executive,54,89.23,99.64,3.5,98.84,44,4.3,2,No,0,91.2705,2.1964444444444444,86.0,Exceeds Expectations
652709,Armaan Kibe,HR,Employee Relations,94,92.26,89.82,3.7,80.99,51,3.2,27,No,0,85.21049999999998,1.5574999999999999,64.0,Exceeds Expectations
820728,Diya Korpal,HR,Recruitment Specialist,57,85.05,99.79,4.8,76.48,53,4.9,0,No,0,85.904,1.4162962962962964,98.00000000000001,Exceeds Expectations
181754,Kiara Doshi,HR,Employee Relations,95,88.64,93.79,4.5,80.6,52,3.2,22,No,0,86.8025,1.520754716981132,64.0,Exceeds Expectations
435297,Hiran Agate,Marketing,SEO Specialist,85,71.0,93.13,4.7,77.05,38,3.4,21,No,0,79.88699999999999,1.9756410256410255,68.0,Meets Expectations
787579,Gokul Sami,Finance,Auditor,84,93.67,84.87,3.1,80.75,36,4.2,29,No,0,83.0775,2.1824324324324325,84.00000000000001,Exceeds Expectations
220450,Madhav Hayer,IT,Data Analyst,91,68.54,81.08,3.2,94.12,50,3.6,0,No,0,78.69299999999998,1.8454901960784316,72.0,Meets Expectations
958055,Shayak Sura,Sales,Business Development,57,91.11,88.04,4.7,91.34,43,4.0,25,No,0,91.16349999999998,2.075909090909091,80.0,Exceeds Expectations
863212,Zain Deo,Sales,Account Manager,56,60.33,93.45,4.4,76.57,54,4.6,10,No,0,75.1325,1.392181818181818,92.0,Meets Expectations
757454,Tanya Bhatti,IT,Cybersecurity Specialist,74,91.55,93.14,4.9,79.05,43,4.5,16,No,0,88.381,1.7965909090909091,90.0,Exceeds Expectations
460968,Sahil Goel,Sales,Account Manager,83,83.84,92.81,4.1,93.86,45,4.4,29,No,0,88.41649999999998,2.0404347826086955,88.00000000000001,Exceeds Expectations
547113,Pihu Zacharia,HR,HR Manager,66,93.5,96.74,3.4,81.85,37,3.4,30,No,0,86.0835,2.1539473684210524,68.0,Exceeds Expectations
631260,Zain Tella,Finance,Accountant,81,67.92,84.4,4.1,98.12,53,3.2,25,No,0,83.074,1.8170370370370372,64.0,Exceeds Expectations
700376,Pranay Garde,Finance,Auditor,99,84.13,82.39,4.1,95.26,44,3.6,0,No,0,87.445,2.116888888888889,72.0,Exceeds Expectations
985546,Mohanlal Krishna,IT,Data Analyst,65,90.44,92.87,3.3,71.79,48,3.2,22,No,0,80.611,1.4651020408163267,64.0,Exceeds Expectations
507884,Dhanush Dixit,IT,Data Analyst,59,64.69,96.5,4.9,76.23,51,4.8,3,No,0,78.497,1.4659615384615385,96.0,Meets Expectations
702339,Kiaan Karnik,HR,Recruitment Specialist,79,64.53,97.94,4.5,71.05,52,3.1,21,No,0,75.64399999999999,1.340566037735849,62.0,Meets Expectations
193478,Dhruv Chatterjee,Finance,Accountant,96,66.78,98.96,3.9,83.38,48,4.4,27,Yes,1,79.1,1.7016326530612245,88.00000000000001,Meets Expectations
466311,Rasha Sanghvi,HR,HR Manager,86,62.78,81.84,4.2,71.42,46,3.1,17,No,0,71.84599999999999,1.5195744680851064,62.0,Meets Expectations
532900,Anaya Thakur,Marketing,Marketing Executive,91,88.9,95.79,4.0,85.62,49,3.2,1,No,0,87.45049999999999,1.7124000000000001,64.0,Exceeds Expectations
377172,Tushar Rama,Marketing,Content Strategist,93,63.92,86.7,3.1,84.42,52,4.5,0,Yes,1,74.22399999999999,1.5928301886792453,90.0,Meets Expectations
569924,Yashvi Karpe,Finance,Accountant,99,60.8,89.28,3.4,75.29,50,3.1,16,No,0,71.2235,1.4762745098039216,62.0,Meets Expectations
102178,Kimaya Gara,HR,HR Manager,81,81.72,97.81,4.7,79.52,45,4.5,30,No,0,85.20549999999999,1.728695652173913,90.0,Exceeds Expectations
253416,Khushi Kurian,IT,Software Engineer,78,66.36,84.71,3.4,72.49,38,4.4,9,No,0,71.50399999999999,1.8587179487179486,88.00000000000001,Meets Expectations
136761,Nishith Srivastava,IT,Cybersecurity Specialist,80,83.38,80.33,3.1,93.9,39,4.6,12,No,0,83.3975,2.3475,92.0,Exceeds Expectations
928931,Vritika Lal,Finance,Auditor,72,78.59,91.02,3.1,85.85,38,4.5,26,No,0,80.50699999999999,2.201282051282051,90.0,Exceeds Expectations
411761,Neelofar Gera,Marketing,SEO Specialist,79,73.94,92.35,3.0,82.4,46,3.2,17,No,0,77.57149999999999,1.7531914893617022,64.0,Meets Expectations
468358,Nirvaan Sethi,HR,Recruitment Specialist,75,60.43,76.39,4.5,77.05,52,4.7,16,No,0,73.0765,1.4537735849056603,94.0,Meets Expectations
508329,Ira Mand,Finance,Auditor,98,61.36,93.74,4.9,95.04,40,3.8,10,No,0,83.501,2.318048780487805,76.0,Exceeds Expectations
934273,Nehmat Goel,Marketing,SEO Specialist,62,62.32,88.62,4.9,80.55,38,3.2,10,No,0,77.99749999999999,2.065384615384615,64.0,Meets Expectations
962342,Kismat Chana,Marketing,Content Strategist,85,68.79,82.8,4.5,77.28,44,3.5,8,No,0,77.0445,1.7173333333333334,70.0,Meets Expectations
869566,Alia Chand,HR,Employee Relations,56,93.17,81.4,4.6,91.37,38,4.4,16,No,0,90.599,2.342820512820513,88.00000000000001,Exceeds Expectations
561927,Tarini Swaminathan,IT,Cybersecurity Specialist,70,77.39,90.37,3.7,70.97,47,4.2,24,No,0,76.58149999999999,1.4785416666666666,84.00000000000001,Meets Expectations
850758,Anahi Chokshi,Marketing,SEO Specialist,59,77.06,89.49,4.4,98.77,44,3.8,5,No,0,88.164,2.194888888888889,76.0,Exceeds Expectations
657985,Reyansh Khatri,HR,Employee Relations,75,63.91,76.57,3.7,96.8,37,3.5,23,No,0,78.83399999999999,2.5473684210526315,70.0,Meets Expectations
268102,Navya Virk,IT,Cybersecurity Specialist,63,78.66,78.87,4.9,83.46,40,3.7,10,No,0,83.2725,2.035609756097561,74.0,Exceeds Expectations
640782,Devansh Kala,Marketing,Marketing Executive,65,63.11,90.02,4.4,94.7,45,4.4,25,No,0,81.9365,2.0586956521739133,88.00000000000001,Exceeds Expectations
787328,Manjari Dyal,Sales,Business Development,93,67.82,92.94,3.1,87.31,53,3.7,18,No,0,77.53649999999999,1.616851851851852,74.0,Meets Expectations
107797,Lagan Khosla,Sales,Account Manager,92,83.33,86.82,4.6,70.05,42,4.0,21,No,0,80.50599999999999,1.6290697674418604,80.0,Exceeds Expectations
178537,Tiya Khare,IT,Cybersecurity Specialist,60,86.19,97.49,4.3,78.9,36,3.1,29,No,0,85.30499999999999,2.1324324324324326,62.0,Exceeds Expectations
180317,Purab Shere,HR,HR Manager,87,94.15,90.73,3.9,89.84,46,3.4,1,No,0,89.706,1.9114893617021278,68.0,Exceeds Expectations
525844,Fateh Vig,HR,Recruitment Specialist,71,91.5,85.76,3.3,78.41,35,4.5,27,No,0,82.2325,2.1780555555555554,90.0,Exceeds Expectations
924510,Neelofar Bera,HR,Employee Relations,98,82.22,95.77,3.4,99.31,36,4.9,25,Yes,1,88.101,2.6840540540540543,98.00000000000001,Exceeds Expectations
616142,Jivika Loyal,HR,HR Manager,91,88.32,81.47,3.8,72.6,47,4.7,7,Yes,1,79.9425,1.5125,94.0,Meets Expectations
275463,Kiara Bajaj,Sales,Account Manager,100,60.59,75.12,4.5,88.61,44,4.5,9,Yes,1,76.988,1.969111111111111,90.0,Meets Expectations
326270,Samiha Bhattacharyya,Marketing,Content Strategist,97,79.04,82.84,4.1,94.61,50,4.0,4,No,0,85.50349999999999,1.8550980392156862,80.0,Exceeds Expectations
756693,Krish Chada,Sales,Account Manager,74,74.85,79.26,4.0,95.81,45,3.9,0,No,0,83.61999999999999,2.082826086956522,78.0,Exceeds Expectations
131180,Tara Vig,Finance,Financial Analyst,94,66.77,78.16,4.4,74.93,51,4.0,26,No,0,74.51899999999999,1.4409615384615386,80.0,Meets Expectations
635983,Kismat Kapur,Sales,Sales Executive,77,77.87,88.93,3.3,76.89,35,4.7,28,No,0,77.4055,2.1358333333333333,94.0,Meets Expectations
680858,Bhamini Subramaniam,Sales,Business Development,50,70.03,98.94,4.5,84.19,38,3.5,4,No,0,82.318,2.158717948717949,70.0,Exceeds Expectations
144240,Yashvi Shanker,HR,HR Manager,51,74.67,81.32,4.2,97.95,38,3.4,0,No,0,85.21499999999999,2.5115384615384615,68.0,Exceeds Expectations
428395,Vedika Das,Finance,Financial Analyst,53,81.59,79.11,4.6,86.31,41,3.1,13,No,0,84.4315,2.055,62.0,Exceeds Expectations
621395,Riya Kannan,Marketing,SEO Specialist,51,70.8,93.43,4.0,73.83,46,4.5,18,No,0,76.63499999999999,1.5708510638297872,90.0,Meets Expectations
660882,Vritika Sahni,Sales,Sales Executive,70,78.22,93.59,4.9,74.47,35,4.3,16,No,0,82.18,2.068611111111111,86.0,Exceeds Expectations
625826,Tara Kalla,Marketing,Marketing Executive,74,64.49,91.91,3.9,94.04,46,3.4,4,No,0,80.97200000000001,2.000851063829787,68.0,Exceeds Expectations
971066,Ivan Rao,Marketing,Content Strategist,64,67.0,77.32,3.9,98.79,41,4.0,25,No,0,81.3245,2.3521428571428573,80.0,Exceeds Expectations
524420,Heer Sinha,HR,Recruitment Specialist,56,66.7,85.1,3.6,78.25,55,3.5,12,No,0,74.2975,1.3973214285714286,70.0,Meets Expectations
405585,Zeeshan Master,Marketing,Marketing Executive,96,94.08,98.84,4.5,91.16,49,3.5,13,No,0,93.16,1.8232,70.0,Exceeds Expectations
571423,Kaira Talwar,HR,Recruitment Specialist,84,61.43,88.68,4.5,89.13,40,4.7,26,No,0,79.498,2.17390243902439,94.0,Meets Expectations
384907,Veer Ghose,IT,Software Engineer,73,73.18,86.25,3.9,81.85,49,5.0,5,No,0,78.898,1.6369999999999998,100.0,Meets Expectations
325975,Aaina Dhaliwal,IT,Cybersecurity Specialist,73,71.64,87.73,4.7,87.26,53,3.8,29,No,0,82.87449999999998,1.615925925925926,76.0,Exceeds Expectations
625271,Inaaya  Chana,Marketing,Content Strategist,84,63.37,81.15,4.9,81.87,49,4.8,0,No,0,77.70649999999999,1.6374000000000002,96.0,Meets Expectations
219132,Hansh Dar,Sales,Account Manager,78,64.0,80.11,3.7,98.5,52,4.2,24,No,0,79.99149999999999,1.8584905660377358,84.00000000000001,Meets Expectations
927183,Sara Dugar,Finance,Accountant,55,64.41,93.08,4.5,84.06,44,3.7,0,No,0,79.4265,1.868,74.0,Meets Expectations
468216,Zeeshan Shankar,Sales,Business Development,84,89.08,77.27,4.0,87.44,46,3.8,9,No,0,85.3725,1.8604255319148935,76.0,Exceeds Expectations
199534,Stuvan Sibal,Sales,Business Development,58,75.34,79.92,3.2,85.49,52,4.3,21,No,0,77.87849999999999,1.6130188679245283,86.0,Meets Expectations
999753,Umang Sarkar,IT,Software Engineer,51,60.6,98.22,3.6,93.49,46,3.6,19,No,0,79.4645,1.9891489361702126,72.0,Meets Expectations
687145,Sana Kata,IT,Data Analyst,89,93.82,86.64,3.3,91.44,42,4.0,27,No,0,87.737,2.126511627906977,80.0,Exceeds Expectations
215348,Ivana Ravi,Marketing,SEO Specialist,85,60.76,94.03,4.3,85.25,41,3.1,2,No,0,78.108,2.0297619047619047,62.0,Meets Expectations
422016,Lagan Bakshi,Finance,Auditor,72,66.47,93.54,3.1,98.36,35,3.4,17,No,0,81.02149999999999,2.732222222222222,68.0,Exceeds Expectations
440195,Drishya Handa,Finance,Auditor,78,84.37,83.5,3.3,89.78,54,3.8,9,No,0,83.37750000000001,1.6323636363636365,76.0,Exceeds Expectations
299323,Myra Balay,IT,Cybersecurity Specialist,84,64.95,97.71,3.1,98.37,37,3.1,14,No,0,81.11849999999998,2.5886842105263157,62.0,Exceeds Expectations
166968,Ivana Bhardwaj,Marketing,SEO Specialist,52,87.62,75.13,4.7,87.08,53,3.5,12,No,0,86.51449999999998,1.6125925925925926,70.0,Exceeds Expectations
631032,Jayesh Jaggi,Finance,Financial Analyst,85,79.54,95.03,3.9,90.89,43,3.1,8,No,0,85.605,2.0656818181818184,62.0,Exceeds Expectations
543497,Ishaan Rana,Finance,Accountant,50,80.86,77.85,3.5,85.73,51,3.9,30,No,0,80.484,1.6486538461538462,78.0,Exceeds Expectations
856785,Ahana  Balasubramanian,Finance,Accountant,80,91.99,89.31,5.0,84.03,53,3.7,12,No,0,90.00349999999999,1.5561111111111112,74.0,Exceeds Expectations
202194,Shaan Sachdev,IT,Software Engineer,50,64.3,91.42,3.3,81.51,39,3.6,11,No,0,74.6465,2.03775,72.0,Meets Expectations
851998,Lavanya Halder,IT,Software Engineer,74,80.28,92.11,4.6,94.52,42,4.6,9,No,0,88.7965,2.1981395348837207,92.0,Exceeds Expectations
198040,Kismat Mani,HR,HR Manager,62,91.17,84.42,3.7,96.33,53,3.5,4,No,0,89.38799999999999,1.7838888888888889,70.0,Exceeds Expectations
675162,Aarush Kar,Sales,Sales Executive,99,87.68,98.75,3.0,88.94,55,4.2,25,Yes,1,85.6295,1.5882142857142856,84.00000000000001,Exceeds Expectations
538793,Saksham Jani,HR,Recruitment Specialist,53,89.71,87.88,3.2,75.49,37,3.4,9,No,0,80.60199999999999,1.986578947368421,68.0,Exceeds Expectations
974358,Mehul Dewan,HR,Employee Relations,99,82.45,80.48,4.8,96.98,47,3.4,20,No,0,89.27250000000001,2.0204166666666667,68.0,Exceeds Expectations
573228,Kartik Mahajan,Marketing,Marketing Executive,80,77.95,88.64,4.1,76.19,49,4.6,22,No,0,79.545,1.5238,92.0,Meets Expectations
262728,Ayesha Kumar,Sales,Sales Executive,96,76.55,78.0,4.4,70.9,35,3.4,0,No,0,76.50750000000001,1.9694444444444446,68.0,Meets Expectations
466133,Zara Bumb,Finance,Accountant,87,64.72,99.18,4.4,96.0,39,4.6,5,Yes,1,84.329,2.4,92.0,Exceeds Expectations
312634,Rati Hayer,Finance,Financial Analyst,74,67.85,82.57,4.5,94.35,48,4.8,5,No,0,82.65549999999999,1.9255102040816325,96.0,Exceeds Expectations
695812,Ritvik Choudhry,IT,Cybersecurity Specialist,95,82.06,96.25,3.5,95.89,48,3.7,9,No,0,87.22,1.9569387755102041,74.0,Exceeds Expectations
701830,Divit Sundaram,Sales,Account Manager,63,87.34,83.49,4.0,79.78,41,3.9,9,No,0,83.0155,1.8995238095238096,78.0,Exceeds Expectations
331709,Anika Raj,IT,Cybersecurity Specialist,69,91.75,78.89,3.9,82.22,41,4.0,23,No,0,84.423,1.9576190476190476,80.0,Exceeds Expectations
675843,Azad Chatterjee,Finance,Financial Analyst,81,83.99,89.11,3.2,93.44,47,3.1,10,No,0,85.067,1.9466666666666665,62.0,Exceeds Expectations
240774,Keya Arora,HR,HR Manager,85,71.85,78.74,4.0,90.03,44,3.8,15,No,0,80.469,2.0006666666666666,76.0,Exceeds Expectations
219038,Mannat Sridhar,Finance,Accountant,90,81.14,93.97,3.8,83.86,52,3.8,11,No,0,83.2455,1.5822641509433961,76.0,Exceeds Expectations
647450,Tiya Brar,HR,Employee Relations,52,80.81,80.45,3.7,71.89,45,3.6,23,No,0,76.6125,1.5628260869565218,72.0,Meets Expectations
592616,Armaan Shah,IT,Software Engineer,100,89.39,97.74,4.4,91.01,35,4.9,5,Yes,1,91.001,2.5280555555555555,98.00000000000001,Exceeds Expectations
249029,Vardaniya Chada,Sales,Business Development,97,60.6,76.0,4.2,89.96,35,3.7,16,No,0,76.696,2.4988888888888887,74.0,Meets Expectations
713770,Vardaniya Garg,Marketing,Content Strategist,90,79.37,76.25,3.9,91.45,49,4.6,13,Yes,1,82.92450000000001,1.829,92.0,Exceeds Expectations
719168,Shayak Keer,HR,HR Manager,80,78.86,97.45,4.3,87.94,55,4.0,25,No,0,85.89750000000001,1.5703571428571428,80.0,Exceeds Expectations
130564,Yuvraj  Kade,IT,Cybersecurity Specialist,63,65.72,83.68,4.8,75.7,42,3.8,16,No,0,76.449,1.7604651162790699,76.0,Meets Expectations
908879,Vihaan Dani,Finance,Auditor,75,64.76,85.81,4.3,89.61,53,3.0,6,No,0,79.801,1.6594444444444445,60.0,Meets Expectations
787047,Inaaya  Bawa,Finance,Financial Analyst,98,68.25,78.38,3.9,82.79,43,3.3,13,No,0,76.32100000000001,1.8815909090909093,65.99999999999999,Meets Expectations
965323,Ela Ravel,Marketing,Marketing Executive,54,92.56,77.31,4.1,79.08,39,3.2,19,No,0,83.9705,1.9769999999999999,64.0,Exceeds Expectations
167220,Reyansh Kibe,Marketing,SEO Specialist,57,93.15,89.94,3.1,81.66,47,4.3,26,No,0,83.97449999999999,1.70125,86.0,Exceeds Expectations
515944,Prerak Dalal,Marketing,Marketing Executive,65,68.41,95.61,4.0,96.97,50,3.2,13,No,0,84.22449999999999,1.9013725490196078,64.0,Exceeds Expectations
825857,Tara Dora,Sales,Account Manager,71,78.88,96.01,3.1,92.94,52,4.7,28,No,0,83.8385,1.7535849056603774,94.0,Exceeds Expectations
988108,Miraan Ganesh,Finance,Financial Analyst,88,63.4,93.39,3.2,85.01,39,3.8,25,No,0,75.55199999999999,2.1252500000000003,76.0,Meets Expectations
320541,Shray Reddy,HR,Employee Relations,55,94.04,77.87,4.6,98.55,50,4.4,6,No,0,92.88699999999999,1.9323529411764706,88.00000000000001,Exceeds Expectations
439325,Saanvi Bava,HR,Recruitment Specialist,99,74.53,95.53,3.9,80.54,43,4.3,22,Yes,1,80.304,1.8304545454545456,86.0,Exceeds Expectations
354936,Jivin Kade,Marketing,SEO Specialist,62,91.51,81.4,4.0,79.87,40,4.9,11,No,0,84.19300000000001,1.948048780487805,98.00000000000001,Exceeds Expectations
786546,Miraan Thakkar,Sales,Account Manager,91,62.83,80.8,4.6,96.21,44,4.6,20,Yes,1,81.58399999999999,2.138,92.0,Exceeds Expectations
959956,Hazel Bora,Sales,Account Manager,66,75.92,84.22,4.5,92.37,44,4.5,11,No,0,85.0345,2.0526666666666666,90.0,Exceeds Expectations
895288,Nitya Mammen,Marketing,Marketing Executive,100,87.39,95.95,3.3,75.3,46,4.0,30,No,0,81.234,1.602127659574468,80.0,Exceeds Expectations
898877,Pari Choudhary,Sales,Account Manager,73,93.25,90.37,4.1,70.89,38,3.9,27,No,0,83.30449999999999,1.8176923076923077,78.0,Exceeds Expectations
189560,Fateh Ravi,Finance,Accountant,72,83.01,93.01,4.3,88.18,55,4.5,4,No,0,86.768,1.5746428571428572,90.0,Exceeds Expectations
533419,Fateh Wagle,Marketing,Marketing Executive,50,61.44,96.34,4.5,90.47,43,3.0,8,No,0,81.11949999999999,2.0561363636363637,60.0,Exceeds Expectations
635347,Damini Ravel,IT,Data Analyst,93,76.25,78.93,3.1,98.36,47,3.5,4,No,0,82.253,2.049166666666667,70.0,Exceeds Expectations
608762,Vritika Chowdhury,HR,HR Manager,83,70.7,76.36,4.9,78.4,50,3.2,18,No,0,78.339,1.5372549019607844,64.0,Meets Expectations
573766,Navya Sahni,Marketing,SEO Specialist,58,87.06,79.96,3.7,78.18,50,3.4,18,No,0,80.928,1.5329411764705885,68.0,Exceeds Expectations
520152,Eshani Gole,IT,Software Engineer,57,92.15,91.19,4.5,87.31,46,4.7,6,No,0,89.98949999999999,1.857659574468085,94.0,Exceeds Expectations
537812,Divij Bahri,IT,Software Engineer,84,94.48,92.15,3.1,87.01,47,3.2,24,No,0,86.64399999999999,1.8127083333333334,64.0,Exceeds Expectations
734523,Drishya Kulkarni,IT,Data Analyst,81,83.37,87.77,4.3,89.18,40,4.0,12,No,0,86.458,2.1751219512195124,80.0,Exceeds Expectations
360582,Jivin Shetty,Marketing,SEO Specialist,99,79.5,95.63,4.0,83.82,54,4.5,6,Yes,1,83.50649999999999,1.5239999999999998,90.0,Exceeds Expectations
556372,Tanya Sachar,Marketing,Marketing Executive,72,69.76,83.71,3.8,77.78,54,4.4,26,No,0,75.5955,1.4141818181818182,88.00000000000001,Meets Expectations
673534,Ojas Magar,Sales,Sales Executive,85,86.61,75.34,4.6,96.85,54,3.2,11,No,0,89.31199999999998,1.7609090909090908,64.0,Exceeds Expectations
494450,Advika Goyal,IT,Software Engineer,83,81.93,79.69,4.6,90.26,43,3.6,14,No,0,86.02,2.0513636363636363,72.0,Exceeds Expectations
720933,Advika Kuruvilla,IT,Software Engineer,66,90.63,80.75,4.6,73.66,48,3.5,13,No,0,83.41399999999999,1.503265306122449,70.0,Exceeds Expectations
618065,Faiyaz Karnik,IT,Cybersecurity Specialist,55,67.75,75.51,3.0,79.69,54,3.0,10,No,0,71.9305,1.448909090909091,60.0,Meets Expectations
327931,Sara Agate,Marketing,SEO Specialist,96,82.6,79.51,3.0,91.5,36,4.9,6,Yes,1,81.86149999999999,2.472972972972973,98.00000000000001,Exceeds Expectations
932396,Tara Mani,Sales,Sales Executive,59,60.47,77.27,4.5,77.83,41,4.5,12,No,0,73.49549999999999,1.8530952380952381,90.0,Meets Expectations
397281,Baiju Bhardwaj,Finance,Auditor,84,64.51,80.05,3.5,81.59,45,3.7,8,No,0,73.64250000000001,1.7736956521739131,74.0,Meets Expectations
834863,Mannat Rau,IT,Data Analyst,55,62.85,92.82,3.7,84.7,51,3.7,27,No,0,76.6655,1.6288461538461538,74.0,Meets Expectations
426627,Khushi Kothari,Marketing,Content Strategist,92,87.72,83.08,4.8,85.42,35,4.1,11,Yes,1,87.46099999999998,2.372777777777778,82.0,Exceeds Expectations
434511,Damini Sabharwal,HR,HR Manager,97,92.76,95.3,4.7,91.12,49,5.0,17,Yes,1,92.753,1.8224,100.0,Exceeds Expectations
301979,Myra Banerjee,Finance,Financial Analyst,52,83.27,96.06,3.6,98.17,47,4.4,19,No,0,88.71299999999998,2.0452083333333335,88.00000000000001,Exceeds Expectations
190440,Ivan Ganesh,Finance,Auditor,74,65.94,89.33,3.5,79.38,40,4.6,6,No,0,74.7615,1.9360975609756097,92.0,Meets Expectations
982552,Zoya Jayaraman,Finance,Auditor,91,61.19,79.7,4.6,71.28,51,4.4,12,Yes,1,72.1195,1.3707692307692307,88.00000000000001,Meets Expectations
506194,Ira Hari,HR,HR Manager,64,65.35,92.28,3.4,87.76,48,4.5,2,No,0,77.6305,1.7910204081632655,90.0,Meets Expectations
670311,Prisha Raj,Finance,Financial Analyst,58,87.38,98.28,4.0,74.46,48,3.5,13,No,0,83.386,1.5195918367346937,70.0,Exceeds Expectations
306571,Darshit Dara,Marketing,Content Strategist,85,81.04,83.95,3.1,93.26,54,4.7,10,No,0,82.8975,1.6956363636363638,94.0,Exceeds Expectations
269464,Eshani Bora,Finance,Financial Analyst,57,93.86,91.24,3.2,74.94,55,4.0,14,No,0,82.36599999999999,1.3382142857142856,80.0,Exceeds Expectations
249512,Saanvi Aggarwal,HR,HR Manager,76,83.42,99.41,4.6,94.68,48,4.7,12,No,0,91.0465,1.9322448979591837,94.0,Exceeds Expectations
164384,Yasmin Luthra,HR,Recruitment Specialist,100,77.71,89.67,3.1,86.83,39,3.8,21,No,0,80.33949999999999,2.17075,76.0,Exceeds Expectations
295827,Jhanvi Bansal,Sales,Business Development,93,85.42,90.32,3.4,88.9,48,3.3,30,No,0,84.76,1.8142857142857145,65.99999999999999,Exceeds Expectations
280419,Sana Divan,Finance,Auditor,89,84.34,83.48,4.5,70.02,36,4.8,19,Yes,1,80.048,1.8924324324324324,96.0,Exceeds Expectations
967313,Sumer Sengupta,Sales,Account Manager,76,71.07,87.64,4.6,73.34,49,3.3,13,No,0,77.48949999999999,1.4668,65.99999999999999,Meets Expectations
964372,Lavanya Ram,Finance,Financial Analyst,58,85.36,92.23,4.4,77.56,43,4.0,29,No,0,84.0565,1.7627272727272727,80.0,Exceeds Expectations
392045,Shanaya Dass,HR,Recruitment Specialist,83,94.86,95.13,4.2,78.72,53,3.9,14,No,0,87.62249999999999,1.4577777777777778,78.0,Exceeds Expectations
507537,Nishith Dixit,Sales,Account Manager,93,82.43,87.95,4.1,95.92,54,4.5,2,Yes,1,87.91499999999999,1.744,90.0,Exceeds Expectations
817943,Indranil Vyas,Finance,Accountant,63,62.32,96.31,3.8,96.34,41,4.5,9,No,0,81.3775,2.2938095238095237,90.0,Exceeds Expectations
927912,Renee Badami,HR,Employee Relations,55,88.46,98.27,3.2,92.02,40,4.1,7,No,0,87.50849999999998,2.244390243902439,82.0,Exceeds Expectations
860264,Rasha Uppal,Sales,Business Development,54,76.78,97.56,4.3,86.73,37,4.7,11,No,0,84.7625,2.282368421052632,94.0,Exceeds Expectations
482056,Aarna Mani,IT,Cybersecurity Specialist,97,67.65,99.94,4.7,88.71,41,5.0,10,Yes,1,83.817,2.112142857142857,100.0,Exceeds Expectations
815960,Samiha Sachdeva,Finance,Accountant,58,62.48,85.53,4.7,85.91,47,4.7,6,No,0,78.86599999999999,1.7897916666666667,94.0,Meets Expectations
220585,Baiju Dar,Sales,Business Development,76,86.31,87.69,4.3,90.88,53,3.2,28,No,0,88.07,1.6829629629629628,64.0,Exceeds Expectations
998631,Anahi Karpe,Marketing,SEO Specialist,63,69.93,98.81,4.4,89.47,36,3.3,3,No,0,83.81150000000001,2.418108108108108,65.99999999999999,Exceeds Expectations
606036,Hansh Ahluwalia,Marketing,Content Strategist,96,94.65,82.47,4.7,87.5,37,3.3,24,No,0,90.22299999999998,2.3026315789473686,65.99999999999999,Exceeds Expectations
934797,Gokul Bahl,Marketing,Content Strategist,85,83.84,91.74,4.9,98.04,48,4.7,29,No,0,92.119,2.0008163265306123,94.0,Exceeds Expectations
506938,Heer Kaul,HR,HR Manager,96,75.63,76.02,4.2,97.53,51,4.0,30,No,0,84.60899999999998,1.875576923076923,80.0,Exceeds Expectations
895058,Diya Aggarwal,IT,Software Engineer,65,76.66,89.11,4.1,94.95,51,4.4,22,No,0,85.72999999999999,1.8259615384615384,88.00000000000001,Exceeds Expectations
300330,Aarav Yadav,HR,HR Manager,55,84.62,81.21,3.5,98.68,42,3.2,4,No,0,86.8365,2.294883720930233,64.0,Exceeds Expectations
399693,Kaira Walla,Marketing,Content Strategist,86,72.93,85.34,4.8,97.75,38,4.7,15,Yes,1,86.939,2.5064102564102564,94.0,Exceeds Expectations
905514,Mamooty Randhawa,HR,Employee Relations,86,67.06,75.14,4.2,88.63,48,3.0,28,No,0,78.36249999999998,1.8087755102040814,60.0,Meets Expectations
779658,Reyansh Setty,Marketing,Content Strategist,70,67.64,92.74,4.7,75.31,44,3.4,22,No,0,78.0435,1.6735555555555557,68.0,Meets Expectations
660057,Jivin Soman,Marketing,Marketing Executive,70,67.29,81.55,3.5,77.19,44,4.8,8,No,0,73.3005,1.7153333333333334,96.0,Meets Expectations
390967,Piya Doshi,Sales,Sales Executive,64,86.21,93.96,4.9,83.65,53,4.7,11,No,0,88.24499999999999,1.5490740740740743,94.0,Exceeds Expectations
185669,Adira Khare,Marketing,Content Strategist,99,67.31,99.66,5.0,75.02,42,3.2,9,No,0,79.7645,1.7446511627906975,64.0,Meets Expectations
138956,Pranay Kapur,Sales,Account Manager,87,83.65,78.9,3.2,92.45,35,4.3,14,Yes,1,83.07,2.5680555555555555,86.0,Exceeds Expectations
280912,Mahika Soman,HR,Recruitment Specialist,77,78.59,92.88,3.9,95.54,43,4.3,28,No,0,86.5775,2.1713636363636364,86.0,Exceeds Expectations
348638,Divij Saha,Finance,Auditor,51,65.16,81.47,4.7,94.67,36,4.4,5,No,0,82.26099999999998,2.558648648648649,88.00000000000001,Exceeds Expectations
518054,Anya Bahl,HR,HR Manager,82,72.34,90.41,3.1,80.86,47,4.4,11,No,0,76.4815,1.6845833333333333,88.00000000000001,Meets Expectations
339906,Shanaya Tandon,Sales,Business Development,94,66.36,77.23,4.6,77.27,43,4.0,21,No,0,75.655,1.7561363636363636,80.0,Meets Expectations
797986,Ira Jayaraman,Finance,Auditor,84,93.03,80.6,4.3,77.79,40,3.4,29,No,0,84.777,1.8973170731707318,68.0,Exceeds Expectations
966173,Indrajit Thaman,HR,Recruitment Specialist,50,74.35,82.86,3.9,94.68,43,3.2,29,No,0,83.2895,2.151818181818182,64.0,Exceeds Expectations
121945,Vardaniya De,Sales,Sales Executive,99,79.8,76.08,3.2,98.19,36,4.3,13,Yes,1,83.30849999999998,2.653783783783784,86.0,Exceeds Expectations
769867,Anika Ahuja,Finance,Accountant,94,90.79,95.54,4.5,93.32,47,4.4,22,Yes,1,92.26950000000001,1.9441666666666666,88.00000000000001,Exceeds Expectations
393972,Rhea Kothari,IT,Data Analyst,71,68.38,86.5,3.5,87.6,38,4.8,13,No,0,78.06799999999998,2.246153846153846,96.0,Meets Expectations
494031,Ranbir Talwar,Finance,Financial Analyst,56,74.0,83.58,3.5,94.19,40,4.9,17,No,0,81.9035,2.2973170731707317,98.00000000000001,Exceeds Expectations
310803,Inaaya  Yadav,Marketing,Marketing Executive,62,71.46,93.05,4.3,95.18,42,3.4,29,No,0,85.1815,2.2134883720930234,68.0,Exceeds Expectations
104752,Dharmajan Desai,HR,HR Manager,91,87.03,85.37,4.5,94.09,55,4.2,27,Yes,1,89.69749999999999,1.6801785714285715,84.00000000000001,Exceeds Expectations
358706,Ranbir Tara,Sales,Business Development,82,61.13,96.09,3.9,76.51,54,3.3,30,No,0,74.2875,1.3910909090909092,65.99999999999999,Meets Expectations
232946,Farhan Agate,Finance,Auditor,80,88.94,90.32,3.4,75.51,53,3.8,14,No,0,81.3055,1.3983333333333334,76.0,Exceeds Expectations
780415,Dishani Manda,Sales,Sales Executive,59,89.08,98.89,4.5,77.71,44,3.1,12,No,0,86.71,1.7268888888888887,62.0,Exceeds Expectations
655430,Kimaya Thaker,Sales,Account Manager,60,67.55,75.08,4.6,92.28,37,3.5,8,No,0,81.0025,2.428421052631579,70.0,Exceeds Expectations
765554,Farhan Mannan,IT,Data Analyst,73,62.34,83.83,3.7,83.52,45,3.3,24,No,0,74.7255,1.8156521739130433,65.99999999999999,Meets Expectations
514360,Hansh Kota,HR,Employee Relations,65,80.51,75.62,3.6,80.79,45,4.7,29,No,0,78.598,1.7563043478260871,94.0,Meets Expectations
344955,Saksham Bali,IT,Software Engineer,99,81.45,80.94,4.6,70.54,52,4.1,20,Yes,1,79.1375,1.3309433962264152,82.0,Meets Expectations
141547,Kiaan Dutta,Finance,Accountant,83,75.59,92.76,4.7,99.16,36,3.1,20,No,0,89.17649999999999,2.6799999999999997,62.0,Exceeds Expectations
204435,Dhanuk Mand,Marketing,Marketing Executive,88,60.55,92.11,4.0,92.28,47,4.9,25,Yes,1,79.307,1.9225,98.00000000000001,Meets Expectations
481514,Kartik Soni,Marketing,Marketing Executive,72,76.35,99.35,4.9,76.39,38,4.3,3,No,0,83.0615,1.9587179487179487,86.0,Exceeds Expectations
909747,Ela Kibe,Marketing,Content Strategist,52,75.18,98.65,4.4,83.25,47,4.0,23,No,0,83.44800000000001,1.734375,80.0,Exceeds Expectations
333263,Damini Taneja,Marketing,SEO Specialist,90,87.24,83.15,4.1,81.36,50,3.2,3,No,0,83.78249999999998,1.5952941176470588,64.0,Exceeds Expectations
877722,Saanvi Dora,Marketing,SEO Specialist,97,76.48,86.94,4.6,98.74,55,4.5,21,Yes,1,88.16799999999999,1.7632142857142856,90.0,Exceeds Expectations
494045,Sumer Sawhney,IT,Software Engineer,77,88.44,95.35,4.1,99.16,49,4.9,26,No,0,92.26249999999999,1.9831999999999999,98.00000000000001,Exceeds Expectations
724328,Saanvi Chowdhury,Finance,Accountant,100,73.81,78.19,4.7,87.06,39,3.5,5,No,0,82.133,2.1765,70.0,Exceeds Expectations
508224,Vritika Ratta,Sales,Sales Executive,89,81.78,80.58,4.5,93.08,52,3.2,2,No,0,86.788,1.7562264150943396,64.0,Exceeds Expectations
289083,Nitara Rajagopalan,HR,HR Manager,93,82.09,88.78,3.8,78.03,40,4.6,0,Yes,1,80.75900000000001,1.9031707317073172,92.0,Exceeds Expectations
585889,Shanaya Thakur,Sales,Business Development,82,92.54,98.58,3.5,75.14,40,4.2,16,No,0,83.975,1.8326829268292684,84.00000000000001,Exceeds Expectations
788693,Amani Dara,Marketing,Marketing Executive,61,77.62,89.97,4.1,74.79,48,4.7,14,No,0,79.139,1.526326530612245,94.0,Meets Expectations
722272,Ivan Ramanathan,Sales,Sales Executive,63,69.72,91.99,3.8,90.73,52,3.7,2,No,0,81.35600000000001,1.7118867924528303,74.0,Exceeds Expectations
746865,Devansh Tak,Marketing,SEO Specialist,83,84.54,99.19,4.8,82.54,41,4.3,8,No,0,87.75649999999999,1.9652380952380955,86.0,Exceeds Expectations
250490,Alia Varty,Sales,Business Development,73,81.76,79.42,4.5,93.36,47,3.7,4,No,0,86.705,1.945,74.0,Exceeds Expectations
503678,Amani Shankar,Finance,Financial Analyst,85,75.65,88.87,3.1,92.55,54,3.4,24,No,0,81.5005,1.6827272727272726,68.0,Exceeds Expectations
729671,Indranil Sunder,IT,Data Analyst,65,81.81,90.32,3.1,76.69,53,3.4,18,No,0,78.323,1.4201851851851852,68.0,Meets Expectations
142732,Lagan Banerjee,Finance,Financial Analyst,63,88.02,99.33,3.4,73.01,36,3.0,18,No,0,81.46,1.9732432432432434,60.0,Exceeds Expectations
802022,Advika Saxena,Marketing,SEO Specialist,67,70.75,97.74,4.5,97.8,50,3.4,25,No,0,87.1535,1.9176470588235293,68.0,Exceeds Expectations
311438,Riaan Krishnan,Marketing,Marketing Executive,77,72.07,95.31,3.2,89.53,36,3.9,23,No,0,80.45649999999999,2.4197297297297298,78.0,Exceeds Expectations
424970,Veer Sahota,HR,Recruitment Specialist,84,90.42,83.25,4.8,98.33,47,3.6,21,No,0,92.94999999999999,2.0485416666666665,72.0,Exceeds Expectations
300475,Hazel Thaker,HR,HR Manager,71,61.48,82.8,4.5,87.3,54,4.3,4,No,0,77.993,1.5872727272727272,86.0,Meets Expectations
169680,Darshit Bhasin,Marketing,SEO Specialist,76,87.36,88.2,3.3,94.36,42,3.2,4,No,0,86.732,2.1944186046511627,64.0,Exceeds Expectations
597323,Neelofar Rana,HR,HR Manager,81,76.37,95.34,3.6,89.02,50,3.8,12,No,0,82.9875,1.7454901960784313,76.0,Exceeds Expectations
876520,Taran Kar,Marketing,Marketing Executive,99,91.48,78.21,3.6,96.97,48,3.5,17,No,0,88.48899999999999,1.9789795918367348,70.0,Exceeds Expectations
830628,Dharmajan Garg,Sales,Business Development,84,73.46,75.59,3.3,95.47,55,4.8,10,No,0,80.36399999999999,1.7048214285714285,96.0,Exceeds Expectations
752340,Ivana Sagar,Finance,Financial Analyst,83,92.92,83.43,4.8,98.51,37,3.3,19,No,0,93.91499999999999,2.592368421052632,65.99999999999999,Exceeds Expectations
278587,Mannat Mand,IT,Software Engineer,52,78.13,81.17,3.9,77.15,40,3.1,18,No,0,78.2235,1.8817073170731708,62.0,Meets Expectations
872672,Uthkarsh Hegde,Finance,Accountant,65,73.4,77.06,4.5,86.59,39,3.1,18,No,0,81.0555,2.16475,62.0,Exceeds Expectations
747843,Tiya Ahuja,Sales,Sales Executive,59,64.43,80.09,4.1,75.21,53,4.2,23,No,0,73.1875,1.3927777777777777,84.00000000000001,Meets Expectations
286442,Tanya Sharma,HR,HR Manager,87,64.05,95.83,4.2,73.6,38,3.2,0,No,0,75.15199999999999,1.8871794871794871,64.0,Meets Expectations
979597,Shamik Ramanathan,Finance,Financial Analyst,64,91.51,83.1,4.6,93.96,38,4.0,18,No,0,91.1795,2.4092307692307693,80.0,Exceeds Expectations
896664,Raunak Kata,HR,Employee Relations,59,64.47,97.23,4.8,95.82,44,4.5,2,No,0,85.08600000000001,2.1293333333333333,90.0,Exceeds Expectations
701069,Eva Khurana,Finance,Accountant,90,86.83,95.14,3.6,84.82,36,4.0,10,No,0,85.14849999999998,2.2924324324324323,80.0,Exceeds Expectations
888334,Yuvaan Karpe,Marketing,SEO Specialist,51,94.13,79.89,4.3,81.19,39,4.7,3,No,0,86.24549999999999,2.02975,94.0,Exceeds Expectations
970274,Jiya Chana,Sales,Sales Executive,63,71.37,82.92,3.0,77.95,54,4.8,0,No,0,73.7,1.4172727272727272,96.0,Meets Expectations
847727,Faiyaz Balakrishnan,IT,Cybersecurity Specialist,88,79.41,84.48,5.0,87.94,48,3.9,9,No,0,86.24449999999999,1.7946938775510204,78.0,Exceeds Expectations
259811,Inaaya  Mahajan,Marketing,Marketing Executive,54,77.89,93.02,3.4,98.46,41,3.7,12,No,0,85.8755,2.3442857142857143,74.0,Exceeds Expectations
648754,Rhea Varghese,Marketing,SEO Specialist,72,91.89,95.0,3.5,77.32,49,4.9,5,No,0,83.9735,1.5463999999999998,98.00000000000001,Exceeds Expectations
778707,Vihaan Bhatti,Sales,Account Manager,88,94.99,85.96,3.4,93.39,43,3.8,27,No,0,89.027,2.1225,76.0,Exceeds Expectations
372929,Chirag Sengupta,Marketing,Marketing Executive,88,70.28,95.29,3.6,77.37,37,3.3,4,No,0,76.77099999999999,2.0360526315789476,65.99999999999999,Meets Expectations
124932,Navya Varty,HR,Recruitment Specialist,64,92.8,87.81,4.4,70.52,36,3.9,22,No,0,83.53349999999999,1.9059459459459458,78.0,Exceeds Expectations
929402,Yasmin Trivedi,IT,Data Analyst,93,67.04,98.39,3.5,92.6,54,3.8,3,No,0,81.1325,1.6836363636363636,76.0,Exceeds Expectations
586041,Manjari Bassi,Sales,Sales Executive,98,64.4,78.82,3.4,87.27,55,4.8,10,Yes,1,75.10749999999999,1.5583928571428571,96.0,Meets Expectations
143913,Ela Batta,Marketing,Marketing Executive,65,77.04,80.52,4.9,81.6,45,4.0,9,No,0,82.302,1.7739130434782608,80.0,Exceeds Expectations
682800,Ivana Sarin,HR,Recruitment Specialist,75,82.79,94.97,3.8,73.81,38,3.8,19,No,0,80.4555,1.8925641025641027,76.0,Exceeds Expectations
687697,Baiju Talwar,Finance,Financial Analyst,87,72.53,93.15,3.1,72.23,38,3.6,22,No,0,73.93849999999999,1.8520512820512822,72.0,Meets Expectations
664876,Shaan Hari,HR,HR Manager,89,68.85,96.27,4.0,80.86,51,3.7,24,No,0,78.839,1.555,74.0,Meets Expectations
861468,Taimur Vyas,HR,Employee Relations,78,90.12,82.11,3.7,74.94,54,3.8,20,No,0,81.1875,1.3625454545454545,76.0,Exceeds Expectations
991573,Hridaan Ramakrishnan,Finance,Auditor,50,83.42,84.47,4.5,97.89,45,4.0,15,No,0,89.629,2.1280434782608695,80.0,Exceeds Expectations
174576,Hansh Char,HR,Employee Relations,78,76.89,96.06,4.4,92.98,39,4.2,18,No,0,87.06349999999999,2.3245,84.00000000000001,Exceeds Expectations
183560,Lavanya Hora,Marketing,Content Strategist,95,66.85,82.69,3.7,81.98,47,4.6,12,Yes,1,75.59399999999998,1.7079166666666667,92.0,Meets Expectations
783333,Anahita Brahmbhatt,Sales,Account Manager,99,90.86,83.61,4.3,91.51,50,4.2,20,Yes,1,89.271,1.7943137254901962,84.00000000000001,Exceeds Expectations
675706,Aarav Banik,HR,HR Manager,69,60.98,91.33,4.7,85.95,46,3.5,17,No,0,79.225,1.8287234042553193,70.0,Meets Expectations
180869,Jayant Dhillon,HR,Employee Relations,55,93.51,80.99,3.4,72.12,46,3.2,2,No,0,80.319,1.534468085106383,64.0,Exceeds Expectations
738019,Rania Tara,HR,Employee Relations,78,90.91,87.49,4.5,74.12,53,4.0,2,No,0,84.38399999999999,1.3725925925925926,80.0,Exceeds Expectations
331999,Neelofar Deep,Marketing,SEO Specialist,75,82.44,93.98,4.4,75.21,36,4.5,13,No,0,82.47449999999999,2.0327027027027027,90.0,Exceeds Expectations
345179,Neelofar Chowdhury,Sales,Business Development,90,82.35,86.26,4.2,77.01,42,3.3,20,No,0,81.315,1.7909302325581395,65.99999999999999,Exceeds Expectations
483895,Farhan Vaidya,Finance,Accountant,72,80.25,96.79,4.6,91.31,45,4.6,6,No,0,88.36449999999999,1.985,92.0,Exceeds Expectations
712936,Zaina Iyer,Finance,Accountant,54,61.03,94.48,4.2,75.42,45,3.5,30,No,0,74.52949999999998,1.6395652173913045,70.0,Meets Expectations
171523,Tarini Manda,Sales,Sales Executive,66,66.77,79.64,3.2,94.72,42,3.2,28,No,0,78.0675,2.2027906976744185,64.0,Meets Expectations
731705,Siya Vaidya,Sales,Business Development,81,74.78,98.36,3.8,85.57,51,3.2,29,No,0,82.2765,1.645576923076923,64.0,Exceeds Expectations
438055,Mannat Raja,Sales,Business Development,77,67.48,79.14,3.3,72.15,51,3.2,7,No,0,70.64150000000001,1.3875000000000002,64.0,Meets Expectations
527267,Hunar Batra,Marketing,Marketing Executive,57,77.51,95.47,4.5,78.27,49,4.2,24,No,0,82.34349999999999,1.5654,84.00000000000001,Exceeds Expectations
344341,Renee Sandhu,Sales,Account Manager,58,63.01,87.76,4.3,77.29,54,4.3,27,No,0,75.16900000000001,1.4052727272727275,86.0,Meets Expectations
247900,Aniruddh Grover,Finance,Financial Analyst,89,91.9,87.17,4.2,80.09,48,4.3,30,Yes,1,85.872,1.6344897959183675,86.0,Exceeds Expectations
399109,Tara Kashyap,Finance,Financial Analyst,67,63.69,89.98,4.4,94.09,50,4.8,22,No,0,81.92,1.8449019607843138,96.0,Exceeds Expectations
976438,Ivan Walia,Finance,Auditor,85,77.62,76.61,3.5,88.49,39,4.6,28,No,0,80.13,2.21225,92.0,Exceeds Expectations
218969,Urvi Hora,Finance,Auditor,73,93.22,93.04,4.3,75.86,37,3.4,14,No,0,86.034,1.9963157894736843,68.0,Exceeds Expectations
526997,Vritika Krishnamurthy,IT,Data Analyst,60,68.01,83.16,4.3,81.01,45,3.5,13,No,0,77.531,1.7610869565217393,70.0,Meets Expectations
193590,Prisha Kara,HR,HR Manager,79,78.16,91.7,3.1,72.34,50,3.1,10,No,0,75.72999999999999,1.4184313725490196,62.0,Meets Expectations
264411,Aaryahi Guha,IT,Software Engineer,57,69.6,90.15,3.0,86.83,47,4.3,7,No,0,77.273,1.8089583333333332,86.0,Meets Expectations
218346,Nitya Chauhan,IT,Data Analyst,70,80.71,89.22,4.0,91.99,52,3.4,23,No,0,85.82799999999999,1.7356603773584904,68.0,Exceeds Expectations
836767,Anvi Dutt,Sales,Sales Executive,85,74.62,83.02,3.7,88.32,45,4.1,6,No,0,80.582,1.92,82.0,Exceeds Expectations
764121,Ayesha Kala,Sales,Sales Executive,67,92.03,83.25,4.7,86.69,47,4.0,3,No,0,89.13949999999998,1.8060416666666665,80.0,Exceeds Expectations
458278,Arnav Suri,IT,Cybersecurity Specialist,86,86.03,79.7,4.3,87.75,40,3.1,8,No,0,85.678,2.1402439024390243,62.0,Exceeds Expectations
553095,Shaan Mall,IT,Data Analyst,84,60.05,75.14,3.4,77.41,42,3.1,17,No,0,69.582,1.8002325581395349,62.0,Meets Expectations
337428,Gatik Sule,IT,Cybersecurity Specialist,71,62.29,78.06,4.7,77.01,44,4.9,9,No,0,74.564,1.7113333333333334,98.00000000000001,Meets Expectations
767270,Tara Issac,Finance,Auditor,80,74.82,97.28,4.5,80.62,40,3.8,15,No,0,82.496,1.9663414634146343,76.0,Exceeds Expectations
783114,Yasmin Upadhyay,Marketing,SEO Specialist,74,81.89,78.64,3.3,90.62,39,4.4,22,No,0,82.0745,2.2655000000000003,88.00000000000001,Exceeds Expectations
594563,Nitara Banerjee,IT,Cybersecurity Specialist,95,84.46,78.7,3.4,84.89,39,3.9,20,No,0,81.27749999999999,2.12225,78.0,Exceeds Expectations
110245,Aarav Swaminathan,Finance,Auditor,67,84.0,95.78,3.8,88.47,52,4.7,8,No,0,86.1315,1.669245283018868,94.0,Exceeds Expectations
397482,Tanya Hans,HR,HR Manager,74,67.71,82.36,4.0,97.7,42,3.9,7,No,0,82.2475,2.272093023255814,78.0,Exceeds Expectations
993237,Pranay Grewal,Finance,Accountant,77,82.48,88.14,3.3,97.59,38,4.6,10,No,0,86.14550000000001,2.5023076923076926,92.0,Exceeds Expectations
108047,Nitara Sen,Sales,Account Manager,77,60.07,94.57,3.1,96.12,50,4.0,3,No,0,78.152,1.8847058823529412,80.0,Meets Expectations
446955,Dhruv Dugal,Finance,Accountant,92,66.36,91.27,4.3,79.98,52,4.1,18,Yes,1,77.8095,1.509056603773585,82.0,Meets Expectations
138855,Reyansh Kuruvilla,IT,Cybersecurity Specialist,78,64.07,84.9,3.6,70.99,48,4.4,24,No,0,70.80599999999998,1.4487755102040816,88.00000000000001,Meets Expectations
608563,Ela Bala,Finance,Financial Analyst,100,66.71,76.25,3.4,89.08,44,4.6,0,Yes,1,76.164,1.9795555555555555,92.0,Meets Expectations
303561,Advika Trivedi,Finance,Financial Analyst,82,84.08,76.53,3.1,85.57,41,3.9,30,No,0,80.157,2.037380952380952,78.0,Exceeds Expectations
338324,Anahita Venkatesh,Sales,Business Development,76,65.24,95.16,3.9,83.88,47,4.8,8,No,0,78.166,1.7474999999999998,96.0,Meets Expectations
805972,Lakshay Saxena,HR,HR Manager,65,78.58,98.37,4.9,78.47,53,3.3,27,No,0,84.423,1.453148148148148,65.99999999999999,Exceeds Expectations
710006,Bhavin Ahluwalia,HR,HR Manager,85,60.18,77.86,4.6,73.12,45,4.9,1,No,0,72.134,1.5895652173913044,98.00000000000001,Meets Expectations
174684,Shlok Bhatt,Finance,Financial Analyst,73,60.57,86.0,4.4,73.07,39,4.9,5,No,0,72.874,1.8267499999999999,98.00000000000001,Meets Expectations
370541,Urvi Kibe,Finance,Accountant,90,87.93,98.58,3.8,72.85,41,3.1,21,No,0,82.46000000000001,1.7345238095238094,62.0,Exceeds Expectations
643527,Samiha Loke,Sales,Business Development,91,85.31,95.06,3.1,72.09,42,3.6,30,No,0,78.649,1.6765116279069767,72.0,Meets Expectations
552506,Kaira Gera,HR,Employee Relations,74,60.44,91.05,4.2,83.28,53,3.6,24,No,0,76.55949999999999,1.5422222222222222,72.0,Meets Expectations
837493,Divit Gill,Marketing,SEO Specialist,60,93.28,94.83,3.1,97.78,49,4.3,1,No,0,90.39549999999998,1.9556,86.0,Exceeds Expectations
719443,Samiha Swamy,HR,Employee Relations,64,83.8,92.36,4.8,71.34,43,3.5,29,No,0,82.553,1.6213636363636363,70.0,Exceeds Expectations
537927,Rati Tandon,HR,Employee Relations,91,94.5,76.84,4.2,81.19,43,3.3,18,No,0,85.61749999999998,1.8452272727272727,65.99999999999999,Exceeds Expectations
928791,Kanav Sama,Finance,Accountant,94,69.05,92.21,4.6,83.13,49,3.4,25,No,0,80.89449999999998,1.6625999999999999,68.0,Exceeds Expectations
552368,Adira Grewal,Finance,Financial Analyst,64,94.83,77.36,5.0,85.03,42,4.9,23,No,0,89.55499999999999,1.9774418604651163,98.00000000000001,Exceeds Expectations
127618,Indrajit Venkatesh,Marketing,Content Strategist,55,82.09,77.77,4.9,98.66,54,3.3,9,No,0,89.628,1.7938181818181818,65.99999999999999,Exceeds Expectations
102677,Anahi Mallick,Sales,Account Manager,87,80.88,96.81,4.8,78.01,44,3.8,18,No,0,84.53299999999999,1.7335555555555557,76.0,Exceeds Expectations
689416,Renee Batra,Sales,Account Manager,72,80.79,80.69,4.7,70.77,36,3.3,3,No,0,79.24949999999998,1.9127027027027026,65.99999999999999,Meets Expectations
986803,Nehmat Khatri,Sales,Account Manager,50,63.41,78.74,4.6,99.21,53,3.4,15,No,0,82.52799999999998,1.837222222222222,68.0,Exceeds Expectations
816066,Aarush Soman,Sales,Business Development,83,77.98,86.47,3.7,78.15,50,3.4,7,No,0,78.716,1.5323529411764707,68.0,Meets Expectations
212010,Shanaya Verma,Marketing,SEO Specialist,69,70.17,86.83,4.8,87.94,55,4.1,30,No,0,82.763,1.5703571428571428,82.0,Exceeds Expectations
599165,Nirvaan Comar,Marketing,SEO Specialist,74,91.26,78.1,4.4,81.88,53,3.2,27,No,0,85.514,1.5162962962962963,64.0,Exceeds Expectations
283744,Tiya Butala,Marketing,Marketing Executive,57,60.21,80.61,4.4,97.01,42,4.8,21,No,0,80.3185,2.256046511627907,96.0,Exceeds Expectations
134676,Kavya Vaidya,Finance,Financial Analyst,69,66.06,92.0,4.6,93.8,48,4.9,8,No,0,83.55099999999999,1.9142857142857141,98.00000000000001,Exceeds Expectations
403920,Amira Sandhu,Finance,Accountant,91,80.08,87.97,4.5,98.78,54,4.6,16,Yes,1,89.2965,1.796,92.0,Exceeds Expectations
728620,Akarsh Sibal,Sales,Sales Executive,88,66.82,83.69,3.5,79.5,49,4.0,27,No,0,74.2655,1.59,80.0,Meets Expectations
110266,Gatik Raj,HR,Employee Relations,94,84.04,99.9,3.0,99.43,37,4.7,7,Yes,1,88.1995,2.616578947368421,94.0,Exceeds Expectations
475929,Hrishita Hans,Finance,Accountant,80,66.84,88.67,4.6,96.76,39,3.3,5,No,0,84.36049999999999,2.419,65.99999999999999,Exceeds Expectations
505768,Divyansh Kar,HR,Recruitment Specialist,98,65.61,94.81,4.0,82.76,54,4.4,22,Yes,1,78.15100000000001,1.504727272727273,88.00000000000001,Meets Expectations
973510,Mahika Garde,Sales,Sales Executive,61,86.2,84.51,3.1,73.93,40,4.3,10,No,0,78.022,1.8031707317073173,86.0,Meets Expectations
633512,Misha Aurora,Sales,Account Manager,91,75.43,92.85,3.3,81.45,54,3.1,9,No,0,78.7355,1.480909090909091,62.0,Meets Expectations
893822,Yuvraj  Bhatnagar,IT,Software Engineer,68,63.82,95.57,4.1,77.29,48,4.2,1,No,0,76.024,1.5773469387755104,84.00000000000001,Meets Expectations
635822,Eshani Wable,Marketing,Marketing Executive,90,90.39,82.83,3.5,78.73,50,3.4,21,No,0,82.11649999999999,1.5437254901960784,68.0,Exceeds Expectations
685244,Raghav Mangal,Marketing,SEO Specialist,87,94.7,81.39,3.7,91.71,37,3.6,24,No,0,88.55199999999998,2.4134210526315787,72.0,Exceeds Expectations
739688,Samarth Sane,IT,Data Analyst,56,94.58,77.34,3.9,98.7,42,3.3,2,No,0,90.949,2.2953488372093025,65.99999999999999,Exceeds Expectations
977658,Taran Joshi,IT,Software Engineer,79,81.93,76.77,3.1,87.04,38,4.1,18,No,0,79.955,2.231794871794872,82.0,Meets Expectations
609536,Zoya Korpal,Finance,Financial Analyst,82,68.04,78.54,4.7,94.19,48,4.8,22,No,0,82.66149999999999,1.9222448979591835,96.0,Exceeds Expectations
100859,Damini Mallick,IT,Cybersecurity Specialist,55,81.07,89.76,4.9,96.02,53,3.4,8,No,0,90.1455,1.778148148148148,68.0,Exceeds Expectations
743736,Urvi Agate,IT,Software Engineer,100,70.37,91.63,3.0,98.2,44,3.0,17,No,0,81.744,2.1822222222222223,60.0,Exceeds Expectations
942569,Vritika Keer,HR,HR Manager,56,76.24,78.64,3.2,83.2,49,4.1,4,No,0,77.19999999999999,1.6640000000000001,82.0,Meets Expectations
997078,Romil Kar,IT,Data Analyst,61,85.07,79.5,3.7,72.81,38,3.6,17,No,0,78.28299999999999,1.866923076923077,72.0,Meets Expectations
614925,Vihaan Srinivas,Marketing,SEO Specialist,71,67.58,93.06,4.7,88.58,37,4.2,29,No,0,82.71499999999999,2.3310526315789475,84.00000000000001,Exceeds Expectations
376491,Kanav Deshpande,HR,Recruitment Specialist,65,74.32,97.36,4.1,88.35,36,3.2,8,No,0,83.8385,2.3878378378378375,64.0,Exceeds Expectations
377841,Anay Raja,HR,Recruitment Specialist,68,85.11,98.58,4.0,97.29,39,4.3,5,No,0,90.627,2.4322500000000002,86.0,Exceeds Expectations
326517,Ira Yadav,Finance,Financial Analyst,66,87.39,95.55,3.2,74.86,50,4.3,6,No,0,80.71999999999998,1.467843137254902,86.0,Exceeds Expectations
187703,Nayantara Raman,Sales,Account Manager,95,80.35,96.99,4.2,86.43,42,4.8,16,Yes,1,85.52149999999999,2.0100000000000002,96.0,Exceeds Expectations
433969,Yuvraj  Vaidya,Marketing,SEO Specialist,58,67.8,90.82,4.2,82.6,50,3.7,29,No,0,78.86299999999999,1.6196078431372547,74.0,Meets Expectations
817420,Kavya Sawhney,Sales,Account Manager,67,62.75,99.63,4.5,90.65,47,4.8,16,No,0,82.1345,1.8885416666666668,96.0,Exceeds Expectations
969216,Neelofar Bala,Sales,Sales Executive,72,61.21,98.77,3.5,90.2,39,4.2,12,No,0,78.309,2.255,84.00000000000001,Meets Expectations
122337,Samar Bansal,Sales,Sales Executive,86,89.12,76.76,3.7,77.17,37,4.3,16,Yes,1,80.81549999999999,2.0307894736842105,86.0,Exceeds Expectations
983126,Divit Mander,IT,Cybersecurity Specialist,74,79.37,82.6,3.7,96.58,52,4.8,27,No,0,85.07249999999999,1.822264150943396,96.0,Exceeds Expectations
927620,Aniruddh Badal,IT,Cybersecurity Specialist,60,90.12,93.43,4.9,73.24,42,3.5,3,No,0,85.8905,1.7032558139534884,70.0,Exceeds Expectations
322211,Misha Chokshi,Sales,Business Development,67,70.31,75.59,3.4,95.99,44,3.4,25,No,0,79.7435,2.133111111111111,68.0,Meets Expectations
181316,Bhamini Lala,HR,HR Manager,82,61.57,94.54,4.0,73.06,36,3.5,1,No,0,73.30149999999999,1.9745945945945946,70.0,Meets Expectations
809907,Anay Contractor,Marketing,SEO Specialist,50,61.13,89.04,4.2,77.93,51,3.4,23,No,0,74.627,1.4986538461538463,68.0,Meets Expectations
982979,Jiya Saxena,Sales,Account Manager,92,74.71,83.5,3.1,75.43,41,3.3,5,No,0,74.374,1.7959523809523812,65.99999999999999,Meets Expectations
204979,Myra Kamdar,Marketing,SEO Specialist,94,91.69,77.77,4.6,95.21,38,3.6,30,No,0,90.88049999999998,2.4412820512820512,72.0,Exceeds Expectations
411007,Madhav Solanki,Finance,Auditor,77,93.36,88.43,4.2,89.89,55,4.6,9,No,0,90.00199999999998,1.6051785714285713,92.0,Exceeds Expectations
653728,Madhup Khare,Marketing,SEO Specialist,71,80.87,76.87,3.0,97.45,42,5.0,27,No,0,82.94250000000001,2.266279069767442,100.0,Exceeds Expectations
482889,Shray Chana,Marketing,SEO Specialist,52,84.31,86.17,4.8,89.28,50,4.4,19,No,0,88.082,1.7505882352941178,88.00000000000001,Exceeds Expectations
544759,Jiya Lal,Sales,Account Manager,50,74.67,91.94,3.1,97.42,50,4.9,11,No,0,83.32249999999999,1.9101960784313725,98.00000000000001,Exceeds Expectations
928490,Gokul Lalla,IT,Cybersecurity Specialist,66,87.4,79.49,4.4,84.55,45,4.8,4,No,0,85.306,1.8380434782608694,96.0,Exceeds Expectations
698482,Arnav Ben,Finance,Auditor,56,84.49,94.62,4.9,71.64,42,3.8,29,No,0,83.5385,1.666046511627907,76.0,Exceeds Expectations
594971,Ojas Dasgupta,Marketing,Content Strategist,51,66.1,92.64,3.6,78.53,39,4.6,13,No,0,75.31649999999999,1.96325,92.0,Meets Expectations
942316,Eva Bassi,IT,Data Analyst,79,92.07,75.22,3.1,86.94,37,3.9,30,No,0,83.23649999999999,2.287894736842105,78.0,Exceeds Expectations
781987,Azad Tara,Finance,Auditor,50,70.0,93.99,3.1,82.68,50,3.2,0,No,0,76.8365,1.6211764705882354,64.0,Meets Expectations
720143,Ivan Buch,Marketing,SEO Specialist,77,89.88,94.56,4.3,88.76,47,4.2,22,No,0,89.608,1.8491666666666668,84.00000000000001,Exceeds Expectations
339439,Pari Goswami,Marketing,Marketing Executive,90,65.45,88.92,3.4,88.1,37,4.0,21,No,0,77.28049999999999,2.318421052631579,80.0,Meets Expectations
720446,Misha Bhavsar,Finance,Financial Analyst,82,81.31,82.34,4.6,96.88,35,4.3,14,No,0,88.51749999999998,2.691111111111111,86.0,Exceeds Expectations
962430,Misha Bajaj,Sales,Account Manager,91,67.54,96.61,3.4,75.28,55,3.7,22,No,0,74.6785,1.3442857142857143,74.0,Meets Expectations
395092,Nitara Gala,Marketing,Marketing Executive,97,78.17,96.63,3.2,92.53,45,3.7,3,No,0,83.8395,2.0115217391304347,74.0,Exceeds Expectations
567705,Drishya Jayaraman,Sales,Business Development,57,64.65,99.48,4.9,74.45,54,4.4,13,No,0,78.307,1.3536363636363637,88.00000000000001,Meets Expectations
641399,Ira Bail,IT,Cybersecurity Specialist,93,89.38,98.74,3.3,74.24,53,3.5,22,No,0,81.978,1.3748148148148147,70.0,Exceeds Expectations
130693,Faiyaz Taneja,HR,Employee Relations,88,74.46,86.9,4.0,71.17,37,4.6,27,Yes,1,76.0055,1.8728947368421054,92.0,Meets Expectations
182341,Bhamini Chada,Sales,Business Development,68,87.65,89.47,4.1,94.33,44,4.5,24,No,0,89.4135,2.096222222222222,90.0,Exceeds Expectations
442755,Adira Krishna,Sales,Sales Executive,64,94.44,77.78,3.2,96.67,44,4.6,27,No,0,88.15549999999999,2.1482222222222225,92.0,Exceeds Expectations
780068,Mahika Savant,HR,Employee Relations,84,77.33,99.73,3.1,85.11,46,3.6,11,No,0,81.1135,1.8108510638297872,72.0,Exceeds Expectations
592447,Tara Sundaram,Sales,Account Manager,75,66.16,88.27,4.6,98.35,52,3.7,10,No,0,84.61899999999999,1.8556603773584905,74.0,Exceeds Expectations
213554,Adah Hayre,Sales,Sales Executive,69,77.89,82.46,3.9,73.9,45,4.4,18,No,0,77.1955,1.606521739130435,88.00000000000001,Meets Expectations
403457,Inaaya  Dugar,HR,Recruitment Specialist,79,88.87,84.82,4.0,88.81,54,3.2,8,No,0,86.911,1.6147272727272728,64.0,Exceeds Expectations
628262,Divyansh Raman,HR,HR Manager,70,82.41,84.05,3.7,72.49,37,4.4,26,No,0,77.92249999999999,1.9076315789473683,88.00000000000001,Meets Expectations
437789,Kanav Sem,IT,Cybersecurity Specialist,83,94.3,98.36,4.1,82.88,48,3.2,6,No,0,89.067,1.6914285714285713,64.0,Exceeds Expectations
734161,Badal Kata,Finance,Accountant,57,66.55,86.67,3.6,98.17,36,4.6,26,No,0,81.45249999999999,2.653243243243243,92.0,Exceeds Expectations
460858,Dishani Bhandari,Marketing,SEO Specialist,82,91.14,86.95,3.9,70.64,55,4.7,30,No,0,81.3655,1.2614285714285713,94.0,Exceeds Expectations
682181,Tushar Balasubramanian,Sales,Sales Executive,99,73.64,85.7,4.4,77.81,52,4.7,28,Yes,1,79.0625,1.46811320754717,94.0,Meets Expectations
663221,Samar Sodhi,Finance,Auditor,95,89.72,94.9,3.8,70.33,38,3.4,16,No,0,81.6525,1.8033333333333332,68.0,Exceeds Expectations
646652,Anay Sen,Marketing,Marketing Executive,63,60.1,84.32,4.1,85.32,41,4.7,13,No,0,75.84499999999998,2.031428571428571,94.0,Meets Expectations
137653,Kismat Chander,HR,Recruitment Specialist,76,65.32,78.28,4.3,89.58,51,4.4,2,No,0,78.857,1.7226923076923077,88.00000000000001,Meets Expectations
277652,Dishani Maharaj,Sales,Account Manager,61,76.54,84.32,4.4,82.34,50,3.1,18,No,0,81.456,1.6145098039215686,62.0,Exceeds Expectations
114775,Riya Saini,Sales,Sales Executive,78,69.14,82.19,3.3,83.33,43,4.6,20,No,0,75.593,1.8938636363636363,92.0,Meets Expectations
239240,Oorja Samra,Marketing,Marketing Executive,88,89.92,82.29,3.4,83.18,45,3.9,30,No,0,83.1285,1.8082608695652176,78.0,Exceeds Expectations
842471,Ishita Majumdar,IT,Data Analyst,68,89.57,78.41,3.4,74.69,36,3.1,24,No,0,79.4525,2.018648648648649,62.0,Meets Expectations
253583,Nitara Kala,Sales,Sales Executive,100,80.61,92.72,3.7,89.41,37,4.2,25,Yes,1,84.51499999999999,2.352894736842105,84.00000000000001,Exceeds Expectations
306160,Ahana  Suresh,Sales,Account Manager,66,62.01,81.23,4.4,89.77,39,4.4,8,No,0,78.5075,2.24425,88.00000000000001,Meets Expectations
982686,Eshani Johal,HR,HR Manager,86,81.57,90.14,4.6,97.5,55,3.3,28,No,0,89.99549999999999,1.7410714285714286,65.99999999999999,Exceeds Expectations
580910,Abram Mandal,IT,Cybersecurity Specialist,76,91.66,84.25,3.9,86.79,41,4.0,2,No,0,86.795,2.0664285714285717,80.0,Exceeds Expectations
848391,Purab Rattan,Finance,Financial Analyst,98,90.93,87.96,3.5,70.73,51,3.2,10,No,0,80.275,1.3601923076923077,64.0,Exceeds Expectations
758193,Nehmat Shanker,Finance,Accountant,70,88.83,89.5,3.3,86.52,44,4.4,23,No,0,84.6975,1.9226666666666665,88.00000000000001,Exceeds Expectations
307543,Shray Gulati,IT,Data Analyst,96,75.24,86.23,3.6,96.35,47,4.5,20,Yes,1,83.79099999999998,2.0072916666666667,90.0,Exceeds Expectations
449953,Zara Lal,Finance,Auditor,77,84.43,84.91,4.3,99.78,48,3.4,11,No,0,90.11000000000001,2.036326530612245,68.0,Exceeds Expectations
377991,Anay Basak,Finance,Accountant,91,79.15,77.33,5.0,90.08,44,4.1,7,Yes,1,85.83,2.001777777777778,82.0,Exceeds Expectations
340028,Badal Bail,HR,HR Manager,98,69.35,87.25,4.6,97.82,53,4.3,12,Yes,1,85.39699999999999,1.8114814814814812,86.0,Exceeds Expectations
421664,Romil Chawla,Marketing,Content Strategist,62,67.58,99.07,4.1,86.15,51,4.1,29,No,0,80.966,1.6567307692307693,82.0,Exceeds Expectations
583390,Yuvaan Shan,Finance,Auditor,60,94.22,93.15,4.9,73.45,37,4.0,23,No,0,87.357,1.9328947368421054,80.0,Exceeds Expectations
925356,Eva Sawhney,HR,HR Manager,70,81.02,86.16,3.8,99.98,48,4.9,13,No,0,87.674,2.0404081632653064,98.00000000000001,Exceeds Expectations
660349,Ira Swaminathan,IT,Cybersecurity Specialist,93,70.5,89.18,3.6,97.98,38,4.6,24,Yes,1,83.145,2.5123076923076924,92.0,Exceeds Expectations
691593,Ranbir Borde,HR,HR Manager,50,93.72,80.68,3.4,82.98,42,4.4,8,No,0,84.147,1.9297674418604651,88.00000000000001,Exceeds Expectations
948647,Mannat Sani,Finance,Auditor,74,67.01,86.59,3.2,95.74,39,3.7,22,No,0,79.55099999999999,2.3935,74.0,Meets Expectations
244588,Kimaya Datta,IT,Data Analyst,66,70.38,89.16,4.7,71.92,47,3.8,5,No,0,77.27899999999998,1.4983333333333333,76.0,Meets Expectations
748570,Divit Devan,Sales,Account Manager,60,84.92,95.75,4.6,74.99,40,3.7,2,No,0,84.13099999999999,1.8290243902439023,74.0,Exceeds Expectations
353447,Tarini Bala,Finance,Accountant,52,68.51,81.96,3.5,93.99,52,4.1,14,No,0,79.669,1.7733962264150942,82.0,Meets Expectations
961445,Bhamini Khurana,Finance,Accountant,85,92.71,87.98,3.5,75.6,48,3.4,24,No,0,82.60549999999999,1.5428571428571427,68.0,Exceeds Expectations
207255,Jayan Rama,Marketing,SEO Specialist,60,66.33,86.69,4.3,81.41,46,4.4,4,No,0,77.6125,1.732127659574468,88.00000000000001,Meets Expectations
667411,Anahi Hegde,Sales,Business Development,97,87.15,97.19,3.1,88.91,49,3.1,3,No,0,85.4995,1.7782,62.0,Exceeds Expectations
111590,Saanvi Chowdhury,IT,Cybersecurity Specialist,86,74.67,81.41,4.8,74.64,50,4.4,22,Yes,1,78.87,1.463529411764706,88.00000000000001,Meets Expectations
561624,Anay Kapoor,Finance,Auditor,84,67.49,94.74,3.0,95.68,35,3.9,17,No,0,80.3205,2.657777777777778,78.0,Exceeds Expectations
468320,Mishti Tiwari,IT,Data Analyst,53,79.26,98.44,3.4,77.59,43,4.8,29,No,0,79.8635,1.763409090909091,96.0,Meets Expectations
494632,Mishti Vaidya,Finance,Financial Analyst,87,93.75,85.09,3.2,78.32,51,4.5,17,Yes,1,82.588,1.506153846153846,90.0,Exceeds Expectations
661554,Purab Kannan,Finance,Financial Analyst,67,87.04,96.52,4.8,97.09,37,3.6,12,No,0,93.3235,2.555,72.0,Exceeds Expectations
628509,Advik Divan,HR,Recruitment Specialist,86,83.48,87.61,4.6,88.26,47,3.3,6,No,0,87.05049999999999,1.83875,65.99999999999999,Exceeds Expectations
791456,Zaina Singhal,Sales,Account Manager,69,74.62,86.39,4.7,71.24,46,3.3,27,No,0,78.1095,1.5157446808510637,65.99999999999999,Meets Expectations
322870,Shanaya Agate,Finance,Accountant,62,62.07,87.49,4.1,71.65,44,3.4,20,No,0,72.2255,1.5922222222222224,68.0,Meets Expectations
953553,Yuvraj  Srivastava,Marketing,Content Strategist,55,60.04,85.41,3.6,84.5,37,4.6,1,No,0,74.20049999999999,2.223684210526316,92.0,Meets Expectations
312682,Riaan Sehgal,HR,Employee Relations,57,85.65,93.57,4.0,88.63,40,4.2,5,No,0,87.03349999999999,2.1617073170731707,84.00000000000001,Exceeds Expectations
717604,Shaan Bera,HR,Recruitment Specialist,94,88.95,90.04,3.2,90.82,49,3.0,8,No,0,86.0255,1.8163999999999998,60.0,Exceeds Expectations
188376,Azad Sani,Finance,Accountant,88,76.28,94.44,3.3,87.49,41,4.1,16,Yes,1,81.38550000000001,2.083095238095238,82.0,Exceeds Expectations
439460,Nayantara Chauhan,IT,Software Engineer,53,75.85,86.86,3.5,75.37,45,4.6,28,No,0,76.45599999999999,1.6384782608695654,92.0,Meets Expectations
876583,Nayantara Chaudry,Sales,Business Development,59,92.74,97.0,4.0,81.73,39,4.0,18,No,0,87.61449999999999,2.04325,80.0,Exceeds Expectations
422978,Kaira Bhatia,IT,Software Engineer,95,63.3,93.66,4.8,70.13,49,3.4,5,No,0,75.14949999999999,1.4025999999999998,68.0,Meets Expectations
984713,Zeeshan Grewal,Marketing,SEO Specialist,52,63.65,87.71,3.2,99.48,54,4.5,5,No,0,79.85199999999999,1.8087272727272727,90.0,Meets Expectations
353323,Bhavin Bandi,HR,HR Manager,98,91.42,92.61,3.2,91.58,43,3.1,2,No,0,87.54149999999998,2.0813636363636365,62.0,Exceeds Expectations
246390,Ojas Bir,Sales,Sales Executive,55,78.44,81.62,3.6,78.05,41,4.2,2,No,0,77.8145,1.8583333333333332,84.00000000000001,Meets Expectations
231085,Pihu Lal,HR,Recruitment Specialist,71,91.91,92.87,4.8,72.35,47,3.6,24,No,0,85.82149999999999,1.5072916666666665,72.0,Exceeds Expectations
296819,Siya Dua,HR,Recruitment Specialist,86,73.38,92.04,3.9,76.39,36,4.3,10,Yes,1,77.9255,2.0645945945945945,86.0,Meets Expectations
446189,Shalv Hari,Finance,Accountant,54,94.84,91.16,3.4,83.55,44,3.7,9,No,0,86.3105,1.8566666666666667,74.0,Exceeds Expectations
421809,Parinaaz Suresh,Finance,Auditor,80,67.41,81.13,4.3,94.39,48,3.4,28,No,0,81.6995,1.926326530612245,68.0,Exceeds Expectations
673079,Vaibhav Bava,Sales,Account Manager,88,60.17,88.86,4.8,87.77,40,3.1,3,No,0,79.50799999999998,2.140731707317073,62.0,Meets Expectations
489890,Taran Chandra,Finance,Auditor,85,82.12,88.29,4.1,96.26,37,3.5,14,No,0,87.9765,2.533157894736842,70.0,Exceeds Expectations
823013,Ishita Setty,Finance,Accountant,66,93.95,87.18,3.2,84.22,39,3.7,1,No,0,85.03649999999999,2.1055,74.0,Exceeds Expectations
559358,Miraya Verma,Sales,Sales Executive,60,91.87,92.3,4.8,98.71,50,4.4,24,No,0,94.94800000000001,1.9354901960784312,88.00000000000001,Exceeds Expectations
275810,Zeeshan Vohra,HR,Employee Relations,75,87.99,98.81,3.3,70.14,51,3.0,28,No,0,80.06700000000001,1.3488461538461538,60.0,Exceeds Expectations
323997,Hansh Buch,IT,Software Engineer,57,92.82,96.33,4.5,70.91,43,4.8,5,No,0,85.255,1.611590909090909,96.0,Exceeds Expectations
691011,Shanaya Virk,Marketing,Content Strategist,77,79.84,99.2,3.8,91.64,54,4.1,16,No,0,86.298,1.6661818181818182,82.0,Exceeds Expectations
606387,Anya Seshadri,Marketing,SEO Specialist,63,73.29,97.31,3.1,70.12,44,5.0,9,No,0,74.08999999999999,1.5582222222222224,100.0,Meets Expectations
821773,Romil Salvi,HR,Employee Relations,54,87.82,76.88,3.0,86.74,47,4.3,9,No,0,81.62799999999999,1.8070833333333332,86.0,Exceeds Expectations
913327,Piya Ram,Finance,Auditor,84,68.46,94.63,3.7,95.43,42,4.0,11,No,0,82.65599999999999,2.2193023255813955,80.0,Exceeds Expectations
305015,Devansh Kala,HR,Employee Relations,82,69.76,97.15,3.7,99.86,51,4.3,16,No,0,85.0395,1.9203846153846154,86.0,Exceeds Expectations
276470,Tushar Kakar,Finance,Financial Analyst,66,72.53,80.41,3.0,84.36,41,3.8,28,No,0,75.973,2.0085714285714285,76.0,Meets Expectations
970750,Piya Tank,Finance,Accountant,51,94.95,91.14,4.6,96.4,38,4.9,18,No,0,94.44349999999999,2.471794871794872,98.00000000000001,Exceeds Expectations
275281,Mannat Dugar,HR,HR Manager,90,64.72,80.61,3.3,85.44,43,3.9,2,No,0,74.5475,1.9418181818181817,78.0,Meets Expectations
607031,Prisha Ramachandran,HR,Recruitment Specialist,50,61.07,93.73,3.2,71.35,40,4.3,23,No,0,70.00649999999999,1.7402439024390242,86.0,Meets Expectations
327641,Akarsh Kara,HR,HR Manager,90,85.82,93.94,3.2,84.11,44,4.8,29,Yes,1,83.16649999999998,1.8691111111111112,96.0,Exceeds Expectations
873000,Veer Joshi,Sales,Account Manager,91,94.11,92.96,3.2,87.76,47,4.7,1,Yes,1,87.1985,1.8283333333333334,94.0,Exceeds Expectations
783454,Divij Chawla,Sales,Sales Executive,94,64.36,87.57,4.6,81.11,47,4.0,2,No,0,77.85,1.6897916666666666,80.0,Meets Expectations
768714,Drishya Deo,Finance,Accountant,53,92.64,81.34,4.9,97.8,51,3.1,4,No,0,93.55499999999999,1.8807692307692307,62.0,Exceeds Expectations
283077,Alisha Varghese,Sales,Sales Executive,60,93.62,93.98,3.1,71.64,52,3.7,27,No,0,81.238,1.3516981132075472,74.0,Exceeds Expectations
470019,Hansh Khanna,HR,Recruitment Specialist,54,78.54,76.36,3.3,90.71,39,3.2,30,No,0,80.5915,2.26775,64.0,Exceeds Expectations
104228,Rasha Ahuja,Finance,Auditor,83,68.52,76.73,3.8,93.33,47,4.5,9,No,0,79.557,1.944375,90.0,Meets Expectations
109057,Nishith Garg,Sales,Sales Executive,62,91.18,88.57,4.6,74.44,44,4.6,25,No,0,85.0525,1.6542222222222223,92.0,Exceeds Expectations
215316,Biju Kalita,Marketing,Content Strategist,71,64.67,80.23,4.4,91.24,43,4.0,20,No,0,79.803,2.0736363636363637,80.0,Meets Expectations
198933,Jayan Rege,Marketing,SEO Specialist,62,94.61,80.15,4.9,75.96,54,3.9,15,No,0,86.42199999999998,1.381090909090909,78.0,Exceeds Expectations
272238,Saksham Bal,HR,Recruitment Specialist,95,93.07,97.24,4.3,90.25,47,3.1,5,No,0,91.648,1.8802083333333333,62.0,Exceeds Expectations
922221,Ahana  Bhatti,IT,Data Analyst,66,76.77,91.46,4.1,81.13,35,3.1,17,No,0,81.28399999999999,2.253611111111111,62.0,Exceeds Expectations
312405,Indrans Aurora,Sales,Account Manager,57,74.95,88.91,4.9,71.7,52,4.7,23,No,0,79.364,1.3528301886792453,94.0,Meets Expectations
452560,Mamooty Raj,Sales,Account Manager,80,74.23,97.89,3.0,98.11,36,3.5,0,No,0,84.0025,2.6516216216216217,70.0,Exceeds Expectations
723752,Yuvraj  Dara,Sales,Business Development,62,68.43,79.91,4.7,83.45,55,3.1,8,No,0,79.24449999999999,1.4901785714285716,62.0,Meets Expectations
909793,Taran Sawhney,HR,HR Manager,56,82.05,79.06,4.2,96.45,42,4.4,8,No,0,86.93399999999998,2.2430232558139536,88.00000000000001,Exceeds Expectations
677659,Hrishita Agate,Sales,Business Development,65,87.51,99.62,3.1,73.03,36,3.4,26,No,0,80.43199999999999,1.9737837837837837,68.0,Exceeds Expectations
471658,Seher Bhatnagar,Sales,Sales Executive,51,83.7,98.28,4.1,80.56,48,3.5,24,No,0,84.533,1.6440816326530612,70.0,Exceeds Expectations
805154,Dhanush Sehgal,HR,HR Manager,51,80.02,76.12,3.1,74.34,42,3.4,13,No,0,74.744,1.7288372093023257,68.0,Meets Expectations
668316,Neysa Tiwari,Marketing,SEO Specialist,90,68.05,83.57,3.2,80.21,44,3.8,4,No,0,74.02649999999998,1.7824444444444443,76.0,Meets Expectations
286143,Pihu Korpal,Sales,Sales Executive,72,69.12,99.37,3.6,71.84,38,3.8,6,No,0,75.0415,1.8420512820512822,76.0,Meets Expectations
871816,Ishaan Saraf,Finance,Auditor,98,94.22,90.8,4.9,77.0,39,3.7,21,No,0,88.247,1.925,74.0,Exceeds Expectations
773337,Yashvi Khatri,Marketing,Content Strategist,53,86.74,81.96,4.6,79.01,49,4.3,2,No,0,84.1065,1.5802,86.0,Exceeds Expectations
557620,Mamooty Bora,Marketing,Content Strategist,98,81.35,88.36,3.2,77.18,55,4.1,16,Yes,1,78.3395,1.3782142857142858,82.0,Meets Expectations
248692,Inaaya  Luthra,HR,Employee Relations,77,61.7,80.54,4.8,90.62,47,3.3,5,No,0,79.793,1.8879166666666667,65.99999999999999,Meets Expectations
966283,Aayush Bajaj,Finance,Auditor,51,72.53,91.71,4.0,91.79,54,4.3,0,No,0,83.2685,1.6689090909090911,86.0,Exceeds Expectations
709404,Emir Grewal,HR,HR Manager,84,82.02,95.42,3.1,85.13,37,3.8,10,No,0,82.1155,2.2402631578947365,76.0,Exceeds Expectations
908523,Pranay Boase,Finance,Accountant,98,90.8,90.24,4.8,90.32,51,3.7,4,No,0,91.328,1.7369230769230768,74.0,Exceeds Expectations
762849,Divij Hora,HR,Recruitment Specialist,61,75.74,76.07,3.6,81.17,41,3.1,14,No,0,77.12899999999999,1.9326190476190477,62.0,Meets Expectations
869639,Kismat Dutt,HR,HR Manager,86,71.88,80.1,3.4,72.98,48,3.1,17,No,0,72.916,1.489387755102041,62.0,Meets Expectations
529876,Kabir Sinha,IT,Software Engineer,68,70.6,98.71,4.3,80.2,36,4.0,27,No,0,80.4865,2.1675675675675676,80.0,Exceeds Expectations
919314,Jhanvi Kata,Finance,Accountant,87,88.53,96.58,4.8,85.6,37,4.2,12,Yes,1,89.83249999999998,2.2526315789473683,84.00000000000001,Exceeds Expectations
816428,Neelofar Grover,HR,HR Manager,62,61.07,94.04,3.3,97.11,41,4.2,1,No,0,79.369,2.3121428571428573,84.00000000000001,Meets Expectations
235934,Ivan Sami,HR,Recruitment Specialist,85,91.77,98.5,3.2,89.68,53,3.4,4,No,0,87.8825,1.6607407407407409,68.0,Exceeds Expectations
360984,Taimur Tripathi,Marketing,Marketing Executive,78,91.75,95.04,4.9,88.17,37,3.2,5,No,0,91.928,2.320263157894737,64.0,Exceeds Expectations
334951,Ira Chander,HR,Employee Relations,78,94.64,75.23,4.2,86.15,40,4.5,18,No,0,87.16099999999999,2.1012195121951223,90.0,Exceeds Expectations
919704,Hazel Gulati,Sales,Sales Executive,84,80.01,87.86,3.2,84.84,35,4.2,18,No,0,80.47649999999999,2.356666666666667,84.00000000000001,Exceeds Expectations
929712,Ivan Bhakta,HR,HR Manager,96,67.45,93.32,4.4,97.62,35,3.3,3,No,0,84.97250000000001,2.711666666666667,65.99999999999999,Exceeds Expectations
981654,Siya Dewan,Finance,Financial Analyst,82,61.53,93.4,3.2,93.46,39,3.1,18,No,0,77.8565,2.3365,62.0,Meets Expectations
398951,Umang Sarraf,Sales,Sales Executive,54,70.46,78.49,3.2,87.65,37,4.2,26,No,0,76.71199999999999,2.306578947368421,84.00000000000001,Meets Expectations
209017,Shlok Mani,Sales,Account Manager,82,68.5,94.46,3.0,85.75,36,4.3,18,No,0,77.1565,2.3175675675675675,86.0,Meets Expectations
344490,Jayesh Ganesh,Sales,Sales Executive,60,78.76,90.27,4.9,96.56,48,4.3,11,No,0,89.60249999999999,1.9706122448979593,86.0,Exceeds Expectations
965837,Reyansh Khosla,Sales,Sales Executive,96,73.13,94.2,4.7,95.65,47,3.3,24,No,0,87.30299999999998,1.9927083333333335,65.99999999999999,Exceeds Expectations
634392,Samiha Chad,IT,Software Engineer,84,62.23,83.73,3.9,80.67,46,3.2,24,No,0,74.27449999999999,1.7163829787234044,64.0,Meets Expectations
948126,Adah Seth,Finance,Auditor,94,75.82,76.75,4.2,77.62,45,3.6,25,No,0,77.81649999999999,1.6873913043478261,72.0,Meets Expectations
727634,Siya Krish,IT,Cybersecurity Specialist,76,64.68,81.24,4.6,83.35,44,3.9,1,No,0,77.7965,1.852222222222222,78.0,Meets Expectations
116608,Diya Khatri,Marketing,Content Strategist,63,86.6,84.14,4.2,73.4,46,4.5,16,No,0,81.22099999999999,1.5617021276595746,90.0,Exceeds Expectations
966468,Hunar Bera,Sales,Account Manager,70,77.47,86.75,4.9,98.74,43,3.7,30,No,0,89.386,2.244090909090909,74.0,Exceeds Expectations
738068,Pihu Andra,Sales,Business Development,72,78.24,76.83,4.7,87.69,49,4.6,9,No,0,83.69999999999999,1.7538,92.0,Exceeds Expectations
777491,Neysa Ravel,HR,HR Manager,61,94.97,81.64,4.5,72.46,43,3.2,18,No,0,84.34649999999999,1.6468181818181817,64.0,Exceeds Expectations
574506,Charvi Zacharia,Sales,Sales Executive,94,66.46,82.94,3.6,73.18,55,3.3,26,No,0,72.115,1.3067857142857144,65.99999999999999,Meets Expectations
543006,Elakshi Bava,IT,Cybersecurity Specialist,94,82.58,90.99,3.5,89.04,53,4.3,24,Yes,1,84.21549999999999,1.648888888888889,86.0,Exceeds Expectations
110506,Rasha Handa,Finance,Accountant,54,94.2,79.05,3.3,91.99,45,5.0,7,No,0,86.92399999999999,1.999782608695652,100.0,Exceeds Expectations
426947,Manjari Mane,Sales,Sales Executive,87,67.3,80.34,4.0,91.71,51,3.2,28,No,0,79.7045,1.763653846153846,64.0,Meets Expectations
372013,Anahita Dave,IT,Cybersecurity Specialist,97,75.97,99.83,3.8,92.49,36,4.5,18,Yes,1,85.3355,2.4997297297297294,90.0,Exceeds Expectations
143610,Ranbir Arora,HR,HR Manager,96,87.4,91.54,4.1,91.52,51,3.5,9,No,0,88.65299999999999,1.76,70.0,Exceeds Expectations
620510,Pihu Dubey,IT,Software Engineer,69,91.23,84.8,4.0,87.55,44,4.8,16,No,0,87.29299999999999,1.9455555555555555,96.0,Exceeds Expectations
461477,Miraya Reddy,Marketing,Marketing Executive,66,72.03,80.39,3.2,87.61,48,4.1,11,No,0,77.53249999999998,1.7879591836734694,82.0,Meets Expectations
832202,Vritika Varty,Marketing,Content Strategist,76,71.73,95.51,4.4,93.52,39,4.5,29,No,0,85.364,2.338,90.0,Exceeds Expectations
310329,Myra Kashyap,Marketing,SEO Specialist,59,90.78,93.22,3.5,86.95,54,4.8,1,No,0,86.6885,1.580909090909091,96.0,Exceeds Expectations
401619,Abram Sarraf,Finance,Accountant,60,93.16,80.04,4.4,88.62,37,4.3,23,No,0,88.829,2.332105263157895,86.0,Exceeds Expectations
773373,Chirag Rama,HR,Recruitment Specialist,88,84.68,87.0,4.5,98.13,46,5.0,29,Yes,1,90.53349999999999,2.0878723404255317,100.0,Exceeds Expectations
934765,Devansh Soni,IT,Software Engineer,69,83.66,85.92,3.2,79.01,36,3.4,30,No,0,79.4225,2.1354054054054057,68.0,Meets Expectations
889121,Shlok Jhaveri,Marketing,SEO Specialist,94,70.94,92.85,3.3,80.37,41,4.3,13,Yes,1,76.786,1.9135714285714287,86.0,Meets Expectations
692855,Taimur Sood,HR,HR Manager,80,81.84,78.52,3.7,98.64,42,3.7,10,No,0,86.04599999999999,2.293953488372093,74.0,Exceeds Expectations
446238,Ishaan Kuruvilla,HR,HR Manager,84,94.75,96.33,4.6,83.44,40,5.0,1,No,0,90.616,2.0351219512195122,100.0,Exceeds Expectations
553383,Kimaya Konda,Marketing,Marketing Executive,76,65.61,80.42,3.7,82.49,53,4.6,13,No,0,74.99799999999999,1.5275925925925924,92.0,Meets Expectations
899833,Elakshi Bal,IT,Data Analyst,78,86.3,87.67,4.7,74.02,52,3.8,13,No,0,83.36249999999998,1.3966037735849055,76.0,Exceeds Expectations
996332,Kiara Bhakta,Marketing,Marketing Executive,52,67.15,90.89,3.1,73.87,44,3.2,6,No,0,72.2905,1.6415555555555557,64.0,Meets Expectations
482918,Jayesh Borah,HR,HR Manager,51,61.28,87.86,3.9,74.84,40,4.4,28,No,0,72.521,1.8253658536585367,88.00000000000001,Meets Expectations
654461,Hiran Chad,HR,Employee Relations,75,72.74,95.54,3.2,97.52,54,4.0,30,No,0,83.52199999999999,1.773090909090909,80.0,Exceeds Expectations
337492,Mannat Bhasin,Sales,Account Manager,72,82.5,95.09,4.4,83.51,40,4.9,29,No,0,85.567,2.036829268292683,98.00000000000001,Exceeds Expectations
879309,Vanya Shetty,Marketing,Marketing Executive,72,94.57,83.48,5.0,88.4,50,3.8,9,No,0,91.56150000000001,1.7333333333333334,76.0,Exceeds Expectations
496467,Biju Mann,IT,Software Engineer,60,76.13,97.81,3.1,99.14,55,3.3,24,No,0,85.31599999999999,1.770357142857143,65.99999999999999,Exceeds Expectations
120772,Sumer Subramaniam,Marketing,SEO Specialist,50,76.09,82.75,4.0,86.52,52,4.6,8,No,0,81.326,1.6324528301886791,92.0,Exceeds Expectations
623296,Onkar Buch,Sales,Business Development,74,85.39,94.14,3.6,80.51,42,5.0,22,No,0,82.98599999999999,1.872325581395349,100.0,Exceeds Expectations
465476,Onkar Garde,IT,Cybersecurity Specialist,84,72.48,93.34,4.6,97.08,54,4.7,27,No,0,87.14699999999999,1.765090909090909,94.0,Exceeds Expectations
493072,Prisha Zachariah,IT,Data Analyst,58,89.56,88.98,3.2,97.88,36,4.8,21,No,0,88.55099999999999,2.6454054054054055,96.0,Exceeds Expectations
363871,Nayantara Dash,Finance,Financial Analyst,63,74.71,87.98,4.0,80.94,50,3.8,14,No,0,79.6745,1.5870588235294116,76.0,Meets Expectations
505152,Priyansh Ravel,HR,HR Manager,52,93.21,77.55,4.5,86.92,53,4.1,23,No,0,88.17799999999998,1.6096296296296297,82.0,Exceeds Expectations
934804,Jivin Shere,HR,Employee Relations,52,73.85,83.91,4.3,91.01,44,3.9,12,No,0,83.1875,2.0224444444444445,78.0,Exceeds Expectations
141745,Oorja Dhingra,Sales,Sales Executive,97,87.17,76.5,4.1,95.22,35,3.8,0,No,0,87.61149999999999,2.645,76.0,Exceeds Expectations
642899,Samiha Ramakrishnan,HR,Employee Relations,50,81.07,96.6,3.0,72.11,37,4.8,16,No,0,77.103,1.8976315789473683,96.0,Meets Expectations
563624,Mahika Kapadia,IT,Data Analyst,65,87.85,91.27,3.0,93.68,35,5.0,26,No,0,86.226,2.602222222222222,100.0,Exceeds Expectations
414030,Kartik Dugal,Sales,Business Development,60,67.06,91.46,4.7,95.79,46,4.6,2,No,0,84.81649999999999,2.038085106382979,92.0,Exceeds Expectations
684976,Navya Doctor,Marketing,Marketing Executive,85,84.49,78.49,3.5,76.12,52,4.7,25,No,0,78.487,1.4362264150943398,94.0,Meets Expectations
818902,Ryan Sarin,HR,Recruitment Specialist,69,90.64,90.12,4.8,84.67,39,4.0,18,No,0,89.2765,2.11675,80.0,Exceeds Expectations
122843,Mishti Cheema,HR,Recruitment Specialist,64,90.83,86.07,4.5,80.26,41,3.5,14,No,0,86.292,1.9109523809523812,70.0,Exceeds Expectations
282449,Indrans Shroff,Sales,Account Manager,90,71.4,92.48,3.1,92.62,38,4.8,30,Yes,1,80.579,2.374871794871795,96.0,Exceeds Expectations
562245,Dhanuk Mann,HR,Employee Relations,56,71.25,92.42,3.7,97.08,49,3.9,3,No,0,83.87849999999999,1.9416,78.0,Exceeds Expectations
472554,Kiara Bhatnagar,IT,Data Analyst,69,80.88,77.86,3.8,83.04,54,3.1,21,No,0,80.45100000000001,1.509818181818182,62.0,Exceeds Expectations
430701,Ishita Apte,Sales,Business Development,71,84.77,86.57,4.5,85.51,44,4.9,7,No,0,86.0835,1.9002222222222223,98.00000000000001,Exceeds Expectations
399176,Dhanuk Dora,Finance,Auditor,56,92.96,75.37,3.3,87.94,41,3.6,10,No,0,84.5205,2.0938095238095236,72.0,Exceeds Expectations
958515,Kanav Lalla,Marketing,Content Strategist,71,63.12,80.22,4.9,72.36,39,3.4,15,No,0,74.151,1.809,68.0,Meets Expectations
822018,Arnav Dugar,Sales,Business Development,70,64.72,78.56,4.1,77.0,46,3.8,30,No,0,73.68599999999999,1.6382978723404256,76.0,Meets Expectations
885176,Raghav Goel,Sales,Business Development,80,84.3,92.18,3.8,90.27,37,3.3,1,No,0,86.3265,2.3755263157894735,65.99999999999999,Exceeds Expectations
173624,Anvi Chhabra,Marketing,SEO Specialist,88,82.02,86.89,5.0,75.05,43,4.3,8,Yes,1,83.008,1.705681818181818,86.0,Exceeds Expectations
560327,Inaaya  Kar,Finance,Financial Analyst,71,76.71,90.14,4.1,70.36,53,3.2,27,No,0,77.29549999999999,1.3029629629629629,64.0,Meets Expectations
104550,Samarth Kaul,Marketing,SEO Specialist,62,71.81,96.76,3.9,91.44,55,3.5,29,No,0,83.3515,1.6328571428571428,70.0,Exceeds Expectations
363739,Eshani Sangha,Marketing,SEO Specialist,66,82.01,97.9,3.5,96.46,37,3.2,16,No,0,87.64949999999999,2.5384210526315787,64.0,Exceeds Expectations
934744,Kanav Lala,Sales,Account Manager,74,74.45,96.25,4.3,76.97,44,5.0,4,No,0,80.3345,1.7104444444444444,100.0,Exceeds Expectations
957033,Zara Barad,HR,Recruitment Specialist,71,73.34,85.08,4.5,99.76,48,3.2,4,No,0,86.847,2.0359183673469388,64.0,Exceeds Expectations
429345,Sara Banerjee,Marketing,Marketing Executive,86,72.62,92.03,4.4,91.17,45,4.3,2,Yes,1,84.331,1.9819565217391304,86.0,Exceeds Expectations
604066,Ela Sagar,Marketing,Content Strategist,68,70.91,92.0,3.8,87.17,41,4.4,4,No,0,80.528,2.0754761904761905,88.00000000000001,Exceeds Expectations
357988,Miraya Sodhi,Marketing,Marketing Executive,67,73.45,93.11,3.9,84.81,38,3.1,0,No,0,81.0575,2.1746153846153846,62.0,Exceeds Expectations
159745,Veer Rana,HR,HR Manager,83,75.01,77.21,3.5,97.16,45,3.6,30,No,0,82.34099999999998,2.112173913043478,72.0,Exceeds Expectations
947156,Reyansh Ahuja,Marketing,Content Strategist,87,94.14,90.17,3.5,94.6,52,3.3,16,No,0,90.08449999999999,1.7849056603773583,65.99999999999999,Exceeds Expectations
779889,Nayantara Jain,IT,Data Analyst,70,73.69,96.31,3.2,85.89,51,4.5,22,No,0,79.89949999999999,1.6517307692307692,90.0,Meets Expectations
140005,Mishti Dubey,HR,Recruitment Specialist,58,69.39,99.7,4.0,98.89,55,3.8,3,No,0,85.853,1.7658928571428572,76.0,Exceeds Expectations
549263,Prerak Tara,HR,Recruitment Specialist,63,77.19,93.93,4.6,78.64,54,3.1,20,No,0,82.42999999999999,1.4298181818181819,62.0,Exceeds Expectations
457901,Indrans Mahal,HR,HR Manager,85,90.38,95.15,3.7,88.12,46,3.8,1,No,0,87.8475,1.8748936170212767,76.0,Exceeds Expectations
999149,Heer Shetty,Marketing,Marketing Executive,55,60.39,80.35,3.9,85.58,38,3.0,15,No,0,74.842,2.194358974358974,60.0,Meets Expectations
327633,Sahil Saini,HR,HR Manager,82,61.89,82.87,4.7,84.84,46,4.3,10,No,0,77.886,1.8051063829787235,86.0,Meets Expectations
390943,Hansh Soman,Sales,Business Development,88,87.93,78.49,4.0,93.17,45,4.8,30,Yes,1,87.1585,2.025434782608696,96.0,Exceeds Expectations
441111,Taimur Sagar,Sales,Business Development,77,94.87,75.66,4.7,89.44,53,3.4,11,No,0,89.9575,1.6562962962962962,68.0,Exceeds Expectations
567830,Oorja Roy,HR,Employee Relations,85,78.2,93.07,4.0,82.87,37,4.4,20,No,0,82.335,2.180789473684211,88.00000000000001,Exceeds Expectations
565667,Dharmajan Chada,Finance,Auditor,82,62.79,82.25,4.7,96.93,36,3.8,9,No,0,82.3395,2.61972972972973,76.0,Exceeds Expectations
156208,Yasmin Sami,Finance,Auditor,95,73.27,79.31,4.1,89.59,44,3.4,2,No,0,81.19749999999999,1.990888888888889,68.0,Exceeds Expectations
162214,Neysa Krish,HR,Employee Relations,51,75.59,82.59,4.9,89.44,42,4.7,4,No,0,84.849,2.08,94.0,Exceeds Expectations
539255,Nishith Kala,IT,Software Engineer,70,68.78,85.51,3.4,94.39,51,5.0,28,No,0,80.136,1.8151923076923078,100.0,Exceeds Expectations
706041,Fateh Shankar,HR,Employee Relations,82,79.15,96.56,4.4,94.01,37,3.7,6,No,0,88.29,2.4739473684210527,74.0,Exceeds Expectations
165289,Prerak Vora,IT,Software Engineer,72,65.41,91.2,3.2,92.48,42,4.0,7,No,0,78.54149999999998,2.1506976744186046,80.0,Meets Expectations
824223,Kanav Bora,HR,HR Manager,82,65.04,87.7,4.8,71.87,42,3.2,10,No,0,75.4735,1.6713953488372093,64.0,Meets Expectations
396816,Rati Sachdev,Finance,Accountant,86,81.14,75.02,3.3,78.69,49,4.6,22,Yes,1,77.0935,1.5737999999999999,92.0,Meets Expectations
177295,Aaryahi Sant,HR,HR Manager,55,78.2,97.89,3.2,95.77,42,3.8,15,No,0,85.17299999999999,2.2272093023255812,76.0,Exceeds Expectations
352571,Sara Johal,HR,Employee Relations,72,78.95,96.25,3.7,75.59,46,4.3,8,No,0,79.6265,1.6082978723404255,86.0,Meets Expectations
467576,Sumer Shenoy,Marketing,Marketing Executive,82,94.96,89.05,3.0,89.31,37,4.2,3,No,0,86.85199999999999,2.350263157894737,84.00000000000001,Exceeds Expectations
511363,Faiyaz Kota,IT,Cybersecurity Specialist,97,61.06,89.06,3.4,76.2,45,4.6,7,Yes,1,71.6,1.6565217391304348,92.0,Meets Expectations
859394,Darshit Bajwa,IT,Cybersecurity Specialist,92,66.4,80.77,3.4,98.43,38,3.5,25,No,0,80.006,2.523846153846154,70.0,Exceeds Expectations
544360,Nakul Bandi,HR,Recruitment Specialist,71,91.8,87.73,3.6,95.08,45,3.8,10,No,0,89.36749999999998,2.0669565217391304,76.0,Exceeds Expectations
302988,Piya Acharya,Sales,Account Manager,92,90.44,83.08,4.7,83.74,50,4.0,5,No,0,87.52499999999999,1.6419607843137254,80.0,Exceeds Expectations
418965,Hridaan Goel,Finance,Financial Analyst,66,82.16,84.76,4.3,77.17,49,4.3,24,No,0,81.37950000000001,1.5434,86.0,Exceeds Expectations
614942,Sahil Varkey,Marketing,Content Strategist,70,65.59,78.5,4.9,76.63,55,4.7,9,No,0,76.252,1.368392857142857,94.0,Meets Expectations
846672,Dishani Master,IT,Cybersecurity Specialist,72,67.23,79.07,4.8,91.81,44,4.8,25,No,0,81.9245,2.0402222222222224,96.0,Exceeds Expectations
315653,Biju Bajwa,Marketing,Marketing Executive,85,84.74,81.74,3.9,96.61,44,4.8,2,No,0,87.4335,2.146888888888889,96.0,Exceeds Expectations
348440,Aarush Gaba,IT,Data Analyst,90,94.38,88.11,5.0,71.22,43,3.9,16,No,0,86.17649999999999,1.6186363636363637,78.0,Exceeds Expectations
739134,Neysa Saran,Sales,Business Development,76,86.91,89.09,4.4,85.06,47,3.7,7,No,0,86.753,1.7720833333333335,74.0,Exceeds Expectations
916644,Vedika Magar,Finance,Auditor,96,92.01,93.45,3.2,83.94,35,4.1,22,Yes,1,85.19999999999999,2.3316666666666666,82.0,Exceeds Expectations
239365,Siya Kamdar,Sales,Business Development,82,82.92,79.98,3.1,72.0,46,3.5,2,No,0,75.51899999999999,1.5319148936170213,70.0,Meets Expectations
398715,Priyansh Gour,Sales,Business Development,77,73.88,88.92,3.5,80.07,53,3.2,11,No,0,77.72049999999999,1.4827777777777778,64.0,Meets Expectations
645694,Vardaniya Anand,HR,Employee Relations,91,68.28,91.04,4.6,90.34,37,4.1,17,Yes,1,82.973,2.3773684210526316,82.0,Exceeds Expectations
746195,Tanya Mall,Finance,Auditor,50,65.01,95.72,3.7,85.45,41,4.0,11,No,0,78.119,2.0345238095238094,80.0,Meets Expectations
405980,Yuvraj  Magar,Marketing,Content Strategist,91,81.75,89.88,3.5,86.72,47,3.2,23,No,0,82.94649999999999,1.8066666666666666,64.0,Exceeds Expectations
914782,Raghav Verma,Sales,Sales Executive,75,90.27,75.06,3.8,86.41,50,3.4,28,No,0,84.497,1.694313725490196,68.0,Exceeds Expectations
731859,Lavanya Sachdeva,Finance,Financial Analyst,52,65.68,80.59,3.1,98.15,54,4.3,1,No,0,78.729,1.7845454545454547,86.0,Meets Expectations
446248,Jayesh Gola,HR,Recruitment Specialist,93,84.95,88.96,3.1,84.33,36,3.9,8,No,0,81.89199999999998,2.2791891891891893,78.0,Exceeds Expectations
259747,Riaan Baria,Marketing,SEO Specialist,80,70.63,81.23,4.5,80.16,48,4.0,25,No,0,78.461,1.6359183673469386,80.0,Meets Expectations
743103,Hunar Kurian,IT,Software Engineer,91,70.03,77.74,3.5,90.92,40,3.5,5,No,0,78.4935,2.2175609756097563,70.0,Meets Expectations
644265,Vritika Sen,IT,Data Analyst,61,94.59,83.2,4.2,78.45,52,4.4,25,No,0,85.64399999999999,1.480188679245283,88.00000000000001,Exceeds Expectations
400105,Dishani Master,HR,Employee Relations,62,81.98,91.77,3.4,84.01,46,4.5,6,No,0,82.062,1.7874468085106383,90.0,Exceeds Expectations
308251,Zoya Bala,Marketing,Marketing Executive,64,88.02,79.02,4.3,98.94,39,3.1,25,No,0,90.189,2.4735,62.0,Exceeds Expectations
750687,Pari Kaur,IT,Data Analyst,91,75.04,94.05,4.9,95.55,45,3.7,24,No,0,88.514,2.0771739130434783,74.0,Exceeds Expectations
503002,Kanav Ramaswamy,IT,Data Analyst,63,73.42,94.37,4.3,91.67,41,4.6,13,No,0,84.837,2.1826190476190477,92.0,Exceeds Expectations
751290,Shalv Bansal,Finance,Auditor,82,86.37,87.19,3.0,76.76,55,3.2,17,No,0,79.174,1.3707142857142858,64.0,Meets Expectations
411962,Saksham Bains,HR,Recruitment Specialist,57,90.95,85.74,4.4,73.46,41,3.8,25,No,0,83.6045,1.749047619047619,76.0,Exceeds Expectations
709673,Romil Banerjee,Finance,Auditor,53,83.22,99.94,4.3,99.49,47,3.9,19,No,0,91.8395,2.0727083333333334,78.0,Exceeds Expectations
217760,Indranil Tiwari,Marketing,SEO Specialist,97,68.02,83.14,4.1,96.99,45,3.9,22,No,0,82.52449999999999,2.108478260869565,78.0,Exceeds Expectations
211295,Zaina Barman,Marketing,Content Strategist,89,72.91,97.32,3.4,96.3,53,3.8,28,No,0,84.02149999999999,1.7833333333333332,76.0,Exceeds Expectations
471878,Advik Walla,Marketing,SEO Specialist,54,67.48,91.74,4.6,81.53,44,4.9,10,No,0,79.71449999999999,1.8117777777777777,98.00000000000001,Meets Expectations
271641,Riya Chandran,Sales,Business Development,52,74.48,80.85,3.6,81.0,38,3.6,26,No,0,77.3455,2.076923076923077,72.0,Meets Expectations
124593,Vidur Sankar,Finance,Auditor,66,81.24,97.6,4.1,74.9,41,3.4,16,No,0,81.589,1.7833333333333334,68.0,Exceeds Expectations
694265,Shlok Chander,Sales,Account Manager,52,62.94,83.09,3.3,78.55,35,3.8,9,No,0,71.88499999999999,2.1819444444444445,76.0,Meets Expectations
625664,Divij Karan,Finance,Financial Analyst,90,94.91,96.75,4.4,97.81,35,4.9,14,Yes,1,95.1645,2.7169444444444446,98.00000000000001,Exceeds Expectations
427889,Mahika Rastogi,Sales,Sales Executive,55,87.73,75.87,3.8,84.26,45,3.6,30,No,0,82.977,1.8317391304347828,72.0,Exceeds Expectations
833732,Hrishita Bali,IT,Software Engineer,79,76.94,82.78,3.6,76.47,47,3.1,14,No,0,76.9105,1.593125,62.0,Meets Expectations
651403,Vanya Brar,Marketing,Marketing Executive,90,90.4,87.75,3.2,96.58,47,4.2,14,Yes,1,88.20549999999999,2.0120833333333334,84.00000000000001,Exceeds Expectations
322718,Vedika Kala,HR,Employee Relations,83,74.52,92.64,3.7,93.81,46,3.4,10,No,0,83.91149999999999,1.9959574468085106,68.0,Exceeds Expectations
780208,Yasmin Tripathi,HR,Employee Relations,50,65.77,89.49,3.1,87.11,42,4.7,2,No,0,76.2315,2.025813953488372,94.0,Meets Expectations
681449,Hunar Majumdar,Marketing,Content Strategist,66,67.54,92.27,3.5,89.75,52,4.1,7,No,0,79.392,1.6933962264150944,82.0,Meets Expectations
543581,Divyansh Soni,Marketing,SEO Specialist,86,67.42,82.93,4.8,82.24,54,4.0,11,No,0,79.22049999999999,1.495272727272727,80.0,Meets Expectations
763808,Ela Bhatia,Marketing,SEO Specialist,97,66.75,89.69,4.3,76.99,48,3.5,22,No,0,76.6625,1.5712244897959182,70.0,Meets Expectations
233411,Tarini Khatri,HR,Recruitment Specialist,87,86.83,84.47,3.7,76.4,49,4.3,6,Yes,1,80.901,1.528,86.0,Exceeds Expectations
248169,Amira Sur,IT,Cybersecurity Specialist,50,90.86,86.69,3.8,86.12,45,4.3,30,No,0,86.3465,1.8721739130434785,86.0,Exceeds Expectations
651219,Dharmajan Choudhury,IT,Software Engineer,70,78.2,99.3,3.5,80.25,39,4.6,5,No,0,80.85249999999999,2.00625,92.0,Exceeds Expectations
979897,Fateh Tella,Marketing,SEO Specialist,69,63.25,75.63,4.1,88.96,52,3.9,14,No,0,76.91799999999999,1.6784905660377358,78.0,Meets Expectations
340413,Rhea Sahni,IT,Software Engineer,78,70.07,82.01,4.3,84.46,46,3.4,7,No,0,79.287,1.7970212765957445,68.0,Meets Expectations
372813,Aradhya Sodhi,HR,Recruitment Specialist,98,73.11,82.69,3.2,96.82,43,4.3,10,Yes,1,81.47899999999998,2.200454545454545,86.0,Exceeds Expectations
547222,Shlok Luthra,Finance,Financial Analyst,95,87.99,84.89,3.2,78.29,49,4.6,0,Yes,1,80.5315,1.5658,92.0,Exceeds Expectations
703791,Uthkarsh Ganesan,Finance,Auditor,98,66.91,78.99,4.8,83.75,52,3.3,4,No,0,78.9795,1.580188679245283,65.99999999999999,Meets Expectations
307534,Piya Comar,Marketing,SEO Specialist,52,61.88,85.78,3.1,89.84,41,3.6,1,No,0,75.269,2.139047619047619,72.0,Meets Expectations
567538,Anahi Jain,Sales,Sales Executive,97,69.74,80.05,4.6,99.09,44,3.8,20,No,0,84.89799999999998,2.202,76.0,Exceeds Expectations
265320,Prisha Vig,Marketing,Content Strategist,58,78.75,80.56,3.4,81.97,50,4.9,12,No,0,78.536,1.6072549019607842,98.00000000000001,Meets Expectations
976051,Manjari Ram,HR,Employee Relations,95,63.94,82.99,4.0,98.72,54,3.8,21,No,0,81.3795,1.7949090909090908,76.0,Exceeds Expectations
146970,Adira Mahal,Finance,Accountant,68,86.04,80.49,3.4,73.16,48,3.2,23,No,0,77.9935,1.4930612244897958,64.0,Meets Expectations
168103,Shray Magar,Marketing,Content Strategist,99,86.38,83.11,3.7,72.15,35,4.1,5,Yes,1,79.05199999999999,2.004166666666667,82.0,Meets Expectations
286475,Adah Khalsa,Marketing,SEO Specialist,70,65.46,87.26,4.3,82.37,54,3.6,21,No,0,77.7295,1.4976363636363637,72.0,Meets Expectations
125136,Miraya Swaminathan,IT,Software Engineer,94,68.58,84.84,4.2,90.3,48,4.0,10,No,0,80.93399999999998,1.8428571428571427,80.0,Exceeds Expectations
361400,Ranbir Raj,Finance,Auditor,94,87.95,87.67,4.1,98.14,47,3.9,3,No,0,90.58199999999998,2.044583333333333,78.0,Exceeds Expectations
815454,Pari Wason,HR,Employee Relations,61,85.0,91.58,3.5,88.12,42,3.8,5,No,0,84.829,2.0493023255813956,76.0,Exceeds Expectations
702276,Akarsh Amble,Marketing,SEO Specialist,56,87.64,91.32,4.2,98.55,52,3.3,16,No,0,91.46449999999999,1.859433962264151,65.99999999999999,Exceeds Expectations
319589,Aarav Dugar,Sales,Account Manager,57,81.69,94.79,3.5,94.16,48,3.1,12,No,0,86.26599999999999,1.9216326530612244,62.0,Exceeds Expectations
371544,Ivan Borah,Marketing,SEO Specialist,79,68.03,85.87,3.5,97.14,46,4.8,2,No,0,81.19,2.066808510638298,96.0,Exceeds Expectations
258361,Tanya Buch,HR,Employee Relations,66,76.58,90.42,5.0,73.01,46,4.5,2,No,0,80.9195,1.553404255319149,90.0,Exceeds Expectations
884671,Nishith Chad,IT,Cybersecurity Specialist,56,81.01,85.7,4.6,84.18,38,3.0,30,No,0,84.4715,2.1584615384615384,60.0,Exceeds Expectations
646830,Abram Vala,Sales,Business Development,95,67.22,97.47,4.9,85.16,44,3.1,23,No,0,82.6535,1.8924444444444444,62.0,Exceeds Expectations
672927,Ritvik Hans,HR,Recruitment Specialist,88,91.7,88.76,3.9,95.57,55,4.9,20,Yes,1,90.5585,1.7066071428571428,98.00000000000001,Exceeds Expectations
438306,Vihaan Kota,Sales,Account Manager,65,65.71,82.87,4.8,93.0,51,4.4,27,No,0,82.37899999999999,1.7884615384615385,88.00000000000001,Exceeds Expectations
691020,Aaryahi Ratta,Sales,Business Development,65,61.55,79.73,3.4,85.86,44,4.0,3,No,0,73.75299999999999,1.908,80.0,Meets Expectations
190216,Jiya Boase,Marketing,SEO Specialist,81,71.82,99.36,4.4,92.2,37,4.0,8,No,0,85.511,2.4263157894736844,80.0,Exceeds Expectations
322688,Romil Sachdev,Finance,Accountant,68,70.29,80.18,4.5,93.24,44,3.1,6,No,0,82.76249999999999,2.072,62.0,Exceeds Expectations
838788,Ivana Edwin,Finance,Auditor,71,72.53,78.42,4.9,87.12,37,3.2,25,No,0,82.3405,2.2926315789473684,64.0,Exceeds Expectations
117267,Ivana Savant,HR,Employee Relations,69,75.07,95.76,4.2,75.94,41,3.2,23,No,0,79.8175,1.808095238095238,64.0,Meets Expectations
505828,Samarth Dewan,Sales,Business Development,96,85.68,75.05,4.6,73.55,36,4.8,21,Yes,1,80.78799999999998,1.9878378378378379,96.0,Exceeds Expectations
397805,Ryan Sawhney,Finance,Accountant,93,69.56,96.13,3.3,72.48,37,4.1,14,Yes,1,74.0335,1.9073684210526316,82.0,Meets Expectations
356762,Myra Bhargava,HR,Recruitment Specialist,58,90.67,85.35,4.0,91.37,47,3.9,14,No,0,88.5165,1.9035416666666667,78.0,Exceeds Expectations
662095,Nitara Srivastava,Finance,Auditor,74,90.47,86.25,4.4,92.37,47,3.7,23,No,0,90.1315,1.9243750000000002,74.0,Exceeds Expectations
117131,Jivin Som,Sales,Business Development,81,83.04,97.37,4.8,94.26,42,3.5,21,No,0,91.06049999999999,2.192093023255814,70.0,Exceeds Expectations
260881,Vaibhav Sem,IT,Cybersecurity Specialist,77,83.95,87.61,3.3,86.03,47,3.2,2,No,0,82.5345,1.7922916666666666,64.0,Exceeds Expectations
340172,Uthkarsh Kaur,IT,Data Analyst,99,77.08,81.51,3.3,92.0,53,4.6,18,Yes,1,81.3045,1.7037037037037037,92.0,Exceeds Expectations
982115,Onkar Jani,IT,Software Engineer,81,63.4,94.69,4.6,83.02,45,3.9,14,No,0,79.25049999999999,1.804782608695652,78.0,Meets Expectations
564969,Sahil Kapur,IT,Software Engineer,57,65.3,76.66,4.3,98.42,42,4.1,30,No,0,81.701,2.2888372093023257,82.0,Exceeds Expectations
380163,Saanvi Mani,Sales,Business Development,66,87.12,92.37,3.7,76.93,36,4.3,21,No,0,82.373,2.079189189189189,86.0,Exceeds Expectations
605118,Vihaan Badal,HR,Recruitment Specialist,69,62.4,87.05,4.0,71.38,40,4.6,14,No,0,71.88049999999998,1.7409756097560976,92.0,Meets Expectations
106592,Seher Chand,Finance,Financial Analyst,51,71.88,78.29,3.7,79.12,55,4.9,30,No,0,75.69349999999999,1.412857142857143,98.00000000000001,Meets Expectations
554972,Eshani Hayer,Sales,Sales Executive,75,81.53,95.52,4.5,86.57,45,3.3,24,No,0,86.663,1.8819565217391303,65.99999999999999,Exceeds Expectations
700114,Nirvi Raman,HR,Recruitment Specialist,68,80.75,83.06,4.6,89.91,44,4.7,14,No,0,85.99,1.998,94.0,Exceeds Expectations
141061,Darshit Dugal,Marketing,Marketing Executive,88,68.87,78.83,3.6,84.36,55,3.7,9,No,0,76.255,1.5064285714285715,74.0,Meets Expectations
456365,Oorja Sethi,Marketing,Content Strategist,83,71.02,96.39,3.3,74.56,40,3.1,14,No,0,75.3115,1.8185365853658537,62.0,Meets Expectations
275124,Mohanlal Ravel,Marketing,Marketing Executive,76,76.88,89.76,3.0,90.64,47,3.6,26,No,0,81.09599999999999,1.8883333333333334,72.0,Exceeds Expectations
540124,Mohanlal Dutt,Marketing,Marketing Executive,86,82.68,78.96,4.8,83.09,45,4.1,5,Yes,1,84.2635,1.806304347826087,82.0,Exceeds Expectations
753890,Dhruv Kala,Sales,Business Development,94,61.17,86.76,3.3,81.32,42,4.1,11,Yes,1,72.7855,1.8911627906976742,82.0,Meets Expectations
891556,Pari Savant,IT,Software Engineer,64,91.29,91.82,3.2,97.17,40,4.3,2,No,0,89.33399999999999,2.37,86.0,Exceeds Expectations
558903,Saira Sheth,Finance,Accountant,61,77.21,88.71,4.6,83.86,49,3.3,11,No,0,83.481,1.6772,65.99999999999999,Exceeds Expectations
987617,Shray Venkataraman,Finance,Accountant,82,61.03,99.77,3.2,91.06,45,4.3,0,No,0,77.797,1.9795652173913043,86.0,Meets Expectations
167991,Saksham Chana,Finance,Auditor,82,84.59,76.51,4.0,97.22,46,3.2,5,No,0,87.11,2.068510638297872,64.0,Exceeds Expectations
858589,Anay Wason,Marketing,SEO Specialist,66,61.25,86.58,3.1,93.01,41,4.2,15,No,0,76.27799999999999,2.2145238095238096,84.00000000000001,Meets Expectations
257073,Saanvi Apte,IT,Data Analyst,54,87.99,90.31,3.4,70.36,41,3.6,5,No,0,79.169,1.6752380952380952,72.0,Meets Expectations
574279,Rasha Doshi,Finance,Financial Analyst,87,92.01,98.38,4.3,93.73,53,3.1,9,No,0,92.666,1.7357407407407408,62.0,Exceeds Expectations
832417,Shamik Anand,Finance,Financial Analyst,90,72.9,78.35,4.7,92.05,49,4.4,23,Yes,1,83.585,1.841,88.00000000000001,Exceeds Expectations
702394,Kimaya Ratta,Finance,Auditor,84,69.64,89.31,3.1,90.34,43,4.6,12,No,0,78.6895,2.053181818181818,92.0,Meets Expectations
582854,Shamik Solanki,Sales,Sales Executive,81,85.97,76.36,3.4,93.0,43,4.6,2,No,0,84.2935,2.1136363636363638,92.0,Exceeds Expectations
650234,Vivaan Chandra,Sales,Account Manager,54,81.89,92.33,3.7,96.55,54,4.8,17,No,0,87.40349999999998,1.7554545454545454,96.0,Exceeds Expectations
398486,Hansh Biswas,Sales,Sales Executive,99,89.63,81.6,4.1,80.24,39,3.6,6,No,0,83.99449999999999,2.006,72.0,Exceeds Expectations
789196,Umang Koshy,HR,Employee Relations,60,70.88,86.28,3.1,88.39,51,4.6,3,No,0,77.98649999999999,1.6998076923076924,92.0,Meets Expectations
924525,Nehmat Srinivas,Finance,Auditor,99,69.24,85.79,3.9,76.52,45,4.4,28,Yes,1,75.58449999999999,1.663478260869565,88.00000000000001,Meets Expectations
848918,Khushi Grewal,IT,Data Analyst,50,68.27,78.16,3.7,93.31,52,4.6,16,No,0,79.377,1.7605660377358492,92.0,Meets Expectations
226552,Hridaan Vig,Finance,Accountant,57,89.86,88.7,3.9,75.31,55,3.6,20,No,0,82.8145,1.3448214285714286,72.0,Exceeds Expectations
301213,Shlok Goswami,HR,Employee Relations,89,65.6,90.7,3.5,80.13,36,4.6,6,Yes,1,75.1105,2.1656756756756756,92.0,Meets Expectations
719823,Vritika Dhaliwal,Sales,Business Development,62,81.37,76.61,3.7,89.93,36,5.0,27,No,0,82.5465,2.430540540540541,100.0,Exceeds Expectations
516027,Neelofar Srinivasan,IT,Data Analyst,85,61.76,94.79,3.3,90.95,48,4.0,28,No,0,77.56700000000001,1.856122448979592,80.0,Meets Expectations
684587,Charvi Kakar,Marketing,SEO Specialist,81,60.02,77.11,4.6,78.68,44,4.5,25,No,0,73.9115,1.7484444444444447,90.0,Meets Expectations
259100,Nakul Chakraborty,IT,Data Analyst,62,77.36,90.83,3.5,92.24,51,3.8,29,No,0,83.4845,1.7738461538461539,76.0,Exceeds Expectations
170458,Darshit Hari,IT,Data Analyst,82,85.28,89.45,3.5,75.81,51,3.1,19,No,0,80.299,1.4578846153846154,62.0,Exceeds Expectations
963356,Arhaan Maharaj,Marketing,Marketing Executive,82,83.31,76.85,4.4,79.83,46,4.0,7,No,0,81.8265,1.6985106382978723,80.0,Exceeds Expectations
278127,Mannat Rama,Finance,Auditor,84,84.78,79.31,3.2,87.28,52,4.9,9,No,0,81.71749999999999,1.6467924528301887,98.00000000000001,Exceeds Expectations
828437,Yashvi Dugar,IT,Data Analyst,88,76.39,77.65,3.7,90.2,54,4.0,21,No,0,81.054,1.6400000000000001,80.0,Exceeds Expectations
522269,Uthkarsh Sanghvi,IT,Cybersecurity Specialist,78,90.65,81.57,5.0,87.9,46,3.8,15,No,0,89.728,1.870212765957447,76.0,Exceeds Expectations
325754,Vaibhav Bhargava,Finance,Financial Analyst,72,82.77,88.82,4.2,86.75,45,3.7,18,No,0,85.25499999999998,1.8858695652173914,74.0,Exceeds Expectations
786317,Trisha Ravi,Finance,Accountant,96,92.23,94.96,4.9,97.52,54,3.3,24,No,0,95.3565,1.773090909090909,65.99999999999999,Exceeds Expectations
965898,Divit Varma,Finance,Accountant,85,72.09,89.26,4.9,94.31,52,3.7,25,No,0,86.329,1.779433962264151,74.0,Exceeds Expectations
976433,Dhanuk Lad,Finance,Auditor,52,63.93,82.92,4.6,87.91,53,4.1,14,No,0,79.38199999999999,1.6279629629629628,82.0,Meets Expectations
721313,Manjari Sankaran,Finance,Financial Analyst,50,66.39,97.17,3.8,73.59,43,4.2,0,No,0,74.96849999999999,1.6725,84.00000000000001,Meets Expectations
288679,Siya Devi,Marketing,Marketing Executive,92,89.26,88.49,4.7,89.4,52,4.8,17,Yes,1,89.90449999999998,1.6867924528301887,96.0,Exceeds Expectations
123430,Saanvi Bains,IT,Data Analyst,64,67.12,80.75,4.2,85.7,36,4.0,26,No,0,78.19949999999999,2.3162162162162163,80.0,Meets Expectations
840182,Kimaya Chad,HR,Employee Relations,97,66.83,76.02,4.4,74.16,47,4.3,27,Yes,1,73.94949999999999,1.545,86.0,Meets Expectations
266462,Vivaan Goyal,IT,Data Analyst,97,70.41,83.59,4.5,75.64,40,4.2,10,Yes,1,77.15599999999999,1.844878048780488,84.00000000000001,Meets Expectations
273190,Vanya Varughese,HR,Employee Relations,76,62.75,92.91,3.1,81.59,52,3.1,18,No,0,73.7555,1.539433962264151,62.0,Meets Expectations
983110,Bhavin Kumar,Finance,Financial Analyst,60,62.93,75.9,3.9,99.87,39,4.4,19,No,0,80.065,2.49675,88.00000000000001,Exceeds Expectations
975459,Navya Varkey,Sales,Business Development,96,85.64,94.16,4.3,97.55,36,3.3,19,No,0,91.1405,2.6364864864864863,65.99999999999999,Exceeds Expectations
608934,Tara Sarma,Sales,Business Development,66,74.06,82.46,4.0,91.01,39,4.4,7,No,0,82.1435,2.27525,88.00000000000001,Exceeds Expectations
327094,Anaya Bhat,Sales,Business Development,95,93.6,86.32,3.3,71.27,36,4.0,27,No,0,80.5525,1.9262162162162162,80.0,Exceeds Expectations
872669,Kashvi Sunder,Marketing,Content Strategist,75,77.79,78.52,4.9,90.84,48,3.3,2,No,0,85.49849999999999,1.8538775510204082,65.99999999999999,Exceeds Expectations
618726,Rati Lal,HR,Employee Relations,95,91.06,99.94,4.0,91.8,48,4.9,4,Yes,1,90.99199999999999,1.873469387755102,98.00000000000001,Exceeds Expectations
133279,Aradhya Saraf,HR,Recruitment Specialist,72,82.93,77.95,4.3,88.33,46,3.3,19,No,0,84.5335,1.8793617021276596,65.99999999999999,Exceeds Expectations
536321,Ranbir Behl,Sales,Business Development,78,87.39,98.26,4.4,93.38,37,3.6,30,No,0,91.2085,2.4573684210526316,72.0,Exceeds Expectations
186630,Tarini Hayer,Marketing,SEO Specialist,83,63.93,81.63,4.9,76.2,47,4.1,24,No,0,75.99,1.5875000000000001,82.0,Meets Expectations
114913,Ayesha Baria,HR,Employee Relations,75,64.77,78.08,4.1,72.94,42,3.1,27,No,0,72.2105,1.696279069767442,62.0,Meets Expectations
723352,Tarini Mander,Finance,Accountant,71,78.95,79.12,4.0,78.71,45,4.3,11,No,0,79.04899999999999,1.711086956521739,86.0,Meets Expectations
370045,Parinaaz Goswami,Finance,Accountant,70,70.8,83.12,4.0,79.8,51,4.7,20,No,0,77.178,1.5346153846153845,94.0,Meets Expectations
420636,Nirvi Sabharwal,HR,Recruitment Specialist,90,81.23,96.19,3.5,76.25,43,3.1,24,No,0,80.0465,1.7329545454545454,62.0,Exceeds Expectations
204388,Raunak Hari,Marketing,SEO Specialist,55,84.12,81.88,4.6,97.82,54,4.1,6,No,0,89.761,1.7785454545454544,82.0,Exceeds Expectations
697202,Renee Divan,HR,HR Manager,74,94.19,81.36,3.9,90.16,50,3.9,14,No,0,88.42649999999999,1.767843137254902,78.0,Exceeds Expectations
997340,Shlok Dar,Finance,Accountant,83,92.29,78.78,4.7,96.04,54,4.9,19,No,0,91.83249999999998,1.7461818181818183,98.00000000000001,Exceeds Expectations
290559,Ela Kamdar,Sales,Business Development,78,62.29,93.4,3.4,86.56,47,4.0,11,No,0,76.3075,1.8033333333333335,80.0,Meets Expectations
891992,Raunak Khalsa,Sales,Account Manager,84,82.62,81.07,4.5,90.7,53,4.2,15,No,0,86.32249999999999,1.6796296296296296,84.00000000000001,Exceeds Expectations
106984,Kashvi Warrior,Sales,Business Development,97,60.64,88.23,3.0,90.04,53,3.3,19,No,0,74.9725,1.6674074074074074,65.99999999999999,Meets Expectations
660308,Bhavin Comar,IT,Data Analyst,66,90.36,99.68,4.2,79.2,48,3.8,14,No,0,86.898,1.616326530612245,76.0,Exceeds Expectations
904099,Kiara Keer,HR,Employee Relations,74,93.8,76.06,3.1,70.63,54,3.7,19,No,0,78.2595,1.284181818181818,74.0,Meets Expectations
320979,Zara Barad,HR,Recruitment Specialist,80,69.1,83.75,3.4,72.04,40,3.3,1,No,0,72.1615,1.7570731707317075,65.99999999999999,Meets Expectations
222337,Fateh Ravel,Marketing,Content Strategist,54,72.56,75.15,3.8,83.04,37,4.1,24,No,0,77.13250000000001,2.185263157894737,82.0,Meets Expectations
895447,Mamooty Dhaliwal,IT,Data Analyst,74,82.74,90.61,4.6,87.71,42,4.5,10,No,0,87.04899999999999,2.039767441860465,90.0,Exceeds Expectations
571585,Neelofar Raja,IT,Cybersecurity Specialist,85,78.54,78.49,3.7,96.87,52,4.7,16,No,0,84.267,1.8277358490566038,94.0,Exceeds Expectations
202110,Romil Kothari,HR,Employee Relations,80,70.0,81.1,3.5,84.5,51,3.2,14,No,0,76.74000000000001,1.625,64.0,Meets Expectations
688803,Ela Behl,Marketing,Content Strategist,66,61.77,87.42,4.6,83.83,40,4.3,27,No,0,77.87299999999999,2.0446341463414632,86.0,Meets Expectations
363816,Kimaya Sidhu,IT,Data Analyst,90,88.27,85.93,4.3,99.41,55,3.2,12,No,0,91.47749999999999,1.7751785714285713,64.0,Exceeds Expectations
400076,Riaan Dara,HR,Recruitment Specialist,68,94.53,98.53,3.1,90.54,45,3.8,22,No,0,88.85399999999998,1.9682608695652175,76.0,Exceeds Expectations
413996,Ivana Sengupta,Sales,Account Manager,53,82.49,82.0,3.2,72.64,47,3.5,22,No,0,76.1955,1.5133333333333334,70.0,Meets Expectations
562767,Vihaan Seth,Sales,Account Manager,91,87.66,79.24,4.8,87.46,55,3.1,5,No,0,87.578,1.561785714285714,62.0,Exceeds Expectations
262147,Zain Sampath,Marketing,Content Strategist,75,84.47,98.48,4.5,76.62,50,3.7,22,No,0,84.65350000000001,1.5023529411764707,74.0,Exceeds Expectations
131523,Dhanush Sharma,Sales,Business Development,57,64.29,86.05,4.7,91.13,46,3.8,17,No,0,81.40449999999998,1.9389361702127659,76.0,Exceeds Expectations
892225,Miraya Raja,Marketing,SEO Specialist,59,75.8,95.3,3.4,85.39,38,3.1,30,No,0,80.9115,2.1894871794871795,62.0,Exceeds Expectations
964950,Umang Kapoor,Sales,Sales Executive,78,62.59,95.19,4.3,95.6,39,4.5,21,No,0,82.545,2.3899999999999997,90.0,Exceeds Expectations
585773,Kanav Virk,Marketing,Marketing Executive,72,85.42,78.67,3.4,96.4,51,3.5,20,No,0,85.6375,1.853846153846154,70.0,Exceeds Expectations
393701,Devansh Ray,Marketing,SEO Specialist,72,89.1,98.35,3.1,90.41,38,3.6,1,No,0,86.88099999999999,2.318205128205128,72.0,Exceeds Expectations
879279,Riaan Badal,Marketing,Marketing Executive,67,70.99,85.99,4.2,71.93,49,3.7,22,No,0,75.52049999999998,1.4386,74.0,Meets Expectations
134961,Kabir Sethi,Finance,Accountant,88,82.71,85.83,3.4,80.73,41,3.4,28,No,0,80.2785,1.9221428571428572,68.0,Exceeds Expectations
840376,Kavya Gade,IT,Data Analyst,69,65.98,96.51,4.5,92.22,51,3.9,5,No,0,83.3465,1.7734615384615384,78.0,Exceeds Expectations
770481,Madhav Tak,Finance,Accountant,77,63.18,99.62,4.7,88.57,48,5.0,24,No,0,82.15549999999999,1.807551020408163,100.0,Exceeds Expectations
901110,Gokul Chopra,Finance,Financial Analyst,93,88.06,83.82,4.6,98.95,50,4.5,10,Yes,1,91.82649999999998,1.9401960784313725,90.0,Exceeds Expectations
865493,Anahi Dasgupta,Finance,Auditor,82,67.17,89.47,4.2,75.08,39,4.6,3,No,0,75.80799999999999,1.877,92.0,Meets Expectations
260922,Myra Jaggi,Marketing,Content Strategist,61,86.77,93.5,4.0,88.64,50,3.4,22,No,0,87.4185,1.7380392156862745,68.0,Exceeds Expectations
997940,Siya Gola,Sales,Account Manager,96,74.97,95.93,3.8,76.72,41,3.8,24,No,0,78.881,1.8266666666666667,76.0,Meets Expectations
696765,Renee Kanda,Sales,Business Development,97,84.18,98.52,3.6,74.13,55,3.6,1,No,0,80.98649999999999,1.32375,72.0,Exceeds Expectations
484703,Misha Balakrishnan,IT,Data Analyst,82,65.88,95.93,4.8,71.81,55,4.7,23,No,0,76.981,1.2823214285714286,94.0,Meets Expectations
701483,Biju Chada,Sales,Account Manager,100,66.91,92.28,3.6,82.85,40,5.0,26,Yes,1,77.05799999999999,2.020731707317073,100.0,Meets Expectations
681137,Vedika Iyer,Marketing,Content Strategist,53,75.53,84.5,4.2,91.78,39,3.1,23,No,0,83.83349999999999,2.2945,62.0,Exceeds Expectations
947639,Pari Yogi,Finance,Auditor,70,62.84,81.13,3.9,78.28,44,4.2,20,No,0,73.2615,1.7395555555555555,84.00000000000001,Meets Expectations
128097,Rania Tella,Marketing,SEO Specialist,91,84.78,80.43,4.6,71.8,51,4.8,12,Yes,1,80.66749999999999,1.3807692307692307,96.0,Exceeds Expectations
559703,Kismat Bajwa,IT,Data Analyst,83,86.82,94.94,4.7,89.04,47,4.2,3,No,0,89.892,1.8550000000000002,84.00000000000001,Exceeds Expectations
433550,Zara Sahota,Marketing,Content Strategist,53,78.59,99.97,4.9,93.3,44,4.0,11,No,0,89.85699999999999,2.0733333333333333,80.0,Exceeds Expectations
512811,Amira Deshmukh,Finance,Auditor,68,60.22,99.92,3.5,90.85,37,4.2,7,No,0,78.3625,2.3907894736842104,84.00000000000001,Meets Expectations
783714,Piya Kulkarni,Marketing,Marketing Executive,79,68.11,82.26,4.0,96.26,46,4.9,25,No,0,81.8685,2.048085106382979,98.00000000000001,Exceeds Expectations
932416,Vanya Rama,Finance,Financial Analyst,96,69.87,97.97,3.6,85.67,44,4.2,2,Yes,1,79.93449999999999,1.9037777777777778,84.00000000000001,Meets Expectations
906767,Alisha Ramachandran,Marketing,SEO Specialist,52,89.94,93.4,3.8,76.97,48,3.6,24,No,0,83.8285,1.5708163265306123,72.0,Exceeds Expectations
584394,Lakshit Wali,HR,Employee Relations,95,70.72,99.65,4.4,87.01,52,3.3,13,No,0,83.35300000000001,1.6416981132075472,65.99999999999999,Exceeds Expectations
268830,Emir Swaminathan,HR,Recruitment Specialist,93,63.53,80.89,4.8,98.12,39,4.2,19,Yes,1,83.11099999999999,2.4530000000000003,84.00000000000001,Exceeds Expectations
761423,Ishaan Mane,Finance,Accountant,68,71.21,84.87,3.2,93.13,49,4.4,7,No,0,79.84949999999999,1.8625999999999998,88.00000000000001,Meets Expectations
116739,Damini Magar,Sales,Sales Executive,63,66.25,79.75,3.2,88.94,43,4.7,30,No,0,75.87899999999999,2.0213636363636365,94.0,Meets Expectations
472499,Charvi Sekhon,Finance,Financial Analyst,61,65.39,88.13,4.1,86.49,54,3.5,8,No,0,78.6775,1.5725454545454545,70.0,Meets Expectations
567481,Kabir Shanker,Marketing,Marketing Executive,63,61.75,78.94,4.1,87.33,50,3.8,2,No,0,76.31899999999999,1.7123529411764706,76.0,Meets Expectations
816930,Zaina Dube,Sales,Sales Executive,59,68.55,84.54,3.2,98.53,40,4.5,6,No,0,80.75899999999999,2.403170731707317,90.0,Exceeds Expectations
831338,Darshit Borah,Finance,Auditor,85,75.06,85.01,3.2,98.73,47,3.9,1,No,0,83.178,2.0568750000000002,78.0,Exceeds Expectations
304851,Saksham Cherian,Sales,Account Manager,95,94.32,87.99,3.7,96.15,38,3.6,15,No,0,90.96299999999998,2.4653846153846155,72.0,Exceeds Expectations
743872,Ishita Varughese,Sales,Business Development,61,84.96,79.61,3.0,71.71,46,3.9,16,No,0,75.776,1.5257446808510637,78.0,Meets Expectations
406110,Bhamini Shankar,HR,Recruitment Specialist,80,79.01,91.8,4.5,74.71,42,4.6,9,No,0,81.07199999999999,1.737441860465116,92.0,Exceeds Expectations
498810,Kashvi Chanda,HR,Employee Relations,68,80.5,92.61,3.3,98.12,50,3.6,8,No,0,86.3085,1.9239215686274511,72.0,Exceeds Expectations
702079,Kavya Arya,HR,HR Manager,91,64.63,98.63,3.0,95.49,54,4.1,12,Yes,1,79.83649999999999,1.736181818181818,82.0,Meets Expectations
962057,Aayush Chauhan,HR,Employee Relations,97,85.83,83.19,3.1,71.28,44,4.5,18,Yes,1,76.767,1.584,90.0,Meets Expectations
951525,Yakshit Kohli,IT,Data Analyst,75,71.03,90.1,4.9,87.93,41,3.5,17,No,0,83.851,2.093571428571429,70.0,Exceeds Expectations
847026,Aradhya Bajaj,Marketing,Content Strategist,70,85.97,84.74,3.9,91.5,40,3.3,7,No,0,86.5255,2.231707317073171,65.99999999999999,Exceeds Expectations
429719,Kartik Chaudry,IT,Cybersecurity Specialist,70,84.36,82.66,3.0,91.57,40,4.0,6,No,0,82.97449999999999,2.2334146341463414,80.0,Exceeds Expectations
256638,Yashvi Mangat,HR,Employee Relations,59,76.37,83.89,4.7,86.73,54,4.9,22,No,0,83.76849999999999,1.576909090909091,98.00000000000001,Exceeds Expectations
737016,Gatik Chaudhari,Sales,Account Manager,81,78.24,75.53,3.6,85.04,55,4.4,0,No,0,79.27749999999999,1.5185714285714287,88.00000000000001,Meets Expectations
892397,Charvi Sengupta,IT,Cybersecurity Specialist,50,79.01,82.83,4.3,94.9,47,3.9,23,No,0,86.19300000000001,1.9770833333333335,78.0,Exceeds Expectations
720127,Akarsh Setty,Sales,Business Development,95,86.1,79.25,4.7,98.9,44,4.8,10,Yes,1,90.7375,2.197777777777778,96.0,Exceeds Expectations
988457,Amani Sethi,Marketing,Marketing Executive,71,77.5,95.68,3.5,93.35,49,4.2,23,No,0,84.6495,1.867,84.00000000000001,Exceeds Expectations
598123,Tushar Mahajan,IT,Data Analyst,93,92.78,99.48,3.4,90.75,41,4.0,7,No,0,89.3575,2.1607142857142856,80.0,Exceeds Expectations
194533,Tarini Lad,Marketing,Marketing Executive,51,67.7,82.49,3.9,89.51,41,3.4,22,No,0,79.097,2.1311904761904765,68.0,Meets Expectations
998986,Prisha Barad,Finance,Financial Analyst,85,80.49,87.62,4.0,76.77,38,3.9,21,No,0,80.184,1.9684615384615383,78.0,Exceeds Expectations
643959,Vanya Hegde,IT,Cybersecurity Specialist,98,66.72,85.54,4.8,76.94,54,4.3,28,Yes,1,77.512,1.3989090909090909,86.0,Meets Expectations
436654,Akarsh Kadakia,HR,Recruitment Specialist,61,69.15,82.09,4.9,81.5,48,3.3,26,No,0,79.741,1.663265306122449,65.99999999999999,Meets Expectations
326256,Hansh Shanker,Finance,Auditor,54,92.31,82.28,3.3,86.56,42,3.2,5,No,0,84.8465,2.0130232558139536,64.0,Exceeds Expectations
953883,Mamooty Kalita,Sales,Account Manager,79,67.55,84.17,3.5,98.37,38,4.6,1,No,0,81.19749999999999,2.5223076923076926,92.0,Exceeds Expectations
281981,Abram Das,Finance,Accountant,63,70.75,89.89,4.6,81.18,47,4.1,17,No,0,80.45899999999999,1.6912500000000001,82.0,Exceeds Expectations
313484,Ojas Bansal,IT,Software Engineer,53,67.9,79.68,4.1,77.46,45,4.8,19,No,0,75.128,1.6839130434782608,96.0,Meets Expectations
854376,Diya Apte,Sales,Account Manager,81,89.89,79.06,4.0,96.62,42,3.3,20,No,0,89.13749999999999,2.2469767441860466,65.99999999999999,Exceeds Expectations
582723,Shanaya D’Alia,Sales,Account Manager,91,75.89,95.4,4.3,84.37,47,5.0,26,Yes,1,83.301,1.7577083333333334,100.0,Exceeds Expectations
360036,Abram Singhal,Sales,Business Development,100,80.98,98.84,3.9,91.55,47,4.5,11,Yes,1,86.9115,1.9072916666666666,90.0,Exceeds Expectations
513399,Kiaan Ganesh,Finance,Auditor,100,92.41,96.42,5.0,75.48,52,4.8,18,Yes,1,88.22449999999999,1.4241509433962265,96.0,Exceeds Expectations
100021,Rati Hayre,Finance,Auditor,100,74.97,83.08,4.5,74.16,42,3.7,13,No,0,78.1575,1.7246511627906975,74.0,Meets Expectations
971093,Alia Chand,Finance,Financial Analyst,74,60.71,81.6,3.9,76.28,49,4.6,27,No,0,71.8865,1.5256,92.0,Meets Expectations
731049,Jivin Dash,Marketing,SEO Specialist,92,93.88,92.47,3.9,71.7,36,4.5,3,Yes,1,83.5235,1.9378378378378378,90.0,Exceeds Expectations
826752,Akarsh Jain,Finance,Auditor,57,93.9,88.6,3.7,75.94,41,5.0,6,No,0,83.834,1.808095238095238,100.0,Exceeds Expectations
745828,Aniruddh Upadhyay,Marketing,SEO Specialist,77,65.12,91.1,4.5,80.62,35,4.5,22,No,0,78.174,2.2394444444444446,90.0,Meets Expectations
619015,Jivin Ben,IT,Data Analyst,87,89.86,83.43,4.3,78.28,54,4.1,2,Yes,1,84.26350000000001,1.4232727272727272,82.0,Exceeds Expectations
992874,Ritvik Dixit,Sales,Business Development,95,70.56,96.27,4.7,71.35,49,4.1,4,Yes,1,78.20899999999999,1.4269999999999998,82.0,Meets Expectations
898382,Dharmajan Kaur,Marketing,Content Strategist,79,75.36,75.99,3.5,81.45,45,4.3,9,No,0,76.782,1.7706521739130436,86.0,Meets Expectations
484630,Tarini Anne,IT,Data Analyst,86,91.07,96.65,4.9,84.7,40,4.4,25,Yes,1,90.717,2.0658536585365854,88.00000000000001,Exceeds Expectations
319787,Amani Babu,Finance,Accountant,97,94.18,79.7,4.6,99.24,52,3.1,15,No,0,93.452,1.8724528301886791,62.0,Exceeds Expectations
666580,Chirag Gour,IT,Data Analyst,92,72.62,93.23,4.1,94.39,51,4.0,27,No,0,84.738,1.8151923076923078,80.0,Exceeds Expectations
355918,Tiya Ramanathan,Finance,Financial Analyst,50,72.02,90.89,3.3,88.7,35,4.6,13,No,0,79.7855,2.463888888888889,92.0,Meets Expectations
581294,Ranbir Bhattacharyya,Marketing,SEO Specialist,78,68.17,76.92,4.5,84.17,48,4.7,25,No,0,78.357,1.7177551020408164,94.0,Meets Expectations
968669,Prerak Hayer,Sales,Sales Executive,92,91.19,90.33,3.5,94.32,46,4.3,19,Yes,1,88.97799999999998,2.006808510638298,86.0,Exceeds Expectations
515999,Kaira Barad,Sales,Sales Executive,83,77.77,78.01,4.4,72.66,45,4.4,18,No,0,77.55199999999999,1.5795652173913042,88.00000000000001,Meets Expectations
816329,Nayantara Dar,HR,Recruitment Specialist,87,86.99,98.14,4.9,97.12,46,3.7,6,No,0,93.8595,2.0663829787234045,74.0,Exceeds Expectations
271872,Samar Arya,Sales,Sales Executive,82,84.09,94.56,3.3,85.33,47,3.0,22,No,0,83.381,1.7777083333333332,60.0,Exceeds Expectations
147332,Navya Seshadri,IT,Cybersecurity Specialist,54,81.04,88.33,4.2,78.75,39,3.7,8,No,0,81.776,1.96875,74.0,Exceeds Expectations
542687,Lakshay Manne,Sales,Sales Executive,59,74.08,76.1,4.4,89.46,43,4.9,1,No,0,81.854,2.033181818181818,98.00000000000001,Exceeds Expectations
454195,Yakshit Gill,IT,Cybersecurity Specialist,74,60.32,76.39,4.1,73.16,47,4.6,8,No,0,70.4765,1.5241666666666667,92.0,Meets Expectations
788011,Taran Magar,Finance,Financial Analyst,66,80.67,81.25,3.3,74.06,36,3.2,10,No,0,76.243,2.001621621621622,64.0,Meets Expectations
249172,Raunak Goda,IT,Software Engineer,82,75.56,78.03,3.3,94.77,53,3.6,9,No,0,81.22,1.755,72.0,Exceeds Expectations
811225,Amira Kumar,IT,Data Analyst,86,92.53,75.54,4.5,72.3,35,3.3,3,No,0,82.5215,2.0083333333333333,65.99999999999999,Exceeds Expectations
790332,Miraan Shetty,Marketing,Content Strategist,91,71.14,87.73,3.0,86.62,39,4.1,11,Yes,1,77.37549999999999,2.1655,82.0,Meets Expectations
110121,Manikya Shukla,Marketing,Marketing Executive,57,92.03,84.22,3.3,72.04,53,3.5,20,No,0,79.9575,1.3340740740740742,70.0,Meets Expectations
481729,Onkar Atwal,Marketing,Content Strategist,69,63.06,77.36,4.6,97.34,40,3.2,11,No,0,81.544,2.3741463414634145,64.0,Exceeds Expectations
898619,Priyansh Anand,HR,Recruitment Specialist,69,78.37,96.79,3.9,89.56,41,4.4,2,No,0,84.994,2.1323809523809523,88.00000000000001,Exceeds Expectations
567306,Raghav Khurana,Marketing,SEO Specialist,74,74.75,77.08,3.4,81.27,48,3.1,9,No,0,76.369,1.6585714285714286,62.0,Meets Expectations
929819,Divit Bhargava,IT,Data Analyst,78,78.12,89.23,4.2,71.73,36,5.0,29,No,0,78.43199999999999,1.9386486486486487,100.0,Meets Expectations
968855,Ranbir Mani,Marketing,Marketing Executive,67,65.23,98.71,4.0,95.49,41,4.6,16,No,0,83.0585,2.2735714285714286,92.0,Exceeds Expectations
191069,Emir Krish,IT,Data Analyst,89,65.58,81.49,5.0,77.19,40,4.6,1,Yes,1,77.193,1.8826829268292682,92.0,Meets Expectations
100227,Vihaan Garg,IT,Data Analyst,74,88.1,99.97,4.0,96.02,47,3.6,17,No,0,91.4375,2.0004166666666667,72.0,Exceeds Expectations
127118,Piya Ravi,Sales,Sales Executive,63,70.37,96.96,4.9,85.7,40,3.5,20,No,0,83.8685,2.0902439024390245,70.0,Exceeds Expectations
932669,Bhamini Uppal,HR,Employee Relations,78,75.37,80.05,4.0,85.28,54,4.7,21,No,0,80.235,1.5505454545454547,94.0,Exceeds Expectations
923470,Aarna Kadakia,HR,Employee Relations,82,64.9,88.99,3.3,70.2,37,4.4,4,No,0,70.5335,1.8473684210526315,88.00000000000001,Meets Expectations
939040,Ahana  Gala,Sales,Business Development,57,92.35,82.34,3.1,72.12,39,4.1,14,No,0,79.21549999999999,1.8030000000000002,82.0,Meets Expectations
388758,Vihaan Kala,Sales,Account Manager,75,62.64,77.99,3.3,79.59,55,4.8,19,No,0,71.379,1.4212500000000001,96.0,Meets Expectations
614027,Mamooty Tripathi,Finance,Accountant,96,70.04,92.69,4.5,78.86,49,3.0,19,No,0,79.51849999999999,1.5772,60.0,Meets Expectations
176348,Rati Upadhyay,IT,Cybersecurity Specialist,85,90.8,96.69,3.3,86.58,51,4.2,7,No,0,86.4865,1.665,84.00000000000001,Exceeds Expectations
417386,Mahika Sant,Marketing,Marketing Executive,95,68.87,92.07,4.8,99.86,46,3.3,5,No,0,87.26599999999999,2.1246808510638298,65.99999999999999,Exceeds Expectations
678362,Hrishita Jaggi,Marketing,Marketing Executive,56,64.38,93.62,3.8,81.4,55,3.1,24,No,0,76.46600000000001,1.4535714285714287,62.0,Meets Expectations
120071,Tarini De,Finance,Accountant,50,63.63,85.22,4.6,75.39,53,4.3,29,No,0,75.24,1.396111111111111,86.0,Meets Expectations
656354,Amira Bhatti,Sales,Account Manager,70,69.16,86.81,3.3,81.7,46,4.3,12,No,0,75.7225,1.7382978723404257,86.0,Meets Expectations
317649,Samar Choudhury,Marketing,Content Strategist,86,85.49,98.21,4.0,92.11,42,3.9,6,No,0,88.8915,2.1420930232558137,78.0,Exceeds Expectations
723461,Hazel Ram,Marketing,Content Strategist,97,91.35,99.6,4.2,91.82,45,4.8,6,Yes,1,91.64949999999999,1.996086956521739,96.0,Exceeds Expectations
526841,Prisha Sen,IT,Software Engineer,53,69.43,89.92,4.7,83.64,45,3.1,6,No,0,81.1625,1.8182608695652174,62.0,Exceeds Expectations
583717,Eshani Batta,Sales,Business Development,73,74.3,86.68,3.5,95.52,35,3.4,9,No,0,82.939,2.6533333333333333,68.0,Exceeds Expectations
746766,Samarth Bhat,HR,Employee Relations,55,65.89,95.95,4.4,76.48,52,4.8,22,No,0,77.422,1.4430188679245284,96.0,Meets Expectations
431327,Nitara Bakshi,Sales,Sales Executive,96,88.4,80.25,4.8,96.91,47,4.9,4,Yes,1,91.29599999999999,2.0189583333333334,98.00000000000001,Exceeds Expectations
491083,Heer Saxena,Sales,Sales Executive,90,69.68,79.51,5.0,90.05,46,3.1,12,No,0,82.83200000000001,1.9159574468085105,62.0,Exceeds Expectations
975149,Ehsaan Biswas,IT,Software Engineer,55,75.47,89.02,4.2,88.46,36,3.1,20,No,0,83.32849999999998,2.3908108108108106,62.0,Exceeds Expectations
499259,Farhan Anand,Finance,Auditor,67,68.43,99.53,4.9,91.84,39,4.3,24,No,0,85.724,2.2960000000000003,86.0,Exceeds Expectations
847889,Veer Tara,HR,Recruitment Specialist,69,64.54,97.05,3.8,74.26,51,3.8,10,No,0,74.5375,1.4280769230769232,76.0,Meets Expectations
753580,Ritvik Lanka,HR,HR Manager,97,86.05,88.51,3.6,84.48,43,4.4,7,Yes,1,83.76199999999999,1.9200000000000002,88.00000000000001,Exceeds Expectations
278760,Samarth Bhandari,HR,HR Manager,78,75.19,91.57,4.1,80.24,45,4.1,19,No,0,80.43599999999999,1.7443478260869565,82.0,Exceeds Expectations
292074,Nayantara Kale,Sales,Sales Executive,72,62.44,84.79,3.8,79.51,40,3.2,25,No,0,73.801,1.939268292682927,64.0,Meets Expectations
137704,Himmat Bir,Finance,Financial Analyst,88,94.1,94.79,3.7,97.26,45,4.5,11,Yes,1,92.2945,2.1143478260869566,90.0,Exceeds Expectations
701024,Mannat Bhatnagar,HR,Employee Relations,65,67.32,89.31,5.0,90.73,37,3.1,29,No,0,83.714,2.3876315789473685,62.0,Exceeds Expectations
648401,Jayesh Kala,Finance,Accountant,97,84.54,84.01,3.6,72.52,54,4.3,11,Yes,1,78.37249999999999,1.3185454545454545,86.0,Meets Expectations
361661,Miraya Grover,Marketing,SEO Specialist,61,92.59,92.96,4.7,78.67,36,4.4,16,No,0,87.985,2.1262162162162164,88.00000000000001,Exceeds Expectations
782255,Vedika Varkey,Finance,Accountant,75,73.28,78.75,3.3,96.87,36,4.3,9,No,0,81.265,2.618108108108108,86.0,Exceeds Expectations
391105,Baiju Yohannan,Marketing,SEO Specialist,94,87.22,82.6,3.7,91.45,45,3.5,22,No,0,86.02449999999999,1.9880434782608696,70.0,Exceeds Expectations
366641,Khushi Edwin,IT,Software Engineer,89,70.63,91.44,4.2,99.39,46,5.0,29,Yes,1,85.82299999999998,2.11468085106383,100.0,Exceeds Expectations
371422,Hazel Tailor,HR,Employee Relations,59,62.13,85.14,4.0,97.82,38,3.3,20,No,0,80.75349999999999,2.508205128205128,65.99999999999999,Exceeds Expectations
774296,Kiaan Chatterjee,HR,Recruitment Specialist,59,74.97,89.91,3.1,97.16,37,3.7,29,No,0,83.032,2.556842105263158,74.0,Exceeds Expectations
917928,Himmat Chandran,Marketing,SEO Specialist,53,62.65,92.23,3.3,86.37,47,4.8,27,No,0,75.89150000000001,1.7993750000000002,96.0,Meets Expectations
899345,Drishya Garde,Sales,Account Manager,54,73.67,76.73,4.2,99.75,41,4.8,2,No,0,84.80649999999999,2.375,96.0,Exceeds Expectations
976064,Jivika Rajagopal,IT,Data Analyst,52,88.52,92.6,4.5,97.06,39,4.5,19,No,0,92.34299999999999,2.4265,90.0,Exceeds Expectations
784983,Raghav Mallick,Finance,Financial Analyst,95,60.34,83.06,3.2,93.5,48,3.3,17,No,0,75.90299999999999,1.9081632653061225,65.99999999999999,Meets Expectations
947715,Purab Madan,Finance,Auditor,51,88.78,86.94,3.3,97.65,54,3.5,26,No,0,88.1915,1.7754545454545456,70.0,Exceeds Expectations
522322,Tara Arya,Marketing,Content Strategist,57,81.22,75.84,4.9,78.22,49,5.0,25,No,0,81.88,1.5644,100.0,Exceeds Expectations
579876,Renee Sagar,HR,Employee Relations,64,90.86,84.29,4.3,86.74,38,4.0,10,No,0,87.7035,2.224102564102564,80.0,Exceeds Expectations
139711,Divit Sem,Finance,Auditor,80,79.53,90.57,5.0,72.41,50,3.7,0,No,0,81.7645,1.4198039215686273,74.0,Exceeds Expectations
561816,Rasha Madan,Sales,Business Development,77,63.15,85.75,3.6,82.88,37,3.3,24,No,0,74.773,2.181052631578947,65.99999999999999,Meets Expectations
584488,Lavanya Dalal,Sales,Sales Executive,79,67.37,76.06,4.4,76.97,47,3.4,7,No,0,75.128,1.6035416666666666,68.0,Meets Expectations
361708,Stuvan Dewan,Marketing,Content Strategist,74,88.09,87.92,4.0,80.69,46,4.8,24,No,0,84.261,1.7168085106382978,96.0,Exceeds Expectations
779924,Aarna Barman,Finance,Accountant,81,65.18,99.56,3.6,79.25,44,3.3,11,No,0,76.2845,1.761111111111111,65.99999999999999,Meets Expectations
868781,Dhanuk Bora,Sales,Sales Executive,55,84.0,98.26,3.3,80.87,44,3.9,23,No,0,82.3435,1.797111111111111,78.0,Exceeds Expectations
732948,Sana Bhargava,HR,Recruitment Specialist,77,71.49,98.81,3.4,89.17,49,3.1,21,No,0,81.2525,1.7834,62.0,Exceeds Expectations
640738,Tarini Sarin,HR,Recruitment Specialist,64,68.87,99.58,3.1,83.77,42,3.4,15,No,0,77.661,1.948139534883721,68.0,Meets Expectations
639446,Zaina Chhabra,Finance,Accountant,73,83.92,78.86,4.2,93.91,50,3.8,3,No,0,86.66949999999999,1.8413725490196078,76.0,Exceeds Expectations
258663,Mamooty Srinivas,Finance,Financial Analyst,70,71.76,81.27,4.2,82.88,52,4.6,20,No,0,78.91449999999999,1.5637735849056602,92.0,Meets Expectations
270267,Badal Gaba,IT,Software Engineer,84,84.77,76.12,3.5,96.23,38,4.9,10,No,0,85.268,2.4674358974358976,98.00000000000001,Exceeds Expectations
624789,Vaibhav Sur,HR,Employee Relations,77,68.91,86.52,4.5,71.2,53,3.7,16,No,0,75.51650000000001,1.3185185185185186,74.0,Meets Expectations
643456,Divyansh Kala,Sales,Account Manager,51,94.72,88.69,3.2,70.02,37,3.3,26,No,0,80.5625,1.8426315789473684,65.99999999999999,Exceeds Expectations
314234,Taran Magar,Finance,Accountant,63,83.03,96.32,3.7,88.39,41,4.0,19,No,0,85.54499999999999,2.1045238095238097,80.0,Exceeds Expectations
552359,Zoya Deo,IT,Data Analyst,75,85.29,93.0,3.7,78.5,35,3.4,3,No,0,82.3765,2.1805555555555554,68.0,Exceeds Expectations
620358,Vivaan Mani,Finance,Financial Analyst,59,65.32,78.82,4.3,97.29,51,4.2,17,No,0,81.6365,1.8709615384615386,84.00000000000001,Exceeds Expectations
549637,Inaaya  Ravi,Sales,Account Manager,66,76.79,86.12,3.1,90.88,40,3.9,9,No,0,80.9025,2.2165853658536583,78.0,Exceeds Expectations
837075,Misha Sawhney,HR,Recruitment Specialist,51,69.3,93.2,3.5,86.49,45,4.6,16,No,0,79.0065,1.8802173913043476,92.0,Meets Expectations
715935,Kiara Toor,HR,HR Manager,88,79.66,96.64,4.3,79.8,47,4.7,16,Yes,1,83.207,1.6624999999999999,94.0,Exceeds Expectations
554087,Yashvi Vig,Marketing,SEO Specialist,89,87.96,97.3,4.0,93.33,46,3.1,12,No,0,90.04649999999998,1.9857446808510637,62.0,Exceeds Expectations
871388,Dhanuk Keer,Sales,Account Manager,70,62.65,90.68,3.6,72.33,41,4.1,12,No,0,71.645,1.7221428571428572,82.0,Meets Expectations
587411,Sara Mahajan,HR,Recruitment Specialist,66,74.41,82.54,4.7,89.9,42,3.6,24,No,0,83.98949999999999,2.090697674418605,72.0,Exceeds Expectations
745780,Vardaniya Chokshi,Finance,Auditor,50,91.83,82.56,4.9,85.18,46,3.4,10,No,0,89.0375,1.812340425531915,68.0,Exceeds Expectations
607019,Samarth Gandhi,Sales,Account Manager,77,93.17,99.62,3.0,73.31,51,3.1,22,No,0,82.211,1.4098076923076923,62.0,Exceeds Expectations
841750,Aniruddh Sharma,IT,Cybersecurity Specialist,52,76.01,80.5,3.4,73.28,53,4.8,15,No,0,74.5265,1.357037037037037,96.0,Meets Expectations
632563,Dishani Mangat,HR,Recruitment Specialist,92,64.85,99.85,3.6,99.17,38,4.2,6,Yes,1,83.1845,2.542820512820513,84.00000000000001,Exceeds Expectations
255488,Romil Bhatnagar,IT,Cybersecurity Specialist,84,86.05,80.11,3.9,76.79,38,3.6,26,No,0,80.7105,1.9689743589743591,72.0,Exceeds Expectations
767269,Sana Ramesh,Finance,Accountant,72,67.48,76.62,4.1,73.52,53,3.4,12,No,0,73.143,1.3614814814814815,68.0,Meets Expectations
644226,Riaan Dua,IT,Data Analyst,50,80.35,79.61,3.8,87.98,39,4.2,2,No,0,82.257,2.1995,84.00000000000001,Exceeds Expectations
543955,Uthkarsh Arya,IT,Data Analyst,80,89.61,99.32,4.4,95.61,44,3.9,13,No,0,92.925,2.1246666666666667,78.0,Exceeds Expectations
576706,Indrans Arya,HR,Employee Relations,81,90.98,92.88,3.9,81.06,46,4.8,1,No,0,85.846,1.7246808510638298,96.0,Exceeds Expectations
828734,Nitara Brahmbhatt,Sales,Business Development,74,65.81,91.17,4.0,79.99,53,3.0,26,No,0,76.7055,1.4812962962962961,60.0,Meets Expectations
403621,Vardaniya Yogi,Sales,Sales Executive,60,64.82,99.29,4.9,97.03,50,4.0,23,No,0,86.241,1.9025490196078432,80.0,Exceeds Expectations
798350,Eshani Khalsa,HR,Recruitment Specialist,94,67.01,80.4,4.5,90.45,38,3.2,22,No,0,80.671,2.3192307692307694,64.0,Exceeds Expectations
437852,Chirag Lanka,Finance,Financial Analyst,94,65.31,97.66,3.3,92.46,51,4.6,8,Yes,1,79.7685,1.7780769230769229,92.0,Meets Expectations
753280,Kashvi Sabharwal,HR,Employee Relations,91,80.74,84.56,3.7,97.75,44,4.9,24,Yes,1,86.25549999999998,2.172222222222222,98.00000000000001,Exceeds Expectations
193694,Manjari Bhakta,Marketing,SEO Specialist,62,84.64,96.72,3.8,75.02,38,4.3,13,No,0,81.789,1.9235897435897436,86.0,Exceeds Expectations
304449,Anika Dora,Marketing,Marketing Executive,90,61.35,77.54,4.7,77.21,48,3.6,5,No,0,74.22699999999999,1.5757142857142856,72.0,Meets Expectations
556936,Vidur Dora,IT,Software Engineer,100,78.17,92.63,4.6,71.2,54,3.8,23,No,0,79.97399999999999,1.2945454545454547,76.0,Meets Expectations
774257,Priyansh Maharaj,IT,Cybersecurity Specialist,100,87.58,87.39,3.3,94.84,52,4.7,4,Yes,1,86.8555,1.789433962264151,94.0,Exceeds Expectations
221408,Tarini Sundaram,Sales,Account Manager,92,92.47,76.54,3.7,76.78,43,3.8,9,No,0,81.81849999999999,1.745,76.0,Exceeds Expectations
371918,Divit Dutta,Finance,Auditor,53,79.67,98.56,3.8,95.68,41,4.8,14,No,0,87.5565,2.278095238095238,96.0,Exceeds Expectations
220541,Ira Dua,Finance,Auditor,68,81.64,84.75,4.6,82.49,40,4.7,19,No,0,83.958,2.011951219512195,94.0,Exceeds Expectations
955204,Mannat Thaman,Finance,Financial Analyst,59,61.72,95.6,3.1,87.14,36,4.6,24,No,0,75.741,2.3551351351351353,92.0,Meets Expectations
185558,Suhana Lala,IT,Software Engineer,58,71.72,97.65,4.0,94.74,38,4.8,3,No,0,84.9085,2.4292307692307693,96.0,Exceeds Expectations
120216,Zara Sabharwal,IT,Software Engineer,81,86.68,92.15,3.1,93.23,50,3.8,4,No,0,86.091,1.8280392156862746,76.0,Exceeds Expectations
114431,Kismat Gupta,Marketing,Marketing Executive,78,94.18,94.76,4.9,85.0,49,3.3,15,No,0,91.627,1.7,65.99999999999999,Exceeds Expectations
824403,Aradhya Saran,Finance,Accountant,58,82.56,98.53,3.7,92.77,36,3.4,27,No,0,87.24499999999999,2.5072972972972973,68.0,Exceeds Expectations
668476,Abram Shankar,HR,Employee Relations,62,60.41,96.6,4.9,92.76,40,3.7,8,No,0,82.7995,2.262439024390244,74.0,Exceeds Expectations
449589,Siya Mane,Finance,Accountant,72,69.04,98.37,3.6,86.01,55,3.2,28,No,0,79.823,1.5358928571428572,64.0,Meets Expectations
857263,Jayan Bera,Finance,Accountant,50,82.51,92.57,4.2,85.26,37,3.5,12,No,0,85.20499999999998,2.243684210526316,70.0,Exceeds Expectations
873801,Madhav Kunda,Finance,Auditor,54,90.72,80.86,3.7,72.32,36,4.2,9,No,0,80.29299999999999,1.9545945945945944,84.00000000000001,Exceeds Expectations
698063,Nayantara Tiwari,Sales,Business Development,79,75.75,91.63,3.3,95.57,48,3.5,20,No,0,83.6065,1.950408163265306,70.0,Exceeds Expectations
513486,Devansh Kibe,IT,Software Engineer,86,72.76,96.51,3.6,85.81,54,4.7,18,Yes,1,80.776,1.5601818181818181,94.0,Exceeds Expectations
608483,Nishith Banik,HR,Employee Relations,66,70.94,79.39,3.9,98.35,46,3.1,4,No,0,82.86,2.0925531914893614,62.0,Exceeds Expectations
504397,Hrishita Jaggi,Finance,Accountant,53,92.66,86.54,4.2,86.03,46,4.6,1,No,0,88.12249999999999,1.8304255319148937,92.0,Exceeds Expectations
826290,Sahil Ganesh,HR,Recruitment Specialist,56,88.02,83.85,4.6,83.12,36,3.9,12,No,0,86.27649999999998,2.2464864864864866,78.0,Exceeds Expectations
403534,Aayush Master,Marketing,Content Strategist,84,87.28,99.78,4.9,71.14,52,4.5,30,No,0,85.11399999999999,1.3422641509433961,90.0,Exceeds Expectations
812378,Bhavin Rajagopalan,HR,Employee Relations,59,84.14,79.37,3.9,96.86,52,3.2,23,No,0,86.9555,1.8275471698113208,64.0,Exceeds Expectations
227383,Arhaan Bali,HR,Employee Relations,51,85.04,95.37,4.4,88.8,38,4.0,27,No,0,88.34949999999999,2.276923076923077,80.0,Exceeds Expectations
262429,Amira Khurana,Sales,Account Manager,91,76.41,94.79,4.9,92.68,42,3.5,19,No,0,88.10000000000001,2.1553488372093024,70.0,Exceeds Expectations
189065,Tanya Garg,Marketing,SEO Specialist,70,61.23,91.94,4.1,96.53,55,4.6,21,No,0,81.30699999999999,1.7237500000000001,92.0,Exceeds Expectations
192881,Elakshi Varughese,Marketing,Marketing Executive,72,70.44,75.26,4.2,81.01,50,3.2,9,No,0,76.89649999999999,1.5884313725490198,64.0,Meets Expectations
873497,Azad Lala,HR,Employee Relations,71,91.25,99.96,4.1,83.3,41,3.3,10,No,0,88.38649999999998,1.9833333333333332,65.99999999999999,Exceeds Expectations
874596,Anahita Borah,HR,Employee Relations,93,68.49,82.7,3.8,84.99,52,4.0,20,No,0,77.523,1.6035849056603773,80.0,Meets Expectations
202827,Faiyaz Kuruvilla,Marketing,Marketing Executive,92,66.62,99.29,4.5,74.75,55,3.5,24,No,0,77.873,1.3348214285714286,70.0,Meets Expectations
494146,Kaira Balan,Marketing,Content Strategist,76,87.55,99.56,3.6,81.52,41,4.8,10,No,0,84.90849999999999,1.9409523809523808,96.0,Exceeds Expectations
157240,Hrishita Wason,Finance,Financial Analyst,62,85.9,82.32,3.1,72.01,53,3.1,24,No,0,76.9165,1.3335185185185185,62.0,Meets Expectations
578802,Nakul Ahluwalia,HR,Recruitment Specialist,93,83.41,84.6,3.7,78.52,38,3.5,15,No,0,80.46549999999999,2.013333333333333,70.0,Exceeds Expectations
447327,Akarsh Upadhyay,Sales,Account Manager,84,61.78,88.45,3.3,92.1,42,4.4,3,No,0,77.02550000000001,2.141860465116279,88.00000000000001,Meets Expectations
758499,Faiyaz Bajaj,Finance,Financial Analyst,70,87.71,95.05,3.6,98.15,36,4.7,5,No,0,90.10849999999998,2.652702702702703,94.0,Exceeds Expectations
927109,Nishith Bhargava,Marketing,Marketing Executive,55,86.29,95.19,4.8,77.19,35,3.3,30,No,0,85.8965,2.1441666666666666,65.99999999999999,Exceeds Expectations
618616,Yuvraj  Sarkar,HR,Employee Relations,70,89.57,89.33,4.7,83.18,47,3.3,15,No,0,87.96199999999999,1.7329166666666669,65.99999999999999,Exceeds Expectations
498762,Devansh Toor,Finance,Accountant,100,82.56,92.98,3.8,75.48,54,4.8,30,Yes,1,80.661,1.3723636363636365,96.0,Exceeds Expectations
912964,Nakul Khosla,Finance,Auditor,55,84.83,83.83,3.8,79.87,38,4.5,0,No,0,81.6195,2.047948717948718,90.0,Exceeds Expectations
599483,Purab Dhar,Finance,Financial Analyst,100,88.22,80.51,3.7,72.59,40,3.4,26,No,0,79.46,1.7704878048780488,68.0,Meets Expectations
402376,Vihaan Raval,Marketing,SEO Specialist,65,78.28,93.33,3.0,70.79,39,4.0,28,No,0,75.174,1.7697500000000002,80.0,Meets Expectations
929030,Oorja Sundaram,IT,Cybersecurity Specialist,79,66.48,92.8,3.9,80.84,36,3.1,5,No,0,77.182,2.1848648648648648,62.0,Meets Expectations
679910,Neelofar Dada,Sales,Account Manager,66,64.49,97.92,3.1,96.07,43,4.9,2,No,0,80.184,2.1834090909090906,98.00000000000001,Exceeds Expectations
541462,Shayak Sen,HR,HR Manager,60,81.03,92.22,3.3,87.72,49,4.7,12,No,0,82.7955,1.7544,94.0,Exceeds Expectations
562590,Nishith Kothari,Sales,Sales Executive,81,91.49,94.0,4.7,87.25,38,4.9,8,No,0,90.75899999999999,2.2371794871794872,98.00000000000001,Exceeds Expectations
395763,Aradhya Batta,Marketing,Marketing Executive,81,81.97,76.23,3.9,73.22,38,4.9,18,No,0,77.45100000000001,1.8774358974358973,98.00000000000001,Meets Expectations
612991,Indranil D’Alia,Marketing,SEO Specialist,77,74.27,90.2,4.2,83.15,53,3.1,6,No,0,81.22699999999999,1.539814814814815,62.0,Exceeds Expectations
853157,Emir Wadhwa,Sales,Business Development,71,66.4,86.57,3.7,72.05,36,3.4,28,No,0,72.54299999999999,1.9472972972972973,68.0,Meets Expectations
801178,Kartik Mane,Sales,Sales Executive,52,70.91,76.13,3.9,87.7,39,3.9,15,No,0,78.633,2.1925,78.0,Meets Expectations
236373,Stuvan Gulati,IT,Cybersecurity Specialist,78,65.11,79.5,4.7,77.4,36,3.6,24,No,0,75.9035,2.091891891891892,72.0,Meets Expectations
201240,Jayan Mahajan,Finance,Financial Analyst,92,86.23,76.37,3.4,76.58,43,3.6,9,No,0,78.639,1.7404545454545455,72.0,Meets Expectations
243592,Pari Sami,IT,Software Engineer,68,85.21,97.75,4.7,78.94,39,3.9,12,No,0,86.21499999999999,1.9735,78.0,Exceeds Expectations
121994,Vanya Sankaran,Sales,Business Development,64,66.0,85.99,3.1,75.31,49,4.2,12,No,0,71.657,1.5062,84.00000000000001,Meets Expectations
240288,Ojas Joshi,IT,Software Engineer,66,81.46,85.26,4.7,79.76,41,3.2,10,No,0,83.31599999999999,1.899047619047619,64.0,Exceeds Expectations
539202,Shlok Majumdar,Finance,Financial Analyst,79,73.26,96.54,4.8,72.4,44,4.9,30,No,0,79.862,1.608888888888889,98.00000000000001,Meets Expectations
116787,Hridaan Gade,Marketing,Marketing Executive,71,69.92,77.77,3.7,74.6,44,4.8,20,No,0,73.3475,1.6577777777777776,96.0,Meets Expectations
863845,Ehsaan Bahl,Finance,Accountant,95,89.43,83.52,4.4,89.43,53,4.4,5,Yes,1,88.329,1.6561111111111113,88.00000000000001,Exceeds Expectations
800074,Yasmin Sule,Marketing,SEO Specialist,52,83.82,78.18,4.5,90.44,36,4.9,25,No,0,86.21799999999999,2.4443243243243242,98.00000000000001,Exceeds Expectations
596736,Vidur Dada,HR,Employee Relations,91,81.75,80.23,4.0,75.03,53,4.3,29,Yes,1,78.9075,1.3894444444444445,86.0,Meets Expectations
150249,Pari Sastry,Sales,Sales Executive,95,86.59,97.49,4.6,70.16,41,4.7,19,Yes,1,83.28599999999999,1.6704761904761904,94.0,Exceeds Expectations
302567,Taran Kakar,Marketing,SEO Specialist,70,93.16,92.31,3.4,82.56,40,4.6,22,No,0,85.5485,2.013658536585366,92.0,Exceeds Expectations
424252,Madhup Rege,HR,Employee Relations,79,85.26,87.22,3.4,93.44,38,4.3,6,No,0,85.828,2.3958974358974356,86.0,Exceeds Expectations
471416,Fateh Khanna,Finance,Auditor,64,66.15,83.38,3.1,85.06,41,4.5,14,No,0,74.73049999999999,2.0252380952380955,90.0,Meets Expectations
101509,Drishya Konda,HR,Recruitment Specialist,90,86.46,75.15,4.0,84.45,51,3.6,0,No,0,83.091,1.6240384615384615,72.0,Exceeds Expectations
699553,Uthkarsh Brar,IT,Software Engineer,54,88.92,88.4,3.4,80.34,43,4.7,18,No,0,82.70100000000001,1.825909090909091,94.0,Exceeds Expectations
328148,Zeeshan Dyal,Sales,Business Development,97,74.26,78.31,3.3,75.57,49,4.2,30,Yes,1,74.087,1.5113999999999999,84.00000000000001,Meets Expectations
783359,Dhanuk Master,HR,Employee Relations,85,83.96,82.34,4.2,81.34,35,4.9,19,No,0,82.80599999999998,2.2594444444444446,98.00000000000001,Exceeds Expectations
207899,Jayan Bal,Finance,Auditor,82,71.06,82.02,4.7,98.42,39,4.6,9,No,0,85.72099999999999,2.4605,92.0,Exceeds Expectations
754307,Zaina Bhalla,Finance,Financial Analyst,50,77.97,98.47,4.9,91.89,36,4.4,26,No,0,88.9215,2.4835135135135133,88.00000000000001,Exceeds Expectations
600343,Mohanlal Varkey,Sales,Account Manager,58,67.58,75.53,3.1,96.13,44,3.0,19,No,0,77.928,2.136222222222222,60.0,Meets Expectations
223413,Raghav Sawhney,Sales,Account Manager,51,90.42,91.01,3.6,82.14,55,4.5,9,No,0,84.8475,1.4667857142857144,90.0,Exceeds Expectations
185382,Jayant Soni,HR,HR Manager,56,61.36,95.24,4.7,75.01,52,3.5,13,No,0,76.1155,1.4152830188679246,70.0,Meets Expectations
331366,Aaina Aurora,HR,Employee Relations,60,63.71,75.72,3.5,87.81,45,4.9,0,No,0,74.89,1.9089130434782609,98.00000000000001,Meets Expectations
430157,Darshit Jayaraman,Finance,Financial Analyst,75,68.02,91.06,3.5,96.0,39,4.0,20,No,0,81.566,2.4,80.0,Exceeds Expectations
790106,Hazel Lall,Finance,Auditor,58,81.45,99.07,3.9,98.65,42,5.0,27,No,0,89.5955,2.294186046511628,100.0,Exceeds Expectations
288594,Manikya Sura,Finance,Financial Analyst,61,64.2,79.05,3.3,79.77,55,4.5,11,No,0,72.147,1.4244642857142857,90.0,Meets Expectations
456525,Vardaniya Kala,Marketing,Marketing Executive,55,92.42,88.58,4.9,89.33,51,3.3,15,No,0,91.59949999999999,1.7178846153846155,65.99999999999999,Exceeds Expectations
427823,Dhruv Sur,Marketing,Marketing Executive,88,81.88,79.65,4.0,77.42,47,3.2,10,No,0,79.7025,1.6129166666666668,64.0,Meets Expectations
507342,Tiya Hans,IT,Cybersecurity Specialist,70,85.92,75.99,3.2,82.97,38,3.9,11,No,0,80.10999999999999,2.1274358974358973,78.0,Exceeds Expectations
261647,Hiran Kalla,IT,Software Engineer,61,82.7,79.24,3.1,79.83,54,4.6,26,No,0,78.07149999999999,1.4514545454545453,92.0,Meets Expectations
461648,Vidur Dugar,IT,Data Analyst,75,70.46,95.97,5.0,77.3,48,4.7,28,No,0,81.11149999999999,1.5775510204081633,94.0,Exceeds Expectations
108459,Aaina Thaman,Finance,Auditor,96,88.58,88.71,4.9,86.27,38,3.4,23,No,0,89.204,2.212051282051282,68.0,Exceeds Expectations
924475,Indranil Mahal,Finance,Accountant,53,77.7,92.52,3.5,78.21,53,4.2,25,No,0,78.9465,1.4483333333333333,84.00000000000001,Meets Expectations
521014,Samiha Ben,Finance,Accountant,96,73.49,97.08,3.1,70.91,52,4.8,24,Yes,1,74.40199999999999,1.3379245283018868,96.0,Meets Expectations
305308,Elakshi Kamdar,Sales,Account Manager,60,66.85,99.15,4.0,70.83,41,5.0,10,No,0,75.06049999999999,1.6864285714285714,100.0,Meets Expectations
752578,Tara Raju,Marketing,Content Strategist,94,74.69,84.54,3.8,82.02,46,3.8,22,No,0,78.9295,1.7451063829787232,76.0,Meets Expectations
857969,Gokul Saran,HR,Recruitment Specialist,52,93.47,76.1,4.3,94.8,51,3.5,30,No,0,90.20949999999999,1.823076923076923,70.0,Exceeds Expectations
148453,Yakshit Bandi,HR,HR Manager,86,91.89,98.07,4.8,96.21,43,4.4,0,Yes,1,94.94549999999998,2.186590909090909,88.00000000000001,Exceeds Expectations
563347,Kiara Behl,Sales,Account Manager,54,87.01,80.26,4.2,98.4,48,5.0,27,No,0,89.53249999999998,2.0081632653061225,100.0,Exceeds Expectations
155235,Ahana  Banerjee,Sales,Account Manager,85,75.18,76.28,3.8,73.5,50,3.1,19,No,0,74.88,1.4411764705882353,62.0,Meets Expectations
133728,Onkar Dasgupta,HR,HR Manager,69,62.41,85.23,4.5,95.17,48,4.0,25,No,0,81.4375,1.9422448979591838,80.0,Exceeds Expectations
697615,Raunak Ram,IT,Software Engineer,58,90.55,86.96,4.5,76.81,35,4.0,21,No,0,85.11999999999999,2.133611111111111,80.0,Exceeds Expectations
578138,Arhaan Mangal,Finance,Accountant,78,82.6,77.31,4.5,91.99,40,4.1,9,No,0,86.20299999999999,2.243658536585366,82.0,Exceeds Expectations
719536,Emir Sahota,Sales,Account Manager,70,74.02,97.46,4.7,99.47,39,4.9,20,No,0,89.44049999999999,2.48675,98.00000000000001,Exceeds Expectations
197110,Bhavin Karpe,Marketing,Marketing Executive,67,73.88,77.31,3.9,79.34,41,4.8,23,No,0,76.9235,1.889047619047619,96.0,Meets Expectations
849030,Umang Sehgal,Sales,Sales Executive,71,80.88,93.36,3.5,83.93,40,4.4,10,No,0,82.1875,2.0470731707317076,88.00000000000001,Exceeds Expectations
933185,Sana Ratta,IT,Software Engineer,91,64.43,87.02,3.9,91.84,35,3.7,23,No,0,79.4475,2.551111111111111,74.0,Meets Expectations
987706,Ojas Lall,HR,Employee Relations,57,85.78,85.93,4.8,86.64,37,3.5,21,No,0,87.63649999999998,2.28,70.0,Exceeds Expectations
275377,Miraan Sarin,Finance,Financial Analyst,86,73.79,95.53,4.7,99.02,51,3.2,23,No,0,88.91299999999998,1.9042307692307692,64.0,Exceeds Expectations
628855,Sara Dara,Sales,Sales Executive,80,93.94,97.26,4.3,76.55,41,3.3,3,No,0,87.1605,1.8226190476190476,65.99999999999999,Exceeds Expectations
983766,Alisha Rao,Marketing,Marketing Executive,75,74.09,96.22,4.5,70.46,42,3.9,22,No,0,78.5255,1.6386046511627905,78.0,Meets Expectations
267253,Purab Kibe,HR,Employee Relations,100,93.36,75.61,3.7,93.16,47,4.9,27,Yes,1,87.72349999999997,1.9408333333333332,98.00000000000001,Exceeds Expectations
190585,Damini Varghese,HR,HR Manager,52,84.12,77.02,4.4,70.03,37,4.9,23,No,0,78.7055,1.8428947368421054,98.00000000000001,Meets Expectations
925908,Taimur Kapadia,Marketing,Content Strategist,98,82.01,85.35,3.8,82.11,36,3.8,13,No,0,81.6445,2.2191891891891893,76.0,Exceeds Expectations
678785,Yuvaan Datta,IT,Software Engineer,61,93.66,87.94,3.1,92.86,43,3.1,8,No,0,87.773,2.1104545454545454,62.0,Exceeds Expectations
893182,Rhea Goswami,Finance,Auditor,66,74.86,98.39,4.7,93.33,52,3.9,23,No,0,87.72499999999998,1.7609433962264152,78.0,Exceeds Expectations
362414,Rania Krish,Finance,Accountant,67,73.64,78.42,4.9,94.98,51,4.5,7,No,0,85.48,1.8265384615384617,90.0,Exceeds Expectations
653357,Purab Khosla,HR,Employee Relations,51,62.02,98.63,4.0,73.71,42,4.7,20,No,0,74.3,1.7141860465116279,94.0,Meets Expectations
422929,Fateh Saini,Marketing,SEO Specialist,51,67.87,77.13,4.2,86.91,48,4.2,16,No,0,78.3425,1.773673469387755,84.00000000000001,Meets Expectations
217289,Akarsh Bali,Sales,Account Manager,77,64.46,79.1,3.4,85.1,38,3.3,6,No,0,74.41099999999999,2.182051282051282,65.99999999999999,Meets Expectations
633863,Yuvraj  Sampath,Finance,Financial Analyst,67,85.49,96.43,3.3,75.91,55,3.9,26,No,0,80.8545,1.3555357142857143,78.0,Exceeds Expectations
363701,Advik Wadhwa,Finance,Auditor,64,74.96,89.6,3.4,98.53,38,3.6,10,No,0,84.36149999999999,2.5264102564102564,72.0,Exceeds Expectations
670200,Krish Mandal,Sales,Sales Executive,81,71.4,76.69,3.1,95.01,51,3.5,26,No,0,79.047,1.8271153846153847,70.0,Meets Expectations
189193,Divit Suresh,Sales,Business Development,96,83.17,88.59,3.5,88.77,52,4.9,10,Yes,1,83.9675,1.6749056603773584,98.00000000000001,Exceeds Expectations
438556,Jayan Shetty,IT,Software Engineer,86,64.25,90.45,3.4,90.59,39,5.0,15,Yes,1,77.9615,2.2647500000000003,100.0,Meets Expectations
245187,Bhavin Kapur,Marketing,Content Strategist,85,72.34,79.29,4.2,81.95,35,4.4,11,No,0,78.49499999999999,2.276388888888889,88.00000000000001,Meets Expectations
920338,Heer Rastogi,IT,Data Analyst,54,63.89,87.46,3.3,90.42,49,3.6,6,No,0,77.0275,1.8084,72.0,Meets Expectations
233089,Jivin Khare,Sales,Sales Executive,61,80.04,95.49,3.7,70.95,45,4.8,0,No,0,78.27,1.5423913043478261,96.0,Meets Expectations
649511,Amira Swaminathan,Marketing,SEO Specialist,91,64.16,91.56,4.7,76.12,38,4.8,17,Yes,1,76.932,1.9517948717948719,96.0,Meets Expectations
791428,Diya Chaudhari,HR,Employee Relations,83,89.65,98.34,5.0,85.53,39,4.9,9,No,0,91.06400000000001,2.13825,98.00000000000001,Exceeds Expectations
352637,Raunak Shetty,Marketing,Marketing Executive,82,84.07,85.59,4.2,94.91,40,4.4,12,No,0,88.08149999999999,2.314878048780488,88.00000000000001,Exceeds Expectations
996610,Sana Mane,Sales,Business Development,77,78.72,85.4,4.2,73.33,45,4.2,0,No,0,78.6275,1.5941304347826086,84.00000000000001,Meets Expectations
886582,Riya Khatri,Finance,Auditor,84,82.74,84.19,3.7,96.98,45,3.8,28,No,0,86.63049999999998,2.1082608695652176,76.0,Exceeds Expectations
324259,Chirag Sachdev,HR,HR Manager,82,75.95,80.28,4.3,70.68,51,3.4,15,No,0,76.2625,1.3592307692307695,68.0,Meets Expectations
904490,Tarini Tata,Sales,Business Development,51,91.62,97.29,3.1,91.33,45,3.7,17,No,0,87.926,1.9854347826086955,74.0,Exceeds Expectations
233933,Zeeshan Banerjee,HR,HR Manager,66,81.71,81.13,4.7,74.88,51,4.9,13,No,0,81.076,1.44,98.00000000000001,Exceeds Expectations
590601,Inaaya  Arora,HR,Recruitment Specialist,90,80.6,95.94,3.9,78.91,45,4.5,6,Yes,1,81.9195,1.7154347826086955,90.0,Exceeds Expectations
383830,Divij Rajagopalan,Finance,Accountant,81,75.31,96.38,3.3,91.43,51,3.1,18,No,0,82.71600000000001,1.758269230769231,62.0,Exceeds Expectations
174541,Sahil Dani,HR,HR Manager,98,84.98,82.86,3.9,70.2,36,3.0,13,No,0,78.44200000000001,1.8972972972972975,60.0,Meets Expectations
292278,Hunar Sarraf,Marketing,Marketing Executive,70,76.14,86.07,4.3,73.02,55,3.2,16,No,0,78.01650000000001,1.3039285714285713,64.0,Meets Expectations
589903,Aaryahi Wagle,IT,Cybersecurity Specialist,69,67.73,97.37,4.3,88.99,50,3.1,14,No,0,82.3575,1.7449019607843137,62.0,Exceeds Expectations
733099,Armaan Virk,Marketing,Marketing Executive,76,81.33,77.33,4.9,97.54,37,4.4,14,No,0,88.90400000000001,2.566842105263158,88.00000000000001,Exceeds Expectations
268009,Manikya Bandi,Sales,Business Development,59,92.3,93.57,4.3,98.27,46,4.9,14,No,0,93.635,2.090851063829787,98.00000000000001,Exceeds Expectations
527842,Dhruv Singhal,IT,Cybersecurity Specialist,77,69.0,85.27,5.0,79.85,41,4.8,3,No,0,79.88799999999999,1.901190476190476,96.0,Meets Expectations
813536,Ryan Sankaran,HR,Employee Relations,62,79.47,86.93,3.2,89.05,54,4.5,28,No,0,81.6215,1.6190909090909091,90.0,Exceeds Expectations
773537,Pari Gopal,Marketing,Content Strategist,87,75.81,88.54,3.8,99.37,35,4.4,9,Yes,1,85.99400000000001,2.760277777777778,88.00000000000001,Exceeds Expectations
769136,Bhavin Dash,Marketing,Marketing Executive,79,73.44,95.59,3.5,81.94,55,4.5,18,No,0,79.22149999999999,1.4632142857142856,90.0,Meets Expectations
570527,Anya Kari,HR,Employee Relations,75,72.88,87.49,4.1,94.39,53,4.2,13,No,0,83.96799999999999,1.747962962962963,84.00000000000001,Exceeds Expectations
307039,Indrajit Bali,Finance,Auditor,68,75.98,86.89,4.8,85.35,50,3.5,0,No,0,83.899,1.6735294117647057,70.0,Exceeds Expectations
253947,Darshit Chaudhry,Sales,Sales Executive,71,90.05,90.66,3.1,89.58,55,3.3,0,No,0,85.7695,1.5996428571428571,65.99999999999999,Exceeds Expectations
952575,Miraya Dada,Marketing,Marketing Executive,73,80.76,94.72,4.2,86.11,36,4.1,13,No,0,85.21249999999999,2.327297297297297,82.0,Exceeds Expectations
726080,Vardaniya Bose,IT,Data Analyst,51,91.15,92.49,3.4,84.84,52,3.9,4,No,0,85.67,1.600754716981132,78.0,Exceeds Expectations
938005,Nirvaan Sami,Sales,Business Development,88,71.66,82.19,3.3,94.09,40,3.1,21,No,0,80.241,2.294878048780488,62.0,Exceeds Expectations
850205,Anay Sangha,HR,Recruitment Specialist,59,67.29,87.55,3.9,93.91,51,4.8,4,No,0,81.2525,1.8059615384615384,96.0,Exceeds Expectations
892327,Arnav Boase,Finance,Auditor,63,89.3,78.57,4.6,83.72,40,4.7,1,No,0,86.14249999999998,2.041951219512195,94.0,Exceeds Expectations
121045,Lagan Sinha,Marketing,Content Strategist,54,93.24,81.97,4.6,98.38,46,3.0,28,No,0,93.16249999999998,2.093191489361702,60.0,Exceeds Expectations
638882,Krish Butala,IT,Data Analyst,68,68.64,94.24,4.2,86.13,53,4.9,8,No,0,80.90549999999999,1.595,98.00000000000001,Exceeds Expectations
885502,Tarini Vala,HR,Employee Relations,51,76.82,77.13,4.9,80.18,50,3.8,30,No,0,81.2195,1.5721568627450981,76.0,Exceeds Expectations
917202,Gokul Behl,Sales,Business Development,89,67.82,94.5,3.8,83.89,49,3.9,4,No,0,78.6735,1.6778,78.0,Meets Expectations
674175,Aarush Dhingra,Marketing,Content Strategist,52,68.58,79.48,4.5,72.04,53,3.8,0,No,0,74.639,1.3340740740740742,76.0,Meets Expectations
219499,Elakshi Kibe,Sales,Business Development,63,62.51,82.16,3.0,73.2,51,3.1,8,No,0,68.82249999999999,1.4076923076923078,62.0,Meets Expectations
929643,Chirag Saxena,Sales,Business Development,76,69.32,85.42,5.0,99.0,43,3.9,14,No,0,86.725,2.25,78.0,Exceeds Expectations
237392,Eshani Chacko,Sales,Business Development,67,79.17,90.09,3.3,94.3,44,3.9,11,No,0,84.128,2.0955555555555554,78.0,Exceeds Expectations
837628,Saira Tripathi,HR,HR Manager,85,91.32,84.2,3.5,83.19,36,4.7,9,No,0,84.20849999999999,2.248378378378378,94.0,Exceeds Expectations
688375,Faiyaz Manne,IT,Software Engineer,51,85.88,94.34,3.5,91.86,43,4.6,1,No,0,86.85999999999999,2.087727272727273,92.0,Exceeds Expectations
268409,Tushar Jayaraman,IT,Software Engineer,95,93.25,87.16,3.1,85.69,52,3.2,24,No,0,85.00299999999999,1.6167924528301887,64.0,Exceeds Expectations
404763,Yashvi Contractor,Finance,Accountant,59,61.57,77.79,4.3,78.55,53,4.6,28,No,0,73.6105,1.4546296296296295,92.0,Meets Expectations
454789,Vardaniya Bhat,IT,Cybersecurity Specialist,85,62.22,93.19,3.4,99.89,35,4.7,1,No,0,80.917,2.774722222222222,94.0,Exceeds Expectations
707674,Ela Bahri,Marketing,Content Strategist,59,71.29,80.84,3.6,78.29,35,3.6,9,No,0,75.279,2.1747222222222224,72.0,Meets Expectations
954858,Nakul Lanka,Sales,Account Manager,98,90.1,99.41,3.4,94.82,42,4.8,16,Yes,1,89.8335,2.205116279069767,96.0,Exceeds Expectations
376829,Saira Chhabra,Sales,Business Development,81,92.38,80.75,3.9,97.83,43,4.1,13,No,0,90.386,2.2234090909090907,82.0,Exceeds Expectations
856880,Ritvik Venkataraman,Marketing,Content Strategist,85,61.49,77.54,4.7,78.88,44,4.6,28,No,0,74.86049999999999,1.7528888888888887,92.0,Meets Expectations
134259,Mannat Seth,Sales,Sales Executive,89,89.97,78.53,4.6,92.49,52,4.7,1,Yes,1,89.44049999999999,1.7450943396226415,94.0,Exceeds Expectations
329252,Aniruddh Luthra,Finance,Accountant,78,74.96,84.59,3.4,73.44,41,4.2,10,No,0,74.8285,1.7485714285714284,84.00000000000001,Meets Expectations
656257,Miraya Kadakia,HR,Recruitment Specialist,86,63.93,87.7,4.6,85.93,46,3.6,16,No,0,79.40599999999999,1.8282978723404257,72.0,Meets Expectations
631122,Suhana Dalal,IT,Software Engineer,84,93.67,78.76,3.2,70.97,40,4.6,26,No,0,79.03799999999998,1.7309756097560975,92.0,Meets Expectations
690178,Sana Vig,Finance,Financial Analyst,53,75.25,90.01,4.9,84.56,37,4.3,1,No,0,84.135,2.225263157894737,86.0,Exceeds Expectations
245783,Vihaan Subramaniam,HR,HR Manager,51,76.91,92.85,3.5,74.31,40,3.6,23,No,0,77.35449999999999,1.812439024390244,72.0,Meets Expectations
759838,Jivin Kaul,IT,Cybersecurity Specialist,76,60.1,78.55,3.0,91.98,46,4.2,18,No,0,74.0105,1.9570212765957449,84.00000000000001,Meets Expectations
292904,Tiya Varma,HR,Recruitment Specialist,83,64.88,80.24,4.4,81.88,48,3.8,11,No,0,76.602,1.6710204081632651,76.0,Meets Expectations
813376,Inaaya  Karan,HR,Recruitment Specialist,50,77.42,96.65,4.5,88.02,39,4.7,8,No,0,85.9015,2.2005,94.0,Exceeds Expectations
634972,Vritika Arora,IT,Cybersecurity Specialist,73,71.13,78.64,4.9,73.33,52,3.3,9,No,0,77.05699999999999,1.3835849056603773,65.99999999999999,Meets Expectations
559766,Nehmat Sagar,Finance,Accountant,63,92.99,89.56,4.7,73.18,40,3.2,26,No,0,85.69349999999999,1.784878048780488,64.0,Exceeds Expectations
491321,Yashvi Barad,Finance,Auditor,56,82.83,79.64,4.6,84.2,45,4.1,5,No,0,84.20649999999999,1.8304347826086957,82.0,Exceeds Expectations
242212,Divyansh Sekhon,HR,Recruitment Specialist,99,88.37,78.85,4.4,87.31,49,4.3,9,Yes,1,86.5155,1.7462,86.0,Exceeds Expectations
402062,Dhanuk Sankaran,IT,Data Analyst,82,90.61,96.89,3.9,76.09,50,3.5,22,No,0,84.5785,1.4919607843137255,70.0,Exceeds Expectations
268203,Aayush Sampath,Sales,Business Development,88,66.38,83.38,3.1,88.17,36,3.6,5,No,0,75.89949999999999,2.382972972972973,72.0,Meets Expectations
439425,Jayan Magar,HR,Employee Relations,75,61.91,77.2,5.0,91.57,53,4.5,23,No,0,80.29799999999999,1.6957407407407405,90.0,Exceeds Expectations
