O*NET-SOC Code,Title,Description,TopSkills,SkillImportance,SoftwareTools,HotTechFlags
11-1011.00,Chief Executives,"Determine and formulate policies and provide overall direction of companies or private and public sector organizations within guidelines set up by a board of directors or similar governing body. Plan, direct, or coordinate operational activities at the highest level of management with the help of subordinate executives and staff managers.",Critical Thinking|Speaking|Reading Comprehension|Writing|Active Listening|Monitoring|Active Learning|Mathematics|Learning Strategies|Science,4.38|4.25|4.12|4.12|4.0|4.0|3.75|3.25|3.12|1.62,Microsoft Outlook|Halogen ePraisal|Nedstat Sitestat|Microsoft Office software|Relational database management software|Microsoft Access|Oracle E-Business Suite|Microsoft Project|Oracle PeopleSoft|Graphic presentation software|Human resource information system (HRIS)|Database reporting software|Halogen e360|Microsoft Publisher|Databox,Y|N|Y|N|N|N|N|N|N|Y|N|N|N|N|N
11-1011.03,Chief Sustainability Officers,"Communicate and coordinate with management, shareholders, customers, and employees to address sustainability issues. Enact or oversee a corporate sustainability strategy.",Writing|Critical Thinking|Reading Comprehension|Active Listening|Speaking|Active Learning|Monitoring|Learning Strategies|Mathematics|Science,4.12|4.12|4.0|4.0|4.0|3.75|3.75|3.38|2.88|2.12,Microsoft Outlook|Tableau|Microsoft Office software|Scheduling software|Teleconferencing software|Microsoft Access|Microsoft Project|Structure query language SQL|Facebook|Adobe Photoshop|SAP software|Salesforce software|Microsoft SharePoint|Management information systems MIS|Microsoft Word,Y|Y|N|Y|N|Y|N|Y|Y|Y|Y|Y|Y|Y|Y
11-1021.00,General and Operations Managers,"Plan, direct, or coordinate the operations of public or private sector organizations, overseeing multiple departments or locations. Duties and responsibilities include formulating policies, managing daily operations, and planning the use of materials and human resources, but are too diverse and general in nature to be classified in any one functional area of management or administration, such as personnel, purchasing, or administrative services. Usually manage through subordinate supervisors. Excludes First-Line Supervisors.",Reading Comprehension|Active Listening|Speaking|Monitoring|Critical Thinking|Active Learning|Writing|Learning Strategies|Mathematics|Science,4.0|4.0|4.0|4.0|3.88|3.62|3.5|3.0|2.62|1.5,IBM SPSS Statistics|Medical condition coding software|IBM InfoSphere DataStage|Apple Keynote|Supervisory control and data acquisition SCADA software|Apple macOS|Citrix cloud computing software|NortonLifeLock cybersecurity software|Oracle E-Business Suite Financials|Siemens NX|Job control language JCL|Facebook|IBM Notes|Microsoft OneNote|SAS,N|N|Y|Y|Y|N|N|Y|N|Y|N|N|Y|Y|Y
11-1031.00,Legislators,"Develop, introduce, or enact laws and statutes at the local, tribal, state, or federal level. Includes only workers in elected positions.",,,Microsoft Outlook|Meeting scheduling software|IBM Domino|Corel WordPerfect Office Suite|Microsoft Office software|Windows Media Player|Microsoft Access|iAnnotate|Cisco AnyConnect|XMetaL Author|Mapping software|Penultimate|Apple Numbers for Mac|Cisco Webex|Legislative Automative Workflow System LAWS,Y|N|N|N|N|N|N|Y|N|N|N|N|N|N|N
11-2011.00,Advertising and Promotions Managers,"Plan, direct, or coordinate advertising policies and programs or produce collateral materials, such as posters, contests, coupons, or giveaways, to create extra interest in the purchase of a product or service for a department, an entire organization, or on an account basis.",Active Listening|Speaking|Critical Thinking|Reading Comprehension|Writing|Monitoring|Active Learning|Learning Strategies|Mathematics|Science,4.12|4.12|3.88|3.75|3.75|3.5|3.38|3.0|2.88|1.5,LinkedIn|Google Analytics|Microsoft Outlook|Vimeo|Tableau|YouTube|Adobe After Effects|Avid Media Composer|Actuate BIRT|Microsoft Office software|Scheduling software|Hypertext markup language HTML|Database software|Microsoft Access|Microsoft Dynamics Marketing,N|Y|N|Y|Y|N|N|Y|Y|N|Y|N|N|N|N
11-2021.00,Marketing Managers,"Plan, direct, or coordinate marketing policies and programs, such as determining the demand for products and services offered by a firm and its competitors, and identify potential customers. Develop pricing strategies with the goal of maximizing the firm's profits or share of the market while ensuring the firm's customers are satisfied. Oversee product development or monitor trends that indicate the need for new products and services.",Active Listening|Speaking|Reading Comprehension|Critical Thinking|Active Learning|Monitoring|Writing|Learning Strategies|Mathematics|Science,4.12|4.0|3.88|3.88|3.88|3.88|3.25|3.25|3.0|1.75,IBM SPSS Statistics|IBM InfoSphere DataStage|Apple Keynote|Figma|Oracle PL/SQL|Apple macOS|Citrix cloud computing software|NortonLifeLock cybersecurity software|Oracle E-Business Suite Financials|Oracle JavaServer Pages JSP|Facebook|IBM Notes|Google Meet|SAS|Dynamic hypertext markup language DHTML,Y|N|N|Y|Y|N|Y|Y|Y|N|N|N|Y|Y|Y
11-2022.00,Sales Managers,"Plan, direct, or coordinate the actual distribution or movement of a product or service to the customer. Coordinate sales distribution by establishing sales territories, quotas, and goals and establish training programs for sales representatives. Analyze sales statistics gathered by staff to determine sales potential and inventory requirements and monitor the preferences of customers.",Active Listening|Speaking|Reading Comprehension|Critical Thinking|Monitoring|Active Learning|Writing|Learning Strategies|Mathematics|Science,4.0|4.0|3.88|3.88|3.88|3.75|3.62|3.12|3.0|1.62,IBM SPSS Statistics|Apple Keynote|NortonLifeLock cybersecurity software|Oracle E-Business Suite Financials|Delphi Discovery|Facebook|IBM Notes|Google Meet|SAS|SAP software|Avidian Technologies Prophet|McAfee|Blackbaud The Raiser's Edge|HubSpot software|MicroStrategy,N|Y|N|Y|N|N|N|Y|N|N|N|N|N|N|Y
11-2032.00,Public Relations Managers,"Plan, direct, or coordinate activities designed to create or maintain a favorable public image or raise issue awareness for their organization or client.",Speaking|Reading Comprehension|Active Listening|Writing|Critical Thinking|Active Learning|Monitoring|Learning Strategies|Mathematics|Science,4.25|4.12|4.12|4.0|3.88|3.62|3.5|3.0|2.38|1.12,LinkedIn|Google Analytics|Google Gmail|Microsoft Outlook|Corel WordPerfect Office Suite|Adobe After Effects|Microsoft Office software|Hypertext markup language HTML|Human resource management software HRMS|Apple iDVD|Microsoft Access|Microsoft Project|Facebook|IBM Notes|Oracle PeopleSoft Financials,Y|Y|Y|N|N|Y|Y|N|Y|N|N|N|N|N|N
11-2033.00,Fundraising Managers,"Plan, direct, or coordinate activities to solicit and maintain funds for special projects or nonprofit organizations.",Speaking|Critical Thinking|Active Listening|Reading Comprehension|Writing|Active Learning|Monitoring|Mathematics|Learning Strategies|Science,4.12|4.12|4.0|3.88|3.88|3.38|3.12|3.0|2.62|1.25,LinkedIn|Google Analytics|Google Gmail|Microsoft Outlook|Corel WordPerfect Office Suite|Adobe After Effects|Microsoft Office software|Hypertext markup language HTML|Human resource management software HRMS|Apple iDVD|Microsoft Access|Microsoft Project|Facebook|IBM Notes|Oracle PeopleSoft Financials,Y|Y|Y|N|N|Y|Y|N|Y|N|N|N|N|N|N
11-3012.00,Administrative Services Managers,"Plan, direct, or coordinate one or more administrative services of an organization, such as records and information management, mail distribution, and other office support services.",Reading Comprehension|Active Listening|Speaking|Writing|Critical Thinking|Monitoring|Active Learning|Learning Strategies|Mathematics|Science,4.0|4.0|3.88|3.75|3.75|3.38|3.12|3.0|2.25|1.0,LexisNexis|LinkedIn|Medical procedure coding software|Microsoft Outlook|IBM SPSS Statistics|Microsoft Office software|Human resource management software HRMS|Supervisory control and data acquisition SCADA software|SAP BusinessObjects Crystal Reports|Database software|Sage 300 Construction and Real Estate|Microsoft Access|IBM Power Systems software|Microsoft Project|SAP Business Objects,Y|N|N|N|Y|Y|N|N|N|N|N|N|Y|N|N
11-3013.00,Facilities Managers,"Plan, direct, or coordinate operations and functionalities of facilities and buildings. May include surrounding grounds or multiple facilities of an organization's campus.",Speaking|Reading Comprehension|Active Listening|Critical Thinking|Monitoring|Writing|Active Learning|Learning Strategies|Mathematics|Science,3.88|3.75|3.75|3.75|3.75|3.25|3.12|3.0|2.75|1.5,Microsoft Outlook|Microsoft Office software|Autodesk Revit|Human resource management software HRMS|Supervisory control and data acquisition SCADA software|SAP BusinessObjects Crystal Reports|Sage 300 Construction and Real Estate|Microsoft Access|IBM Power Systems software|Microsoft Project|SAP Business Objects|Oracle PeopleSoft|IBM Notes|Oracle PeopleSoft Financials|Microsoft Publisher,Y|N|N|N|Y|Y|N|N|N|N|N|Y|N|Y|N
11-3013.01,Security Managers,"Direct an organization's security functions, including physical security and safety of employees and facilities.",Critical Thinking|Reading Comprehension|Active Listening|Speaking|Monitoring|Writing|Active Learning|Learning Strategies|Mathematics|Science,4.25|4.12|4.12|4.0|4.0|3.75|3.62|3.38|2.5|1.38,Microsoft Outlook|Graphics software|Corel WordPerfect Office Suite|Microsoft Office software|Maintenance management software|Microsoft Access|Microsoft Project|NortonLifeLock cybersecurity software|Oracle PeopleSoft|Facebook|Mapping software|Inventory tracking software|Human resources management system HRMS|Alarm system software|SAP software,N|Y|N|N|Y|N|N|N|N|N|N|N|N|N|Y
11-3021.00,Computer and Information Systems Managers,"Plan, direct, or coordinate activities in such fields as electronic data processing, information systems, systems analysis, and computer programming.",Critical Thinking|Reading Comprehension|Active Listening|Speaking|Monitoring|Writing|Active Learning|Learning Strategies|Mathematics|Science,4.12|4.0|4.0|3.88|3.88|3.75|3.38|3.25|3.12|1.75,IBM SPSS Statistics|IBM iSeries Access|IBM InfoSphere DataStage|Perforce Helix software|Oracle PL/SQL|Apple macOS|Citrix cloud computing software|Oracle Fusion Middleware|NortonLifeLock cybersecurity software|Oracle E-Business Suite Financials|Symantec Veritas File System|Local area network LAN software|Common business oriented language COBOL|Adobe Flex|SAS,N|N|N|N|N|Y|Y|Y|N|Y|N|N|Y|N|N
11-3031.00,Financial Managers,"Plan, direct, or coordinate accounting, investing, banking, insurance, securities, and other financial activities of a branch, office, or department of an establishment.",Reading Comprehension|Active Listening|Speaking|Critical Thinking|Writing|Monitoring|Mathematics|Active Learning|Learning Strategies|Science,4.0|4.0|4.0|4.0|3.75|3.75|3.5|3.5|3.0|1.25,LexisNexis|Microsoft Outlook|ARES Corporation PRISM Project Estimator|Tableau|IBM SPSS Statistics|Microsoft Office software|Workday software|Human resource management software HRMS|Database software|Microsoft Access|IBM Power Systems software|Microsoft Project|Tax compliance property tax management software|Oracle E-Business Suite Financials|Qlik Tech QlikView,N|Y|N|Y|N|N|N|N|N|N|N|N|N|N|N
11-3031.01,Treasurers and Controllers,"Direct financial activities, such as planning, procurement, and investments for all or part of an organization.",Reading Comprehension|Active Listening|Speaking|Mathematics|Critical Thinking|Active Learning|Monitoring|Writing|Learning Strategies|Science,4.0|4.0|4.0|4.0|4.0|3.88|3.88|3.62|3.0|1.0,Hyperion Solutions System 9 Planning|Microsoft Outlook|Job costing software|Corel QuattroPro|Microsoft Office software|Hypertext markup language HTML|Exact Software Macola ES|Microsoft Access|Microsoft Project|Oracle E-Business Suite Financials|SAP Business Objects|Oracle PeopleSoft|Oracle PeopleSoft Financials|Sage Fixed Asset Solution FAS|ADP software,N|N|N|N|N|N|N|N|N|N|N|N|Y|N|N
11-3031.03,Investment Fund Managers,"Plan, direct, or coordinate investment strategy or operations for a large pool of liquid assets supplied by institutional investors or individual investors.",Reading Comprehension|Active Listening|Critical Thinking|Speaking|Active Learning|Writing|Monitoring|Mathematics|Learning Strategies|Science,4.0|4.0|4.0|3.88|3.75|3.62|3.5|3.38|2.88|1.0,Microsoft Outlook|Portfolio analysis software|Tableau|Microsoft Office software|Autodesk AutoCAD Blue Sky|Microsoft Power BI|Microsoft Access|Microsoft Project|Microsoft MapPoint|Risk analysis software|SAS|SAP software|Microsoft Visio|SunGard Financial Systems AddVantage|Structured query language SQL,N|N|Y|Y|N|Y|Y|Y|Y|Y|Y|Y|N|N|N
11-3051.00,Industrial Production Managers,"Plan, direct, or coordinate the work activities and resources necessary for manufacturing products in accordance with cost, quality, and quantity specifications.",Speaking|Critical Thinking|Monitoring|Reading Comprehension|Active Listening|Learning Strategies|Active Learning|Writing|Mathematics|Science,4.0|4.0|4.0|3.88|3.88|3.75|3.62|3.38|3.38|1.62,Microsoft Outlook|Computer integrated manufacturing CIM warehouse shipping manager software|Industrial production manager and stock control software|Adobe After Effects|Scadex Technologies MAESTRO|Financial planning software|Microsoft Office software|Supervisory control and data acquisition SCADA software|Database software|Microsoft Project|Prosys Open Platform Communications unified architecture software|IBM Rational ClearQuest|SAP Business Objects|Qlik Tech QlikView|Oracle PeopleSoft,N|Y|Y|Y|Y|N|Y|N|N|N|N|N|N|N|N
11-3051.01,Quality Control Systems Managers,"Plan, direct, or coordinate quality assurance programs. Formulate quality control policies and control quality of laboratory and production efforts.",Reading Comprehension|Active Listening|Writing|Speaking|Monitoring|Critical Thinking|Active Learning|Mathematics|Learning Strategies|Science,4.0|3.88|3.88|3.88|3.88|3.75|3.62|3.12|3.12|2.25,Microsoft Outlook|Labvantage Solutions LIMS|MasterControl software|Microsoft Office software|ASIDATAMYTE DataMetrics|Database software|Selenium|Microsoft Access|Microsoft Project|PQ Systems GAGEpack|PQ Systems CHARTrunner Lean|Laboratory Automated Quality Control Systems LAQC|Thermo Fisher Scientific Laboratory Information Management Systems LIMS|Systat Software LISA.lims|SAP software,N|Y|N|N|N|Y|N|N|N|N|N|N|N|Y|N
11-3051.02,Geothermal Production Managers,Manage operations at geothermal power generation facilities. Maintain and monitor geothermal plant equipment for efficient and safe plant operations.,Critical Thinking|Reading Comprehension|Speaking|Monitoring|Active Listening|Writing|Active Learning|Mathematics|Learning Strategies|Science,4.0|3.88|3.88|3.88|3.62|3.62|3.5|3.25|3.25|2.38,Data logging software|Microsoft Outlook|Microsoft Word|Infostat RIMBase|Microsoft Office software|Personnel scheduling software|Microsoft Excel|Microsoft Access,N|N|Y|Y|Y|Y|Y|N
11-3051.03,Biofuels Production Managers,"Manage biofuels production and plant operations. Collect and process information on plant production and performance, diagnose problems, and design corrective procedures.",Reading Comprehension|Critical Thinking|Active Listening|Monitoring|Speaking|Writing|Learning Strategies|Active Learning|Mathematics|Science,3.88|3.88|3.75|3.75|3.62|3.5|3.38|3.25|3.0|3.0,Microsoft Word|Human machine interface HMI software|Microsoft Outlook|Computerized maintenance management system CMMS|Autodesk AutoCAD|Microsoft Office software|Adobe Acrobat|Employee scheduling software|Inventory control software|Microsoft Excel|Microsoft PowerPoint|Web browser software|Distributed control system DCS,Y|Y|N|N|N|N|N|Y|Y|Y|Y|Y|N
11-3051.04,Biomass Power Plant Managers,"Manage operations at biomass power generation facilities. Direct work activities at plant, including supervision of operations and maintenance staff.",Speaking|Critical Thinking|Reading Comprehension|Active Listening|Monitoring|Writing|Active Learning|Mathematics|Learning Strategies|Science,4.0|4.0|3.88|3.88|3.88|3.12|3.12|3.0|3.0|2.5,Microsoft Word|Microsoft Outlook|Computerized maintenance management system CMMS|Microsoft Office software|Employee scheduling software|Inventory control software|Microsoft Excel|Microsoft PowerPoint|Distributed control system DCS,N|N|N|N|Y|Y|Y|Y|Y
11-3051.06,Hydroelectric Production Managers,Manage operations at hydroelectric power generation facilities. Maintain and monitor hydroelectric plant equipment for efficient and safe plant operations.,Active Listening|Speaking|Reading Comprehension|Monitoring|Critical Thinking|Active Learning|Learning Strategies|Writing|Mathematics|Science,4.12|4.12|3.88|3.88|3.75|3.62|3.62|3.5|3.25|3.25,Apache Kafka|Microsoft Word|Computerized maintenance management system CMMS|Microsoft PowerPoint|VMware|SAP software|Microsoft Office software|Oracle Database|Structure query language SQL|Microsoft SQL Server|Email software|Microsoft Active Server Pages ASP|Microsoft Excel|Microsoft Access|Personnel scheduling software,Y|N|N|N|Y|Y|Y|Y|Y|Y|Y|Y|Y|N|Y
11-3061.00,Purchasing Managers,"Plan, direct, or coordinate the activities of buyers, purchasing officers, and related workers involved in purchasing materials, products, and services. Includes wholesale or retail trade merchandising managers and procurement managers.",Active Listening|Speaking|Reading Comprehension|Writing|Monitoring|Critical Thinking|Active Learning|Mathematics|Learning Strategies|Science,4.0|4.0|3.88|3.88|3.88|3.75|3.25|3.12|3.0|1.0,Microsoft Outlook|Bowen & Groves M1 ERP|Microsoft Office software|Scheduling software|SAP BusinessObjects Crystal Reports|Database software|Microsoft Access|Microsoft Project|Qlik Tech QlikView|Oracle PeopleSoft|Oracle PeopleSoft Financials|Automated purchase order software|SAP software|Infor Lawson Supply Chain Management|Microsoft Visio,N|N|N|N|N|N|N|N|N|Y|N|Y|Y|Y|Y
11-3071.00,"Transportation, Storage, and Distribution Managers","Plan, direct, or coordinate transportation, storage, or distribution activities in accordance with organizational policies and applicable government laws or regulations. Includes logistics managers.",Reading Comprehension|Active Listening|Monitoring|Writing|Speaking|Critical Thinking|Active Learning|Learning Strategies|Mathematics|Science,3.88|3.88|3.75|3.62|3.62|3.62|3.62|3.38|2.75|1.0,Integrated Decision Support Corporation Swap Advice|ABOL Manifest Systems|Oracle E-Business Suite Financials|IBM Notes|Infosite Technologies DM Warehousing|SAP software|Aljex Inventory|Integrated Decision Support Corporation Netwise Supply Chain|Geometrix|CoPilot Truck|Hewlett Packard HP-UX|TECSYS PointForce Enterprise|Automated expense reporting system software|Inventory control software|Labelmaster Software REG-Trieve,N|N|N|N|N|N|N|N|Y|N|Y|N|N|N|N
11-3071.04,Supply Chain Managers,"Direct or coordinate production, purchasing, warehousing, distribution, or financial forecasting services or activities to limit costs and improve accuracy, customer service, or safety. Examine existing procedures or opportunities for streamlining activities to meet product distribution needs. Direct the movement, storage, or processing of inventory.",Reading Comprehension|Active Listening|Speaking|Monitoring|Writing|Critical Thinking|Active Learning|Mathematics|Learning Strategies|Science,4.0|4.0|4.0|4.0|3.88|3.88|3.75|3.0|3.0|1.12,Microsoft Outlook|Graphics software|SAP SCM|IBS Supply Chain Management|Adexa Supply Chain Planning|Microsoft Office software|Oracle e-Business Suite Supply Chain Management|SAP BusinessObjects Crystal Reports|Microsoft Access|Microsoft Project|IBS MRP|Oracle E-Business Suite Financials|Oracle PeopleSoft|IBM ILOG LogicNet Plus XE|IFS Applications for Supply Chain Management,N|N|N|N|N|N|N|N|N|N|N|N|N|N|N
11-3111.00,Compensation and Benefits Managers,"Plan, direct, or coordinate compensation and benefits activities of an organization.",Reading Comprehension|Active Listening|Writing|Speaking|Critical Thinking|Active Learning|Monitoring|Mathematics|Learning Strategies|Science,4.0|4.0|4.0|4.0|3.88|3.75|3.38|3.0|3.0|1.0,Ascentis HR|Ultimate Software UltiPro|ASL HR Director|ADP Employease|IBM Notes|Piney Creek Digital Protocol System|e-MDs Bill|Nuview Systems Cort HCM|SAP software|FSC Business Solutions Department Managers' Toolkit|Healthcare common procedure coding system HCPCS|Experience in Software Webplanner|hSenid Business Solutions HRM Enterprise|Deltek Costpoint|Structured query language SQL,N|N|Y|N|Y|N|N|N|N|N|N|N|N|N|N
11-3121.00,Human Resources Managers,"Plan, direct, or coordinate human resources activities and staff of an organization.",Active Listening|Reading Comprehension|Speaking|Writing|Critical Thinking|Active Learning|Monitoring|Learning Strategies|Mathematics|Science,4.38|4.25|4.25|4.12|4.0|4.0|4.0|3.75|3.0|1.5,IBM SPSS Statistics|Infotronics Attendance Enterprise|AASoftTech Web Organization Chart|Tesseract Benefits Manager|Oracle E-Business Suite Financials|Facebook|IBM Notes|Halogen e360|SAP software|Standard Installation and Division Personnel Reporting System SIDPERS|Lawson Human Resources Suite|Pereless Systems software|ADP Enterprise HR|Norchard Solutions Succession Wizard|Infor ERP SyteLine,N|N|N|N|N|N|N|N|N|N|N|N|N|N|N
11-3131.00,Training and Development Managers,"Plan, direct, or coordinate the training and development activities and staff of an organization.",Learning Strategies|Reading Comprehension|Active Listening|Speaking|Writing|Monitoring|Critical Thinking|Active Learning|Mathematics|Science,4.25|4.0|4.0|4.0|3.88|3.88|3.75|3.75|2.88|1.5,ICS Learning Group Inquisiq EX|RISC Virtual Training Assistant|GeoMetrix Data Systems Training Partner|TrainCaster LMS|HunterStone THESIS|Learn.com CourseMaker Studio|Epic Systems|Cornerstone OnDemand Cornerstone Learning|Pathlore LMS|Medworxx Learning Management System|Intelligent Information Conversion Technologies MeritScholar|Mzinga On-Demand Learning Suite|Blackbaud The Raiser's Edge|eXe|NetDimensions Enterprise Knowledge Platform EKP,Y|N|N|N|Y|Y|N|N|N|Y|N|N|N|N|N
11-9013.00,"Farmers, Ranchers, and Other Agricultural Managers","Plan, direct, or coordinate the management or operation of farms, ranches, greenhouses, aquacultural operations, nurseries, timber tracts, or other agricultural establishments. May hire, train, and supervise farm workers or contract for services to carry out the day-to-day activities of the managed operation. May engage in or supervise planting, cultivating, harvesting, and financial and marketing activities.",Active Listening|Critical Thinking|Reading Comprehension|Speaking|Active Learning|Monitoring|Writing|Mathematics|Learning Strategies|Science,3.88|3.88|3.75|3.62|3.38|3.38|3.25|2.88|2.88|2.62,Microsoft Outlook|Trimble Farm Works|Ag Connections Land.db|John Deere Apex Farm Management|KELTEC Systems HerdMaster|Cattlesoft CattleMax|MapShots EASi Suite|TapLogic FarmLogic|Time reporting software|Microsoft Office software|AgTerra Technologies AgTrac|CDA International Manifold System|ZedX AgFleet|Atlassian Confluence|Hatchery database systems,N|Y|N|N|N|N|N|N|N|N|N|N|N|Y|N
11-9021.00,Construction Managers,"Plan, direct, or coordinate, usually through subordinate supervisory personnel, activities concerned with the construction and maintenance of structures, facilities, and systems. Participate in the conceptual development of a construction project and oversee its organization, scheduling, budgeting, and implementation. Includes managers in specialized construction fields, such as carpentry or plumbing.",Active Listening|Critical Thinking|Reading Comprehension|Speaking|Active Learning|Monitoring|Writing|Mathematics|Learning Strategies|Science,4.0|4.0|3.88|3.88|3.88|3.88|3.75|3.5|3.12|2.12,LinkedIn|Microsoft Outlook|Profitool software (human resources feature)|ArenaSoft Estimating|Autodesk AutoCAD Civil 3D|Microsoft Office software|Scheduling software|Bechtel Software SETROUTE|Autodesk Revit|Dropbox|Supervisory control and data acquisition SCADA software|Database software|Sage 300 Construction and Real Estate|Microsoft Access|Cadsoft Design/Build,N|Y|Y|N|N|Y|Y|Y|N|N|N|N|N|N|N
11-9031.00,"Education and Childcare Administrators, Preschool and Daycare","Plan, direct, or coordinate academic or nonacademic activities of preschools or childcare centers and programs, including before- and after-school care.",Reading Comprehension|Active Listening|Speaking|Critical Thinking|Writing|Active Learning|Learning Strategies|Monitoring|Mathematics|Science,4.0|4.0|4.0|4.0|3.88|3.88|3.88|3.88|2.75|1.88,Microsoft Outlook|SoftCare CenterCare|Auburn Software Debit Square|Microsoft Office software|ONE Software KidsONE|ACS Technologies HeadMaster|Cirrus Group Daycare Works|Emerging Technologies Office Center|B&I Computer Consultants Childcare Sage|Microsoft Publisher|ParentSquare|Mount Taylor Programs Private Advantage|Orgmation iCare|Tadpoles|Personalized Software Childcare Manager,N|N|N|N|N|N|N|N|Y|N|N|N|Y|Y|Y
11-9032.00,"Education Administrators, Kindergarten through Secondary","Plan, direct, or coordinate the academic, administrative, or auxiliary activities of kindergarten, elementary, or secondary schools.",Active Listening|Learning Strategies|Reading Comprehension|Speaking|Writing|Critical Thinking|Active Learning|Monitoring|Mathematics|Science,4.88|4.88|4.75|4.75|4.62|4.62|4.0|4.0|3.0|2.0,Microsoft Outlook|Google Gmail|IBM Domino|IBM SPSS Statistics|Nearpod|Microsoft Office software|Scheduling software|ACS Technologies HeadMaster|School Attendance Keeper|Human resource management software HRMS|LogicalBit Eimas|Student information systems SIS software|SunGard Public Sector IFAS|Microsoft Access|The MathWorks MATLAB,N|Y|N|N|N|N|N|N|N|N|N|N|N|N|N
11-9033.00,"Education Administrators, Postsecondary","Plan, direct, or coordinate student instruction, administration, and services, as well as other research and educational activities, at postsecondary institutions, including universities, colleges, and junior and community colleges.",Reading Comprehension|Critical Thinking|Active Listening|Writing|Speaking|Monitoring|Active Learning|Learning Strategies|Mathematics|Science,4.12|4.12|4.0|4.0|4.0|4.0|3.88|3.75|2.88|1.5,LinkedIn|Microsoft Outlook|IBM SPSS Statistics|Ellucian Colleague|Microsoft Office software|Hypertext markup language HTML|Human resource management software HRMS|Student information systems SIS software|SAP BusinessObjects Crystal Reports|Database software|Microsoft Access|Microsoft Project|Oracle PeopleSoft|Instructure Canvas|Facebook,N|N|N|N|N|N|N|N|N|Y|N|N|N|Y|N
11-9039.00,"Education Administrators, All Other",All education administrators not listed separately.,,,,
11-9041.00,Architectural and Engineering Managers,"Plan, direct, or coordinate activities in such fields as architecture and engineering or research and development in these fields.",Reading Comprehension|Active Listening|Writing|Speaking|Mathematics|Critical Thinking|Active Learning|Monitoring|Learning Strategies|Science,4.12|4.0|4.0|4.0|3.88|3.88|3.88|3.75|3.25|2.62,IBM SPSS Statistics|Perforce Helix software|Autodesk Revit|Supervisory control and data acquisition SCADA software|Autodesk VIZ|Apple macOS|Citrix cloud computing software|IBM Notes|SAP software|Go|UNIX|Apache Groovy|Amazon Web Services AWS software|Linux|National Instruments LabVIEW,N|N|N|Y|Y|Y|Y|Y|Y|N|Y|Y|Y|Y|N
11-9041.01,Biofuels/Biodiesel Technology and Product Development Managers,"Define, plan, or execute biofuels/biodiesel research programs that evaluate alternative feedstock and process technologies with near-term commercial potential.",Reading Comprehension|Writing|Speaking|Critical Thinking|Active Listening|Active Learning|Monitoring|Mathematics|Science|Learning Strategies,3.62|3.62|3.62|3.62|3.5|3.25|3.25|3.12|3.12|2.88,Python|Microsoft Office software|Microsoft Project|Structure query language SQL|Microsoft Great Plains Personal Data Keeper|SAP software|Epic Systems|Microsoft Visio|Agilent ChemStation|Microsoft SQL Server|Oracle Primavera Enterprise Project Portfolio Management|UNIX|GE Energy GateCycle|Linux|National Instruments LabVIEW,N|Y|N|N|N|Y|N|N|N|N|Y|N|Y|N|Y
11-9051.00,Food Service Managers,"Plan, direct, or coordinate activities of an organization or department that serves food and beverages.",Active Listening|Speaking|Monitoring|Reading Comprehension|Critical Thinking|Active Learning|Learning Strategies|Writing|Mathematics|Science,3.88|3.88|3.88|3.75|3.62|3.12|3.12|3.0|2.88|1.62,Microsoft Outlook|Culinary Software Services ChefTec|IBM Domino|Microsoft Office software|Aestiva Employee Time Clock|Database software|Evernote|Food Service Solutions FoodCo|ValuSoft MasterCook|Microsoft Project|Oracle Taleo|Restaurant Manager|Facebook|Food Services Solutions DayCap|SoftCafe MenuPro,N|N|N|N|N|N|N|N|N|N|N|N|N|Y|N
11-9071.00,Gambling Managers,"Plan, direct, or coordinate gambling operations in a casino. May formulate house rules.",Critical Thinking|Speaking|Monitoring|Active Listening|Writing|Reading Comprehension|Active Learning|Learning Strategies|Mathematics|Science,4.0|3.88|3.88|3.75|3.62|3.5|3.5|3.25|3.12|1.62,Microsoft Word|Microsoft Outlook|Human resources management system HRMS|Microsoft Office software|Employee scheduling software|Microsoft Excel|Web browser software|Microsoft PowerPoint,N|N|Y|Y|Y|Y|Y|N
11-9072.00,"Entertainment and Recreation Managers, Except Gambling","Plan, direct, or coordinate entertainment and recreational activities and operations of a recreational facility, including cruise ships and parks.",Reading Comprehension|Active Listening|Speaking|Critical Thinking|Monitoring|Writing|Active Learning|Learning Strategies|Mathematics|Science,3.88|3.88|3.88|3.75|3.75|3.5|3.25|3.12|2.5|1.0,LinkedIn|Microsoft Outlook|IBM SPSS Statistics|Microsoft Office software|Dropbox|Apple Keynote|Atlassian Confluence|Evernote|Microsoft Access|Apple macOS|Microsoft Project|Oracle Taleo|Loom|Microsoft Teams|Oracle PeopleSoft,Y|N|N|N|Y|Y|N|N|Y|N|N|N|Y|N|N
11-9081.00,Lodging Managers,"Plan, direct, or coordinate activities of an organization or department that provides lodging and other accommodations.",Active Listening|Speaking|Reading Comprehension|Writing|Critical Thinking|Active Learning|Monitoring|Learning Strategies|Mathematics|Science,4.12|4.0|3.88|3.88|3.75|3.75|3.75|3.38|2.62|1.0,ePOS Business Solutions System 3 POS|Microsoft Outlook|Execu/Tech Systems HOTEL Premium|Microsoft Office software|RedSky IT Entirety e-Booking|Microsoft Access|Facebook|Hotel management system software|Silverbyte Systems Optima Property Management System PMS|MICROS Systems OPERA Enterprise Solution OES|Enablez ResortSuite|Oracle JD Edwards EnterpriseOne|Payroll software|iRez Systems Rezware XP7|Property management system PMS software,N|N|N|N|N|N|Y|N|N|N|N|N|N|N|Y
11-9111.00,Medical and Health Services Managers,"Plan, direct, or coordinate medical and health services in hospitals, clinics, managed care organizations, public health agencies, or similar organizations.",Speaking|Critical Thinking|Reading Comprehension|Active Listening|Writing|Monitoring|Active Learning|Learning Strategies|Mathematics|Science,4.12|4.12|4.0|4.0|4.0|4.0|3.88|3.25|2.75|2.5,Alteer Office|IBM SPSS Statistics|Medical condition coding software|Autodesk Revit|Citrix cloud computing software|TeleTracking PreAdmit-Tracking|Oracle E-Business Suite Financials|Facebook|IBM Notes|CareCentric MestaMed|e-MDs Bill|Google Meet|SAS|Epic Systems|Healthcare common procedure coding system HCPCS,N|N|Y|N|N|N|Y|Y|N|N|N|Y|N|N|N
11-9121.00,Natural Sciences Managers,"Plan, direct, or coordinate activities in such fields as life sciences, physical sciences, mathematics, statistics, and research and development in these fields.",Science|Reading Comprehension|Active Listening|Critical Thinking|Monitoring|Writing|Speaking|Active Learning|Learning Strategies|Mathematics,4.12|4.0|4.0|4.0|4.0|3.88|3.88|3.5|3.5|3.12,Microsoft Outlook|Graphics software|IBM SPSS Statistics|Microsoft Office software|Integrated development environment IDE software|Microsoft Access|Microsoft Project|SAP Business Objects|Clinical trial management software|The MathWorks MATLAB|SAS|Adobe Photoshop|SAP software|Microsoft Visio|StataCorp Stata,Y|Y|N|Y|N|N|Y|N|N|Y|Y|Y|Y|Y|Y
11-9121.01,Clinical Research Coordinators,"Plan, direct, or coordinate clinical research projects. Direct the activities of workers engaged in clinical research projects to ensure compliance with protocols and overall clinical objectives. May evaluate and analyze clinical data.",Reading Comprehension|Active Listening|Writing|Speaking|Critical Thinking|Monitoring|Active Learning|Learning Strategies|Science|Mathematics,4.0|4.0|4.0|3.88|3.75|3.62|3.38|3.12|3.0|2.88,Oracle Clinical|Microsoft Outlook|Python|Clinical data management system CDMS|IBM SPSS Statistics|PercipEnz Technologies OnCore-Clinical Research Management OnCore-CRM|Microsoft Office software|Scheduling software|Microsoft Access|OpenClinica|5AM Glassbox Translational Research|Microsoft Project|Patient tracking software|Online data collection systems|Clinical trial management software,N|N|N|N|N|N|N|N|N|N|N|Y|N|N|N
11-9121.02,Water Resource Specialists,"Design or implement programs and strategies related to water resource issues such as supply, quality, and regulatory compliance issues.",Reading Comprehension|Active Listening|Writing|Speaking|Critical Thinking|Mathematics|Active Learning|Monitoring|Learning Strategies|Science,4.0|4.0|4.0|4.0|4.0|3.25|3.25|3.25|3.12|3.0,MWH Soft H2ONET MSX|Microsoft Outlook|ESRI ArcGIS Spatial Analyst|Geographic information system GIS software|Microsoft Office software|Database software|HEC-RAS|Wallingford Software InfoWorks CS|Mapping software|Autodesk AutoCAD|Global positioning system GPS software|HEC-HMS|TIBCO Spotfire S+|ESRI ArcPad|DHI MIKE URBAN,Y|N|N|Y|N|N|N|N|N|N|N|N|N|N|N
11-9131.00,Postmasters and Mail Superintendents,"Plan, direct, or coordinate operational, administrative, management, and support services of a U.S. post office; or coordinate activities of workers engaged in postal and related work in assigned post office.",Reading Comprehension|Active Listening|Speaking|Critical Thinking|Monitoring|Learning Strategies|Writing|Active Learning|Mathematics|Science,4.0|4.0|4.0|3.75|3.75|3.38|3.25|3.25|2.75|1.5,Microsoft Outlook|eBuy|Microsoft Office software|Web Box Activity Tracing System WebBATS|SAP software|Postal boundary mapping software|Facility database software|Microsoft Windows|Vehicle management software|Payroll software|Personnel management software|Personnel scheduling software|Microsoft Word|Collection Point Management System CPMS|Email software,N|N|N|N|Y|Y|Y|Y|Y|Y|N|N|N|N|N
11-9141.00,"Property, Real Estate, and Community Association Managers","Plan, direct, or coordinate the selling, buying, leasing, or governance activities of commercial, industrial, or residential real estate properties. Includes managers of homeowner and condominium associations, rented or leased housing units, buildings, or land (including rights-of-way).",Reading Comprehension|Speaking|Active Listening|Critical Thinking|Writing|Monitoring|Active Learning|Mathematics|Learning Strategies|Science,4.0|4.0|3.88|3.88|3.75|3.38|3.12|3.0|2.75|1.12,LinkedIn|Domin-8 Enterprise Solutions RentRight|Google Analytics|Microsoft Outlook|Advantos Systems DataTrust Enterprise|iRealty Manager|Microsoft Dynamics|Microsoft Office software|Hypertext markup language HTML|RealPage OneSite|Microsoft Access|Microsoft Project|LandlordMax|Yardi Systems Yardi Voyager Residential|IDEAS Software & Training IDEAS Property Clerk,N|N|N|N|N|N|Y|N|Y|Y|N|Y|N|N|N
11-9151.00,Social and Community Service Managers,"Plan, direct, or coordinate the activities of a social service program or community outreach organization. Oversee the program or organization's budget and policies regarding participant involvement, program requirements, and benefits. Work may involve directing social workers, counselors, or probation officers.",Active Listening|Critical Thinking|Active Learning|Monitoring|Reading Comprehension|Writing|Speaking|Learning Strategies|Mathematics|Science,3.88|3.88|3.88|3.88|3.75|3.75|3.75|3.62|2.62|2.25,Microsoft Outlook|Corel WordPerfect Office Suite|PointClickCare healthcare software|Corel QuattroPro|Microsoft Office software|Microsoft Access|Microsoft Project|Microsoft Publisher|Healthcare common procedure coding system HCPCS|Blackbaud The Raiser's Edge|Client information databases|Microsoft Visual FoxPro|Oracle Reports|Microsoft Word|Web browser software,N|N|N|N|N|N|N|N|Y|N|Y|Y|Y|Y|Y
11-9161.00,Emergency Management Directors,"Plan and direct disaster response or crisis management activities, provide disaster preparedness training, and prepare emergency plans and procedures for natural (e.g., hurricanes, floods, earthquakes), wartime, or technological (e.g., nuclear power plant emergencies or hazardous materials spills) disasters or hostage situations.",Speaking|Reading Comprehension|Active Listening|Writing|Critical Thinking|Monitoring|Learning Strategies|Active Learning|Mathematics|Science,4.12|4.0|4.0|4.0|4.0|4.0|3.88|3.75|3.0|1.88,Digital Engineering Corporation E-MAPS|Microsoft Outlook|Graphics software|Geographic information system GIS software|Microsoft Office software|SoftRisk Technologies SoftRisk SQL|Emergency Managers Weather Information Network EMWIN|National Center for Crisis and Continuity Coordination NC4 E Team|MapInfo Professional|Statistical software|McAfee|Microsoft SharePoint|ESRI ArcGIS software|Relational database software|Emergency Services Integrators ESi WebEOC,N|N|N|N|Y|N|N|N|N|N|N|Y|Y|Y|Y
11-9171.00,Funeral Home Managers,"Plan, direct, or coordinate the services or resources of funeral homes. Includes activities such as determining prices for services or merchandise and managing the facilities of funeral homes.",Active Listening|Reading Comprehension|Speaking|Critical Thinking|Monitoring|Writing|Active Learning|Learning Strategies|Mathematics|Science,3.88|3.62|3.5|3.5|3.38|3.12|2.88|2.88|2.62|1.5,Microsoft Word|Microsoft Outlook|Mortware Professional|Twin Tiers Technologies MIMS|funeralOne Life Tributes|Microsoft Office software|CSR Consultants Cemetery Management SC|Twin Tiers Technologies CIMS|HMIS Advantage|Email software|Microsoft Excel|CodeJam MemoriesOnTV|Microsoft PowerPoint|iCIMS Talent Cloud software|Financial reporting software,N|N|N|N|N|N|N|N|Y|Y|Y|Y|Y|N|N
11-9179.00,"Personal Service Managers, All Other",All personal service managers not listed separately.,,,,
11-9179.01,Fitness and Wellness Coordinators,"Manage or coordinate fitness and wellness programs and services. Manage and train staff of wellness specialists, health educators, or fitness instructors.",Speaking|Active Listening|Reading Comprehension|Critical Thinking|Writing|Active Learning|Learning Strategies|Monitoring|Mathematics|Science,3.88|3.75|3.62|3.62|3.5|3.38|3.38|3.38|2.12|1.75,Microsoft Windows|Microsoft Outlook|Microsoft Word|Microsoft Publisher|Payroll software|MicroFit HealthWizard|Work scheduling software|Microsoft Office software|Adobe Acrobat|Airtable|Email software|Microsoft Excel|Web browser software|Microsoft PowerPoint|Google Workspace software,Y|N|N|Y|N|Y|Y|Y|Y|N|Y|Y|N|N|N
11-9179.02,Spa Managers,"Plan, direct, or coordinate activities of a spa facility. Coordinate programs, schedule and direct staff, and oversee financial activities.",Speaking|Monitoring|Active Listening|Critical Thinking|Active Learning|Reading Comprehension|Learning Strategies|Writing|Mathematics|Science,4.0|4.0|3.88|3.88|3.62|3.38|3.38|3.0|3.0|1.0,MIKAL SMS|Syntec Systems Insight|Microsoft Outlook|TouchSuite Salon|Leprechaun Spa and Salon Software|Microsoft Office software|PAR Technology SpaSoft|Envision Salon|Millennium SpaSalon|Elite Software Elite Salon & Spa Payroll|Milano Spa|Elite Software Elite Salon & Spa Management|Oracle Taleo|Facebook|Shortcuts Software Shortcuts Spa,N|N|N|N|N|N|N|N|N|Y|N|N|N|N|N
11-9199.00,"Managers, All Other",All managers not listed separately.,,,,
11-9199.01,Regulatory Affairs Managers,"Plan, direct, or coordinate production activities of an organization to ensure compliance with regulations and standard operating procedures.",Writing|Reading Comprehension|Active Listening|Speaking|Critical Thinking|Monitoring|Active Learning|Learning Strategies|Mathematics|Science,4.25|4.12|4.0|4.0|3.88|3.62|3.5|3.0|2.38|2.38,Pilgrim Regulatory Submission|Microsoft Outlook|Axway eSubmissions|Tableau|Datafarm a-Pulse|Samarind RMS|Datafarm S-Cubed|MasterControl software|MediRegs Risk Assessment Manager|Microsoft Office software|GlobalSubmit REVIEW|Database software|Integrated development environment IDE software|Microsoft Access|Analyse-it,N|Y|N|N|N|N|N|N|N|N|N|N|N|N|N
11-9199.02,Compliance Managers,"Plan, direct, or coordinate activities of an organization to ensure compliance with ethical or regulatory standards.",Reading Comprehension|Critical Thinking|Active Listening|Writing|Speaking|Active Learning|Monitoring|Learning Strategies|Mathematics|Science,4.0|4.0|3.88|3.88|3.88|3.75|3.75|3.25|2.12|1.38,CMO Compliance Regulatory Compliance Solution|LexisNexis|Microsoft Outlook|ComplianceBridge Total Compliance|DoubleCheck GRC&T Platform|MetricStream Enterprise Compliance Platform|MyComplianceOffice Compliance Operations Management System|Microsoft Office software|RVR Systems Compliance|Scheduling software|Guideline Risk Technologies RUBI|MasterControl MD|AssurX Financial Services Compliance Management System|Microsoft Access|Modulo Risk Manager,N|N|Y|N|N|Y|N|N|N|N|N|N|N|N|N
11-9199.08,Loss Prevention Managers,"Plan and direct policies, procedures, or systems to prevent the loss of assets. Determine risk exposure or potential liability, and develop risk control measures.",Reading Comprehension|Active Listening|Speaking|Critical Thinking|Monitoring|Writing|Active Learning|Learning Strategies|Mathematics|Science,4.0|4.0|4.0|3.88|3.88|3.75|3.75|3.25|2.75|1.0,Microsoft Outlook|MySQL|Enterprise application integration EAI software|Time reporting software|Enabl-u Technologies APIS|Microsoft Office software|Reporting software|Microsoft Access|Microsoft Project|MICROS XBR Loss Prevention|Inventory tracking software|SAP software|Microsoft Windows|Microsoft SharePoint|Personnel management software,N|N|N|Y|N|N|N|Y|Y|Y|Y|Y|Y|Y|Y
11-9199.09,Wind Energy Operations Managers,"Manage wind field operations, including personnel, maintenance activities, financial activities, and planning.",Active Listening|Reading Comprehension|Speaking|Critical Thinking|Monitoring|Writing|Mathematics|Active Learning|Learning Strategies|Science,4.0|3.88|3.88|3.88|3.88|3.75|3.0|3.0|3.0|2.0,Microsoft Outlook|Oracle Enterprise Asset Management eAM|Microsoft Office software|Supervisory control and data acquisition SCADA software|Oracle Primavera Systems|Microsoft Project|Local area network LAN software|Computerized maintenance management system CMMS|Computerized diagnostic software|Autodesk AutoCAD|SAP software|Gensuite|Programmable logic controller PLC software|Wide area network WAN software|Web conferencing software,Y|N|N|N|N|N|N|N|Y|Y|Y|Y|Y|Y|N
11-9199.10,Wind Energy Development Managers,"Lead or manage the development and evaluation of potential wind energy business opportunities, including environmental studies, permitting, and proposals. May also manage construction of projects.",Critical Thinking|Reading Comprehension|Writing|Speaking|Active Listening|Monitoring|Active Learning|Mathematics|Learning Strategies|Science,4.0|3.88|3.88|3.88|3.75|3.5|3.38|3.0|2.75|1.75,Microsoft Word|Microsoft Outlook|Autodesk AutoCAD|Web conferencing software|ESRI ArcGIS software|SAP software|Microsoft Office software|Microsoft Visio|Oracle Primavera Systems|Web browser software|Microsoft Excel|Microsoft PowerPoint|Microsoft Project,Y|Y|Y|Y|Y|Y|Y|Y|Y|N|Y|N|N
11-9199.11,Brownfield Redevelopment Specialists and Site Managers,Plan and direct cleanup and redevelopment of contaminated properties for reuse. Does not include properties sufficiently contaminated to qualify as Superfund sites.,Reading Comprehension|Speaking|Critical Thinking|Monitoring|Active Listening|Writing|Mathematics|Active Learning|Science|Learning Strategies,4.0|4.0|4.0|4.0|3.88|3.88|3.62|3.25|3.0|3.0,Microsoft Outlook|Python|Tableau|Microsoft Office software|Microsoft Access|Microsoft Project|Structure query language SQL|SAP Business Objects|Microsoft PowerShell|MineSight|SAP software|Business software applications|Salesforce software|ESRI ArcMap|Linux,N|N|Y|N|N|Y|N|Y|Y|Y|Y|Y|Y|Y|Y
13-1011.00,"Agents and Business Managers of Artists, Performers, and Athletes","Represent and promote artists, performers, and athletes in dealings with current or prospective employers. May handle contract negotiation and other business matters for clients.",Reading Comprehension|Active Listening|Speaking|Critical Thinking|Writing|Active Learning|Monitoring|Learning Strategies|Mathematics|Science,4.0|4.0|4.0|3.75|3.62|3.5|2.88|2.62|2.12|1.62,LexisNexis|LinkedIn|Microsoft Outlook|Avid Technology iNEWS|Microsoft Office software|Tax planning software|Salesforce Marketing Cloud|Database software|Apple macOS|Facebook|Adobe Photoshop|Salesforce software|Videoconferencing software|Twitter|Microsoft Word,Y|Y|N|N|N|Y|N|N|N|Y|Y|Y|Y|Y|N
13-1021.00,"Buyers and Purchasing Agents, Farm Products","Purchase farm products either for further processing or resale. Includes tree farm contractors, grain brokers and market operators, grain buyers, and tobacco buyers. May negotiate contracts.",Active Listening|Critical Thinking|Speaking|Reading Comprehension|Writing|Monitoring|Active Learning|Mathematics|Learning Strategies|Science,3.88|3.88|3.75|3.5|3.25|3.12|3.0|2.88|2.5|1.5,Microsoft Outlook|Product producer databases|Microsoft Office software|Microsoft Access|Microsoft Project|Enterprise resource planning ERP system|SAP software|Salesforce software|Deltek Costpoint|Amazon Web Services AWS software|Oracle Database|Purchasing software|Microsoft Word|Google Angular|IBM Lotus Notes,Y|Y|N|N|Y|N|N|Y|N|Y|Y|Y|Y|Y|Y
13-1022.00,"Wholesale and Retail Buyers, Except Farm Products","Buy merchandise or commodities, other than farm products, for resale to consumers at the wholesale or retail level, including both durable and nondurable goods. Analyze past buying trends, sales records, price, and quality of merchandise to determine value and yield. Select, order, and authorize payment for merchandise according to contractual agreements. May conduct meetings with sales personnel and introduce new products. May negotiate contracts. Includes assistant wholesale and retail buyers of nonfarm products.",Critical Thinking|Active Listening|Speaking|Reading Comprehension|Active Learning|Monitoring|Writing|Mathematics|Learning Strategies|Science,4.0|3.88|3.88|3.62|3.38|3.38|3.12|3.12|2.88|1.25,LinkedIn|Microsoft Outlook|Graphics software|JDA Software Group Advanced Warehouse Replenishment by E3|SAP POS Data Management|Microsoft Office software|Scheduling software|Claritas ConsumerPoint|Microsoft Access|Microsoft Project|Oracle PeopleSoft Enterprise Supply Planning Multi-Site Material Planner|Oracle Taleo|Qlik Tech QlikView|Oracle PeopleSoft|Facebook,N|N|N|N|N|N|Y|N|N|Y|N|N|Y|N|N
13-1023.00,"Purchasing Agents, Except Wholesale, Retail, and Farm Products","Purchase machinery, equipment, tools, parts, supplies, or services necessary for the operation of an establishment. Purchase raw or semifinished materials for manufacturing. May negotiate contracts.",Reading Comprehension|Active Listening|Writing|Speaking|Critical Thinking|Active Learning|Monitoring|Mathematics|Learning Strategies|Science,4.12|4.0|4.0|4.0|3.88|3.88|3.75|3.0|3.0|1.12,Microsoft Outlook|Choice Job Cost|Corel QuattroPro|Microsoft Office software|Xactware Xactimate|SAP BusinessObjects Crystal Reports|Database software|Microsoft Access|IBM Power Systems software|Microsoft Project|Galorath SEER-SEM|Oracle E-Business Suite Financials|Sage 100 Contractor|Oracle PeopleSoft|SAP Business Objects,Y|N|N|N|N|N|N|N|N|N|N|N|N|N|N
13-1031.00,"Claims Adjusters, Examiners, and Investigators",Review settled claims to determine that payments and settlements are made in accordance with company practices and procedures. Confer with legal counsel on claims requiring litigation. May also settle insurance claims.,Reading Comprehension|Active Listening|Critical Thinking|Speaking|Writing|Monitoring|Active Learning|Mathematics|Learning Strategies|Science,4.12|4.0|4.0|3.88|3.62|3.38|3.25|2.88|2.5|1.38,Medical procedure coding software|ISO ClaimSearch|Injury Sciences EDR InSight|LexisNexis RiskWise|CSC Fault Evaluator|Microsoft Outlook|MapScenes Evidence Recorder|Microsoft Office software|Medical condition coding software|CCC Pathways Image Management Solution|CSC Colossus|Fair Isaac SmartAdvisor|PhotoModeler|Xactware Xactimate|Visual Statement Investigator Suite,N|N|N|Y|N|N|N|N|N|N|N|N|N|N|N
13-1032.00,"Insurance Appraisers, Auto Damage",Appraise automobile or other vehicle damage to determine repair costs for insurance claim settlement. Prepare insurance forms to indicate repair cost or cost estimates and recommendations. May seek agreement with automotive repair shop on repair costs.,Writing|Speaking|Reading Comprehension|Active Listening|Critical Thinking|Active Learning|Mathematics|Monitoring|Learning Strategies|Science,3.75|3.75|3.5|3.5|3.38|2.88|2.62|2.5|2.12|1.12,Microsoft Outlook|Mitchell International Mitchell WorkCenter|Microsoft Office software|Information Services Inc. CCC Pathways Appraisal Solution|App Software Associations AppTrak.net|NCH Software Express Invoice|Disassembler software|Microsoft Windows|Vertafore ImageRight|A-T Solutions Easy Street Draw|Swan River Software Estimiser Pro|Cost estimating software|Microsoft Word|Solera Audatex Estimating|Adobe Acrobat,N|Y|N|N|N|N|N|N|Y|Y|Y|Y|Y|Y|N
13-1041.00,Compliance Officers,"Examine, evaluate, and investigate eligibility for or conformity with laws and regulations governing contract compliance of licenses and permits, and perform other compliance and enforcement inspection and analysis activities not classified elsewhere.",Reading Comprehension|Speaking|Active Listening|Writing|Critical Thinking|Monitoring|Active Learning|Learning Strategies|Mathematics|Science,4.0|3.88|3.75|3.75|3.5|3.38|3.0|2.88|2.12|1.0,Microsoft Windows|Microsoft Outlook|Microsoft Word|Traffic record databases|Microsoft PowerPoint|Microsoft Office software|Document scanning software|Computer-assisted testing software|Safety Status Measurement System SafeStat|Digital imaging system software|Database software|Driving simulators|Microsoft Access|Microsoft Excel|National Driver Register NDR,N|N|N|N|N|N|Y|Y|Y|Y|Y|Y|Y|N|N
13-1041.01,Environmental Compliance Inspectors,"Inspect and investigate sources of pollution to protect the public and environment and ensure conformance with Federal, State, and local regulations and ordinances.",Reading Comprehension|Critical Thinking|Active Listening|Writing|Speaking|Active Learning|Monitoring|Mathematics|Science|Learning Strategies,4.0|4.0|3.88|3.88|3.88|3.75|3.75|3.0|3.0|3.0,Monitoring and Remediation Optimization System MAROS|Microsoft Outlook|DQO-PRO|Environmental Knowledge and Assessment Tool EKAT|Geographic information system GIS software|Sustainable Management Approaches and Revitalization Tools SMARTe|Microsoft Office software|Database software|Microsoft Access|Microsoft Project|Autodesk AutoCAD|SAP software|Field Operations and Records Management System (FORMS) II Lite|HRS Quickscore|UNIX,Y|Y|N|N|N|N|N|N|N|N|N|Y|Y|Y|Y
13-1041.03,Equal Opportunity Representatives and Officers,"Monitor and evaluate compliance with equal opportunity laws, guidelines, and policies to ensure that employment practices and contracting arrangements give equal opportunity without regard to race, religion, color, national origin, sex, age, or disability.",Active Listening|Reading Comprehension|Speaking|Critical Thinking|Writing|Active Learning|Monitoring|Learning Strategies|Mathematics|Science,4.25|4.12|4.0|4.0|3.88|3.75|3.38|3.0|2.5|1.62,Bashen EEOSoft|Microsoft Outlook|Corel WordPerfect Office Suite|Equal employment opportunity EEO compliance software|Microsoft Office software|Biddle Adverse Impact Toolkit|Peopleclick Monitor|Biddle AutoAAP|Gerstco AAPBase|Database software|Microsoft Access|Peopleclick CAAMS|Bashen EEOFedSoft|Speediware SpeedEEO|Equitas EEOStat,N|N|N|N|N|N|N|N|N|N|N|N|N|N|Y
13-1041.04,Government Property Inspectors and Investigators,Investigate or inspect government property to ensure compliance with contract agreements and government regulations.,Active Listening|Reading Comprehension|Writing|Speaking|Critical Thinking|Active Learning|Monitoring|Learning Strategies|Mathematics|Science,4.12|4.0|4.0|4.0|4.0|3.5|3.38|3.0|2.88|1.88,Microsoft NetMeeting|Microsoft Outlook|Inventory control system software|Autodesk AutoCAD Civil 3D|Microsoft Office software|Database software|Peninsula Software Quicktrack Pro|Microsoft Access|Shipping software|Adobe InDesign|Autodesk AutoCAD|Coeus|Wide Area Workflow WAWF system|Adobe Photoshop|SAP software,Y|Y|Y|Y|Y|Y|Y|Y|Y|N|N|N|N|N|N
13-1041.06,Coroners,"Direct activities such as autopsies, pathological and toxicological analyses, and inquests relating to the investigation of deaths occurring within a legal jurisdiction to determine cause of death or to fix responsibility for accidental, violent, or unexplained deaths.",Speaking|Critical Thinking|Reading Comprehension|Active Listening|Writing|Active Learning|Science|Monitoring|Learning Strategies|Mathematics,4.12|4.12|4.0|3.88|3.62|3.38|3.25|3.25|3.12|2.62,Git|Graphics software|Corel WordPerfect Office Suite|Microsoft Office software|Rapid Medical Examiners System|Douglas Associates Forensic Filer|Bite analysis software|Google Android|Toxicology databases|UNIX|Mideo Systems EZDoc Plus|3D graphics software|Autopsy information databases|Linux|Structured query language SQL,N|N|N|N|N|N|N|N|N|N|Y|Y|N|N|Y
13-1041.07,Regulatory Affairs Specialists,"Coordinate and document internal regulatory processes, such as internal audits, inspections, license renewals, or registrations. May compile and prepare materials for submission to regulatory agencies.",Reading Comprehension|Active Listening|Writing|Speaking|Critical Thinking|Active Learning|Monitoring|Learning Strategies|Mathematics|Science,4.0|4.0|4.0|4.0|4.0|3.75|3.25|3.0|2.88|1.38,LexisNexis|Medical procedure coding software|Microsoft Outlook|Microsoft Office software|Human resource management software HRMS|Relational database management software|Integrated development environment IDE software|Microsoft Access|Microsoft Project|Analyse-it|NortonLifeLock cybersecurity software|Qlik Tech QlikView|SAP software|Microsoft Visio|Healthcare common procedure coding system HCPCS,Y|N|N|N|N|N|N|N|N|N|N|N|Y|N|Y
13-1041.08,Customs Brokers,Prepare customs documentation and ensure that shipments meet all applicable laws to facilitate the import and export of goods. Determine and track duties and taxes payable and process payments on behalf of client. Sign documents under a power of attorney. Represent clients in meetings with customs officials and apply for duty refunds and tariff reclassifications. Coordinate transportation and storage of imported goods.,Reading Comprehension|Active Listening|Speaking|Writing|Critical Thinking|Active Learning|Monitoring|Learning Strategies|Mathematics|Science,4.0|4.0|3.88|3.75|3.75|3.25|3.12|3.0|2.88|1.12,Automated commercial environment software ACE|Microsoft Outlook|Electronic data interchange EDI software|Microsoft Word|Parts classification databases|Microsoft PowerPoint|Tariff databases|Automated system for customs data ASYCUDA|Optical character reader OCR software|Microsoft Office software|SAP software|Materials requirement planning MRP software|Web browser software|Customs records databases|Microsoft Excel,N|N|N|N|N|Y|Y|Y|Y|Y|Y|N|N|N|Y
13-1051.00,Cost Estimators,"Prepare cost estimates for product manufacturing, construction projects, or services to aid management in bidding on or determining price of product or service. May specialize according to particular service performed or type of product manufactured.",Reading Comprehension|Mathematics|Speaking|Active Listening|Critical Thinking|Writing|Active Learning|Monitoring|Learning Strategies|Science,4.0|4.0|3.88|3.75|3.75|3.5|3.25|3.0|2.88|1.38,Microsoft Outlook|CPR International GeneralCOST Estimator|PRICE Sytems TruePlanning|ConEst Electrical Formulas|Choice Job Cost|Corel QuattroPro|Microsoft Office software|ConEst Permit Trac|Xactware Xactimate|Autodesk Revit|Microsoft Word|SAP BusinessObjects Crystal Reports|Sage 300 Construction and Real Estate|Microsoft Access|Microsoft Project,Y|N|N|Y|Y|N|N|N|N|N|N|N|N|N|N
13-1071.00,Human Resources Specialists,"Recruit, screen, interview, or place individuals within an organization. May perform other activities in multiple human resources areas.",Speaking|Reading Comprehension|Active Listening|Writing|Critical Thinking|Active Learning|Learning Strategies|Monitoring|Mathematics|Science,4.12|4.0|4.0|3.88|3.88|3.25|3.0|3.0|2.0|1.12,ApplicantPro iApplicants|IBM SPSS Statistics|Recruitment management software|IBM InfoSphere DataStage|Perforce Helix software|Resume processing software|Apple macOS|BrightMove Applicant Tracking System|Safari Software Products Safari|Oracle E-Business Suite Financials|ResumeRobot|Facebook|IBM Notes|TalentHook|HRM Direct,Y|Y|N|N|Y|Y|N|Y|N|N|N|N|Y|N|N
13-1074.00,Farm Labor Contractors,"Recruit and hire seasonal or temporary agricultural laborers. May transport, house, and provide meals for workers.",Speaking|Active Listening|Critical Thinking|Monitoring|Reading Comprehension|Writing|Active Learning|Learning Strategies|Mathematics|Science,3.38|3.12|3.0|3.0|2.75|2.75|2.5|2.38|2.0|1.12,Facebook|Microsoft Outlook|Microsoft Word|Intuit QuickBooks|E-Verify|Microsoft SharePoint|SAP software|Microsoft Office software|Web browser software|Microsoft Excel|Microsoft Access|Financial accounting software|Bookkeeping software,N|N|Y|N|Y|Y|Y|Y|Y|Y|Y|Y|N
13-1075.00,Labor Relations Specialists,"Resolve disputes between workers and managers, negotiate collective bargaining agreements, or coordinate grievance procedures to handle employee complaints.",Active Listening|Speaking|Reading Comprehension|Writing|Critical Thinking|Active Learning|Monitoring|Learning Strategies|Mathematics|Science,4.38|4.25|4.0|4.0|4.0|3.5|3.38|3.0|2.38|1.0,Microsoft Outlook|Microsoft Office software|LaborSoft LaborForce Arbitration/Appeals Manager module|Workday software|LaborSoft LaborForce Incident Tracking module|Microsoft Access|Oracle PeopleSoft|LaborSoft LaborForce Discipline Manager module|LaborSoft LaborForce Grievance Manager module|ServiceNow|LaborSoft LaborForce Personnel Manager module|Internet Grievance System IGS|Kubernetes|LaborSoft LaborForce Reporting/Dashboard Manager module|Microsoft SharePoint,N|Y|N|N|N|N|N|N|N|N|Y|Y|Y|Y|Y
13-1081.00,Logisticians,"Analyze and coordinate the ongoing logistical functions of a firm or organization. Responsible for the entire life cycle of a product, including acquisition, distribution, internal allocation, delivery, and final disposal of resources.",Critical Thinking|Reading Comprehension|Active Listening|Speaking|Monitoring|Active Learning|Writing|Mathematics|Learning Strategies|Science,4.0|3.88|3.88|3.88|3.88|3.5|3.38|3.0|3.0|1.75,Microsoft Outlook|RedPrairie E2e|Microsoft Office software|Oracle E-Business Suite|Microsoft Access|Microsoft Project|IBM Power Systems software|Autodesk AutoCAD|SAP software|Microsoft Visio|Microsoft SQL Server|Oracle Primavera Enterprise Project Portfolio Management|Radio frequency identification RFID software|Oracle JD Edwards EnterpriseOne|Microsoft SharePoint,Y|N|N|Y|Y|N|Y|Y|Y|Y|Y|Y|Y|Y|Y
13-1081.01,Logistics Engineers,"Design or analyze operational solutions for projects such as transportation optimization, network modeling, process and methods analysis, cost containment, capacity enhancement, routing and shipment optimization, or information management.",Writing|Reading Comprehension|Active Listening|Mathematics|Active Learning|Speaking|Critical Thinking|Monitoring|Learning Strategies|Science,4.12|4.0|4.0|4.0|4.0|3.88|3.88|3.38|3.12|2.62,Microsoft Outlook|Python|Tableau|Logistics Cost Estimating Tool|Microsoft Office software|ReliaSoft RCM++|Microsoft Power BI|Microsoft Access|Microsoft Project|LOGSA COMPASS|SAP Business Objects|IBM Notes|ITEM Software Spare Cost|ReliaSoft XFMEA|Autodesk AutoCAD,Y|Y|N|N|N|N|N|N|N|N|N|N|N|N|N
13-1081.02,Logistics Analysts,"Analyze product delivery or supply chain processes to identify or recommend changes. May manage route activity including invoicing, electronic bills, and shipment tracing.",Reading Comprehension|Critical Thinking|Active Listening|Speaking|Monitoring|Writing|Active Learning|Mathematics|Learning Strategies|Science,4.0|4.0|3.88|3.75|3.75|3.38|3.12|3.0|2.75|1.75,Fleet management software|Microsoft Outlook|Graphics software|Tableau|IntelliTrack 3PL|IBM SPSS Statistics|Microsoft Office software|Reporting software|Microsoft Power BI|Microsoft Access|3PL Central|Microsoft Project|Amazon Redshift|Oracle E-Business Suite Financials|Oracle PeopleSoft,N|N|Y|N|N|N|N|N|N|N|N|N|Y|N|N
13-1082.00,Project Management Specialists,"Analyze and coordinate the schedule, timeline, procurement, staffing, and budget of a product or service on a per project basis. Lead and guide the work of technical staff. May serve as a point of contact for the client or customer.",Active Listening|Critical Thinking|Writing|Monitoring|Reading Comprehension|Speaking|Active Learning|Learning Strategies|Mathematics|Science,3.75|3.75|3.62|3.62|3.5|3.5|3.5|3.0|2.75|1.38,IBM SPSS Statistics|Apple Keynote|Apple macOS|IBM Notes|Microsoft OneNote|Google Meet|SAS|SAP software|Linux|Google Sites|Microsoft Azure software|Screencast-O-Matic|Intuit QuickBooks|Social media sites|Bentley MicroStation,N|Y|Y|Y|N|N|N|Y|Y|N|Y|Y|Y|Y|N
13-1111.00,Management Analysts,"Conduct organizational studies and evaluations, design systems and procedures, conduct work simplification and measurement studies, and prepare operations and procedures manuals to assist management in operating more efficiently and effectively. Includes program analysts and management consultants.",Reading Comprehension|Active Listening|Critical Thinking|Writing|Speaking|Monitoring|Active Learning|Mathematics|Learning Strategies|Science,4.12|4.12|4.12|4.0|4.0|3.88|3.25|3.0|3.0|1.88,IBM Rational RequisitePro|IBM SPSS Statistics|Medical condition coding software|IBM InfoSphere DataStage|Perforce Helix software|Supervisory control and data acquisition SCADA software|Oracle PL/SQL|Apple macOS|Citrix cloud computing software|NortonLifeLock cybersecurity software|Oracle E-Business Suite Financials|Oracle JDBC|Oracle JavaServer Pages JSP|Job control language JCL|IBM Notes,N|Y|N|N|Y|N|N|N|Y|Y|Y|Y|Y|Y|N
13-1121.00,"Meeting, Convention, and Event Planners","Coordinate activities of staff, convention personnel, or clients to make arrangements for group meetings, events, or conventions.",Reading Comprehension|Active Listening|Speaking|Critical Thinking|Writing|Monitoring|Active Learning|Mathematics|Learning Strategies|Science,4.0|4.0|4.0|3.88|3.5|3.5|3.38|2.5|2.38|1.25,LinkedIn|Microsoft Outlook|NSF Hospitality Rendezvous Events|Geographic information system GIS software|Microsoft Office software|Hypertext markup language HTML|Lenos marketing automation software|Microsoft Access|Microsoft Project|MemberClicks COMPLETE|Active Network EventRegister|Delphi Discovery|Facebook|Adobe InDesign|MeetingMatrix International,N|Y|Y|Y|N|N|N|N|N|Y|N|N|Y|N|N
13-1131.00,Fundraisers,"Organize activities to raise funds or otherwise solicit and gather monetary donations or other gifts for an organization. May design and produce promotional materials. May also raise awareness of the organization's work, goals, and financial needs.",Speaking|Reading Comprehension|Active Listening|Writing|Critical Thinking|Active Learning|Monitoring|Mathematics|Learning Strategies|Science,4.12|4.0|4.0|4.0|3.88|3.25|3.12|3.0|2.88|1.38,Microsoft Outlook|SofterWare DonorPerfect|WealthEngine Findwealth|Microsoft Office software|SAP BusinessObjects Crystal Reports|Database software|Facebook|Foundatino Directory Online (FDO)|Microsoft Publisher|Salesforce software|Constant Contact|AudienceView Ticketing|Corel CorelDraw Graphics Suite|Blackbaud The Raiser's Edge|Structured query language SQL,N|N|N|N|N|N|N|N|N|Y|N|N|N|Y|Y
13-1141.00,"Compensation, Benefits, and Job Analysis Specialists","Conduct programs of compensation and benefits and job analysis for employer. May specialize in specific areas, such as position classification and pension programs.",Reading Comprehension|Active Listening|Speaking|Critical Thinking|Writing|Active Learning|Mathematics|Monitoring|Learning Strategies|Science,3.88|3.88|3.88|3.75|3.38|3.38|3.12|3.12|2.88|1.88,Ascentis HR|Employee self-service software|O*NET OnLine|IBM SPSS Statistics|VUE Benefits Manager|InfinityHR|Medical condition coding software|SBC Systems Benefits Workstation|Workscape Outsourced Employee Benefits Administration|VUE Compensation Management|SAS|SAP software|Bargaining Power|Healthcare common procedure coding system HCPCS|Ascentis Employee Self-Service,N|N|N|N|N|N|N|N|N|N|N|N|N|N|N
13-1151.00,Training and Development Specialists,Design or conduct work-related training and development programs to improve individual skills or organizational performance. May analyze organizational training needs or evaluate training effectiveness.,Speaking|Learning Strategies|Active Listening|Reading Comprehension|Writing|Critical Thinking|Active Learning|Monitoring|Mathematics|Science,4.38|4.12|4.0|3.88|3.88|3.88|3.88|3.88|2.38|1.62,IBM SPSS Statistics|ICS Learning Group Inquisiq EX|RISC Virtual Training Assistant|Oracle PL/SQL|Citrix cloud computing software|GeoMetrix Data Systems Training Partner|TrainCaster LMS|IBM Notes|Microsoft OneNote|Google Meet|Halogen eLMS|SAP software|Epic Systems|Pathlore LMS|Medworxx Learning Management System,Y|N|Y|N|N|Y|N|Y|Y|Y|N|N|N|N|N
13-1161.00,Market Research Analysts and Marketing Specialists,"Research conditions in local, regional, national, or online markets. Gather information to determine potential sales of a product or service, or plan a marketing or advertising campaign. May gather information on competitors, prices, sales, and methods of marketing and distribution. May employ search marketing tactics, analyze web metrics, and develop recommendations to increase search engine ranking and visibility to target markets.",Reading Comprehension|Active Listening|Writing|Critical Thinking|Speaking|Active Learning|Mathematics|Monitoring|Learning Strategies|Science,4.0|4.0|4.0|4.0|3.88|3.75|3.12|3.12|2.88|2.0,Adaptive conjoint analysis ACA software|IBM Intelligent Miner|Perseus SurveySolutions|IBM SPSS Statistics|Geographic information system GIS marketing software|Apple Keynote|Cytel LogXact|Apple macOS|Walmart Retail Link|NortonLifeLock cybersecurity software|Facebook|IBM Notes|TechExcel ServiceWise|SAS|Dynamic hypertext markup language DHTML,N|N|N|N|Y|N|Y|Y|N|Y|Y|Y|N|N|Y
13-1161.01,Search Marketing Strategists,"Employ search marketing tactics to increase visibility and engagement with content, products, or services in Internet-enabled devices or interfaces. Examine search query behaviors on general or specialty search engines or other Internet-based content. Analyze research, data, or technology to understand user intent and measure outcomes for ongoing optimization.",Reading Comprehension|Active Listening|Critical Thinking|Active Learning|Speaking|Writing|Monitoring|Learning Strategies|Mathematics|Science,3.88|3.75|3.75|3.75|3.62|3.5|3.38|2.88|2.75|1.25,LinkedIn|Google Analytics|Microsoft Outlook|MySQL|Python|Tableau|Yahoo! Email|Microsoft Dynamics|Google Tag Manager|Microsoft Office software|Cascading style sheets CSS|Hypertext markup language HTML|Searchmetrics Suite|Microsoft Access|Bing Ads,N|N|Y|N|Y|N|N|N|N|Y|N|N|N|N|Y
13-1199.00,"Business Operations Specialists, All Other",All business operations specialists not listed separately.,,,,
13-1199.04,Business Continuity Planners,"Develop, maintain, or implement business continuity and disaster recovery strategies and solutions, including risk assessments, business impact analyses, strategy selection, and documentation of business continuity and disaster recovery procedures. Plan, conduct, and debrief regular mock-disaster exercises to test the adequacy of existing plans and strategies, updating procedures and plans regularly. Act as a coordinator for continuity efforts after a disruption event.",Active Listening|Critical Thinking|Reading Comprehension|Writing|Speaking|Active Learning|Monitoring|Learning Strategies|Mathematics|Science,4.12|4.12|4.0|4.0|4.0|4.0|3.62|3.25|2.88|1.0,Computer operating systems|Microsoft Outlook|SunGard NotiFind|Actuate BIRT|Microsoft Office software|Atlassian Confluence|Jaspersoft Business Intelligence Suite|Microsoft Access|Microsoft Project|Local area network LAN software|ServiceNow|Microsoft Visio|Emergency notification system software|Microsoft SQL Server|Oracle Primavera Enterprise Project Portfolio Management,N|Y|Y|Y|N|N|N|N|N|N|N|N|N|N|Y
13-1199.05,Sustainability Specialists,"Address organizational sustainability issues, such as waste stream management, green building practices, and green procurement plans.",Reading Comprehension|Writing|Speaking|Active Listening|Critical Thinking|Monitoring|Active Learning|Learning Strategies|Mathematics|Science,4.0|4.0|4.0|3.88|3.88|3.5|3.25|3.12|2.88|2.25,Google Analytics|Microsoft Outlook|Tableau|Geographic information system GIS software|Autodesk AutoCAD Civil 3D|Microsoft Office software|Autodesk Revit|Microsoft Power BI|Microsoft Access|Microsoft Project|Online database search and retrieval software|Adobe InDesign|Autodesk AutoCAD|Microsoft Publisher|Adobe Photoshop,Y|Y|Y|Y|Y|Y|Y|Y|Y|N|Y|N|Y|N|Y
13-1199.06,Online Merchants,"Conduct retail activities of businesses operating exclusively online. May perform duties such as preparing business strategies, buying merchandise, managing inventory, implementing marketing activities, fulfilling and shipping online orders, and balancing financial records.",Reading Comprehension|Active Listening|Speaking|Critical Thinking|Writing|Monitoring|Mathematics|Active Learning|Learning Strategies|Science,3.62|3.5|3.5|3.5|3.38|3.12|3.0|2.88|2.38|1.25,e-check software|Google Analytics|Microsoft Outlook|MySQL|IBM Domino|Shopify software|Microsoft Visual Studio|Microsoft Office software|Snorasson Holdings CCNow|Hypertext markup language HTML|CCBill|IBM InfoSphere DataStage|Relational database management software|Microsoft Access|Bing Ads,N|Y|Y|N|N|Y|N|N|N|Y|N|N|N|N|N
13-1199.07,Security Management Specialists,"Conduct security assessments for organizations, and design security systems and processes. May specialize in areas such as physical security or the safety of employees and facilities.",Active Listening|Speaking|Critical Thinking|Reading Comprehension|Writing|Monitoring|Active Learning|Learning Strategies|Mathematics|Science,4.12|4.0|4.0|3.88|3.62|3.62|3.25|3.0|2.5|1.5,Microsoft Outlook|Kismet|Microsoft Office software|Chinotec Technologies Paros|Microsoft Active Directory|Database software|Microsoft Access|ArcSight Enterprise Threat and Risk Management|Splunk Enterprise|NortonLifeLock cybersecurity software|MITRE ATT&CK software|Symantec PGP|Microsoft PowerShell|Social networking software|ServiceNow,Y|Y|N|N|N|N|N|N|N|N|N|Y|N|Y|N
13-2011.00,Accountants and Auditors,"Examine, analyze, and interpret accounting records to prepare financial statements, give advice, or audit and evaluate statements prepared by others. Install or advise on systems of recording costs or other financial and budgetary data.",Reading Comprehension|Active Listening|Writing|Critical Thinking|Speaking|Mathematics|Active Learning|Monitoring|Learning Strategies|Science,3.88|3.5|3.5|3.5|3.38|3.38|3.25|3.25|2.75|1.25,Sage CPAAccounts Receivable|TechSmith Camtasia|Automated auditors fraud detector software|General ledger software|IBM SPSS Statistics|Medical condition coding software|CaseWare Working Papers|Recovery audit software|CaseWare International IDEA|Accounts payable software|SAP Concur|NortonLifeLock cybersecurity software|Oracle E-Business Suite Financials|IBM Notes|Tropics workers' compensation software,N|N|N|N|N|N|N|N|N|N|N|N|N|N|Y
13-2022.00,Appraisers of Personal and Business Property,"Appraise and estimate the fair value of tangible personal or business property, such as jewelry, art, antiques, collectibles, and equipment. May also appraise land.",Reading Comprehension|Critical Thinking|Writing|Active Listening|Speaking|Active Learning|Mathematics|Monitoring|Learning Strategies|Science,3.88|3.62|3.5|3.38|3.38|3.12|2.88|2.88|2.5|1.38,Computer assisted mass appraisal CAMA software|Microsoft Outlook|Mass appraisal records system MARS|Ascend Property Assessment|Microsoft Office software|Microsoft Access|HP 49G+ Appraiser Fee Calculator|Bruno Realty eNeighboorhoods|Wilson's Computer Applications RealEasy Appraisals|Microsoft Windows|WinEstimator WinEst|Yardi software|Cost estimating software|CPR Visual Estimator|Microsoft Word,N|N|N|N|N|N|N|Y|Y|Y|Y|Y|Y|Y|N
13-2023.00,Appraisers and Assessors of Real Estate,"Appraise real estate, exclusively, and estimate its fair value. May assess taxes in accordance with prescribed schedules.",Reading Comprehension|Active Listening|Critical Thinking|Writing|Speaking|Monitoring|Active Learning|Mathematics|Learning Strategies|Science,3.62|3.5|3.5|3.38|3.38|2.88|2.75|2.62|2.38|1.12,Computer assisted mass appraisal CAMA software|TietoEnator ProMatch|Microsoft Outlook|Wilson's Computer Applications RealEasy Photos Plus|Apex IV Fee Appraiser|Manatron ProVal Plus|Mass appraisal records system MARS|Ascend Property Assessment|Emerald Data Deed-Chek|Govern Software Land and Permits Management System|Microsoft Office software|Microsoft Word|Database software|Greenbrier Graphics Deed Plotter|Microsoft Access,N|N|N|N|N|N|Y|N|N|N|N|N|N|N|N
13-2031.00,Budget Analysts,"Examine budget estimates for completeness, accuracy, and conformance with procedures and regulations. Analyze budgeting and accounting reports.",Mathematics|Critical Thinking|Reading Comprehension|Active Listening|Speaking|Active Learning|Writing|Monitoring|Learning Strategies|Science,3.88|3.88|3.75|3.75|3.75|3.25|3.12|3.12|2.5|1.25,Microsoft Outlook|Graphics software|Business performance management BPM software|Microsoft Office software|Lilly Software Associates VISUAL Enterprise|Extensity MPC|Microsoft Power BI|SAP BusinessObjects Crystal Reports|Time and attendance software|Oracle Performance Management Suites|Microsoft Access|FRx Software Microsoft Forecaster|Oracle E-Business Suite Financials|Valiant Vantage|Oracle PeopleSoft Financials,N|N|N|N|N|N|N|N|N|N|N|N|N|N|N
13-2041.00,Credit Analysts,Analyze credit data and financial statements of individuals or firms to determine the degree of risk involved in extending credit or lending money. Prepare reports with credit information for use in decisionmaking.,Critical Thinking|Reading Comprehension|Speaking|Active Learning|Active Listening|Mathematics|Writing|Monitoring|Learning Strategies|Science,3.88|3.62|3.62|3.62|3.5|3.38|3.12|3.0|2.38|1.38,Equifax Advanced Decisioning|Microsoft Outlook|Python|Moody's KMV Decisions|Microsoft Office software|Experian Detect|Experian Strategy Management|CGI-AMS BureauLink Enterprise|Experian FraudShield|Fair Isaac Application Risk Model Software|Equifax Application Engine|Credit adjudication and lending management system CALMS|SAS|SAP software|Microsoft SQL Server,N|N|N|N|N|N|N|N|N|N|N|N|N|N|N
13-2051.00,Financial and Investment Analysts,"Conduct quantitative analyses of information involving investment programs or financial data of public or private institutions, including valuation of businesses.",,,SAS JMP|IBM SPSS Statistics|Reporting software|Perforce Helix software|Apple Keynote|Genetic algorithm optimization software|Analyse-it|Derivatives Imagine Trading System|Keypoint DataDesk|Oracle E-Business Suite Financials|IBM Notes|Fractal pattern analysis software|Microsoft OneNote|SAS|SAP software,N|N|N|Y|N|N|N|Y|N|N|N|N|N|N|N
13-2052.00,Personal Financial Advisors,"Advise clients on financial plans using knowledge of tax and investment strategies, securities, insurance, pension plans, and real estate. Duties include assessing clients' assets, liabilities, cash flow, insurance coverage, tax status, and financial objectives. May also buy and sell financial assets for clients.",Reading Comprehension|Active Listening|Speaking|Writing|Critical Thinking|Mathematics|Active Learning|Monitoring|Learning Strategies|Science,4.12|4.12|4.0|3.88|3.75|3.62|3.25|3.12|3.0|1.38,Brentmark Stock Option Risk Analyzer|Sawhney ExecPlan|Torrid Retirement Planner|Oracle E-Business Suite Financials|WealthTec Foundations|MasterPlan|ScanSoft PaperPort Pro|Ibbotson Analyst|Web Information Solutions Pocket Informant|Cheshire Financial Planning Suite|Asset allocation software|Automatic Data Processing ProxyEdge|Finance Logix Education Planner|Junxure CRM Software|Education planning software,N|N|N|N|N|N|N|N|N|N|N|N|N|N|N
13-2053.00,Insurance Underwriters,Review individual applications for insurance to evaluate degree of risk involved and determine acceptance of applications.,Reading Comprehension|Active Listening|Writing|Critical Thinking|Speaking|Active Learning|Monitoring|Mathematics|Learning Strategies|Science,3.75|3.75|3.75|3.75|3.62|3.12|3.0|2.88|2.75|1.38,LexisNexis|Microsoft Outlook|Microsoft Office software|Fannie Mae Desktop Underwriter|Database software|NIIT Technologies WinRisk|Microsoft Access|IBM FileNet Content Manager|QualCorp FormsPlus|SIS SEMCI PARTNER|C++|Microsoft Windows|RGA Facultative Application Console|CSC nbAccelerator|Fair Isaac Enterprise Decision Management for Insurance,N|Y|N|N|N|N|N|N|N|N|N|N|Y|Y|Y
13-2054.00,Financial Risk Specialists,"Analyze and measure exposure to credit and market risk threatening the assets, earning capacity, or economic state of an organization. May make recommendations to limit risk.",,,SAS JMP|IBM SPSS Statistics|Reporting software|Perforce Helix software|Apple Keynote|Genetic algorithm optimization software|Analyse-it|Derivatives Imagine Trading System|Keypoint DataDesk|Oracle E-Business Suite Financials|IBM Notes|Fractal pattern analysis software|Microsoft OneNote|ServiceNow|Aptech Systems GAUSS,N|N|N|Y|N|N|N|Y|N|N|N|N|N|Y|N
13-2061.00,Financial Examiners,"Enforce or ensure compliance with laws and regulations governing financial and securities institutions and financial and real estate transactions. May examine, verify, or authenticate records.",Reading Comprehension|Critical Thinking|Active Listening|Writing|Speaking|Monitoring|Mathematics|Active Learning|Learning Strategies|Science,4.12|4.12|4.0|4.0|4.0|3.88|3.62|3.62|3.38|1.25,LexisNexis|Microsoft Outlook|Microsoft Office software|General Examination System GENESYS|Oversight Insights On Demand|Microsoft Access|Microsoft Project|Auditing software|NILS INSource|SAP software|Microsoft Visio|Microsoft Windows|Microsoft SharePoint|Structured query language SQL|Thomson Reuters Westlaw Edge,N|N|N|N|N|N|N|Y|Y|Y|Y|Y|Y|Y|Y
13-2071.00,Credit Counselors,"Advise and educate individuals or organizations on acquiring and managing debt. May provide guidance in determining the best type of loan and explain loan requirements or restrictions. May help develop debt management plans or student financial aid packages. May advise on credit issues, or provide budget, mortgage, bankruptcy, or student financial aid counseling.",Reading Comprehension|Active Listening|Speaking|Critical Thinking|Writing|Active Learning|Mathematics|Learning Strategies|Monitoring|Science,3.88|3.88|3.88|3.88|3.75|3.75|3.12|3.12|3.0|1.0,LexisNexis|Microsoft Outlook|Microsoft Office software|Microsoft Access|Prime Debt Software Credit Repair|Oracle PeopleSoft|Merlin Information Services databases|Integrant DebtLogic|SAP software|Cooperative Processing Resources DMS Professional Suite|Prime Debt Soft Debt Settlement|Chat software|CoreLogic DebtorTrace|LexisNexis Accurint|Microsoft Word,N|N|N|N|N|N|N|N|N|N|Y|N|Y|Y|Y
13-2072.00,Loan Officers,"Evaluate, authorize, or recommend approval of commercial, real estate, or credit loans. Advise borrowers on financial status and payment methods. Includes mortgage loan officers and agents, collection analysts, loan servicing officers, loan underwriters, and payday loan officers.",Active Listening|Speaking|Reading Comprehension|Critical Thinking|Writing|Mathematics|Active Learning|Monitoring|Learning Strategies|Science,4.0|4.0|3.88|3.75|3.38|3.25|3.12|2.88|2.75|1.0,Equifax Advanced Decisioning|IA Systems StreamLend|Loan application processing software|Experian Strategy Management|Delphi Discovery|IBM Notes|Experian FraudShield|Common business oriented language COBOL|SAP software|Moody's KMV Financial Analyst|Credit fraud detection software|The Mortgage Office Loan Servicing|Financial aid management system FAM|FAS Loan Service Plus|Fair Isaac Falcon ID,N|N|N|N|N|N|N|N|N|N|N|N|N|N|N
13-2081.00,"Tax Examiners and Collectors, and Revenue Agents",Determine tax liability or collect taxes from individuals or business firms according to prescribed laws and regulations.,Reading Comprehension|Active Listening|Speaking|Critical Thinking|Writing|Mathematics|Active Learning|Monitoring|Learning Strategies|Science,4.0|4.0|4.0|3.88|3.25|3.25|3.25|3.25|2.88|1.0,Microsoft Outlook|Microsoft Office software|Microsoft Power BI|Microsoft Access|Tax compliance property tax management software|SAP software|Image processing systems|Online databases|Alteryx software|Document management system software|Optical character recognition OCR software|Fund accounting software|Automated tax system software|Microsoft Word|Intuit QuickBooks,N|Y|N|N|N|N|N|Y|Y|Y|Y|Y|Y|Y|Y
13-2082.00,Tax Preparers,Prepare tax returns for individuals or small businesses.,Reading Comprehension|Active Listening|Critical Thinking|Speaking|Active Learning|Writing|Mathematics|Monitoring|Learning Strategies|Science,4.0|3.88|3.5|3.12|3.12|3.0|3.0|3.0|2.75|1.0,Microsoft Outlook|GreatTax|Datagroup ElectroFile ST|Microsoft Office software|Microsoft Access|Thomson GoSystem MyTaxInfo|Thomson Reuters UltraTax CS|Tax compliance property tax management software|LaCerte 1040 Tax Analyzer|Sync Essentials Trade Accountant|Universal Tax Systems TaxWise|ATX Total Tax Office|ExacTax PackageEX|Sales Tax Tools Sales Tax Researcher|M8 Client Billing,N|N|N|N|N|N|N|N|N|N|N|N|N|N|N
13-2099.00,"Financial Specialists, All Other",All financial specialists not listed separately.,,,,
13-2099.01,Financial Quantitative Analysts,"Develop quantitative techniques to inform securities investing, equities investing, pricing, or valuation of financial instruments. Develop mathematical or statistical models for risk management, asset optimization, pricing, or relative value analysis.",Mathematics|Critical Thinking|Reading Comprehension|Active Listening|Speaking|Active Learning|Writing|Learning Strategies|Monitoring|Science,4.38|4.12|4.0|3.75|3.75|3.75|3.5|3.0|3.0|1.88,Python|Tableau|IBM SPSS Statistics|Microsoft Visual Studio|Microsoft Office software|Microsoft Power BI|Microsoft Access|The MathWorks MATLAB|Apache Hive|SAS|Microsoft Visio|Microsoft SQL Server|UNIX|IBM Cognos Business Intelligence|Microsoft Visual Basic,Y|Y|N|Y|Y|N|Y|N|Y|Y|Y|Y|N|Y|Y
13-2099.04,"Fraud Examiners, Investigators and Analysts","Obtain evidence, take statements, produce reports, and testify to findings regarding resolution of fraud allegations. May coordinate fraud detection and prevention activities.",Active Listening|Writing|Reading Comprehension|Speaking|Critical Thinking|Active Learning|Mathematics|Monitoring|Learning Strategies|Science,4.25|4.25|4.12|4.12|4.0|3.88|3.12|3.12|3.0|1.0,LexisNexis|Microsoft Outlook|Python|Electronic health record EHR software|Tableau|Microsoft Office software|IBM Cognos|Microsoft Access|ArcSight Enterprise Threat and Risk Management|Bookkeeping software|NortonLifeLock cybersecurity software|SAP Business Objects|Splunk Enterprise|PCG Software Virtual Examiner|SAS,N|N|N|N|N|N|N|Y|Y|Y|Y|Y|Y|Y|Y
15-1211.00,Computer Systems Analysts,"Analyze science, engineering, business, and other data processing problems to develop and implement solutions to complex applications problems, system administration issues, or network concerns. Perform systems management and integration functions, improve existing computer systems, and review computer system capabilities, workflow, and schedule limitations. May analyze or recommend commercially available software.",Speaking|Reading Comprehension|Active Listening|Critical Thinking|Active Learning|Writing|Monitoring|Learning Strategies|Mathematics|Science,4.0|3.88|3.75|3.75|3.62|3.38|3.38|3.12|3.0|2.25,IBM SPSS Statistics|IBM InfoSphere DataStage|Citrix cloud computing software|Oracle Fusion Middleware|NortonLifeLock cybersecurity software|Architecture description language ADL|Recovery testing software|Test design software|Snort|Omni Group OmniGraffle|ServiceNow|Dynamic hypertext markup language DHTML|Epic Systems|Go|Healthcare common procedure coding system HCPCS,N|N|N|N|N|Y|N|N|N|N|Y|Y|N|N|Y
15-1211.01,Health Informatics Specialists,"Apply knowledge of nursing and informatics to assist in the design, development, and ongoing modification of computerized health care systems. May educate staff and assist in problem solving to promote the implementation of the health care system.",Reading Comprehension|Active Listening|Writing|Speaking|Critical Thinking|Active Learning|Learning Strategies|Monitoring|Mathematics|Science,4.38|4.0|4.0|4.0|4.0|3.75|3.75|3.62|3.0|2.12,Microsoft Outlook|MEDITECH Healthcare Information System HCIS|Python|Learning management system LMS|Tableau|eClinicalWorks EHR software|IBM SPSS Statistics|Microsoft Office software|e-MDs software|Apache Hadoop|Microsoft Power BI|SAP BusinessObjects Crystal Reports|MicroFour PracticeStudio.NET EMR|Bizmatics PrognoCIS EMR|Microsoft Access,N|N|N|Y|N|N|N|N|N|N|N|Y|N|Y|Y
15-1212.00,Information Security Analysts,"Plan, implement, upgrade, or monitor security measures for the protection of computer networks and information. Assess system vulnerabilities for security risks and propose and implement risk mitigation strategies. May ensure appropriate security controls are in place that will safeguard digital files and vital electronic infrastructure. May respond to computer security breaches and viruses.",Reading Comprehension|Critical Thinking|Active Listening|Speaking|Writing|Monitoring|Active Learning|Learning Strategies|Mathematics|Science,4.0|3.88|3.75|3.62|3.5|3.38|3.25|2.88|2.25|1.88,Berkeley Internet Domain Name BIND|Anti-phishing software|IBM Tivoli Access Management TAM|Perforce Helix software|Supervisory control and data acquisition SCADA software|Cryptographic key management software|Oracle PL/SQL|Apple macOS|Citrix cloud computing software|Oracle Fusion Middleware|NortonLifeLock cybersecurity software|Oracle E-Business Suite Financials|Oracle JDBC|Oracle JavaServer Pages JSP|Job control language JCL,N|N|N|N|N|N|Y|Y|Y|Y|N|Y|Y|Y|N
15-1221.00,Computer and Information Research Scientists,"Conduct research into fundamental computer and information science as theorists, designers, or inventors. Develop solutions to problems in the field of computer hardware and software.",Critical Thinking|Reading Comprehension|Active Listening|Speaking|Active Learning|Writing|Mathematics|Science|Monitoring|Learning Strategies,4.0|3.75|3.75|3.5|3.5|3.38|3.38|3.12|3.12|3.0,Clustermatic|IBM SPSS Statistics|IBM InfoSphere DataStage|Microsoft Visual Studio.NET|Extensible stylesheet language transformations XSLT|Polaris parallelizing compilers|Augmint|SAS|Go|UNIX|CMake|Kubernetes|Amazon Web Services AWS software|Apache Subversion SVN|3D graphics software,N|N|N|N|Y|Y|Y|Y|N|Y|Y|Y|Y|N|Y
15-1231.00,Computer Network Support Specialists,"Analyze, test, troubleshoot, and evaluate existing network systems, such as local area networks (LAN), wide area networks (WAN), cloud networks, servers, and other data communications networks. Perform network maintenance to ensure networks operate correctly with minimal interruption.",Critical Thinking|Active Listening|Reading Comprehension|Speaking|Active Learning|Monitoring|Writing|Learning Strategies|Mathematics|Science,3.75|3.5|3.38|3.25|3.25|3.25|3.0|2.62|2.12|1.88,IBM Security Network Intrusion Prevention System|Fluke Networks Enterprise LANMeter|Congruity Technologies Inspector|Bentley Systems ProjectWise|Apple macOS|Citrix cloud computing software|NortonLifeLock cybersecurity software|Job control language JCL|IBM Notes|ServiceNow|Symantec pcAnywhere|IBM WebSphere|Port scanners|Microsoft Hyper-V Server|nbtstat,Y|N|N|Y|Y|N|N|N|N|Y|N|N|N|N|N
15-1232.00,Computer User Support Specialists,"Provide technical assistance to computer users. Answer questions or resolve computer problems for clients in person, via telephone, or electronically. May provide assistance concerning the use of computer hardware and software, including printing, installation, word processing, electronic mail, and operating systems.",Reading Comprehension|Active Listening|Speaking|Critical Thinking|Writing|Active Learning|Learning Strategies|Monitoring|Mathematics|Science,4.0|4.0|4.0|3.75|3.5|3.12|3.12|3.12|2.25|1.75,Symantec Norton Utilities|Microsoft Volume Shadow Copy Service|IBM InfoSphere DataStage|Perforce Helix software|Autodesk Revit|Migration software|Supervisory control and data acquisition SCADA software|Patch management software|Oracle PL/SQL|Apple macOS|Citrix cloud computing software|Oracle Fusion Middleware|NortonLifeLock cybersecurity software|Oracle E-Business Suite Financials|Oracle JDBC,N|N|Y|N|Y|N|N|Y|Y|Y|N|Y|Y|Y|Y
15-1241.00,Computer Network Architects,"Design and implement computer and information networks, such as local area networks (LAN), wide area networks (WAN), intranets, extranets, and other data communications networks. Perform network modeling, analysis, and planning, including analysis of capacity needs for network infrastructures. May also design network and computer security measures. May research and recommend network and data communications hardware and software.",Critical Thinking|Reading Comprehension|Active Listening|Writing|Speaking|Active Learning|Monitoring|Mathematics|Learning Strategies|Science,4.12|4.0|3.75|3.62|3.5|3.25|3.12|3.0|3.0|2.12,"Session Initiation Protocol SIP|Computer intrusion detection systems|Content filter software|IBM InfoSphere DataStage|Perforce Helix software|Autodesk Revit|Supervisory control and data acquisition SCADA software|Network modeling, mapping, and analysis software|Apple macOS|Citrix cloud computing software|Oracle Fusion Middleware|NortonLifeLock cybersecurity software|AirMagnet Enterprise|Oracle E-Business Suite Financials|Oracle JavaServer Pages JSP",N|N|Y|N|N|Y|Y|Y|Y|N|Y|Y|Y|N|Y
15-1241.01,Telecommunications Engineering Specialists,"Design or configure wired, wireless, and satellite communications systems for voice, video, and data services. Supervise installation, service, and maintenance.",Reading Comprehension|Critical Thinking|Active Listening|Writing|Speaking|Active Learning|Monitoring|Learning Strategies|Mathematics|Science,3.88|3.88|3.62|3.38|3.25|3.25|3.25|3.0|2.88|1.62,Apache Kafka|Microsoft Outlook|Python|IBM Domino|KornShell|Microsoft Office software|NovaStor NovaBACKUP|Autodesk Revit|Supervisory control and data acquisition SCADA software|Call accounting software|Cisco Systems Cisco Traffic Analyzer|Microsoft Project|NortonLifeLock cybersecurity software|NavisWorks Jetstream|Microsoft Teams,N|N|N|Y|Y|N|Y|N|N|N|N|N|N|N|N
15-1242.00,Database Administrators,"Administer, test, and implement computer databases, applying knowledge of database management systems. Coordinate changes to computer databases. Identify, investigate, and resolve database performance issues, database capacity, and database scalability. May plan, coordinate, and implement security measures to safeguard computer databases.",Critical Thinking|Reading Comprehension|Active Listening|Active Learning|Speaking|Writing|Monitoring|Mathematics|Learning Strategies|Science,3.88|3.75|3.75|3.5|3.38|3.25|3.25|3.0|3.0|2.0,Database design software|IBM Rational Data Architect|IBM SPSS Statistics|IBM Interactive System Productivity Facility ISPF|IBM InfoSphere DataStage|Perforce Helix software|Autodesk Revit|Supervisory control and data acquisition SCADA software|Informatica software|Oracle PL/SQL|Apple macOS|Citrix cloud computing software|Oracle Fusion Middleware|Data dictionary software|NortonLifeLock cybersecurity software,N|N|N|N|N|N|Y|N|Y|Y|Y|N|Y|Y|Y
15-1243.00,Database Architects,"Design strategies for enterprise databases, data warehouse systems, and multidimensional networks. Set standards for database operations, programming, query processes, and security. Model, design, and construct large relational databases or data warehouses. Create and optimize data models for warehouse infrastructure and workflow. Integrate new systems with existing warehouse structure and refine system performance and functionality.",Reading Comprehension|Critical Thinking|Active Listening|Speaking|Active Learning|Writing|Monitoring|Mathematics|Learning Strategies|Science,3.88|3.88|3.5|3.5|3.25|3.12|3.12|3.0|2.88|1.88,IBM SPSS Statistics|IBM Interactive System Productivity Facility ISPF|IBM InfoSphere DataStage|Autodesk Revit|Citrix cloud computing software|Oracle Fusion Middleware|NortonLifeLock cybersecurity software|Quest Central|Dynamic hypertext markup language DHTML|Epic Systems|Go|Oracle Real Application Cluster RAC|Hibernate ORM|Google Sites|SAS Data Integration Studio,N|N|N|N|N|N|Y|N|N|Y|N|Y|Y|N|Y
15-1243.01,Data Warehousing Specialists,"Design, model, or implement corporate data warehousing activities. Program and configure warehouses of database information and provide support to warehouse users.",Reading Comprehension|Critical Thinking|Active Listening|Speaking|Writing|Mathematics|Active Learning|Monitoring|Learning Strategies|Science,3.88|3.88|3.5|3.38|3.25|3.0|3.0|2.88|2.62|1.88,IBM SPSS Statistics|IBM InfoSphere DataStage|Perforce Helix software|Cloudera Impala|Informatica software|Oracle PL/SQL|Apple macOS|CodeFutures dbShards|NortonLifeLock cybersecurity software|Oracle E-Business Suite Financials|Job control language JCL|Common business oriented language COBOL|SAS|IBM WebSphere|Amazon Simple Storage Service S3,N|N|N|N|Y|Y|Y|N|Y|N|Y|N|Y|N|Y
15-1244.00,Network and Computer Systems Administrators,"Install, configure, and maintain an organization's local area network (LAN), wide area network (WAN), data communications network, operating systems, and physical and virtual servers. Perform system monitoring and verify the integrity and availability of hardware, network, and server resources and systems. Review system and application logs and verify completion of scheduled jobs, including system backups. Analyze network and server resource consumption and control user access. Install and upgrade software and maintain software licenses. May assist in network modeling, analysis, planning, and coordination between network and data communications hardware and software.",Active Listening|Reading Comprehension|Critical Thinking|Monitoring|Speaking|Active Learning|Writing|Learning Strategies|Mathematics|Science,4.0|3.88|3.88|3.88|3.25|3.12|3.0|3.0|2.75|2.12,"Operating system process control software|Berkeley Internet Domain Name BIND|IBM InfoSphere DataStage|Perforce Helix software|Supervisory control and data acquisition SCADA software|Network modeling, mapping, and analysis software|Apple macOS|Citrix cloud computing software|Oracle Fusion Middleware|NortonLifeLock cybersecurity software|Oracle E-Business Suite Financials|Oracle JDBC|Oracle JavaServer Pages JSP|Job control language JCL|IBM Notes",N|N|N|Y|N|N|N|Y|Y|Y|Y|N|Y|Y|Y
15-1251.00,Computer Programmers,"Create, modify, and test the code and scripts that allow computer applications to run. Work from specifications drawn up by software and web developers or other individuals. May develop and write computer programs to store, locate, and retrieve specific documents, data, and information.",Active Listening|Critical Thinking|Reading Comprehension|Writing|Speaking|Mathematics|Active Learning|Monitoring|Science|Learning Strategies,3.75|3.75|3.38|3.25|3.12|3.12|3.12|3.0|2.75|2.38,IBM SPSS Statistics|IBM InfoSphere DataStage|Perforce Helix software|Supervisory control and data acquisition SCADA software|Oracle PL/SQL|Citrix cloud computing software|Oracle Fusion Middleware|Oracle E-Business Suite Financials|Oracle JDBC|Oracle JavaServer Pages JSP|Job control language JCL|IBM Notes|Snort|Common business oriented language COBOL|Virage VS Archive,N|N|N|N|Y|N|N|N|N|Y|Y|N|N|Y|N
15-1252.00,Software Developers,"Research, design, and develop computer and network software or specialized utility programs. Analyze user needs and develop software solutions, applying principles and techniques of computer science, engineering, and mathematical analysis. Update software or enhance existing software capabilities. May work with computer hardware engineers to integrate hardware and software systems, and develop specifications and performance requirements. May maintain databases within an application area, working individually or coordinating database development as part of a team.",Critical Thinking|Reading Comprehension|Active Learning|Active Listening|Writing|Speaking|Monitoring|Mathematics|Learning Strategies|Science,3.88|3.5|3.5|3.38|3.25|3.12|3.0|2.75|2.62|2.12,IBM SPSS Statistics|IBM InfoSphere DataStage|Graphical user interface GUI builder software|QNX|Citrix cloud computing software|Oracle Fusion Middleware|NortonLifeLock cybersecurity software|Extensible stylesheet language transformations XSLT|Recovery testing software|Test design software|Google Android|Microsoft OneNote|ServiceNow|Scheme|Dynamic hypertext markup language DHTML,N|N|N|N|N|N|Y|N|Y|Y|N|N|Y|Y|Y
15-1253.00,Software Quality Assurance Analysts and Testers,"Develop and execute software tests to identify software problems and their causes. Test system modifications to prepare for implementation. Document software and application defects using a bug tracking system and report defects to software or web developers. Create and maintain databases of known defects. May participate in software design reviews to provide input on functional requirements, operational characteristics, product designs, and schedules.",Reading Comprehension|Active Listening|Speaking|Critical Thinking|Writing|Monitoring|Active Learning|Learning Strategies|Mathematics|Science,4.0|3.88|3.88|3.88|3.75|3.62|3.12|2.88|2.75|2.75,IBM SPSS Statistics|IBM InfoSphere DataStage|Graphical user interface GUI builder software|QNX|Citrix cloud computing software|Oracle Fusion Middleware|NortonLifeLock cybersecurity software|Extensible stylesheet language transformations XSLT|Recovery testing software|Test design software|Google Android|Hewlett-Packard HP QuickTest Professional|Microsoft OneNote|Scheme|Dynamic hypertext markup language DHTML,N|N|N|N|N|N|N|Y|N|Y|Y|N|N|Y|Y
15-1254.00,Web Developers,"Develop and implement websites, web applications, application databases, and interactive web interfaces. Evaluate code to ensure that it is properly structured, meets industry standards, and is compatible with browsers and devices. Optimize website performance, scalability, and server-side code and processes. May develop website infrastructure and integrate websites with other computer applications.",Critical Thinking|Reading Comprehension|Active Listening|Active Learning|Speaking|Writing|Monitoring|Learning Strategies|Mathematics|Science,3.75|3.62|3.5|3.5|3.25|3.12|3.0|2.88|2.75|2.0,IBM SPSS Statistics|IBM InfoSphere DataStage|Perforce Helix software|Atlassian HipChat|Apple Keynote|MeteorJS|Figma|Oracle PL/SQL|Apple macOS|Oracle Fusion Middleware|React Redux|NortonLifeLock cybersecurity software|Extensible stylesheet language transformations XSLT|Oracle JDBC|Oracle JavaServer Pages JSP,N|Y|N|Y|Y|N|N|Y|Y|Y|N|N|Y|Y|Y
15-1255.00,Web and Digital Interface Designers,"Design digital user interfaces or websites. Develop and test layouts, interfaces, functionality, and navigation menus to ensure compatibility and usability across browsers or devices. May use web framework applications as well as client-side code and processes. May evaluate web design following web and accessibility standards, and may analyze web use metrics and optimize websites for marketability and search engine ranking. May design and test interfaces that facilitate the human-computer interaction and maximize the usability of digital devices, websites, and software with a focus on aesthetics and design. May create graphics used in websites and manage website content and links.",Reading Comprehension|Critical Thinking|Active Listening|Active Learning|Writing|Speaking|Monitoring|Learning Strategies|Mathematics|Science,3.75|3.5|3.38|3.38|3.12|3.12|3.12|2.62|2.38|1.88,IBM SPSS Statistics|IBM InfoSphere DataStage|Perforce Helix software|MeteorJS|Apple Keynote|Figma|Oracle PL/SQL|Apple macOS|Oracle Fusion Middleware|Vue.js|NortonLifeLock cybersecurity software|Extensible stylesheet language transformations XSLT|Oracle JDBC|Oracle JavaServer Pages JSP|Google Android,N|Y|N|Y|Y|N|N|Y|Y|Y|N|N|N|Y|Y
15-1255.01,Video Game Designers,"Design core features of video games. Specify innovative game and role-play mechanics, story lines, and character biographies. Create and maintain design documentation. Guide and collaborate with production staff to produce games as designed.",Active Listening|Reading Comprehension|Critical Thinking|Active Learning|Writing|Speaking|Monitoring|Mathematics|Learning Strategies|Science,3.88|3.75|3.75|3.5|3.25|3.12|3.12|2.88|2.88|1.38,3D graphic design software|Vulkan Graphics API|Microsoft Outlook|Git|MySQL|Python|Adobe ActionScript|Adobe After Effects|Simple DirectMedia Layer SDL|Microsoft Visual Studio|Microsoft Expression Blend|Microsoft Office software|Hypertext markup language HTML|Perforce Helix software|Perforce software,N|N|Y|Y|Y|Y|N|Y|N|N|N|N|N|Y|N
15-1299.00,"Computer Occupations, All Other",All computer occupations not listed separately.,,,,
15-1299.01,Web Administrators,"Manage web environment design, deployment, development and maintenance activities. Perform testing and quality assurance of web sites and web applications.",Critical Thinking|Reading Comprehension|Active Listening|Monitoring|Writing|Speaking|Active Learning|Learning Strategies|Mathematics|Science,4.0|3.88|3.75|3.38|3.25|3.25|3.12|3.0|2.12|2.12,Berkeley Internet Domain Name BIND|OpenText Livelink ECM|Joomla|Citrix cloud computing software|Oracle Fusion Middleware|Oracle JDBC|Oracle JavaServer Pages JSP|Sony Sound Forge|Vignette Content Management|SAS|Tool command language Tcl|IBM WebSphere|Dynamic hypertext markup language DHTML|UNIX|Extensible stylesheet language XSL,Y|N|N|Y|N|N|N|N|Y|Y|N|N|Y|Y|Y
15-1299.02,Geographic Information Systems Technologists and Technicians,"Assist scientists or related professionals in building, maintaining, modifying, or using geographic information systems (GIS) databases. May also perform some custom application development or provide user support.",Reading Comprehension|Critical Thinking|Active Listening|Writing|Speaking|Monitoring|Active Learning|Mathematics|Learning Strategies|Science,3.88|3.62|3.5|3.38|3.38|3.38|3.12|2.62|2.62|2.38,Autodesk Land Desktop|Oracle PL/SQL|Oracle JavaServer Pages JSP|Job control language JCL|Microsoft OneNote|ServiceNow|SAS|IBM WebSphere|SAP software|ESRI ArcPad|Go|UNIX|Kubernetes|Amazon Web Services AWS software|ESRI ArcEditor,N|Y|N|Y|Y|N|Y|Y|N|Y|Y|N|Y|Y|N
15-1299.03,Document Management Specialists,"Implement and administer enterprise-wide document management systems and related procedures that allow organizations to capture, store, retrieve, share, and destroy electronic records and documents.",Reading Comprehension|Active Listening|Writing|Critical Thinking|Monitoring|Active Learning|Speaking|Learning Strategies|Mathematics|Science,3.88|3.75|3.75|3.75|3.62|3.25|3.12|3.0|2.25|1.25,FileVision|IBM Notes|Google Meet|Conarc iChannel|Advanced Processing and Imaging OptiView ECM|UNIX|Doc.It DM|Office Gemini Diamond Vision|Apache Groovy|Linux|Hyland Software OnBase|SAP ERP Financials|Records management software|Google Sites|Ever Team EverSuite Content Management,N|Y|N|Y|Y|N|N|N|Y|N|Y|N|N|N|N
15-1299.04,Penetration Testers,Evaluate network system security by conducting simulated internal and external cyberattacks using adversary tools and techniques. Attempt to breach and exploit critical systems and gain access to sensitive information to assess system security.,Critical Thinking|Reading Comprehension|Writing|Active Listening|Active Learning|Monitoring|Speaking|Learning Strategies|Mathematics|Science,4.38|4.0|4.0|3.88|3.62|3.5|3.38|2.88|2.5|1.5,Bash|Python|Qualys Cloud Platform|IBM QRadar SIEM|Microsoft Office software|RESTful API|Rapid7 Nexpose|Microsoft Active Directory|Invicti Acunetix|Apple macOS|Splunk Enterprise|MITRE ATT&CK software|Microsoft PowerShell|Google Android|Docker,Y|Y|Y|Y|Y|Y|Y|Y|N|Y|N|N|Y|Y|Y
15-1299.05,Information Security Engineers,"Develop and oversee the implementation of information security procedures and policies. Build, maintain and upgrade security technology, such as firewalls, for the safe use of computer networks and the transmission and retrieval of information. Design and implement appropriate security controls to identify vulnerabilities and protect digital files and electronic infrastructures. Monitor and respond to computer security breaches, viruses, and intrusions, and perform forensic investigation. May oversee the assessment of information security systems.",Reading Comprehension|Critical Thinking|Active Listening|Writing|Monitoring|Speaking|Active Learning|Learning Strategies|Mathematics|Science,4.12|4.0|3.88|3.62|3.62|3.5|3.25|2.88|2.38|1.75,Reporting software|Apple macOS|IBM Resource Access Control Facility RACF|Snort|ServiceNow|Go|UNIX|Kubernetes|Amazon Web Services AWS software|UNIX Shell|Linux|Structured query language SQL|Microsoft Azure software|Microsoft Windows Server|C,N|Y|Y|Y|Y|Y|N|Y|Y|Y|Y|Y|Y|Y|Y
15-1299.06,Digital Forensics Analysts,"Conduct investigations on computer-based crimes establishing documentary or physical evidence, such as digital media and logs associated with cyber intrusion incidents. Analyze digital evidence and investigate computer security incidents to derive information in support of system and network vulnerability mitigation. Preserve and present computer-related evidence in support of criminal, fraud, counterintelligence, or law enforcement investigations.",Reading Comprehension|Active Listening|Writing|Speaking|Active Learning|Critical Thinking|Monitoring|Learning Strategies|Mathematics|Science,3.75|3.5|3.5|3.5|3.38|3.25|3.25|2.88|2.5|1.62,Bash|Python|Enterprise application integration EAI software|IBM QRadar SIEM|Microsoft Office software|Hypertext markup language HTML|Microsoft Active Directory|Microsoft Access|Intrusion detection system IDS|Apple macOS|Splunk Enterprise|OpenVAS|MITRE ATT&CK software|Microsoft PowerShell|Perl,N|N|Y|Y|Y|Y|Y|Y|Y|Y|Y|N|N|N|Y
15-1299.07,Blockchain Engineers,"Maintain and support distributed and decentralized blockchain-based networks or block-chain applications such as cryptocurrency exchange, payment processing, document sharing, and digital voting. Design and deploy secure block-chain design patterns and solutions over geographically distributed networks using advanced technologies. May assist with infrastructure setup and testing for application transparency and security.",Reading Comprehension|Active Listening|Critical Thinking|Active Learning|Writing|Speaking|Mathematics|Monitoring|Learning Strategies|Science,4.0|3.75|3.75|3.5|3.25|3.25|3.12|3.12|2.62|2.38,Apache Kafka|Git|Amazon Web Services AWS CloudFormation|MySQL|Node.js|Enterprise application integration EAI software|Python|Amazon Elastic Container Service ECS|MongoDB|RESTful API|Software as a service SaaS|Atlassian Confluence|NoSQL|Splunk Enterprise|Source code editor software,N|N|N|Y|Y|Y|Y|Y|Y|Y|Y|Y|Y|N|Y
15-1299.08,Computer Systems Engineers/Architects,"Design and develop solutions to complex applications problems, system administration issues, or network concerns. Perform systems management and integration functions.",Reading Comprehension|Active Listening|Critical Thinking|Writing|Speaking|Active Learning|Monitoring|Mathematics|Science|Learning Strategies,4.0|4.0|4.0|3.88|3.88|3.62|3.5|3.0|3.0|3.0,IBM Lotus SameTime|IBM SPSS Statistics|IBM InfoSphere DataStage|Perforce Helix software|Autodesk Revit|Borland VisiBroker|Supervisory control and data acquisition SCADA software|Oracle PL/SQL|Apple macOS|Citrix cloud computing software|Oracle Fusion Middleware|NortonLifeLock cybersecurity software|Oracle E-Business Suite Financials|Oracle JDBC|Oracle JavaServer Pages JSP,N|Y|N|N|Y|N|N|N|Y|N|Y|N|Y|Y|Y
15-1299.09,Information Technology Project Managers,"Plan, initiate, and manage information technology (IT) projects. Lead and guide the work of technical staff. Serve as liaison between business and technical aspects of projects. Plan project stages and assess business implications for each stage. Monitor progress to assure deadlines, standards, and cost targets are met.",Critical Thinking|Reading Comprehension|Active Listening|Writing|Speaking|Monitoring|Active Learning|Learning Strategies|Mathematics|Science,4.12|4.0|4.0|4.0|3.88|3.62|3.38|3.0|2.88|2.12,IBM SPSS Statistics|IBM InfoSphere DataStage|Autodesk Revit|Project-Open|Citrix cloud computing software|Oracle Fusion Middleware|NortonLifeLock cybersecurity software|Experience in Software Project KickStart|Facebook|Microsoft OneNote|ServiceNow|SmartBear Software Automated Build Studio|Dynamic hypertext markup language DHTML|Epic Systems|Go,N|N|N|Y|N|Y|N|Y|Y|Y|N|N|N|Y|Y
15-2011.00,Actuaries,"Analyze statistical data, such as mortality, accident, sickness, disability, and retirement rates and construct probability tables to forecast risk and liability for payment of future benefits. May ascertain insurance rates required and cash reserves necessary to ensure payment of future benefits.",Mathematics|Reading Comprehension|Active Listening|Critical Thinking|Writing|Speaking|Active Learning|Monitoring|Learning Strategies|Science,4.38|4.12|4.0|4.0|3.88|3.88|3.38|3.0|2.75|1.88,Python|Tableau|IBM SPSS Statistics|Microsoft Office software|Oak Mountain Software AnnuityValue|Appraisal software|Microsoft Power BI|GGY AXIS|Milliman Corporate Affinity|Wolfram Research Mathematica|Microsoft Access|Microsoft Project|Qlik Tech QlikView|SAS|Lewis & Ellis LEAPPS,N|N|Y|N|N|N|N|N|Y|N|N|N|Y|Y|Y
15-2021.00,Mathematicians,"Conduct research in fundamental mathematics or in application of mathematical techniques to science, management, and other fields. Solve problems in various fields using mathematical methods.",Mathematics|Critical Thinking|Reading Comprehension|Active Learning|Writing|Science|Active Listening|Speaking|Learning Strategies|Monitoring,5.0|4.12|4.0|4.0|3.62|3.62|3.38|3.25|3.25|3.0,IBM SPSS Statistics|Discrete Dynamics Lab DDLab|Analyse-it|Apple macOS|IBM SPSS Amos|Aptech Systems GAUSS|SAS|ARfit|UNIX|GraphPad Software GraphPad Prism|Data visualization software|Linux|Structured query language SQL|DifEqu|C,Y|N|N|N|N|N|Y|N|N|N|Y|N|Y|Y|Y
15-2031.00,Operations Research Analysts,"Formulate and apply mathematical modeling and other optimizing methods to develop and interpret information that assists management with decisionmaking, policy formulation, or other managerial functions. May collect and analyze data and develop decision support software, services, or products. May develop and supply optimal time, cost, or logistics networks for program evaluation, review, or implementation.",Mathematics|Reading Comprehension|Active Listening|Writing|Speaking|Critical Thinking|Active Learning|Science|Learning Strategies|Monitoring,4.5|4.0|4.0|4.0|4.0|4.0|3.88|3.25|3.0|2.88,IBM SPSS Statistics|Apple macOS|Citrix cloud computing software|Oracle E-Business Suite Financials|Job control language JCL|IBM Notes|Claritas PRIZM NE|Microsoft MapPoint|SAS|SAP software|UNIX|Stanford Business Software MINOS|UNIX Shell|McAfee|Blackbaud The Raiser's Edge,N|Y|Y|Y|N|Y|Y|N|N|Y|Y|N|N|N|N
15-2041.00,Statisticians,"Develop or apply mathematical or statistical theory and methods to collect, organize, interpret, and summarize numerical data to provide usable information. May specialize in fields such as biostatistics, agricultural statistics, business statistics, or economic statistics. Includes mathematical and survey statisticians.",Mathematics|Reading Comprehension|Critical Thinking|Active Listening|Speaking|Writing|Active Learning|Science|Learning Strategies|Monitoring,4.88|4.0|4.0|3.88|3.88|3.75|3.75|3.5|3.12|3.0,Sun Microsystems Java|Python|Tableau|SAS JMP|UNISTAT Statistical Package|IBM SPSS Statistics|Microsoft Office software|XLISP-STAT|Apache Hadoop|Muthen & Muthen Mplus|StatPoint STATGRAPHICS Centurion|Scientific Software International SSI LISREL|Wolfram Research Mathematica|Microsoft Access|Statistical Solutions BMDP,Y|Y|N|Y|N|Y|N|N|Y|N|N|N|N|N|Y
15-2041.01,Biostatisticians,Develop and apply biostatistical theory and methods to the study of life sciences.,Mathematics|Reading Comprehension|Speaking|Science|Critical Thinking|Active Learning|Active Listening|Writing|Learning Strategies|Monitoring,4.62|4.0|4.0|4.0|4.0|4.0|3.88|3.88|3.38|3.0,Bash|Git|Graphics software|MySQL|Python|IBM SPSS Statistics|Microsoft Visual Studio|Microsoft Office software|Database software|Wolfram Research Mathematica|Microsoft Access|Tibco S-PLUS|S-Plus software|The MathWorks MATLAB|STAT! Systems QD Clinical,Y|Y|Y|N|N|N|Y|Y|N|Y|N|Y|Y|Y|Y
15-2051.00,Data Scientists,"Develop and implement a set of techniques or analytics applications to transform raw data into meaningful information using data-oriented programming languages and visualization software. Apply data mining, data modeling, natural language processing, and machine learning to extract and analyze information from large structured and unstructured datasets. Visualize, interpret, and report data findings. May create dynamic data reports.",Mathematics|Critical Thinking|Reading Comprehension|Speaking|Active Learning|Active Listening|Writing|Monitoring|Learning Strategies|Science,4.38|4.25|3.88|3.62|3.62|3.5|3.5|3.25|2.75|2.5,IBM SPSS Statistics|Reporting software|spaCy|SAS|Amazon Simple Storage Service S3|Go|UNIX|Kubernetes|Amazon Web Services AWS software|OpenAI ChatGPT|XGBoost|Linux|Alteryx software|Structured query language SQL|Microsoft Azure software,Y|Y|Y|N|N|Y|Y|Y|Y|Y|Y|N|N|Y|Y
15-2051.01,Business Intelligence Analysts,Produce financial and market intelligence by querying data repositories and generating periodic reports. Devise methods for identifying data patterns and trends in available information sources.,Reading Comprehension|Active Listening|Speaking|Critical Thinking|Active Learning|Writing|Mathematics|Monitoring|Learning Strategies|Science,4.0|3.88|3.88|3.88|3.88|3.75|3.5|3.12|3.0|1.62,IBM SPSS Statistics|Medical condition coding software|IBM InfoSphere DataStage|Reporting software|Informatica software|Oracle PL/SQL|Citrix cloud computing software|NortonLifeLock cybersecurity software|Oracle E-Business Suite Financials|Oracle JDBC|Oracle JavaServer Pages JSP|Job control language JCL|Facebook|IBM Notes|Common business oriented language COBOL,N|Y|N|N|N|N|Y|Y|Y|Y|Y|Y|N|Y|N
15-2051.02,Clinical Data Managers,"Apply knowledge of health care and database management to analyze clinical data, and to identify and report trends.",Critical Thinking|Reading Comprehension|Active Listening|Speaking|Writing|Active Learning|Monitoring|Mathematics|Learning Strategies|Science,4.0|3.88|3.88|3.88|3.75|3.62|3.62|3.5|2.88|2.38,Oracle Clinical|SAS JMP|IBM SPSS Statistics|PercipEnz Technologies OnCore-Clinical Research Management OnCore-CRM|Microsoft Office software|Relational database management software|SAP BusinessObjects Crystal Reports|Microsoft Access|OpenClinica|5AM Glassbox Translational Research|Citrix cloud computing software|Microsoft Project|Patient tracking software|Clinical trial management software|SAS,N|N|N|Y|Y|N|N|N|N|N|N|N|Y|N|Y
15-2099.00,"Mathematical Science Occupations, All Other",All mathematical scientists not listed separately.,,,,
15-2099.01,Bioinformatics Technicians,"Apply principles and methods of bioinformatics to assist scientists in areas such as pharmaceuticals, medical technology, biotechnology, computational biology, proteomics, computer information science, biology and medical informatics. Apply bioinformatics tools to visualize, analyze, manipulate or interpret molecular data. May build and maintain databases for processing and analyzing genomic or other biological information.",Reading Comprehension|Active Listening|Writing|Critical Thinking|Active Learning|Speaking|Mathematics|Monitoring|Science|Learning Strategies,3.75|3.5|3.5|3.5|3.5|3.38|3.38|3.25|3.12|2.75,Microsoft Outlook|Git|MySQL|Python|Geographic information system GIS software|IBM SPSS Statistics|Microsoft Office software|Hypertext markup language HTML|Microsoft Access|Bowtie|The MathWorks MATLAB|SAS|Burrows-Wheeler Aligner BWA|Thermo Fisher Scientific Ion Reporter|SAP software,Y|N|N|N|N|N|N|Y|Y|N|N|N|N|N|N
17-1011.00,"Architects, Except Landscape and Naval","Plan and design structures, such as private residences, office buildings, theaters, factories, and other structural property.",Critical Thinking|Reading Comprehension|Speaking|Active Listening|Writing|Monitoring|Active Learning|Mathematics|Learning Strategies|Science,4.25|4.0|4.0|3.88|3.88|3.88|3.75|3.5|3.12|2.88,Microsoft Outlook|McNeel Rhinoceros 3D|Autodesk AutoCAD Civil 3D|Craftsman CD Estimator|MongoDB|Microsoft Office software|Autodesk Revit|Apache Hadoop|Artifice DesignWorkshop|NoSQL|Database software|Microsoft Access|AzTechSoft GPS2CAD|FEMA EMMIE|Microsoft Project,N|Y|Y|Y|Y|Y|Y|Y|Y|Y|Y|Y|Y|N|N
17-1012.00,Landscape Architects,"Plan and design land areas for projects such as parks and other recreational facilities, airports, highways, hospitals, schools, land subdivisions, and commercial, industrial, and residential sites.",Reading Comprehension|Active Listening|Speaking|Critical Thinking|Writing|Active Learning|Mathematics|Monitoring|Learning Strategies|Science,4.12|4.12|4.12|3.88|3.62|3.5|3.12|3.12|2.88|2.75,Microsoft Outlook|McNeel Rhinoceros 3D|Autodesk AutoCAD Civil 3D|Microsoft Office software|Autodesk Revit|Microsoft Access|Microsoft Project|Coyote Software DynaSCAPE Design|Adobe InDesign|Autodesk AutoCAD|Adobe Photoshop|Autodesk 3ds Max|Trimble SketchUp Pro|Corel CorelDraw Graphics Suite|ESRI ArcGIS software,Y|Y|N|Y|Y|Y|N|Y|Y|Y|Y|N|N|Y|N
17-1021.00,Cartographers and Photogrammetrists,"Research, study, and prepare maps and other spatial data in digital or graphic form for one or more purposes, such as legal, social, political, educational, and design purposes. May work with Geographic Information Systems (GIS). May design and evaluate algorithms, data structures, and user interfaces for GIS and mapping systems. May collect, analyze, and interpret geographic information provided by geodetic surveys, aerial photographs, and satellite data.",Reading Comprehension|Writing|Critical Thinking|Active Listening|Active Learning|Speaking|Monitoring|Mathematics|Learning Strategies|Science,4.0|3.5|3.5|3.38|3.25|3.12|3.12|2.88|2.88|1.88,Corporate Montage CADScript|Microsoft Outlook|Intergraph ImageStation Stereo Softcopy Kit SSK|Python|Geographic information system GIS software|Bentley Systems InRoads Suite|IBM iSeries Access|Microsoft Office software|Autodesk World|Boeing SoftPlotter|RSI ENVI|Terrasolid TerraScan|Cosmo Software Cosmo World|Steroplotter software|Textron Systems Geospatial Solutions RemoteView,Y|Y|N|Y|Y|Y|N|N|N|Y|N|Y|N|N|N
17-1022.00,Surveyors,"Make exact measurements and determine property boundaries. Provide data relevant to the shape, contour, gravitation, location, elevation, or dimension of land or land features on or near the earth's surface for engineering, mapmaking, mining, land evaluation, construction, and other purposes.",Mathematics|Reading Comprehension|Writing|Critical Thinking|Speaking|Active Listening|Active Learning|Learning Strategies|Monitoring|Science,4.0|3.88|3.75|3.75|3.62|3.5|3.25|3.12|3.0|2.62,Crones & Associations Project Tracker Pro|CMT Incorporated CogoCAD|Geographic information system GIS software|Autodesk AutoCAD Civil 3D|Bentley Systems InRoads Suite|Data transfer software|Microsoft Office software|Carlson SurvCE|CE SURVEYOR III|MicroSurveyCAD|HYPACK HYSWEEP|Geomechanical design analysis GDA software|Computer aided design and drafting software CADD|Autodesk AutoCAD|Global positioning system GPS software,Y|Y|N|N|Y|N|N|N|N|N|N|N|N|N|N
17-1022.01,Geodetic Surveyors,"Measure large areas of the Earth's surface using satellite observations, global navigation satellite systems (GNSS), light detection and ranging (LIDAR), or related sources.",Mathematics|Reading Comprehension|Active Listening|Critical Thinking|Writing|Speaking|Active Learning|Monitoring|Science|Learning Strategies,4.12|4.0|3.88|3.88|3.62|3.38|3.38|3.38|3.12|3.0,Geographic information system GIS software|Microsoft Office software|Hypertext markup language HTML|Carlson Simplicity Sight Survey|Microsoft Access|QuickCogo|Carlson Civil Suite|Geocomp Systems GeoCalc|Autodesk AutoCAD|Geo-Plus|SAP software|C++|Amazon Web Services AWS software|Virtual reality modeling language VRML software|Microsoft Windows,N|Y|Y|N|Y|Y|Y|N|N|N|N|Y|N|N|N
17-2011.00,Aerospace Engineers,"Perform engineering duties in designing, constructing, and testing aircraft, missiles, and spacecraft. May conduct basic and applied research to evaluate adaptability of materials and equipment to aircraft design and manufacture. May recommend improvements in testing equipment and techniques.",Reading Comprehension|Critical Thinking|Writing|Mathematics|Science|Active Listening|Speaking|Active Learning|Monitoring|Learning Strategies,4.12|4.12|4.0|4.0|4.0|3.88|3.88|3.88|3.75|3.12,IBM Rational RequisitePro|Finite element method FEM software|TEAM Engineering FEMAP|SAP software|UNIX|Linux|PTC Pro/INTRALINK|National Instruments LabVIEW|Verilog|C|Xilinx TMRTool|Oracle Java|Computer-aided engineering CAE software|Microsoft Excel|Microsoft PowerPoint,N|N|N|N|N|N|N|Y|Y|Y|Y|N|N|N|N
17-2021.00,Agricultural Engineers,"Apply knowledge of engineering technology and biological science to agricultural problems concerned with power and machinery, electrification, structures, soil and water conservation, and processing of agricultural products.",Reading Comprehension|Active Listening|Writing|Speaking|Critical Thinking|Mathematics|Science|Active Learning|Monitoring|Learning Strategies,4.0|4.0|4.0|4.0|3.88|3.75|3.38|3.25|3.25|2.88,Microsoft Outlook|PTC Pro/Pipe|Microsoft Office software|Supervisory control and data acquisition SCADA software|Microsoft Access|Microsoft Project|Eagle Point LANDCADD|Adobe InDesign|Autodesk AutoCAD|PTC Creo Parametric|SAS|Adobe Photoshop|SAP software|Dassault Systemes SolidWorks|Microsoft SharePoint,Y|Y|Y|Y|N|N|Y|Y|Y|Y|Y|Y|Y|Y|Y
17-2031.00,Bioengineers and Biomedical Engineers,"Apply knowledge of engineering, biology, chemistry, computer science, and biomechanical principles to the design, development, and evaluation of biological, agricultural, and health systems and products, such as artificial organs, prostheses, instrumentation, medical information systems, and health management and care delivery systems.",Reading Comprehension|Active Listening|Writing|Speaking|Mathematics|Science|Critical Thinking|Active Learning|Monitoring|Learning Strategies,4.0|4.0|4.0|4.0|3.88|3.88|3.88|3.75|3.75|3.25,Failure rate data in perspective FARADIP software|Human modeling software|IBM Rational RequisitePro|SAS JMP|Finite element method FEM software|Biomechanical modeling software|Medical imaging software|Advanced computer simulation language ACSL|Image analysis software|Bioreactor Design|SAS|SAP software|Fault modeling software|Instrument validation software|UNIX,N|N|N|Y|Y|N|N|N|N|Y|N|N|Y|Y|N
17-2041.00,Chemical Engineers,"Design chemical plant equipment and devise processes for manufacturing chemicals and products, such as gasoline, synthetic rubber, plastics, detergents, cement, paper, and pulp, by applying principles and technology of chemistry, physics, and engineering.",Science|Critical Thinking|Reading Comprehension|Active Learning|Mathematics|Speaking|Active Listening|Writing|Monitoring|Learning Strategies,4.12|4.12|4.0|3.88|3.75|3.5|3.25|3.12|3.12|2.88,Madison Technical Software Steampak|Absorption process simulation software|Microsoft Office software|Supervisory control and data acquisition SCADA software|G&P Engineering Software EngVert|G&P Engineering Software PipeDrop|G&P Engineering Software PhysProps|Microsoft Access|Microsoft Project|Applied Flow Technology AFT Fathom|AspenTech aspenONE|CD-adapco STAR-CAD|Control Station ENGINEER|The MathWorks MATLAB|PTC Creo Parametric,N|N|N|N|Y|Y|Y|N|N|N|N|N|N|N|N
17-2051.00,Civil Engineers,"Perform engineering duties in planning, designing, and overseeing construction and maintenance of building structures and facilities, such as roads, railroads, airports, bridges, harbors, channels, dams, irrigation projects, pipelines, power plants, and water and sewage systems.",Active Listening|Reading Comprehension|Speaking|Mathematics|Critical Thinking|Science|Writing|Active Learning|Monitoring|Learning Strategies,4.0|3.88|3.88|3.88|3.88|3.75|3.25|3.25|3.25|2.88,Microsoft Outlook|Graphics software|Bridge design software|Corel WordPerfect Office Suite|Geographic information system GIS software|HydroCAD Software Solutions HydroCAD Stormwater Modeling System|HEC-1|Autodesk AutoCAD Civil 3D|Hydraulic analysis software|Autodesk Land Desktop|Microsoft ActiveX|Microsoft Office software|Scheduling software|Trimble Geomatics Office|Autodesk Revit,Y|Y|Y|Y|N|Y|N|N|N|Y|N|N|Y|N|N
17-2051.01,Transportation Engineers,"Develop plans for surface transportation projects, according to established engineering standards and state or federal construction policy. Prepare designs, specifications, or estimates for transportation facilities. Plan modifications of existing streets, highways, or freeways to improve traffic flow.",Reading Comprehension|Writing|Speaking|Critical Thinking|Mathematics|Active Listening|Active Learning|Monitoring|Learning Strategies|Science,4.0|4.0|4.0|4.0|3.88|3.75|3.25|3.25|3.12|3.0,Microsoft Outlook|Cubic Synchro Studio|Python|OpenRoads Designer|Transoft Solutions AutoTURN|Autodesk AutoCAD Civil 3D|Autodesk Land Desktop|Microsoft Office software|Trafficware SimTraffic|McTrans HCS+|Bentley GEOPAK Civil Engineering Suite|Microsoft Project|McTrans TRANSYT-7F|SIDRA INTERSECTION|Computer aided design and drafting software CADD,Y|Y|N|N|N|Y|N|N|N|Y|N|N|N|Y|Y
17-2051.02,Water/Wastewater Engineers,"Design or oversee projects involving provision of potable water, disposal of wastewater and sewage, or prevention of flood-related damage. Prepare environmental documentation for water resources, regulatory program compliance, data management and analysis, and field work. Perform hydraulic modeling and pipeline design.",Reading Comprehension|Writing|Critical Thinking|Active Listening|Mathematics|Speaking|Monitoring|Science|Active Learning|Learning Strategies,4.0|4.0|4.0|3.88|3.88|3.75|3.62|3.5|3.25|3.12,Bash|Microsoft Outlook|Python|OpenRoads Designer|Geographic information system GIS software|HydroCAD Software Solutions HydroCAD Stormwater Modeling System|HEC-1|Autodesk AutoCAD Civil 3D|Microsoft Office software|KYPipe|Autodesk Revit|Supervisory control and data acquisition SCADA software|Bentley GEOPAK Civil Engineering Suite|Microsoft Access|HEC-GeoRAS,Y|Y|Y|Y|N|N|Y|N|N|N|N|N|N|N|N
17-2061.00,Computer Hardware Engineers,"Research, design, develop, or test computer or computer-related equipment for commercial, industrial, military, or scientific use. May supervise the manufacturing and installation of computer or computer-related equipment and components.",Reading Comprehension|Critical Thinking|Active Listening|Writing|Speaking|Active Learning|Mathematics|Monitoring|Science|Learning Strategies,4.0|4.0|3.88|3.88|3.88|3.75|3.25|3.12|2.88|2.88,SystemVerilog|Mentor Graphics BSDArchitect|The MathWorks Signal Processing Toolbox|Cadence Schematic Composer|Cadence Dracula|Cadence Virtuoso Layout Suite|SAS|Tool command language Tcl|UNIX|Verification software|Xilinx Synthesis Technology XST|Apache Subversion SVN|Linux|Cadence OrCAD software|National Instruments LabVIEW,Y|N|N|Y|N|N|N|N|N|Y|Y|N|N|N|N
17-2071.00,Electrical Engineers,"Research, design, develop, test, or supervise the manufacturing and installation of electrical equipment, components, or systems for commercial, industrial, military, or scientific use.",Writing|Reading Comprehension|Critical Thinking|Active Listening|Speaking|Active Learning|Monitoring|Mathematics|Science|Learning Strategies,4.12|4.0|4.0|3.88|3.88|3.88|3.5|3.38|3.0|3.0,Finite element method FEM software|Failure reporting analysis and corrective action FRACAS software|Perforce Helix software|Autodesk Revit|Supervisory control and data acquisition SCADA software|Floor planning software|Oracle E-Business Suite Financials|X.25 Protocol|ATD protocol|IBM Notes|Microsoft OneNote|Altera hardware description language AHDL|Powersim PSIM|SAP software|Fault modeling software,N|N|N|Y|N|N|Y|Y|Y|N|N|N|Y|Y|Y
17-2072.00,"Electronics Engineers, Except Computer","Research, design, develop, or test electronic components and systems for commercial, industrial, military, or scientific use employing knowledge of electronic theory and materials properties. Design electronic circuits and components for use in fields such as telecommunications, aerospace guidance and propulsion control, acoustics, or instruments and controls.",Reading Comprehension|Critical Thinking|Speaking|Active Listening|Writing|Mathematics|Monitoring|Active Learning|Science|Learning Strategies,4.0|4.0|3.88|3.75|3.5|3.5|3.38|3.12|3.0|3.0,Graphics software|Python|Field programmable gate array FPGA design software|Three-dimensional 3D computer aided design CAD software|Microsoft Office software|Mentor Graphics PADS|SystemVerilog|Supervisory control and data acquisition SCADA software|The MathWorks MATLAB|Very high-speed integrated circuit VHSIC hardware description language VHDL|Autodesk AutoCAD|OrCAD Capture|McCabe Software TRUEchange|Microsoft Visual Basic.NET|Real time operating system RTOS software,N|N|Y|Y|Y|Y|N|N|N|Y|N|Y|Y|N|N
17-2072.01,Radio Frequency Identification Device Specialists,Design and implement radio frequency identification device (RFID) systems used to track shipments or goods.,Critical Thinking|Active Listening|Speaking|Reading Comprehension|Writing|Active Learning|Monitoring|Mathematics|Learning Strategies|Science,3.88|3.75|3.75|3.62|3.25|3.12|3.12|2.62|2.62|2.0,Python|Field programmable gate array FPGA design software|JUnit|Microsoft Visual Studio|Microsoft Office software|FitNesse|Selenium|Simple network management protocol SNMP software|Microsoft Project|Robot Framework|The MathWorks MATLAB|IBM Notes|MapInfo Professional|SAP software|Microsoft Visio,N|N|Y|Y|Y|N|N|Y|N|N|Y|Y|N|N|N
17-2081.00,Environmental Engineers,"Research, design, plan, or perform engineering duties in the prevention, control, and remediation of environmental hazards using various engineering disciplines. Work may include waste treatment, site remediation, or pollution control technology.",Reading Comprehension|Active Listening|Writing|Speaking|Critical Thinking|Monitoring|Active Learning|Mathematics|Science|Learning Strategies,4.0|4.0|4.0|4.0|4.0|4.0|3.75|3.38|3.38|3.0,Wind flow modeling software|Python|Finite element method FEM software|Autodesk AutoCAD Civil 3D|Rockwell Automation Arena|Microsoft Office software|DHI Water and Environment MIKE SHE|Hazardous materials management HMS software|Regulatory compliance management software|SofTech CADRA|Image analysis software|Microsoft Access|HEC-RAS|Microsoft Project|Waste management software,N|N|Y|Y|Y|N|Y|N|N|N|N|N|N|Y|N
17-2111.00,"Health and Safety Engineers, Except Mining Safety Engineers and Inspectors","Promote worksite or product safety by applying knowledge of industrial processes, mechanics, chemistry, psychology, and industrial health and safety laws. Includes industrial product safety engineers.",Reading Comprehension|Active Listening|Writing|Critical Thinking|Speaking|Monitoring|Active Learning|Learning Strategies|Mathematics|Science,4.0|3.75|3.75|3.75|3.62|3.38|3.25|3.25|2.88|2.5,"Human modeling software|Microsoft Outlook|Product safety documentation software|Python|Hazardous waste operations and emergency response standard HAZWOPER training software|Failure modes analysis software|Industrial job assessment software|Safety, health, and environmental management software|Microsoft Office software|Failure reporting analysis and corrective action FRACAS software|ReliaSoft Weibull++ 6|Biomechanical injury risk analysis software|Geological mapping software|Availability prediction modeling software|Microsoft Access",N|Y|N|N|N|Y|N|N|Y|N|N|N|N|N|N
17-2111.02,Fire-Prevention and Protection Engineers,"Research causes of fires, determine fire protection methods, and design or recommend materials or equipment such as structural components or fire-detection equipment to assist organizations in safeguarding life and property against fire, explosion, and related hazards.",Critical Thinking|Reading Comprehension|Speaking|Active Listening|Writing|Active Learning|Science|Mathematics|Learning Strategies|Monitoring,4.25|4.0|4.0|3.88|3.88|3.88|3.62|3.12|3.12|3.12,Human modeling software|Load-bearing analysis software|Egress EVACS|Computational Dynamics STAR-CD|Data acquisition software|Available Safe Egress Time ASET|Detector Actuation Quasi Steady DETACT-QS|Finite element method FEM software|Microsoft Office software|Autodesk Revit|Network flow modeling software|Fire Simulation Technique FIRST software|Microsoft Project|Crows Dynamics Simulex|Autodesk AutoCAD,N|N|N|N|Y|Y|N|Y|N|N|N|N|N|N|N
17-2112.00,Industrial Engineers,"Design, develop, test, and evaluate integrated systems for managing industrial production processes, including human work factors, quality control, inventory control, logistics and material flow, cost analysis, and production coordination.",Reading Comprehension|Active Listening|Critical Thinking|Speaking|Writing|Monitoring|Mathematics|Active Learning|Learning Strategies|Science,4.0|4.0|4.0|3.88|3.75|3.38|3.25|3.25|2.75|2.12,Human modeling software|Three-dimensional simulation translation software|Finite element method FEM software|Robotic control software|Supervisory control and data acquisition SCADA software|Numerical control software|Yield management systems|3D Static Strength Prediction Program 3DSSPP|IBM Notes|SAS|SAP software|Modular arrangement of predetermined time standards software MODAPTS|Allen Bradley PanelView|ILOG CPLEX|NeuralWare,N|N|N|N|Y|N|Y|Y|N|N|N|Y|N|N|N
17-2112.01,Human Factors Engineers and Ergonomists,"Design objects, facilities, and environments to optimize human well-being and overall system performance, applying theory, principles, and data regarding the relationship between humans and respective technology. Investigate and analyze characteristics of human behavior and performance as it relates to the use of technology.",Reading Comprehension|Active Listening|Writing|Speaking|Critical Thinking|Active Learning|Mathematics|Monitoring|Science|Learning Strategies,4.0|4.0|4.0|4.0|4.0|3.75|3.5|3.5|3.25|3.25,Microsoft Outlook|Bit Debris Solutions Usability Activity Log|Python|TechSmith Camtasia|Thought Technology BioGraph Infiniti|IBM SPSS Statistics|User interface design software|Microsoft Office software|Cascading style sheets CSS|Hypertext markup language HTML|Seeing Machines faceLAB|Ovo Studios Ovo Logger|Usability testing software|Data Translation quickDAQ|The MathWorks MATLAB,Y|Y|N|Y|Y|Y|N|Y|N|Y|Y|Y|N|Y|Y
17-2112.02,Validation Engineers,"Design or plan protocols for equipment or processes to produce products meeting internal and external purity, safety, and quality requirements.",Reading Comprehension|Writing|Speaking|Critical Thinking|Active Listening|Monitoring|Science|Active Learning|Mathematics|Learning Strategies,4.12|4.0|4.0|4.0|3.88|3.88|3.75|3.25|3.12|3.0,Perforce Helix software|Logic simulators|IBM Notes|Go|UNIX|Kubernetes|Apache Groovy|Apache Subversion SVN|Amazon Web Services AWS software|UNIX Shell|Linux|National Instruments LabVIEW|Verilog|GE Intelligent Platforms Proficy HMI/SCADA iFIX|Structured query language SQL,Y|Y|Y|Y|Y|N|Y|N|N|Y|Y|N|N|Y|Y
17-2112.03,Manufacturing Engineers,"Design, integrate, or improve manufacturing systems or related processes. May work with commercial or industrial designers to refine product designs to increase producibility and decrease costs.",Reading Comprehension|Mathematics|Active Listening|Speaking|Monitoring|Writing|Critical Thinking|Active Learning|Learning Strategies|Science,4.0|4.0|3.88|3.88|3.88|3.75|3.75|3.62|3.25|3.12,Microsoft Outlook|Microsoft Office software|Supervisory control and data acquisition SCADA software|Microsoft Access|Microsoft Project|SolidWorks Enterprise PDM|Siemens NX|The MathWorks MATLAB|IBM Notes|Computer numerical control CNC software|Autodesk AutoCAD|PTC Creo Parametric|SAP software|Microsoft Visio|Microsoft Visual Basic,Y|Y|N|N|N|Y|N|N|N|N|Y|Y|N|N|Y
17-2121.00,Marine Engineers and Naval Architects,"Design, develop, and evaluate the operation of marine vessels, ship machinery, and related equipment, such as power supply and propulsion systems.",Critical Thinking|Reading Comprehension|Active Listening|Writing|Speaking|Mathematics|Science|Active Learning|Monitoring|Learning Strategies,4.12|3.88|3.75|3.75|3.75|3.62|3.5|3.5|3.38|2.88,Microsoft Outlook|McNeel Rhinoceros 3D|AeroHydro MultiSurf|PTC Pro/Pipe|Microsoft Office software|Siemens Solid Edge|Strand7|MSC Software Nastran|Microsoft Access|Microsoft Project|Oracle Primavera Systems|Proteus Engineering FastShip|Siemens NX|The MathWorks MATLAB|Tension Technology International OPTIMOOR,Y|N|N|N|N|N|Y|N|N|Y|N|N|N|N|N
17-2131.00,Materials Engineers,"Evaluate materials and develop machinery and processes to manufacture materials for use in products that must meet specialized design and performance specifications. Develop new uses for known materials. Includes those engineers working with composite materials or specializing in one type of material, such as graphite, metal and metal alloys, ceramics and glass, plastics and polymers, and naturally occurring materials. Includes metallurgists and metallurgical engineers, ceramic engineers, and welding engineers.",Reading Comprehension|Active Listening|Writing|Speaking|Mathematics|Science|Critical Thinking|Active Learning|Monitoring|Learning Strategies,4.0|4.0|4.0|4.0|4.0|4.0|4.0|3.75|3.25|3.0,Fused deposition modeling FDM rapid prototyping systems|Microsoft Outlook|Graphics software|Python|Microsoft Office software|Microsoft Access|Stereolithography SLA rapid prototyping systems|Image analysis systems|The MathWorks MATLAB|IBM Notes|PTC Creo Parametric|Autodesk AutoCAD|MTS Testworks|SAP software|Microsoft Visio,N|Y|Y|N|Y|N|N|N|N|N|N|N|N|Y|Y
17-2141.00,Mechanical Engineers,"Perform engineering duties in planning and designing tools, engines, machines, and other mechanically functioning equipment. Oversee installation, operation, maintenance, and repair of equipment such as centralized heat, gas, water, and steam systems.",Reading Comprehension|Active Listening|Critical Thinking|Mathematics|Science|Active Learning|Writing|Speaking|Monitoring|Learning Strategies,3.88|3.88|3.88|3.75|3.75|3.5|3.38|3.38|3.25|2.88,Finite element method FEM software|Perforce Helix software|Autodesk Revit|Supervisory control and data acquisition SCADA software|IBM Notes|SAP software|Failure assessment software|Intergraph Plant Design System PDS|Zemax|National Instruments LabVIEW|Verilog|Mesh generation software|Optical analysis software|SmugMug Flickr|UGS I-DEAS,N|N|N|Y|N|Y|Y|Y|Y|N|N|N|Y|Y|Y
17-2141.01,Fuel Cell Engineers,"Design, evaluate, modify, or construct fuel cell components or systems for transportation, stationary, or portable applications.",Reading Comprehension|Critical Thinking|Writing|Speaking|Science|Active Listening|Active Learning|Monitoring|Mathematics|Learning Strategies,4.0|4.0|3.75|3.75|3.75|3.62|3.62|3.62|3.5|3.12,Microsoft Outlook|Python|IBM Cloud|Microsoft Office software|Supervisory control and data acquisition SCADA software|Wolfram Research Mathematica|The MathWorks MATLAB|Autodesk AutoCAD|Wind River Systems C/C++ Compiler Suite|Statistical software|C++|GE Energy GateCycle|FactSage|Microsoft Windows|National Instruments LabVIEW,N|N|N|Y|Y|Y|N|N|N|N|N|N|N|N|Y
17-2141.02,Automotive Engineers,"Develop new or improved designs for vehicle structural members, engines, transmissions, or other vehicle systems, using computer-assisted design technology. Direct building, modification, or testing of vehicle or components.",Critical Thinking|Reading Comprehension|Writing|Speaking|Mathematics|Active Listening|Active Learning|Science|Monitoring|Learning Strategies,4.12|4.0|3.88|3.88|3.88|3.75|3.38|3.25|3.12|2.88,SystemVerilog|Siemens NX|IBM Notes|Ashlar-Vellum Graphite|SAP software|UNIX|Apache Groovy|Portalgraphics openCanvas|Linux|Corel Painter|Structured query language SQL|C|Oracle Java|Dassault Systemes Simulia Abaqus FEA|Autodesk AutoCAD Mechanical,N|Y|N|N|N|N|N|N|N|Y|Y|N|Y|N|N
17-2151.00,"Mining and Geological Engineers, Including Mining Safety Engineers","Conduct subsurface surveys to identify the characteristics of potential land or mining development sites. May specify the ground support systems, processes, and equipment for safe, economical, and environmentally sound extraction or underground construction activities. May inspect areas for unsafe geological conditions, equipment, and working conditions. May design, implement, and coordinate mine safety programs.",Reading Comprehension|Writing|Speaking|Critical Thinking|Active Listening|Mathematics|Monitoring|Science|Active Learning|Learning Strategies,4.0|4.0|4.0|4.0|3.88|3.75|3.75|3.5|3.5|3.12,Microsoft Outlook|MySQL|Ventsim|Autodesk AutoCAD Civil 3D|Gemcom Surpac|Trimble Geomatics Office|Microsoft Office software|Schlumberger PIPESIM|Hellman & Schofield MP3|Microsoft Access|Microsoft Project|Oracle Primavera Systems|Structure query language SQL|Minemax iGantt|MineSight,Y|Y|Y|N|N|N|N|N|N|N|N|N|N|N|N
17-2161.00,Nuclear Engineers,"Conduct research on nuclear engineering projects or apply principles and theory of nuclear science to problems concerned with release, control, and use of nuclear energy and nuclear waste disposal.",Science|Critical Thinking|Reading Comprehension|Active Listening|Writing|Mathematics|Monitoring|Active Learning|Speaking|Learning Strategies,4.12|4.12|4.0|4.0|4.0|4.0|4.0|3.88|3.75|3.0,Graphics software|Python|MCNP dose assessment computer code|Software development tools|ANISN dose assessment computer code|Microsoft Office software|Microsoft Access|TOTE code|Scientech WinNUPRA|The MathWorks MATLAB|QAD shielding computer code|SAS|SAP software|Discrete ordinates DORT dose assessment computer codes|UNIX,N|N|N|Y|N|N|N|N|N|Y|N|N|N|N|N
17-2171.00,Petroleum Engineers,Devise methods to improve oil and gas extraction and production and determine the need for new or modified tool designs. Oversee drilling and offer technical advice.,Reading Comprehension|Critical Thinking|Active Listening|Writing|Speaking|Active Learning|Monitoring|Science|Mathematics|Learning Strategies,4.0|4.0|3.88|3.88|3.88|3.75|3.75|3.38|3.25|3.0,Neotec WELLFLO|Google Analytics|Microsoft Outlook|Python|Software development tools|Schlumberger Petrel E&P|Computer Modelling Group CMG STARS|Microsoft Office software|Microsoft Visual Studio|Microsoft Access|Microsoft Project|Oracle Primavera Systems|Structure query language SQL|The MathWorks MATLAB|IBM Notes,Y|Y|Y|N|N|N|Y|N|N|N|Y|N|N|N|N
17-2199.00,"Engineers, All Other",All engineers not listed separately.,,,,
17-2199.03,"Energy Engineers, Except Wind and Solar","Design, develop, or evaluate energy-related projects or programs to reduce energy costs or improve energy efficiency during the designing, building, or remodeling stages of construction. May specialize in electrical systems; heating, ventilation, and air-conditioning (HVAC) systems; green buildings; lighting; air quality; or energy procurement.",Reading Comprehension|Active Listening|Writing|Critical Thinking|Active Learning|Speaking|Mathematics|Science|Monitoring|Learning Strategies,4.12|4.0|4.0|4.0|4.0|3.88|3.88|3.88|3.88|2.88,Process Heating Assessment and Survey Tool PHAST|Microsoft Outlook|Python|MotorMaster+|Carrier Hourly Analysis Program HAP|Microsoft Office software|Energy Efficient Rehab Advisor|360 Analytics eQUEST|DOE-2|Cool Roof Calculator|Microsoft Access|Microsoft Project|Trane TRACE|The MathWorks MATLAB|EnergySoft EnergyPro,N|N|N|N|Y|N|Y|N|N|N|N|N|N|N|N
17-2199.05,Mechatronics Engineers,"Research, design, develop, or test automation, intelligent systems, smart devices, or industrial systems control.",Reading Comprehension|Writing|Critical Thinking|Active Listening|Speaking|Mathematics|Monitoring|Science|Active Learning|Learning Strategies,3.75|3.75|3.75|3.62|3.5|3.38|3.38|3.12|3.12|3.12,Python|Finite element method FEM software|The MathWorks Stateflow|Mentor Graphics VeSys Design|Microchip MPLAB Integrated Development Environment (IDE)|Microsoft Office software|MSC Software Nastran|Microsoft Project|The MathWorks MATLAB|Unified modeling language UML|IBM Rational|PTC Creo Parametric|Autodesk AutoCAD|The MathWorks Real-Time Workshop|Rapid prototyping software,N|N|Y|N|N|Y|Y|Y|N|N|N|Y|N|N|N
17-2199.06,Microsystems Engineers,"Research, design, develop, or test microelectromechanical systems (MEMS) devices.",Reading Comprehension|Active Listening|Critical Thinking|Writing|Speaking|Science|Monitoring|Active Learning|Mathematics|Learning Strategies,4.0|4.0|4.0|3.75|3.62|3.62|3.62|3.5|3.38|3.25,Tanner EDA T-SPICE|SAS JMP|Finite element method FEM software|Syborg Systems MicroTec|Apple macOS|Beige Bag Software B2 Spice|Facebook|SAS|SAP software|Real time operating system RTOS software|UNIX|IRSIM|Microwind Dsch|Microelectromechanical systems MEMS simulation software|Linux,Y|N|N|N|N|Y|Y|Y|N|Y|Y|Y|N|N|N
17-2199.07,Photonics Engineers,"Design technologies specializing in light information or light energy, such as laser or fiber optics technology.",Critical Thinking|Reading Comprehension|Writing|Active Listening|Speaking|Mathematics|Active Learning|Science|Learning Strategies|Monitoring,4.0|3.88|3.88|3.75|3.62|3.62|3.62|3.5|3.0|3.0,Microsoft Outlook|Python|Microsoft Office software|Photon Design OmniSim|Wolfram Research Mathematica|Structure query language SQL|Pattern recognition software|Spectroscopy software|Photon Design CrystalWave|Facebook|Mapping software|The MathWorks MATLAB|Autodesk AutoCAD|SAS|QGIS,N|N|Y|N|Y|Y|Y|N|N|Y|N|Y|N|Y|N
17-2199.08,Robotics Engineers,"Research, design, develop, or test robotic applications.",Critical Thinking|Reading Comprehension|Active Listening|Monitoring|Writing|Mathematics|Active Learning|Learning Strategies|Speaking|Science,4.0|3.88|3.88|3.88|3.75|3.75|3.75|3.38|3.25|3.12,Microsoft Outlook|Git|Haskell|Python|Windows Embedded Compact|Microsoft Visual Studio|Microsoft Office software|CODESYS|GRASPIT!|Robotics Academy ROBOTC|Supervisory control and data acquisition SCADA software|Profilers|Graphical user interface GUI builder software|Microsoft Project|USyCaMs,Y|Y|Y|N|Y|Y|Y|Y|N|N|N|N|N|N|N
17-2199.09,Nanosystems Engineers,"Design, develop, or supervise the production of materials, devices, or systems of unique molecular or macromolecular composition, applying principles of nanoscale physics and electrical, chemical, or biological engineering.",Reading Comprehension|Speaking|Science|Critical Thinking|Active Listening|Writing|Mathematics|Active Learning|Monitoring|Learning Strategies,4.0|4.0|4.0|4.0|3.88|3.88|3.88|3.88|3.5|3.0,Python|Tableau|Data acquisition software|Finite difference time domain FDTD software|LinkCAD|LAMMPS Molecular Dynamics Simulator|Microsoft Office software|NWChem|Apache Hadoop|Microsoft Project|PTC Creo Parametric|Autodesk AutoCAD|Breault Research ASAP|SEMC-2D|Rapid prototyping software,N|Y|N|Y|N|N|N|N|N|N|N|Y|N|N|N
17-2199.10,Wind Energy Engineers,Design underground or overhead wind farm collector systems and prepare and develop site specifications.,Critical Thinking|Reading Comprehension|Mathematics|Active Listening|Writing|Speaking|Science|Monitoring|Active Learning|Learning Strategies,4.0|3.75|3.5|3.38|3.38|3.38|3.25|3.12|3.0|2.75,Apache Ant|Microsoft Outlook|Git|Python|Tableau|Geographic information system GIS software|Mathsoft Mathcad|JUnit|Software development tools|Microsoft Visual Studio|Microsoft Office software|Supervisory control and data acquisition SCADA software|SKM Systems Analysis Power Tools|Microsoft Access|Power system modeling software,Y|N|N|Y|Y|Y|Y|Y|N|Y|N|N|Y|N|N
17-2199.11,Solar Energy Systems Engineers,"Perform site-specific engineering analysis or evaluation of energy efficiency and solar projects involving residential, commercial, or industrial customers. Design solar domestic hot water and space heating systems for new and existing structures, applying knowledge of structural energy requirements, local climates, solar technology, and thermodynamics.",Reading Comprehension|Critical Thinking|Writing|Speaking|Active Listening|Mathematics|Science|Active Learning|Monitoring|Learning Strategies,4.0|4.0|3.88|3.88|3.75|3.38|3.25|3.25|3.25|2.88,Bash|Microsoft Outlook|Python|Data acquisition software|Finite element method FEM software|Python Tools for Visual Studio (PTVS)|Energy-10|HOMER Micropower Optimization Model|Microsoft Office software|RETScreen|Autodesk Revit|Solar and Wind Energy Resource Assessment SWERA|Supervisory control and data acquisition SCADA software|Database software|Microsoft Access,N|N|Y|N|Y|Y|Y|N|Y|N|N|N|N|N|N
17-3011.00,Architectural and Civil Drafters,"Prepare detailed drawings of architectural and structural features of buildings or drawings and topographical relief maps used in civil engineering projects, such as highways, bridges, and public works. Use knowledge of building materials, engineering practices, and mathematics to complete drawings.",Reading Comprehension|Critical Thinking|Active Listening|Writing|Speaking|Monitoring|Mathematics|Active Learning|Learning Strategies|Science,3.75|3.62|3.5|3.25|3.25|3.25|3.12|3.12|2.62|2.12,Logitech 3D Pro|OpenRoads Designer|Autodesk Land Desktop|Digitizing and photogrammetric software|Autodesk Revit|Animation software|Motion graphics software|SAP software|ENERCALC FastFrame|Scanning software|C|Landscape modeling software|SpecsInTact|Bentley MicroStation|Microsoft Excel,N|Y|Y|Y|Y|Y|N|Y|N|N|N|N|N|N|Y
17-3012.00,Electrical and Electronics Drafters,"Prepare wiring diagrams, circuit board assembly diagrams, and layout drawings used for the manufacture, installation, or repair of electrical equipment.",Active Listening|Writing|Critical Thinking|Reading Comprehension|Speaking|Active Learning|Monitoring|Mathematics|Learning Strategies|Science,3.62|3.5|3.5|3.38|3.25|3.25|3.0|2.75|2.62|1.88,Microsoft Outlook|Python|Field programmable gate array FPGA design software|Bowen & Groves M1 ERP|Manufacturing resource planning MRP software|PTC Pro/Pipe|Design specification database software|Bentley PlantSpace SupportModeler|Bentley Systems ProjectWise|COADE CADWorx P&ID|Autodesk Revit|Mentor Graphics PADS|Microsoft Office software|PTC Pro/Cable|Simulation program with integrated circuit emphasis SPICE,N|Y|Y|N|Y|N|N|N|Y|N|N|N|Y|Y|N
17-3013.00,Mechanical Drafters,"Prepare detailed working diagrams of machinery and mechanical devices, including dimensions, fastening methods, and other engineering information.",Critical Thinking|Reading Comprehension|Active Listening|Mathematics|Active Learning|Speaking|Writing|Monitoring|Learning Strategies|Science,3.38|3.25|3.25|3.25|3.25|3.12|3.0|3.0|2.75|1.88,Adobe LiveMotion|Autodesk Inventor|Autodesk Mechanical|Bill of materials software|Microsoft Outlook|McNeel Rhinoceros 3D|Piping and instrumentation design PID software|Adobe After Effects|Autodesk AutoCAD Civil 3D|Microsoft Office software|Autodesk Revit|PTC Pro/Cable|Siemens Solid Edge|ERP software|Microsoft Access,N|Y|N|Y|Y|N|N|N|Y|Y|N|N|N|N|N
17-3019.00,"Drafters, All Other",All drafters not listed separately.,,,,
17-3021.00,Aerospace Engineering and Operations Technologists and Technicians,"Operate, install, adjust, and maintain integrated computer/communications systems, consoles, simulators, and other data acquisition, test, and measurement instruments and equipment, which are used to launch, track, position, and evaluate air and space vehicles. May record and interpret test data.",Critical Thinking|Reading Comprehension|Active Listening|Speaking|Writing|Science|Monitoring|Mathematics|Active Learning|Learning Strategies,3.88|3.75|3.62|3.62|3.12|3.12|3.12|3.0|3.0|2.88,Microsoft Outlook|Python|Data acquisition software|JUnit|Microsoft Office software|Apache Hadoop|Selenium|Microsoft Access|Microsoft Project|Job control language JCL|Autodesk AutoCAD|SAP software|Microsoft Visio|Vibration analysis software|Microsoft SQL Server,Y|N|Y|Y|N|Y|N|N|N|Y|N|N|Y|N|N
17-3022.00,Civil Engineering Technologists and Technicians,"Apply theory and principles of civil engineering in planning, designing, and overseeing construction and maintenance of structures and facilities under the direction of engineering staff or physical scientists.",Critical Thinking|Reading Comprehension|Active Listening|Mathematics|Speaking|Writing|Monitoring|Active Learning|Science|Learning Strategies,3.88|3.75|3.75|3.62|3.38|3.25|3.25|2.88|2.75|2.25,Microsoft Outlook|Graphics software|Digital terrain modeling software|Geographic information system GIS software|Autodesk AutoCAD Civil 3D|Bentley Systems InRoads Suite|Autodesk Land Desktop|Microsoft Office software|Autodesk Revit|IBM Notes|Computer aided design and drafting software CADD|Autodesk AutoCAD|SAP software|Microsoft Visual Basic|National Instruments LabVIEW,Y|Y|N|Y|Y|N|N|N|N|N|Y|N|N|N|N
17-3023.00,Electrical and Electronic Engineering Technologists and Technicians,"Apply electrical and electronic theory and related knowledge, usually under the direction of engineering staff, to design, build, repair, adjust, and modify electrical components, circuitry, controls, and machinery for subsequent evaluation and use by engineering staff in making engineering design decisions.",Reading Comprehension|Critical Thinking|Active Listening|Speaking|Writing|Monitoring|Active Learning|Mathematics|Learning Strategies|Science,3.88|3.75|3.38|3.38|3.25|3.25|3.12|2.88|2.62|2.12,Microchip MPLAB Integrated Development Environment (IDE)|Mentor Graphics PADS|Bentley Systems ProjectWise|PTC Mathcad|Autodesk Revit|Supervisory control and data acquisition SCADA software|National Instruments Multisim|IBM WebSphere|SAP software|UNIX|Programmable logic controller PLC software|Logisim|Linux|National Instruments LabVIEW|Verilog,Y|N|N|N|N|N|N|N|N|N|Y|Y|N|Y|N
17-3024.00,Electro-Mechanical and Mechatronics Technologists and Technicians,"Operate, test, maintain, or adjust unmanned, automated, servomechanical, or electromechanical equipment. May operate unmanned submarines, aircraft, or other equipment to observe or record visual information at sites such as oil rigs, crop fields, buildings, or for similar infrastructure, deep ocean exploration, or hazardous waste removal. May assist engineers in testing and designing robotics equipment.",Monitoring|Critical Thinking|Reading Comprehension|Active Listening|Writing|Speaking|Active Learning|Mathematics|Learning Strategies|Science,3.75|3.62|3.25|3.12|3.12|3.12|3.12|2.88|2.88|2.75,Autodesk Inventor|Microsoft Outlook|Python|Airdata|Manufacturing resource planning MRP software|McNeel Rhinoceros 3D|Motion control software|Pix4D Pix4Dcapture|Microsoft Office software|Pix4D software|Automation Studio|Supervisory control and data acquisition SCADA software|Microsoft Access|The MathWorks MATLAB|National Instruments Multisim,N|Y|N|N|Y|N|N|N|Y|Y|N|N|Y|N|N
17-3024.01,Robotics Technicians,"Build, install, test, or maintain robotic equipment or related automated production systems.",Reading Comprehension|Critical Thinking|Active Listening|Writing|Speaking|Active Learning|Monitoring|Mathematics|Learning Strategies|Science,3.88|3.88|3.75|3.25|3.25|3.12|3.12|3.0|3.0|2.75,Microsoft Outlook|Git|Python|FANUC Robotics ArcTool|Windows Embedded Compact|Microsoft Office software|CODESYS|Supervisory control and data acquisition SCADA software|Database software|Microsoft Project|FANUC Robotics iRCalibration Vision Suite|The MathWorks MATLAB|FANUC Robotics MultiARM Systems|Autodesk AutoCAD|Ladder Logic,N|N|N|Y|N|Y|Y|Y|Y|N|N|Y|N|N|N
17-3025.00,Environmental Engineering Technologists and Technicians,"Apply theory and principles of environmental engineering to modify, test, and operate equipment and devices used in the prevention, control, and remediation of environmental problems, including waste treatment and site remediation, under the direction of engineering staff or scientists. May assist in the development of environmental remediation devices.",Reading Comprehension|Active Listening|Critical Thinking|Active Learning|Speaking|Science|Monitoring|Writing|Mathematics|Learning Strategies,3.88|3.88|3.88|3.75|3.38|3.38|3.38|3.12|3.0|3.0,Wind flow modeling software|Microsoft Outlook|Python|Geographic information system GIS software|Autodesk AutoCAD Civil 3D|Rockwell Automation Arena|Microsoft Office software|DHI Water and Environment MIKE SHE|Hazardous materials management HMS software|Regulatory compliance management software|Database software|SofTech CADRA|Microsoft Access|Wolfram Research Mathematica|HEC-RAS,N|N|N|Y|Y|Y|Y|N|N|N|N|N|N|N|Y
17-3026.00,Industrial Engineering Technologists and Technicians,"Apply engineering theory and principles to problems of industrial layout or manufacturing production, usually under the direction of engineering staff. May perform time and motion studies on worker operations in a variety of industries for purposes such as establishing standard production rates or improving efficiency.",Reading Comprehension|Active Listening|Critical Thinking|Writing|Speaking|Mathematics|Active Learning|Monitoring|Science|Learning Strategies,3.88|3.88|3.88|3.12|3.12|3.12|3.12|3.12|3.0|2.75,Siemens SINUMERIK CNC|IBM SPSS Statistics|Fanuc CNC software|Supervisory control and data acquisition SCADA software|Delcam computer-aided design and manufacturing software|Artificial intelligence software|MASS Group FactoryLink SCADA HMI|Siemens NX|IBM Notes|National Instruments Multisim|SAP software|Cimatron computer-aided design and manufacturing software|UNIX|Programmable logic controller PLC software|National Instruments LabVIEW,N|N|N|N|N|Y|N|N|N|Y|N|Y|Y|N|N
17-3026.01,Nanotechnology Engineering Technologists and Technicians,"Implement production processes and operate commercial-scale production equipment to produce, test, or modify materials, devices, or systems of unique molecular or macromolecular composition. Operate advanced microscopy equipment to manipulate nanoscale objects. Work under the supervision of nanoengineering staff.",Reading Comprehension|Critical Thinking|Writing|Active Listening|Science|Speaking|Mathematics|Active Learning|Monitoring|Learning Strategies,4.12|4.0|3.75|3.62|3.62|3.38|3.38|3.38|3.38|3.0,Microsoft Windows|Microsoft Word|Optical imaging systems|Image analysis software|Microsoft Access|Microsoft Office software|SPMLab|Microsoft Excel|Microsoft PowerPoint|Simulation software,N|Y|Y|Y|Y|Y|Y|N|N|N
17-3027.00,Mechanical Engineering Technologists and Technicians,"Apply theory and principles of mechanical engineering to modify, develop, test, or adjust machinery and equipment under direction of engineering staff or physical scientists.",Reading Comprehension|Active Listening|Critical Thinking|Speaking|Writing|Mathematics|Active Learning|Monitoring|Science|Learning Strategies,3.75|3.75|3.75|3.62|3.5|3.25|3.12|3.12|3.0|2.75,Autodesk Inventor|Microsoft Outlook|Spectral Dynamics Star Acoustics|Corel WordPerfect Office Suite|Data acquisition software|Finite element method FEM software|Microsoft Office software|Autodesk Revit|Robotic control software|Wolfram Research Mathematica|Microsoft Access|Computerized numerical control CNC programming software|Microsoft Project|Stereolithography SLA rapid prototyping systems|Three-dimensional 3D solid modeling software,N|N|N|Y|N|N|Y|Y|Y|N|N|N|N|Y|N
17-3027.01,Automotive Engineering Technicians,"Assist engineers in determining the practicality of proposed product design changes and plan and carry out tests on experimental test devices or equipment for performance, durability, or efficiency.",Reading Comprehension|Speaking|Critical Thinking|Active Listening|Writing|Mathematics|Monitoring|Active Learning|Science|Learning Strategies,3.62|3.5|3.5|3.25|3.25|3.12|3.12|3.0|2.62|2.38,Autodesk Inventor|IBM Notes|Microsoft Word|PTC Creo Parametric|A&D Technology iTest|Data acquisition software|National Instruments LabVIEW|SAP software|Microsoft Office software|Autodesk AutoCAD Mechanical|Microsoft Excel,N|N|N|N|N|Y|Y|Y|N|N|Y
17-3028.00,Calibration Technologists and Technicians,"Execute or adapt procedures and techniques for calibrating measurement devices, by applying knowledge of measurement science, mathematics, physics, chemistry, and electronics, sometimes under the direction of engineering staff. Determine measurement standard suitability for calibrating measurement devices. May perform preventive maintenance on equipment. May perform corrective actions to address identified calibration problems.",,,Microsoft Word|Microsoft Outlook|Linux|MathWorks Simulink|Autodesk AutoCAD|National Instruments LabVIEW|Autodesk AutoCAD Civil 3D|Dassault Systemes SolidWorks|Bentley MicroStation|Microsoft Office software|Microsoft Excel|Microsoft Project|Microsoft PowerPoint|Apple macOS|Minitab,Y|Y|Y|Y|Y|Y|N|Y|Y|Y|Y|Y|Y|N|N
17-3029.00,"Engineering Technologists and Technicians, Except Drafters, All Other","All engineering technologists and technicians, except drafters, not listed separately.",,,,
17-3029.01,Non-Destructive Testing Specialists,"Test the safety of structures, vehicles, or vessels using x-ray, ultrasound, fiber optic or related equipment.",Reading Comprehension|Active Listening|Critical Thinking|Monitoring|Writing|Active Learning|Speaking|Mathematics|Learning Strategies|Science,3.88|3.62|3.5|3.38|3.25|3.25|3.12|3.12|3.12|3.0,National Instruments NI Vision Builder for Automated Inspection AI|Microsoft Outlook|Microsoft Office software|Microsoft Access|Microsoft Project|Visualization Sciences Group VSG Open Inventor|IBM Notes|Autodesk AutoCAD|Visualization Sciences Group VSG Avizo Fire|SAP software|National Instruments DAQ Assistant|National Instruments NI Motion Assistant|National Instruments LabVIEW|GE Sensing & Inspection Technologies Rhythm UT|Geographic information system GIS systems,Y|N|N|N|N|N|Y|Y|Y|Y|Y|Y|Y|N|N
17-3029.08,Photonics Technicians,"Build, install, test, or maintain optical or fiber optic equipment, such as lasers, lenses, or mirrors, using spectrometers, interferometers, or related equipment.",Reading Comprehension|Active Listening|Critical Thinking|Active Learning|Monitoring|Writing|Speaking|Mathematics|Learning Strategies|Science,3.5|3.38|3.38|3.25|3.25|3.12|3.12|2.75|2.75|2.5,ZEMAX Optical Design Program|Facebook|Microsoft Word|Autodesk AutoCAD|Data acquisition software|Microsoft PowerPoint|National Instruments LabVIEW|SAP software|Microsoft Office software|Web browser software|Database software|Microsoft Excel|Microsoft Access|Dassault Systemes SolidWorks|Image processing software,Y|Y|N|N|Y|N|Y|Y|Y|Y|Y|N|Y|N|Y
17-3031.00,Surveying and Mapping Technicians,"Perform surveying and mapping duties, usually under the direction of an engineer, surveyor, cartographer, or photogrammetrist, to obtain data used for construction, mapmaking, boundary location, mining, or other purposes. May calculate mapmaking information and create maps from source data, such as surveying notes, aerial photography, satellite data, or other maps to show topographical features, political boundaries, and other features. May verify accuracy and completeness of maps.",Reading Comprehension|Critical Thinking|Mathematics|Active Listening|Monitoring|Speaking|Writing|Active Learning|Learning Strategies|Science,3.62|3.5|3.25|3.12|3.12|3.0|2.88|2.88|2.75|2.38,Autodesk Land Desktop|MENSI 3Dipsos|Autodesk AutoCAD Blue Sky|Tripod Data Systems Foresight|ESRI ArcEditor|ESRI ArcGIS (analytical or scientific feature)|Triton Elics International Isis|Structured query language SQL|PCI Geomatics software|Autodesk AutoCAD Map 3D|Muncy Plat Pronto|Adobe Acrobat Writer|ESRI ArcIMS|Bentley MicroStation|Carlson Survey,N|N|N|N|Y|Y|N|Y|N|Y|N|N|N|N|N
19-1011.00,Animal Scientists,"Conduct research in the genetics, nutrition, reproduction, growth, and development of domestic farm animals.",Reading Comprehension|Writing|Science|Critical Thinking|Active Listening|Speaking|Active Learning|Monitoring|Mathematics|Learning Strategies,4.12|4.0|4.0|4.0|3.88|3.88|3.88|3.75|3.38|3.25,Tableau|Microsoft Office software|Database software|Microsoft Access|Best Linear Unbiased Prediction BLUP|FEEDLOT CALC|Oracle PeopleSoft|Master Ration Calculator|COWGAME|Autodesk AutoCAD|SAS|Cowculator|DAGRIS|Online Mendelian Inheritance in Animals OMIA|ESRI ArcGIS software,Y|N|N|N|N|N|N|N|N|Y|N|N|Y|Y|Y
19-1012.00,Food Scientists and Technologists,"Use chemistry, microbiology, engineering, and other sciences to study the principles underlying the processing and deterioration of foods; analyze food content to determine levels of vitamins, fat, sugar, and protein; discover new food sources; research ways to make processed foods safe, palatable, and healthful; and apply food science knowledge to determine best ways to process, package, preserve, store, and distribute food.",Reading Comprehension|Critical Thinking|Active Learning|Active Listening|Writing|Speaking|Science|Monitoring|Mathematics|Learning Strategies,4.0|4.0|4.0|3.88|3.88|3.88|3.88|3.62|3.12|3.0,Microsoft Outlook|Tableau|Microsoft Office software|Hypertext markup language HTML|Microsoft Access|Image analysis software|BioDiscovery ImaGene|U.S. Department of Agriculture USDA National Nutrient Database|Oracle Eloqua|SAP software|Sensory Computer Systems SIMS|HubSpot software|Structured query language SQL|Insightful S-PLUS|MDS Analytical Technologies GenePix Pro,N|Y|Y|N|N|Y|N|Y|Y|Y|Y|Y|Y|N|N
19-1013.00,Soil and Plant Scientists,"Conduct research in breeding, physiology, production, yield, and management of crops and agricultural plants or trees, shrubs, and nursery stock, their growth in soils, and control of pests; or study the chemical, physical, biological, and mineralogical composition of soils as they relate to plant or crop growth. May classify and map soils and investigate effects of alternative practices on soil and crop productivity.",Reading Comprehension|Speaking|Science|Critical Thinking|Active Learning|Active Listening|Writing|Mathematics|Learning Strategies|Monitoring,4.0|4.0|4.0|4.0|4.0|3.88|3.88|3.25|3.25|3.25,Leica Geosystems ERDAS IMAGINE|Geographic information system GIS software|UNSATFLOW|IBM SPSS Statistics|Microsoft Office software|Variogram Estimation and Spatial Prediction plus Error Vesper|European Soil Erosion Model EUROSEM|Microsoft Access|GSLIB|SPAW|Water Erosion Prediction Project WEPP|Autodesk AutoCAD|National Resources Conservation Service NRCS Soils Explorer|SAS|PC-Progress HYDRUS,N|Y|N|Y|N|N|N|N|N|N|N|Y|N|N|Y
19-1021.00,Biochemists and Biophysicists,"Study the chemical composition or physical principles of living cells and organisms, their electrical and mechanical energy, and related phenomena. May conduct research to further understanding of the complex chemical combinations and reactions involved in metabolism, reproduction, growth, and heredity. May determine the effects of foods, drugs, serums, hormones, and other substances on tissues and vital processes of living organisms.",Science|Reading Comprehension|Writing|Critical Thinking|Active Listening|Speaking|Active Learning|Learning Strategies|Mathematics|Monitoring,4.75|4.38|4.25|4.25|4.12|4.12|4.12|4.0|3.88|3.88,Elsevier MDL ISIS/Draw|Microsoft Outlook|Graphics software|Python|IBM SPSS Statistics|JustBio SeqPainter|Carrier-mediated transport software|Microsoft Office software|Wavefunction Titan|Molecular Networks GmbH Biochemical Pathways|GEPASI|Electronic lab notebook software|Chemistry at Harvard Molecular Mechanics CHARMm|Molecular Devices Corporation MetaFluor|Yet another scientific artificial reality application YASARA software,N|N|N|N|N|Y|N|N|N|N|N|N|N|N|N
19-1022.00,Microbiologists,"Investigate the growth, structure, development, and other characteristics of microscopic organisms, such as bacteria, algae, or fungi. Includes medical microbiologists who study the relationship between organisms and disease or the effects of antibiotics on microorganisms.",Science|Reading Comprehension|Writing|Critical Thinking|Active Listening|Speaking|Active Learning|Learning Strategies|Monitoring|Mathematics,4.62|4.12|4.0|4.0|3.88|3.88|3.88|3.62|3.62|3.12,Computer Service & Support CLS-2000 Laboratory System|Bruker Optics OPUS|Microsoft Outlook|TreeView|Gene Finder|Microsoft Office software|Protein Explorer|Microsoft Access|BtB Software Mycobacteriology Lab|ProtScale|Assistant Software for Antimicrobial Susceptibility Interpretation ASASI|SAP software|Statistical software|DM2 Bills of Lading|Codon Usage Database,N|N|N|N|N|N|N|N|N|N|N|N|N|N|N
19-1023.00,Zoologists and Wildlife Biologists,"Study the origins, behavior, diseases, genetics, and life processes of animals and wildlife. May specialize in wildlife research and management. May collect and analyze biological data to determine the environmental effects of present and potential use of land and water habitats.",Reading Comprehension|Active Listening|Writing|Speaking|Science|Critical Thinking|Active Learning|Monitoring|Mathematics|Learning Strategies,4.0|4.0|4.0|4.0|4.0|3.88|3.88|3.25|3.12|3.12,Microsoft Outlook|Python|Corel WordPerfect Office Suite|Geographic information system GIS software|Microsoft Office software|Microsoft Access|Microsoft Project|SAS|Global positioning system GPS software|Salesforce software|HATPRO|Statistical software|Computer modeling software|ESRI ArcGIS software|Geographic information system GIS systems,N|N|N|N|Y|N|N|N|N|N|N|Y|Y|Y|Y
19-1029.00,"Biological Scientists, All Other",All biological scientists not listed separately.,,,,
19-1029.01,Bioinformatics Scientists,"Conduct research using bioinformatics theory and methods in areas such as pharmaceuticals, medical technology, biotechnology, computational biology, proteomics, computer information science, biology and medical informatics. May design databases and develop algorithms for processing and analyzing genomic information, or other biological information.",Reading Comprehension|Active Listening|Writing|Speaking|Science|Critical Thinking|Mathematics|Active Learning|Monitoring|Learning Strategies,4.38|4.0|4.0|4.0|4.0|4.0|3.88|3.88|3.38|3.0,IBM SPSS Statistics|Oracle PL/SQL|Bowtie|Oracle JavaServer Pages JSP|SAS|SAP software|TIBCO Spotfire S+|NCBI RefSeq|UNIX|Amazon Web Services AWS software|Apache Groovy|Data visualization software|Genedata Expressionist|Linux|RNA sequencing software,N|Y|N|N|Y|N|Y|N|N|N|N|N|N|N|Y
19-1029.02,Molecular and Cellular Biologists,Research and study cellular molecules and organelles to understand cell function and organization.,Science|Reading Comprehension|Writing|Critical Thinking|Active Listening|Speaking|Active Learning|Learning Strategies|Mathematics|Monitoring,4.75|4.38|4.25|4.12|4.0|4.0|3.88|3.88|3.75|3.75,Git|Python|Corel WordPerfect Office Suite|EnzymeX|Microsoft Office software|Geospiza GeneSifter|FASTA|NetPrimer|Wolfram Research Mathematica|Agilent Technologies GeneSpring GX|Microsoft Access|Deoxyribonucleic acid DNA libraries|Textco BioSoftware Gene Inspector|RasMol|The MathWorks MATLAB,N|Y|N|N|N|N|Y|N|N|N|N|N|N|N|N
19-1029.03,Geneticists,"Research and study the inheritance of traits at the molecular, organism or population level. May evaluate or treat patients with genetic disorders.",Reading Comprehension|Science|Active Listening|Writing|Speaking|Critical Thinking|Active Learning|Mathematics|Learning Strategies|Monitoring,4.25|4.12|4.0|4.0|4.0|4.0|4.0|3.88|3.88|3.75,Git|Python|SAS JMP|Microsoft Office software|Database software|Microsoft Access|Ward Systems Group GeneHunter|SAS|Bioinformatics databases|UNIX|C++|ClustalW|Linux|Plate reader software|PHYLIP,N|N|Y|N|N|N|N|N|Y|Y|N|N|N|Y|N
19-1029.04,Biologists,"Research or study basic principles of plant and animal life, such as origin, relationship, development, anatomy, and functions.",Science|Reading Comprehension|Writing|Active Listening|Speaking|Critical Thinking|Mathematics|Active Learning|Learning Strategies|Monitoring,4.62|4.12|4.12|4.0|4.0|4.0|3.88|3.88|3.12|3.0,SURFDriver Software WinSURF|NAMD|Python|EnzymeX|Geographic information system GIS software|IBM SPSS Statistics|Microsoft Office software|BioKin PlateKi|FASTA|sim4|BLAT|Protein Explorer|Wolfram Research Mathematica|Agilent Technologies GeneSpring GX|Microsoft Access,Y|N|N|N|N|N|Y|N|N|N|N|Y|N|N|N
19-1031.00,Conservation Scientists,"Manage, improve, and protect natural resources to maximize their use without damaging the environment. May conduct soil surveys and develop plans to eliminate soil erosion or to protect rangelands. May instruct farmers, agricultural production managers, or ranchers in best ways to use crop rotation, contour plowing, or terracing to conserve soil and water; in the number and kind of livestock and forage plants best suited to particular ranges; and in range and farm improvements, such as fencing and reservoirs for stock watering.",Reading Comprehension|Active Listening|Speaking|Writing|Science|Critical Thinking|Active Learning|Monitoring|Mathematics|Learning Strategies,3.88|3.88|3.62|3.5|3.5|3.5|3.25|3.25|3.12|2.88,Microsoft Outlook|U.S. Department of Agriculture USDA WinSRM|Geographic information system GIS software|CropSyst Suite|Water Soil and Hydro-Environmental Decision Support System WATERSHEDSS|HYDRUS-2D|Microsoft Office software|Clover Technology GALENA|CroPMan|Microsoft Access|Landscape Management System LMS|Autodesk AutoCAD|Global positioning system GPS software|GEO-SLOPE SEEP/W|Datasurge GEOPRO,Y|Y|N|N|N|N|N|N|N|Y|N|N|N|N|N
19-1031.02,Range Managers,"Research or study range land management practices to provide sustained production of forage, livestock, and wildlife.",Reading Comprehension|Active Listening|Speaking|Critical Thinking|Monitoring|Writing|Active Learning|Science|Mathematics|Learning Strategies,4.0|4.0|4.0|3.88|3.88|3.38|3.25|3.12|3.0|2.88,"Python|Leica Geosystems ERDAS IMAGINE|National Resources Conservation Service Ecological Site Information System ESIS|USDA Comet|USDA Database for Inventory, Monitoring and Assessment (DIMA)|USDA SamplePoint|Aquatic Plant Information Retrieval System APIRS|Microsoft Office software|National Resources Conservation Service Grazing Spatial Analysis Tool|The Nature Conservancy Weed Information Management System WIMS|GNU Image Manipulation Program GIMP|Microsoft Access|Satellite image databases|The MathWorks MATLAB|Perl",Y|N|N|N|N|N|Y|N|N|N|Y|N|N|N|N
19-1031.03,Park Naturalists,"Plan, develop, and conduct programs to inform public of historical, natural, and scientific features of national, state, or local park.",Speaking|Active Listening|Writing|Reading Comprehension|Critical Thinking|Monitoring|Active Learning|Learning Strategies|Science|Mathematics,4.0|3.88|3.88|3.75|3.75|3.25|3.12|3.0|2.12|2.0,Facebook|Mapping software|Microsoft Outlook|Microsoft Word|MicroFocus GroupWise|Microsoft Office software|Adobe Acrobat|Email software|Microsoft Active Server Pages ASP|Microsoft Excel|Microsoft PowerPoint|Web browser software|Adobe PageMaker,Y|N|N|Y|N|N|Y|Y|Y|Y|Y|Y|N
19-1032.00,Foresters,"Manage public and private forested lands for economic, recreational, and conservation purposes. May inventory the type, amount, and location of standing timber, appraise the timber's worth, negotiate the purchase, and draw up contracts for procurement. May determine how to conserve wildlife habitats, creek beds, water quality, and soil stability, and how best to comply with environmental regulations. May devise plans for planting and growing new trees, monitor trees for healthy growth, and determine optimal harvesting schedules.",Reading Comprehension|Speaking|Critical Thinking|Monitoring|Active Listening|Writing|Active Learning|Mathematics|Science|Learning Strategies,4.0|4.0|4.0|4.0|3.88|3.75|3.25|3.0|3.0|3.0,Microsoft Outlook|Geographic information system GIS software|Forest Metrix|Microsoft Office software|Microsoft Access|Forest vegetation simulators|IBM Notes|Mapping software|Global positioning system GPS software|SMART service management and route tracking software|Forest yield software|ESRI ArcGIS software|Trimble CENGEA|Geographic information system GIS systems|ESRI ArcView,Y|N|N|N|N|N|N|N|N|N|N|Y|Y|Y|Y
19-1041.00,Epidemiologists,"Investigate and describe the determinants and distribution of disease, disability, or health outcomes. May develop the means for prevention and control.",Reading Comprehension|Critical Thinking|Active Listening|Writing|Speaking|Science|Active Learning|Mathematics|Monitoring|Learning Strategies,4.25|4.25|4.12|4.12|4.12|4.12|4.0|3.75|3.62|3.5,Microsoft Outlook|Python|Tableau|Geographic information system GIS software|Cytel Egret|IBM SPSS Statistics|Microsoft Office software|Statistical processing software|Database software|Microsoft Access|Centers for Disease Control and Prevention Epi Info|Meta-analysis with interactive explanations MIX|Facebook|Epicenter Software Epilog|Pan American Health Organization SIGEpi,N|N|N|N|N|N|N|N|N|N|Y|N|N|N|Y
19-1042.00,"Medical Scientists, Except Epidemiologists","Conduct research dealing with the understanding of human diseases and the improvement of human health. Engage in clinical investigation, research and development, or other related activities.",Writing|Speaking|Science|Active Learning|Reading Comprehension|Active Listening|Critical Thinking|Mathematics|Monitoring|Learning Strategies,4.25|4.12|4.12|4.12|4.0|4.0|4.0|3.62|3.62|3.38,LexisNexis|Python|Waters Millennium32|IBM SPSS Statistics|Microsoft Office software|Database software|Integrated development environment IDE software|Microsoft Project|Medical Scientists MediSave|The MathWorks MATLAB|IBM Notes|Microsoft Publisher|SAS|Adobe Photoshop|Thermo ToxLab,Y|N|N|Y|N|N|Y|N|N|Y|N|N|N|Y|N
19-1099.00,"Life Scientists, All Other",All life scientists not listed separately.,,,,
19-2011.00,Astronomers,"Observe, research, and interpret astronomical phenomena to increase basic knowledge or apply such information to practical problems.",Reading Comprehension|Science|Writing|Mathematics|Critical Thinking|Active Listening|Speaking|Active Learning|Learning Strategies|Monitoring,4.25|4.25|4.12|4.12|4.12|4.0|4.0|4.0|3.75|3.38,Starcal|Python|Software Bisque CCDSoft|Astronomical information processing system AIPS++|IBM SPSS Statistics|Microsoft Office software|European Southern Observatory Munich Image Data Analysis System ESO-MIDAS|Apache Hadoop|IRIS|The MathWorks MATLAB|Astronomical Image Processing System AIPS|SAS|Diffraction Limited MaxIm DL|MSB Software Astroart|Avis Fits Viewer,N|N|N|Y|N|N|N|N|Y|Y|N|N|N|N|N
19-2012.00,Physicists,"Conduct research into physical phenomena, develop theories on the basis of observation and experiments, and devise methods to apply physical laws and theories.",Science|Critical Thinking|Reading Comprehension|Speaking|Mathematics|Active Learning|Writing|Active Listening|Learning Strategies|Monitoring,4.88|4.62|4.5|4.5|4.5|4.5|4.38|4.12|4.0|3.75,Sun Microsystems Java|Git|MySQL|Python|COMSOL Multiphysics|Ploticus|Scribus|Software development tools|Adobe Audition|Microsoft Visual Studio|Microsoft Office software|Xfig|GNU Image Manipulation Program GIMP|Wolfram Research Mathematica|OpenStack,N|Y|Y|Y|N|Y|Y|Y|N|N|N|N|N|N|N
19-2021.00,Atmospheric and Space Scientists,"Investigate atmospheric phenomena and interpret meteorological data, gathered by surface and air stations, satellites, and radar to prepare reports and forecasts for public and other uses. Includes weather analysts and forecasters whose functions require the detailed knowledge of meteorology.",Reading Comprehension|Active Listening|Speaking|Science|Critical Thinking|Active Learning|Writing|Mathematics|Learning Strategies|Monitoring,4.12|4.0|4.0|4.0|4.0|4.0|3.88|3.38|3.12|3.12,AccuWeather Galileo|Cave5D|Cisco IOS|Microsoft Outlook|Python|SVRPLOT|Wind flow modeling software|WSI TrueView Professional|IBM SPSS Statistics|Unidata GEMPAK|Microsoft Office software|VorTek Site Assessment of Tornado Threat SATT|Advanced Visual Systems AVS/Express|Wolfram Research Mathematica|Ferret,N|Y|N|N|N|N|N|N|Y|N|N|N|N|N|Y
19-2031.00,Chemists,Conduct qualitative and quantitative chemical analyses or experiments in laboratories for quality or process control or to develop new products or knowledge.,Science|Reading Comprehension|Critical Thinking|Speaking|Active Listening|Writing|Mathematics|Active Learning|Monitoring|Learning Strategies,4.12|4.0|4.0|3.88|3.75|3.75|3.75|3.62|3.5|3.0,Advanced Chemistry Development ACD/1D nuclear magnetic resonance NMR processor|ChemSW Molecular Modeling Pro|Graphics software|Waters Millennium32|SAS JMP|ChemSW Mass Spec Tools|Organic synthesis planning software|Synthematix StructureSearch|Microsoft Office software|Hypertext markup language HTML|ChemSW Calibration Pro|MolDraw|ChemSW Uncertainty Pro|UBI Biotracker|Microsoft Access,N|N|N|N|N|N|N|N|N|Y|Y|N|N|N|N
19-2032.00,Materials Scientists,"Research and study the structures and chemical properties of various natural and synthetic or composite materials, including metals, alloys, rubber, ceramics, semiconductors, polymers, and glass. Determine ways to strengthen or combine materials or develop new materials with new or specific properties for use in a variety of products and applications. Includes glass scientists, ceramic scientists, metallurgical scientists, and polymer scientists.",Reading Comprehension|Active Listening|Science|Critical Thinking|Writing|Speaking|Active Learning|Mathematics|Monitoring|Learning Strategies,4.0|4.0|4.0|4.0|3.88|3.75|3.75|3.5|3.12|3.0,Bruker AXS TOPAS|Chempute Software HSC Chemistry|Python|Materials Data Incorporated Jade|IBM SPSS Statistics|Microsoft Office software|General Structural Analysis System GSAS|Hypertext markup language HTML|RIETAN|Wolfram Research Mathematica|The MathWorks MATLAB|Bruker AXS EVA|Advanced Chemistry Development Analytical Laboratory|CrystalMaker|Multichannel microelectrode analyzer MMA software,N|N|N|N|N|N|N|N|N|N|N|N|N|Y|Y
19-2041.00,"Environmental Scientists and Specialists, Including Health","Conduct research or perform investigation for the purpose of identifying, abating, or eliminating sources of pollutants or hazards that affect either the environment or public health. Using knowledge of various scientific disciplines, may collect, synthesize, study, report, and recommend action based on data derived from measurements or observations of air, food, soil, water, and other sources.",Reading Comprehension|Active Listening|Writing|Speaking|Science|Critical Thinking|Active Learning|Monitoring|Mathematics|Learning Strategies,4.0|4.0|4.0|4.0|4.0|3.88|3.75|3.62|3.25|3.25,Sun Microsystems Java|Microsoft Outlook|Graphics software|Geographic information system GIS software|Smart Data Solutions RS Solutions|IBM SPSS Statistics|Microsoft Office software|TANKS|Lakes Environmental SLAB View|Lakes Environmental EcoRisk View|Database software|MIRS Compliance|Microsoft Access|Microsoft Project|Ecotech WinAQMS,N|Y|Y|Y|Y|Y|N|N|N|N|N|N|N|N|N
19-2041.01,Climate Change Policy Analysts,"Research and analyze policy developments related to climate change. Make climate-related recommendations for actions such as legislation, awareness campaigns, or fundraising approaches.",Reading Comprehension|Active Listening|Critical Thinking|Writing|Speaking|Active Learning|Monitoring|Mathematics|Learning Strategies|Science,4.25|4.0|4.0|3.88|3.88|3.75|3.12|3.0|3.0|2.62,Sun Microsystems Java|Python|Microsoft Office software|Ferret|The MathWorks MATLAB|SAS|UNIX|Unidata Network common data form NetCDF|C++|Linux|ESRI ArcGIS software|Geographic information system GIS systems|North American Regional Climate Change Assessment Program NARCCAP data tables|R|Microsoft Word,Y|N|Y|N|N|N|N|N|Y|Y|Y|Y|Y|N|N
19-2041.02,Environmental Restoration Planners,"Collaborate with field and biology staff to oversee the implementation of restoration projects and to develop new products. Process and synthesize complex scientific data into practical strategies for restoration, monitoring or management.",Critical Thinking|Reading Comprehension|Active Listening|Writing|Speaking|Monitoring|Science|Active Learning|Mathematics|Learning Strategies,4.0|3.88|3.88|3.88|3.88|3.75|3.5|3.5|3.25|3.0,Microsoft Outlook|Geographic information system GIS software|Autodesk AutoCAD Civil 3D|Microsoft Office software|Microsoft Access|HEC-RAS|Microsoft Project|Adobe InDesign|Autodesk AutoCAD|Global positioning system GPS software|Adobe Photoshop|Microsoft Dynamics CRM|IWR-PLAN|ESRI ArcMap|Microsoft SharePoint,Y|Y|Y|Y|Y|Y|Y|N|Y|N|N|N|N|N|N
19-2041.03,Industrial Ecologists,Apply principles and processes of natural ecosystems to develop models for efficient industrial systems. Use knowledge from the physical and social sciences to maximize effective use of natural resources in the production and use of goods and services. Examine societal issues and their relationship with both technical systems and the environment.,Reading Comprehension|Active Listening|Writing|Speaking|Critical Thinking|Science|Active Learning|Mathematics|Monitoring|Learning Strategies,4.12|4.0|4.0|4.0|3.88|3.62|3.62|3.38|3.12|3.0,Git|Python|Microsoft Visual Studio|Microsoft Office software|Apache Hadoop|NoSQL|Wolfram Research Mathematica|Microsoft Access|Splunk Enterprise|Structure query language SQL|Substance Flow Analysis STAN|The MathWorks MATLAB|Autodesk AutoCAD|Productivity software|SAS,Y|Y|Y|Y|Y|Y|Y|N|N|N|N|Y|Y|Y|Y
19-2042.00,"Geoscientists, Except Hydrologists and Geographers","Study the composition, structure, and other physical aspects of the Earth. May use geological, physics, and mathematics knowledge in exploration for oil, gas, minerals, or underground water; or in waste disposal, land reclamation, or other environmental problems. May study the Earth's internal composition, atmospheres, and oceans, and its magnetic, electrical, and gravitational forces. Includes mineralogists, paleontologists, stratigraphers, geodesists, and seismologists.",Reading Comprehension|Science|Writing|Speaking|Critical Thinking|Active Listening|Mathematics|Active Learning|Learning Strategies|Monitoring,4.25|4.25|4.0|4.0|4.0|3.88|3.5|3.38|3.12|3.0,Geosoft DAP server|Gemcom Surpac|RSI ENVI|Earthworks MaxiPit|BOSS Didger|HydroSOLVE AQTESOLV|Midland Valley 3DMove|Starpint Software Super Slug|OriginLab Origin|RockWare FIRSTPIX|Interpex IXID|RockWare GeoTrig|SAS|MapInfo Professional|RockWare Stratbugs,N|Y|Y|N|N|N|Y|N|N|N|N|N|N|N|N
19-2043.00,Hydrologists,"Research the distribution, circulation, and physical properties of underground and surface waters; and study the form and intensity of precipitation and its rate of infiltration into the soil, movement through the earth, and return to the ocean and atmosphere.",Critical Thinking|Reading Comprehension|Active Listening|Mathematics|Science|Writing|Speaking|Active Learning|Monitoring|Learning Strategies,4.12|3.88|3.88|3.88|3.88|3.75|3.75|3.75|3.25|3.0,National pollutant discharge elimination system NPDES compliance software|Autodesk Land Desktop|BOSS International Visual Groundwater|Scientific Software Group MOCDENSE|Scientific Software Group AquaDyn|HydroSOLVE AQTESOLV|GIS/Solutions GIS/Key|Starpint Software Super Slug|Integrated Environmental Services 3D Master|Scientific Software Group MT3D99|Scientific Software Group 3DFATMIC|Scientific Software Group BIO1D|Groundwater Vistas|Scientific Software Group BIOSLURP|Formlink HydroGEN,N|N|N|Y|Y|N|N|Y|N|N|N|Y|N|N|N
19-2099.00,"Physical Scientists, All Other",All physical scientists not listed separately.,,,,
19-2099.01,Remote Sensing Scientists and Technologists,"Apply remote sensing principles and methods to analyze data and solve problems in areas such as natural resource management, urban planning, or homeland security. May develop new sensor systems, analytical techniques, or new applications for existing systems.",Reading Comprehension|Critical Thinking|Active Listening|Writing|Speaking|Science|Mathematics|Active Learning|Monitoring|Learning Strategies,4.0|4.0|3.88|3.88|3.88|3.88|3.75|3.38|3.38|3.12,Airdata|RSI ENVI|Amazon Simple Storage Service S3|Epic Systems|Go|Healthcare common procedure coding system HCPCS|ArduPilot Mission Planner|UNIX|Amazon Web Services AWS software|LP360|Linux|Litchi|Structured query language SQL|Microsoft Azure software|C,Y|N|N|N|Y|Y|Y|N|Y|Y|Y|Y|Y|N|Y
19-3011.00,Economists,"Conduct research, prepare reports, or formulate plans to address economic problems related to the production and distribution of goods and services or monetary and fiscal policy. May collect and process economic and statistical data using sampling techniques and econometric methods.",Reading Comprehension|Mathematics|Critical Thinking|Active Listening|Writing|Speaking|Active Learning|Learning Strategies|Monitoring|Science,4.12|4.12|4.12|4.0|4.0|4.0|3.75|3.12|3.12|1.88,Microsoft Outlook|Python|MySQL|Tableau|Corel WordPerfect Office Suite|MacKichan Software Scientific Notebook|IBM SPSS Statistics|Corel QuattroPro|Microsoft Office software|Microsoft Power BI|Wolfram Research Mathematica|Microsoft Access|The MathWorks MATLAB|MediaWiki|Mozilla Firefox,N|Y|N|N|N|N|N|N|N|N|N|N|Y|N|N
19-3011.01,Environmental Economists,"Conduct economic analysis related to environmental protection and use of the natural environment, such as water, air, land, and renewable energy resources. Evaluate and quantify benefits, costs, incentives, and impacts of alternative options using economic principles and statistical techniques.",Writing|Reading Comprehension|Active Listening|Mathematics|Critical Thinking|Active Learning|Speaking|Monitoring|Learning Strategies|Science,4.12|4.0|4.0|4.0|4.0|3.88|3.5|3.5|3.25|2.38,Microsoft Outlook|Python|MySQL|Tableau|Geographic information system GIS software|IBM SPSS Statistics|Microsoft Visual Studio|Microsoft Office software|Wolfram Research Mathematica|Microsoft Access|Structure query language SQL|The MathWorks MATLAB|Aptech Systems GAUSS|SAS|Microsoft SQL Server,N|Y|Y|Y|N|N|Y|N|N|N|N|N|Y|N|Y
19-3022.00,Survey Researchers,"Plan, develop, or conduct surveys. May analyze and interpret the meaning of survey data, determine survey objectives, or suggest or test question wording. Includes social scientists who primarily design questionnaires or supervise survey teams.",Reading Comprehension|Active Listening|Writing|Speaking|Critical Thinking|Mathematics|Active Learning|Learning Strategies|Monitoring|Science,4.25|4.25|4.25|4.25|4.25|4.0|3.88|3.25|3.12|2.88,Askia Design|Perseus SurveySolutions|Verity TELEform|IBM SPSS Statistics|Askia Web|Askiaface|SAS|Postal boundary mapping software|Creative Research Survey System|Point-of-View QWriter|QPSMR Limited Input|Statgraphics|DATAN Merlin Fastab|Structured query language SQL|Acarda CallAssist,N|N|N|N|N|N|N|N|N|N|N|Y|N|N|N
19-3032.00,Industrial-Organizational Psychologists,"Apply principles of psychology to human resources, administration, management, sales, and marketing problems. Activities may include policy planning; employee testing and selection, training, and development; and organizational development and analysis. May work with management to organize the work setting to improve worker productivity.",Reading Comprehension|Active Listening|Writing|Speaking|Critical Thinking|Active Learning|Monitoring|Science|Learning Strategies|Mathematics,4.38|4.38|4.25|4.12|4.12|3.88|3.88|3.75|3.62|3.5,Microsoft Outlook|Learning management system LMS|Assessment Systems Corporation XCALIBRE|IBM SPSS Statistics|Microsoft Office software|Hypertext markup language HTML|Muthen & Muthen Mplus|Scientific Software International TESTFACT|Microsoft Access|Microsoft Project|Oracle PeopleSoft|Winsteps|Human resource information system (HRIS)|Scientific Software International PARSCALE|Scientific Software International LISREL,Y|N|Y|N|Y|Y|N|N|Y|Y|Y|Y|Y|Y|Y
19-3033.00,Clinical and Counseling Psychologists,"Assess, diagnose, and treat mental and emotional disorders of individuals through observation, interview, and psychological tests. Help individuals with distress or maladjustment understand their problems through their knowledge of case history, interviews with patients, and theory. Provide individual or group counseling services to assist individuals in achieving more effective personal, social, educational, and vocational development and adjustment. May design behavior modification programs and consult with medical personnel regarding the best treatment for patients.",Reading Comprehension|Active Listening|Writing|Critical Thinking|Speaking|Active Learning|Monitoring|Learning Strategies|Science|Mathematics,4.75|4.25|4.25|4.25|4.12|3.88|3.75|3.62|2.38|2.25,Microsoft Outlook|Polaris Health Directions Polaris-MH|O*NET OnLine|My Clients Plus|Neurobehavioral Systems Presentation|eClinicalWorks EHR software|B Sharp Technologies B Care|Microsoft Office software|Trinity Software Solutions BEACON|Clinivate Clinitrak|PsyTech Solutions Epitomax|MS*Health Software/CMHC|Microsoft Teams|Mdansby The PsychReport|TheraManager,N|N|N|N|N|N|N|N|N|N|N|N|Y|N|Y
19-3034.00,School Psychologists,"Diagnose and implement individual or schoolwide interventions or strategies to address educational, behavioral, or developmental issues that adversely impact educational functioning in a school. May address student learning and behavioral problems and counsel students or families. May design and implement performance plans, and evaluate performance. May consult with other school-based personnel.",Reading Comprehension|Speaking|Active Listening|Writing|Critical Thinking|Monitoring|Active Learning|Learning Strategies|Mathematics|Science,4.62|4.62|4.5|4.12|4.12|4.0|3.88|3.88|2.88|2.5,Test scoring software|Microsoft Office software|Oasys structural design and analysis software|Centris Group RTIm Direct|Chalkware Education Solutions IEPPro|Smart Solutions IEP Anywhere|Vision Management Consulting IEP PlaNET|Google Meet|Centris Group IEP Direct|PowerSchool Group PowerSchool SIS|Testing software|Spectrum K12 School Solutions Encore|Psychsoft !Observe|SpED Forms|Xperts iep.online,N|N|N|N|N|N|N|N|N|Y|Y|Y|Y|N|N
19-3039.00,"Psychologists, All Other",All psychologists not listed separately.,,,,
19-3039.02,Neuropsychologists,"Apply theories and principles of neuropsychology to evaluate and diagnose disorders of higher cerebral functioning, often in research and medical settings. Study the human brain and the effect of physiological states on human cognition and behavior. May formulate and administer programs of treatment.",Reading Comprehension|Active Listening|Writing|Speaking|Critical Thinking|Active Learning|Science|Monitoring|Learning Strategies|Mathematics,4.5|4.5|4.38|4.25|4.25|3.88|3.62|3.62|3.5|3.0,Behavioral Assessment and Research System BARS|IBM SPSS Statistics|Microsoft Office software|Scheduling software|CogniSyst Computerized Assessment of Response Bias CARB|Database software|Psychological testing software|Interactive psychological evaluation software|BrainMetric The Category Test|Patient electronic medical record EMR software|Statistical software|Conners' Continuous Performance Test II|Microsoft Word|MicroCog Assessment of Cognitive Functioning|BrainTrain Captain's Log,N|N|N|N|N|N|N|N|Y|N|N|Y|Y|Y|Y
19-3039.03,Clinical Neuropsychologists,"Assess and diagnose patients with neurobehavioral problems related to acquired or developmental disorders of the nervous system, such as neurodegenerative disorders, traumatic brain injury, seizure disorders, and learning disabilities. Recommend treatment after diagnosis, such as therapy, medication, or surgery. Assist with evaluation before and after neurosurgical procedures, such as deep brain stimulation.",Active Listening|Critical Thinking|Reading Comprehension|Speaking|Writing|Active Learning|Monitoring|Learning Strategies|Mathematics|Science,4.38|4.25|4.12|4.0|3.88|3.75|3.62|3.5|2.62|2.62,Behavioral Assessment and Research System BARS|IBM SPSS Statistics|Microsoft Office software|Scheduling software|CogniSyst Computerized Assessment of Response Bias CARB|Database software|Psychological testing software|Interactive psychological evaluation software|BrainMetric The Category Test|Patient electronic medical record EMR software|Statistical software|Conners' Continuous Performance Test II|Microsoft Word|MicroCog Assessment of Cognitive Functioning|BrainTrain Captain's Log,N|N|N|N|N|N|N|N|Y|N|N|Y|Y|Y|Y
19-3041.00,Sociologists,"Study human society and social behavior by examining the groups and social institutions that people form, as well as various social, religious, political, and business organizations. May study the behavior and interaction of groups, trace their origin and growth, and analyze the influence of group activities on individual members.",Active Listening|Speaking|Reading Comprehension|Writing|Critical Thinking|Active Learning|Learning Strategies|Monitoring|Science|Mathematics,4.12|4.12|4.0|4.0|4.0|4.0|3.88|3.5|3.12|2.88,Microsoft Outlook|ATLAS.ti|IBM SPSS Statistics|Web editing software|Microsoft Office software|Qualtrics Research Suite|Muthen & Muthen Mplus|Microsoft Access|Microsoft Project|Facebook|Online reference databases|Microsoft Publisher|Scientific Software International LISREL|SAS|Adobe Photoshop,Y|N|Y|N|N|N|N|N|Y|Y|N|N|Y|Y|Y
19-3051.00,Urban and Regional Planners,"Develop comprehensive plans and programs for use of land and physical facilities of jurisdictions, such as towns, cities, counties, and metropolitan areas.",Active Listening|Speaking|Reading Comprehension|Critical Thinking|Writing|Active Learning|Mathematics|Learning Strategies|Monitoring|Science,4.12|4.12|4.0|4.0|3.88|3.25|3.0|3.0|3.0|2.62,3D urban simulation modeling software|Location allocation decision support system LADSS|SAP software|ITC Integrated Land and Water Information System ILWIS|Esri ArcGIS|Corel CorelDraw Graphics Suite|Criterion Planners INDEX|ITSpatial InterSCOPE|Structured query language SQL|Autodesk AutoCAD Map 3D|Bentley MicroStation|Oracle Java|Microsoft Excel|Microsoft PowerPoint|Software development tools,N|N|N|N|Y|Y|N|N|Y|Y|N|Y|N|Y|N
19-3091.00,Anthropologists and Archeologists,"Study the origin, development, and behavior of human beings. May study the way of life, language, or physical characteristics of people in various parts of the world. May engage in systematic recovery and examination of material evidence, such as tools or pottery remaining from past human cultures, in order to determine the history, customs, and living habits of earlier civilizations.",Writing|Speaking|Reading Comprehension|Active Listening|Critical Thinking|Active Learning|Monitoring|Learning Strategies|Science|Mathematics,4.25|4.25|4.12|4.12|4.12|3.88|3.5|3.38|3.0|2.75,Automated National Catalog System ANCS|Microsoft Outlook|Graphics software|Leica Geosystems ERDAS IMAGINE|Geographic information system GIS software|ESRI ArcGIS Survey 123|IBM SPSS Statistics|Microsoft Office software|Applied Biosystems GeneMapper|The University of Tennessee FORDISC|Trimble Pathfinder Office|Wolfram Research Mathematica|Microsoft Access|SYSTAT|The MathWorks MATLAB,Y|N|Y|Y|N|Y|N|N|N|N|N|Y|N|Y|N
19-3092.00,Geographers,"Study the nature and use of areas of the Earth's surface, relating and interpreting interactions of physical and cultural phenomena. Conduct research on physical aspects of a region, including land forms, climates, soils, plants, and animals, and conduct research on the spatial implications of human activities within a given area, including social characteristics, economic activities, and political organization, as well as researching interdependence between regions at scales ranging from local to global.",Reading Comprehension|Writing|Speaking|Critical Thinking|Active Listening|Active Learning|Science|Learning Strategies|Mathematics|Monitoring,4.12|4.12|4.0|4.0|3.75|3.62|3.38|3.12|3.0|3.0,Microsoft Outlook|Python|Leica Geosystems ERDAS IMAGINE|Geographic information system GIS software|IBM SPSS Statistics|Microsoft Office software|Clark Labs IDRISI Andes|Trimble Pathfinder Office|Wolfram Research Mathematica|HydroSOLVE AQTESOLV|The MathWorks MATLAB|Geographic resources analysis support system GRASS|Lemkesoft GraphicConverter|Autodesk AutoCAD|Martin D Adamiker's TruFlite,N|N|Y|Y|N|N|N|Y|N|N|N|N|N|N|N
19-3093.00,Historians,"Research, analyze, record, and interpret the past as recorded in sources, such as government and institutional records, newspapers and other periodicals, photographs, interviews, films, electronic media, and unpublished manuscripts, such as personal diaries and letters.",Reading Comprehension|Writing|Critical Thinking|Active Listening|Speaking|Active Learning|Learning Strategies|Monitoring|Science|Mathematics,4.75|4.12|4.12|4.0|4.0|4.0|3.25|3.0|2.62|2.0,LinkedIn|Corel WordPerfect Office Suite|Geographic information system GIS software|Text mining software|IBM SPSS Statistics|Microsoft Office software|Web Scrapbook|Supervisory control and data acquisition SCADA software|Searchable online catalogs|Microsoft Access|Archival databases|Digital mapping software|Archives Wiki|Reference management software|Adobe InDesign,Y|N|Y|Y|N|N|N|N|N|N|N|N|N|Y|Y
19-3094.00,Political Scientists,"Study the origin, development, and operation of political systems. May study topics, such as public opinion, political decisionmaking, and ideology. May analyze the structure and operation of governments, as well as various political entities. May conduct public opinion surveys, analyze election results, or analyze public documents.",Reading Comprehension|Active Listening|Speaking|Active Learning|Writing|Critical Thinking|Learning Strategies|Mathematics|Monitoring|Science,4.25|4.12|4.12|4.12|4.0|4.0|3.5|3.0|2.88|2.62,Microsoft Outlook|Python|Tableau|Sage Reference Online|IBM SPSS Statistics|Microsoft Office software|Gale Expanded Academic ASAP PLUS|ProQuest Worldwide Political Science Abstracts|Library of Congress E-resources Online Catalog|JudgeIt II|Microsoft Access|EBSCO Publishing Political Science Complete|Structure query language SQL|JSTOR database|Microsoft Publisher,Y|N|N|N|N|N|N|N|N|N|N|Y|N|N|N
19-3099.00,"Social Scientists and Related Workers, All Other",All social scientists and related workers not listed separately.,,,,
19-3099.01,Transportation Planners,"Prepare studies for proposed transportation projects. Gather, compile, and analyze data. Study the use and operation of transportation systems. Develop transportation models or simulations.",Reading Comprehension|Active Listening|Writing|Speaking|Critical Thinking|Active Learning|Mathematics|Monitoring|Learning Strategies|Science,4.0|4.0|4.0|4.0|4.0|3.75|3.38|3.12|3.0|2.38,Microsoft Outlook|Python|PTV VISUM|Geographic information system GIS software|Tableau|Autodesk AutoCAD Civil 3D|IBM SPSS Statistics|Microsoft Office software|McTrans HCS+|Microsoft Power BI|Microsoft Access|Caliper TransCAD|Microsoft Project|Strong Concepts TEAPAC|MapInfo,Y|Y|Y|Y|Y|Y|Y|N|N|N|N|Y|N|N|N
19-4012.00,Agricultural Technicians,"Work with agricultural scientists in plant, fiber, and animal research, or assist with animal breeding and nutrition. Set up or maintain laboratory equipment and collect samples from crops or animals. Prepare specimens or record data to assist scientists in biology or related life science experiments. Conduct tests and experiments to improve yield and quality of crops or to increase the resistance of plants and animals to disease or insects.",Reading Comprehension|Active Listening|Critical Thinking|Writing|Active Learning|Monitoring|Speaking|Mathematics|Learning Strategies|Science,3.38|3.25|3.25|3.12|3.12|3.12|3.0|2.88|2.88|2.75,Microsoft Word|Microsoft Outlook|Microsoft PowerPoint|Global positioning system GPS software|SAP software|Microsoft Office software|Geographic information system GIS systems|Email software|Microsoft Excel|Statistical software|Microsoft Access|Web browser software,N|N|N|Y|Y|Y|Y|Y|Y|Y|N|N
19-4012.01,Precision Agriculture Technicians,"Apply geospatial technologies, including geographic information systems (GIS) and Global Positioning System (GPS), to agricultural production or management activities, such as pest scouting, site-specific pesticide application, yield mapping, or variable-rate irrigation. May use computers to develop or analyze maps or remote sensing images to compare physical topography with data on soils, fertilizer, pests, or weather.",Reading Comprehension|Active Listening|Speaking|Critical Thinking|Writing|Active Learning|Mathematics|Monitoring|Learning Strategies|Science,3.88|3.75|3.75|3.75|3.5|3.38|3.25|3.25|3.0|2.88,Microsoft Outlook|MapShots EASi Suite|John Deere Apex Farm Management|Microsoft Office software|Trimble AgGPS MultiPlane|Microsoft Access|Farm Works Site Pro|Global positioning system GPS software|ESRI ArcPad|AGCO GTA Software Suite|Ag Leader Technology SMS Advanced|Novariant AutoFarm AF Viewer|Microsoft Windows|ESRI ArcGIS software|Geographic information system GIS systems,N|N|Y|N|N|N|N|N|N|N|N|Y|Y|Y|Y
19-4013.00,Food Science Technicians,"Work with food scientists or technologists to perform standardized qualitative and quantitative tests to determine physical or chemical properties of food or beverage products. Includes technicians who assist in research and development of production technology, quality control, packaging, processing, and use of foods.",Reading Comprehension|Active Listening|Writing|Speaking|Science|Critical Thinking|Monitoring|Active Learning|Learning Strategies|Mathematics,3.75|3.5|3.5|3.5|3.25|3.25|3.12|3.0|2.88|2.75,Microsoft Outlook|Graphics software|Apache JMeter|Microsoft Office software|Database software|Microsoft Access|Structure query language SQL|SAS|IBM WebSphere|SAP software|Microsoft Visio|Microsoft SQL Server|Oracle WebLogic Server|Red Hat WildFly|Linux,N|N|N|N|N|N|N|Y|Y|Y|Y|Y|Y|Y|Y
19-4021.00,Biological Technicians,"Assist biological and medical scientists. Set up, operate, and maintain laboratory instruments and equipment, monitor experiments, collect data and samples, make observations, and calculate and record results. May analyze organic substances, such as blood, food, and drugs.",Reading Comprehension|Active Listening|Science|Critical Thinking|Writing|Active Learning|Speaking|Monitoring|Mathematics|Learning Strategies,4.0|3.88|3.75|3.75|3.5|3.5|3.38|3.38|3.0|2.88,Microsoft Outlook|Graphics software|Corel WordPerfect Office Suite|Geographic information system GIS software|Microsoft Office software|BoxShade|Database software|Microsoft Access|Gene Runner|Microsoft Project|PolyBayes|SAS|Phred|Adobe Photoshop|Statistical software,Y|Y|N|N|N|N|N|Y|N|N|N|N|N|N|N
19-4031.00,Chemical Technicians,"Conduct chemical and physical laboratory tests to assist scientists in making qualitative and quantitative analyses of solids, liquids, and gaseous materials for research and development of new products or processes, quality control, maintenance of environmental standards, and other work involving experimental, theoretical, or practical application of chemistry and related sciences.",Science|Reading Comprehension|Critical Thinking|Active Listening|Writing|Monitoring|Speaking|Active Learning|Learning Strategies|Mathematics,4.12|4.0|4.0|3.88|3.88|3.88|3.38|3.38|3.12|3.0,Microsoft Word|Microsoft Outlook|Python|Linux|Microsoft PowerPoint|SAP software|Microsoft Office software|Oracle Database|Oracle Java|Email software|Database software|Microsoft Excel|Microsoft Access|Structured query language SQL|C++,Y|N|N|N|Y|Y|Y|Y|Y|Y|Y|Y|Y|Y|Y
19-4042.00,"Environmental Science and Protection Technicians, Including Health","Perform laboratory and field tests to monitor the environment and investigate sources of pollution, including those that affect health, under the direction of an environmental scientist, engineer, or other specialist. May collect samples of gases, soil, water, and other materials for testing.",Reading Comprehension|Active Listening|Writing|Speaking|Critical Thinking|Science|Monitoring|Mathematics|Active Learning|Learning Strategies,4.0|3.88|3.88|3.88|3.75|3.38|3.38|3.12|3.12|3.0,Microsoft Outlook|Graphics software|Microsoft Office software|Database software|Microsoft Access|Trimble GPS Pathfinder Office|HEC-RAS|Microsoft Project|Visual OTTHYMO|Geomechanical design analysis GDA software|Autodesk AutoCAD|HEC-HMS|SAP software|Flood modeling software|ESRI ArcPad,Y|Y|N|N|N|Y|N|N|N|N|N|N|N|N|N
19-4043.00,"Geological Technicians, Except Hydrologic Technicians","Assist scientists or engineers in the use of electronic, sonic, or nuclear measuring instruments in laboratory, exploration, and production activities to obtain data indicating resources such as metallic ore, minerals, gas, coal, or petroleum. Analyze mud and drill cuttings. Chart pressure, temperature, and other characteristics of wells or bore holes.",Reading Comprehension|Critical Thinking|Writing|Monitoring|Active Listening|Speaking|Mathematics|Active Learning|Science|Learning Strategies,3.75|3.5|3.25|3.25|3.12|3.0|2.75|2.75|2.62|2.62,Microsoft Outlook|Leica Geosystems ERDAS IMAGINE|Petroleum Software Technologies|Geographic information system GIS software|Microsoft Office software|Clark Labs IDRISI Andes|Landmark SeisWorks|Database software|Parallel Geoscience SPW|Microsoft Access|SAP BusinessObjects Crystal Reports|Techsia Techlog|Dynamic Graphics EarthVision|Geographic resources analysis support system GRASS|Seismic Micro-Technology KINGDOM,Y|Y|N|N|N|N|Y|N|N|N|N|N|N|N|N
19-4044.00,Hydrologic Technicians,"Collect and organize data concerning the distribution and circulation of ground and surface water, and data on its physical, chemical, and biological properties. Measure and report on flow rates and ground water levels, maintain field equipment, collect water samples, install and collect sampling equipment, and process samples for shipment to testing laboratories. May collect data on behalf of hydrologists, engineers, developers, government agencies, or agriculture.",,,Microsoft Outlook|Geographic information system GIS software|Microsoft Office software|Microsoft Access|GEO-SLOPE SEEP/W|Datasurge GEOPRO|Mitre Software GSLOPE|Microsoft Windows|ESRI ArcGIS software|Geographic information system GIS systems|ESRI ArcInfo|ESRI ArcView|Salix Applied Earthcare Erosion Draw|Microsoft Word|Adobe Acrobat,Y|N|N|N|Y|N|N|N|N|N|Y|Y|Y|Y|Y
19-4051.00,Nuclear Technicians,"Assist nuclear physicists, nuclear engineers, or other scientists in laboratory, power generation, or electricity production activities. May operate, maintain, or provide quality control for nuclear testing and research equipment. May monitor radiation.",Monitoring|Reading Comprehension|Active Listening|Critical Thinking|Active Learning|Writing|Speaking|Learning Strategies|Mathematics|Science,3.75|3.62|3.62|3.62|3.38|3.25|3.25|2.88|2.75|2.75,Data logging software|Microsoft Windows|Microsoft Word|Linux|VMWare ESX Server|Microsoft PowerPoint|VMware|Microsoft Office software|Supervisory control and data acquisition SCADA software|Structured query language SQL|Microsoft Excel|Database software|Microsoft Access,N|N|Y|Y|Y|Y|Y|Y|Y|Y|N|N|N
19-4051.02,Nuclear Monitoring Technicians,"Collect and test samples to monitor results of nuclear experiments and contamination of humans, facilities, and environment.",Active Listening|Critical Thinking|Monitoring|Reading Comprehension|Speaking|Writing|Mathematics|Science|Learning Strategies|Active Learning,3.88|3.88|3.88|3.75|3.5|3.12|3.12|3.12|3.12|3.0,Microsoft Windows|Microsoft Outlook|Microsoft Word|Radiological assessment display and control system RADACS|Microsoft PowerPoint|RESRAD|Microsoft Office software|Oracle Java|AVEVA InTouch HMI|Supervisory control and data acquisition SCADA software|Structured query language SQL|Microsoft Excel|Microsoft Azure software|Gamma waste assay system GWAS|Microsoft Windows Server,N|N|N|N|Y|Y|Y|Y|Y|Y|Y|Y|Y|N|N
19-4061.00,Social Science Research Assistants,"Assist social scientists in laboratory, survey, and other social science research. May help prepare findings for publication and assist in laboratory analysis, quality control, or data management.",Reading Comprehension|Active Listening|Writing|Critical Thinking|Speaking|Science|Mathematics|Active Learning|Learning Strategies|Monitoring,4.0|3.75|3.75|3.75|3.38|3.25|3.12|3.12|3.0|2.88,Microsoft Outlook|Graphics software|Python|Tableau|IBM SPSS Statistics|Microsoft Office software|Database software|Microsoft Access|The MathWorks MATLAB|Online library databases|Adobe InDesign|SAS|Microsoft SQL Server|Statistical software|Microsoft Visual Basic,Y|Y|N|Y|N|Y|Y|N|Y|Y|Y|Y|Y|Y|Y
19-4071.00,Forest and Conservation Technicians,"Provide technical assistance regarding the conservation of soil, water, forests, or related natural resources. May compile data pertaining to size, content, condition, and other characteristics of forest tracts under the direction of foresters, or train and lead forest workers in forest propagation and fire prevention and suppression. May assist conservation scientists in managing, improving, and protecting rangelands and wildlife habitats.",Active Listening|Critical Thinking|Reading Comprehension|Speaking|Monitoring|Writing|Active Learning|Learning Strategies|Mathematics|Science,3.75|3.75|3.38|3.25|3.12|3.0|3.0|3.0|2.75|2.75,Microsoft Outlook|Assisi Compiler|Leica Geosystems ERDAS IMAGINE|Assisi Forest|Microsoft Office software|LoggerPC software|Database software|Microsoft Access|JRP Consulting Plant Wizard|PhoenixPRO Forest Activity Tracking|JRP Consulting Survey Wizard|Facebook|Geomechanical design analysis GDA software|Haglof Sweden AB TCruise Forest Inventory|Forest EcoSurvey,N|N|N|N|N|N|N|N|N|N|Y|N|Y|N|N
19-4092.00,Forensic Science Technicians,"Collect, identify, classify, and analyze physical evidence related to criminal investigations. Perform tests on weapons or substances, such as fiber, hair, and tissue to determine significance to investigation. May testify as expert witnesses on evidence or crime laboratory techniques. May serve as specialists in area of expertise, such as ballistics, fingerprinting, handwriting, or biochemistry.",Reading Comprehension|Active Listening|Writing|Speaking|Critical Thinking|Active Learning|Science|Monitoring|Learning Strategies|Mathematics,4.0|4.0|4.0|4.0|4.0|3.38|3.25|3.25|3.0|2.75,Microsoft Outlook|Graphics software|Trancite Logic Systems ScenePD|Corel WordPerfect Office Suite|Integrated Automated Fingerprint Identification System IAFIS|Microsoft Office software|SmartDraw Legal|Microsoft Access|IBM Notes|Visual Statement Vista FX3 CSI|DataWorks Plus Digital CrimeScene|Adobe Photoshop|Microsoft Visio|DM2 Bills of Lading|Mideo Systems EZDoc Plus,Y|N|N|N|N|N|N|N|N|N|N|N|N|N|N
19-4099.00,"Life, Physical, and Social Science Technicians, All Other","All life, physical, and social science technicians not listed separately.",,,,
19-4099.01,Quality Control Analysts,"Conduct tests to determine quality of raw materials, bulk intermediate and finished products. May conduct stability sample tests.",Reading Comprehension|Monitoring|Active Listening|Writing|Critical Thinking|Speaking|Active Learning|Mathematics|Science|Learning Strategies,3.75|3.75|3.38|3.25|3.25|3.12|3.12|3.0|2.75|2.75,LabWare LIMS|Microsoft Outlook|Microsoft Office software|Hypertext markup language HTML|Relational database management software|SAP BusinessObjects Crystal Reports|Database software|Selenium|Microsoft Access|Microsoft Project|The MathWorks MATLAB|IBM Notes|Code profilers|Parasoft SOAtest|SAP software,Y|Y|N|Y|N|N|N|N|Y|N|N|N|Y|N|N
19-4099.03,Remote Sensing Technicians,"Apply remote sensing technologies to assist scientists in areas such as natural resources, urban planning, or homeland security. May prepare flight plans or sensor configurations for flight trips.",Critical Thinking|Reading Comprehension|Speaking|Mathematics|Active Listening|Monitoring|Writing|Active Learning|Learning Strategies|Science,3.75|3.5|3.5|3.5|3.38|3.38|3.25|3.0|2.75|2.62,Airdata|GeoCue PointVue LE|ServiceNow|SAS|SAP software|ArduPilot Mission Planner|UNIX|Amazon Web Services AWS software|UNIX Shell|LP360|Linux|Verilog|Litchi|Structured query language SQL|Microsoft Azure software,Y|Y|N|N|N|Y|Y|Y|Y|N|N|Y|Y|Y|N
19-5011.00,Occupational Health and Safety Specialists,"Review, evaluate, and analyze work environments and design programs and procedures to control, eliminate, and prevent disease or injury caused by chemical, physical, and biological agents or ergonomic factors. May conduct inspections and enforce adherence to laws and regulations governing the health and safety of individuals. May be employed in the public or private sector.",Reading Comprehension|Active Listening|Writing|Speaking|Critical Thinking|Monitoring|Active Learning|Mathematics|Learning Strategies|Science,4.0|4.0|4.0|4.0|3.75|3.62|3.38|3.0|3.0|2.75,Microsoft Outlook|Microsoft Office software|Database software|Microsoft Access|Microsoft Project|RAE Systems HazRAE|SAP software|Quality Systems Incorporated Safety Tagging System|Microsoft Windows|Microsoft SharePoint|Medgate Enterprise EHS|ESS Compliance Suite|Microsoft Word|Curtis Management Resources Training Management System|Primatech AUDITWorks,N|N|N|N|N|N|N|Y|Y|Y|Y|Y|Y|Y|Y
19-5012.00,Occupational Health and Safety Technicians,"Collect data on work environments for analysis by occupational health and safety specialists. Implement and conduct evaluation of programs designed to limit chemical, physical, biological, and ergonomic risks to workers.",Active Listening|Reading Comprehension|Speaking|Critical Thinking|Writing|Monitoring|Active Learning|Learning Strategies|Mathematics|Science,4.0|3.88|3.88|3.88|3.75|3.25|3.12|3.0|2.75|2.75,Microsoft Outlook|Graphics software|QuestSuite Professional|Microsoft Office software|Teleconferencing software|Database software|Microsoft Access|SAP software|Industrial Scientific iNET|TapRooT|Remedy Interactive iMitigate|Microsoft SharePoint|Microsoft Word|Brady Lockout Pro|Email software,N|N|N|N|N|Y|Y|Y|Y|Y|Y|Y|N|N|Y
21-1011.00,Substance Abuse and Behavioral Disorder Counselors,"Counsel and advise individuals with alcohol, tobacco, drug, or other problems, such as gambling and eating disorders. May counsel individuals, families, or groups or engage in prevention programs.",Active Listening|Speaking|Reading Comprehension|Writing|Monitoring|Critical Thinking|Active Learning|Learning Strategies|Mathematics|Science,4.25|4.12|4.0|4.0|4.0|3.88|3.88|3.25|2.0|1.88,Microsoft Outlook|ACMS Casewatch Millenium|Microsoft Office software|Scheduling software|Client System|Database software|CaseManagement.com E-Reports|Varian Medical Systems|STI Computer Services ChartMaker|Practice Technology Prevail|Allscripts Canopy|IMA Technologies CaseTrakker|Statistical software|Online informational database software|Addison Health Systems WritePad EHR,N|N|N|N|N|N|N|N|N|N|N|N|N|N|N
21-1012.00,"Educational, Guidance, and Career Counselors and Advisors",Advise and assist students and provide educational and vocational guidance services.,Active Listening|Speaking|Reading Comprehension|Writing|Critical Thinking|Active Learning|Learning Strategies|Monitoring|Mathematics|Science,4.38|4.12|3.88|3.88|3.88|3.75|3.75|3.75|2.25|1.5,LexisNexis|LinkedIn|Microsoft Outlook|O*NET OnLine|Adobe ActionScript|Computerized statistical packages|Counseling software|Computer-assisted career guidance software|Computerized testing programs|Computerized diagnostic programs|Yahoo! Email|Microsoft Office software|Prezi|Career Cruising|Student information systems SIS software,N|N|N|Y|N|N|N|N|N|N|N|N|N|N|N
21-1013.00,Marriage and Family Therapists,"Diagnose and treat mental and emotional disorders, whether cognitive, affective, or behavioral, within the context of marriage and family systems. Apply psychotherapeutic and family systems theories and techniques in the delivery of services to individuals, couples, and families for the purpose of treating such diagnosed nervous and mental disorders.",Active Listening|Speaking|Reading Comprehension|Writing|Critical Thinking|Active Learning|Monitoring|Learning Strategies|Science|Mathematics,4.75|4.25|4.0|3.88|3.88|3.88|3.88|3.38|2.38|2.0,Microsoft Outlook|Netsmart Technologies Helper|EZ2Bill Confidant|eMDs Medisoft|Microsoft Office software|SumTime Software SumTime|Microsoft Access|Microsoft Teams|Mdansby The PsychReport|Beaver Creek Software The THERAPIST|PracticePRO Software Systems QuickPractice|TheraManager|Google Meet|EZClaim medical billing software|PM/2 Clinical Planner,N|N|N|N|N|N|N|N|N|N|N|N|N|N|Y
21-1014.00,Mental Health Counselors,"Counsel and advise individuals and groups to promote optimum mental and emotional health, with an emphasis on prevention. May help individuals deal with a broad range of mental health issues, such as those associated with addictions and substance abuse; family, parenting, and marital problems; stress management; self-esteem; or aging.",Active Listening|Speaking|Reading Comprehension|Writing|Critical Thinking|Active Learning|Monitoring|Learning Strategies|Science|Mathematics,5.0|4.25|4.12|4.12|4.0|3.75|3.75|3.12|2.75|2.0,Microsoft Outlook|Microsoft Office software|Scheduling software|Database software|Microsoft Access|Oracle PeopleSoft|Patient electronic medical record EMR software|Statistical software|Microsoft Internet Explorer|Test interpretation software|Management information systems MIS|Netscape Navigator|Microsoft Word|Client information database systems|Google Classroom,N|N|N|N|N|Y|N|Y|N|Y|Y|Y|Y|N|Y
21-1015.00,Rehabilitation Counselors,"Counsel individuals to maximize the independence and employability of persons coping with personal, social, and vocational difficulties that result from birth defects, illness, disease, accidents, aging, or the stress of daily life. Coordinate activities for residents of care and treatment facilities. Assess client needs and design and implement rehabilitation programs that may include personal and vocational counseling, training, and job placement.",Active Listening|Speaking|Monitoring|Reading Comprehension|Critical Thinking|Writing|Active Learning|Learning Strategies|Mathematics|Science,4.12|4.12|4.12|3.88|3.88|3.5|3.25|3.12|2.0|2.0,Microsoft Outlook|SkillTRAN OASYS|Microsoft ActiveSync|Microsoft Office software|Scheduling software|Encryption software|Microsoft Office Mobile|Global positioning system GPS software|Fanatic Software Informant|Microsoft Office Outlook|Virus protection software|Budgeting software|Microsoft Internet Explorer|Microsoft Mobile Explorer MME|Test interpretation software,N|N|N|N|N|N|N|N|N|N|N|Y|N|N|N
21-1019.00,"Counselors, All Other",All counselors not listed separately.,,,,
21-1021.00,"Child, Family, and School Social Workers","Provide social services and assistance to improve the social and psychological functioning of children and their families and to maximize the family well-being and the academic functioning of children. May assist parents, arrange adoptions, and find foster homes for abandoned or abused children. In schools, they address such problems as teenage pregnancy, misbehavior, and truancy. May also advise teachers.",Active Listening|Speaking|Critical Thinking|Reading Comprehension|Monitoring|Writing|Active Learning|Learning Strategies|Science|Mathematics,4.88|4.5|4.12|4.0|3.88|3.75|3.38|3.12|2.25|2.0,Microsoft Word|Microsoft Outlook|Microsoft PowerPoint|Microsoft Office software|Patient electronic medical record EMR software|Student information systems SIS software|Web browser software|Microsoft Excel|Microsoft Access|EasyCBM,N|Y|Y|Y|Y|Y|Y|N|N|N
21-1022.00,Healthcare Social Workers,"Provide individuals, families, and groups with the psychosocial support needed to cope with chronic, acute, or terminal illnesses. Services include advising family caregivers. Provide patients with information and counseling, and make referrals for other services. May also provide case and care management or interventions designed to promote health, prevent disease, and address barriers to access to healthcare.",Speaking|Reading Comprehension|Active Listening|Critical Thinking|Writing|Active Learning|Monitoring|Learning Strategies|Science|Mathematics,4.12|4.0|4.0|4.0|3.88|3.75|3.25|3.12|2.62|2.0,Medical procedure coding software|Corel WordPerfect Office Suite|Microsoft Office software|Information presentation software|Database software|Microsoft Teams|Google Meet|Microsoft Publisher|Patient electronic medical record EMR software|Healthcare common procedure coding system HCPCS|Relational database software|Calendar software|Adobe PageMaker|Social Work Software ClientTouch|Microsoft Word,N|N|N|N|N|N|N|N|N|N|N|N|N|N|Y
21-1023.00,Mental Health and Substance Abuse Social Workers,"Assess and treat individuals with mental, emotional, or substance abuse problems, including abuse of alcohol, tobacco, and/or other drugs. Activities may include individual and group therapy, crisis intervention, case management, client advocacy, prevention, and education.",Active Listening|Speaking|Reading Comprehension|Critical Thinking|Monitoring|Writing|Learning Strategies|Active Learning|Science|Mathematics,4.12|4.12|4.0|4.0|4.0|3.75|3.75|3.25|2.62|2.0,Medical procedure coding software|Microsoft Outlook|Corel WordPerfect Office Suite|Microsoft Office software|Medical condition coding software|Scheduling software|Information presentation software|Database software|Microsoft Publisher|Patient electronic medical record EMR software|Microsoft Internet Explorer|Client records software|Microsoft SharePoint|Netscape Navigator|Adobe PageMaker,Y|N|N|N|N|N|N|N|N|N|Y|N|Y|Y|Y
21-1029.00,"Social Workers, All Other",All social workers not listed separately.,,,,
21-1091.00,Health Education Specialists,"Provide and manage health education programs that help individuals, families, and their communities maximize and maintain healthy lifestyles. Use data to identify community needs prior to planning, implementing, monitoring, and evaluating programs designed to encourage healthy lifestyles, policies, and environments. May link health systems, health providers, insurers, and patients to address individual and population health needs. May serve as resource to assist individuals, other health professionals, or the community, and may administer fiscal resources for health education programs.",Active Listening|Writing|Speaking|Learning Strategies|Active Learning|Reading Comprehension|Critical Thinking|Monitoring|Science|Mathematics,4.12|4.12|4.12|4.0|3.88|3.75|3.75|3.25|2.5|2.12,Microsoft Outlook|Microsoft Office software|Microsoft Access|Centers for Disease Control and Prevention Epi Info|Facebook|Microsoft Publisher|Adobe Photoshop|Blogging software|Microsoft Visio|Centers for Disease Control and Prevention CDC WONDER|LogMeIn GoToWebinar|Blackbaud The Raiser's Edge|JamBoard|Blackboard software|Padlet,Y|N|N|N|N|N|N|Y|N|N|Y|N|Y|Y|Y
21-1092.00,Probation Officers and Correctional Treatment Specialists,"Provide social services to assist in rehabilitation of law offenders in custody or on probation or parole. Make recommendations for actions involving formulation of rehabilitation plan and treatment of offender, including conditional release and education and employment stipulations.",Active Listening|Speaking|Reading Comprehension|Critical Thinking|Writing|Monitoring|Active Learning|Learning Strategies|Mathematics|Science,4.0|4.0|3.88|3.88|3.75|3.75|3.38|2.25|1.88|1.75,Facebook|LinkedIn|Microsoft Outlook|Microsoft Word|Tyler Technologies Odyssey Case Manager|Corel WordPerfect Office Suite|Microsoft PowerPoint|Appointment scheduling software|Case management software|Electronic tracking device software|Microsoft Office software|Speech recognition software|Email software|Microsoft Excel|Web browser software,N|N|N|N|N|N|Y|N|Y|Y|Y|Y|Y|Y|N
21-1093.00,Social and Human Service Assistants,"Assist other social and human service providers in providing client services in a wide variety of fields, such as psychology, rehabilitation, or social work, including support for families. May assist clients in identifying and obtaining available benefits and social and community services. May assist social workers with developing, organizing, and conducting programs to prevent and resolve problems relevant to substance abuse, human relationships, rehabilitation, or dependent care.",Active Listening|Speaking|Reading Comprehension|Writing|Critical Thinking|Monitoring|Active Learning|Learning Strategies|Mathematics|Science,4.0|4.0|3.75|3.62|3.62|3.62|3.25|2.88|2.0|1.75,Microsoft Word|Microsoft Outlook|Nuance Dragon NaturallySpeaking|MEDITECH software|Microsoft PowerPoint|PointClickCare healthcare software|Microsoft Office software|Web browser software|Microsoft Excel|Database software|Microsoft Access|Electronic medical record EMR software,N|N|Y|Y|Y|Y|Y|Y|Y|N|N|N
21-1094.00,Community Health Workers,"Promote health within a community by assisting individuals to adopt healthy behaviors. Serve as an advocate for the health needs of individuals by assisting community residents in effectively communicating with healthcare providers or social service agencies. Act as liaison or advocate and implement programs that promote, maintain, and improve individual and overall community health. May deliver health-related preventive services such as blood pressure, glaucoma, and hearing screenings. May collect data to help identify community health needs.",Active Listening|Speaking|Critical Thinking|Reading Comprehension|Active Learning|Writing|Monitoring|Learning Strategies|Mathematics|Science,4.0|4.0|4.0|3.88|3.88|3.75|3.75|3.12|2.0|1.5,Zoom|Microsoft Word|Microsoft Outlook|Electronic health record EHR software|Microsoft Publisher|Microsoft PowerPoint|Microsoft Office software|SmugMug Flickr|Web browser software|Microsoft Excel|Microsoft Access|Client databases|Google Workspace software|Apple macOS,Y|N|N|Y|Y|Y|Y|Y|Y|N|Y|N|N|Y
21-1099.00,"Community and Social Service Specialists, All Other",All community and social service specialists not listed separately.,,,,
21-2011.00,Clergy,Conduct religious worship and perform other spiritual functions associated with beliefs and practices of religious faith or denomination. Provide spiritual and moral guidance and assistance to members.,Speaking|Active Listening|Reading Comprehension|Writing|Critical Thinking|Active Learning|Learning Strategies|Monitoring|Mathematics|Science,4.75|4.25|3.88|3.88|3.75|3.75|3.62|3.5|1.88|1.38,Facebook|Microsoft Outlook|Microsoft Word|Event scheduling software|Microsoft Office software|GroupMe|Email software|Microsoft Excel|Web browser software|Microsoft PowerPoint|Membership databases|Twitter,N|N|Y|N|N|Y|Y|Y|Y|Y|N|N
21-2021.00,"Directors, Religious Activities and Education","Coordinate or design programs and conduct outreach to promote the religious education or activities of a denominational group. May provide counseling, guidance, and leadership relative to marital, health, financial, and religious problems.",Speaking|Active Listening|Reading Comprehension|Critical Thinking|Active Learning|Learning Strategies|Writing|Monitoring|Mathematics|Science,4.12|4.0|3.88|3.88|3.88|3.75|3.25|3.12|2.12|1.38,Zoom|Facebook|Microsoft Outlook|Microsoft Word|Event scheduling software|Microsoft Publisher|Microsoft PowerPoint|Website development software|Social media software|Adobe Photoshop|Microsoft Office software|Email software|Database software|Microsoft Excel|Microsoft Access,Y|N|N|N|Y|Y|Y|Y|Y|Y|Y|N|Y|N|N
21-2099.00,"Religious Workers, All Other",All religious workers not listed separately.,,,,
23-1011.00,Lawyers,"Represent clients in criminal and civil litigation and other legal proceedings, draw up legal documents, or manage or advise clients on legal transactions. May specialize in a single area or may practice broadly in many areas of law.",Speaking|Reading Comprehension|Active Listening|Critical Thinking|Writing|Active Learning|Monitoring|Learning Strategies|Mathematics|Science,4.62|4.5|4.5|4.5|4.25|3.75|3.38|3.12|2.0|1.5,Canyon Solutions Jcats|Computer Sciences Corporation Legal Solutions Suite|LT Online Corporation LAWTRAC|Legal Files software|Virtual Case Management|SAP software|WealthCounsel WealthDocs|Constellation Justice Systems CourtView|SUSTAIN Justice Edition|Advanced Technologies Class Act|SMEsource BillingOrchard|AbacusNext HotDocs|CT hCue|Crocodile Consulting Traffic Control|WebEx WebOffice,N|N|N|N|Y|N|N|N|N|N|N|N|N|N|N
23-1012.00,Judicial Law Clerks,Assist judges in court or by conducting research or preparing legal documents.,Reading Comprehension|Active Listening|Critical Thinking|Writing|Speaking|Active Learning|Learning Strategies|Monitoring|Mathematics|Science,4.5|4.25|4.25|4.12|4.0|3.75|3.0|3.0|1.88|1.0,LexisNexis|Microsoft Outlook|Canyon Solutions Jcats|Corel WordPerfect Office Suite|LexisNexis CourtLink Strategic Profiles|Microsoft Office software|Legal Files software|LexisNexis SmartLinx|Justice Systems FullCourt Enterprise|Microsoft Access|American Legalnet Smart Dockets|Syscon Court Clerk|Oracle JavaServer Pages JSP|Thomson Reuters Elite ProLaw|American Legalnet eDockets,N|Y|N|N|N|N|N|N|N|N|N|N|N|N|N
23-1021.00,"Administrative Law Judges, Adjudicators, and Hearing Officers","Conduct hearings to recommend or make decisions on claims concerning government programs or other government-related matters. Determine liability, sanctions, or penalties, or recommend the acceptance or rejection of claims or settlements.",Reading Comprehension|Active Listening|Critical Thinking|Writing|Speaking|Active Learning|Monitoring|Learning Strategies|Mathematics|Science,4.5|4.5|4.5|4.25|4.12|4.0|3.88|3.0|2.12|1.38,LexisNexis|Microsoft Windows|Microsoft Outlook|Microsoft Word|Videoconferencing software|Microsoft PowerPoint|SAP software|Microsoft Office software|Thomson Reuters Westlaw|Adobe Acrobat|Courtroom scheduling software|Email software|Microsoft Excel|Web browser software|Microsoft Access,Y|N|N|N|Y|Y|Y|Y|Y|Y|Y|N|Y|N|N
23-1022.00,"Arbitrators, Mediators, and Conciliators",Facilitate negotiation and conflict resolution through dialogue. Resolve conflicts outside of the court system by mutual consent of parties involved.,Active Listening|Writing|Reading Comprehension|Speaking|Critical Thinking|Active Learning|Learning Strategies|Monitoring|Mathematics|Science,4.38|4.25|4.12|4.12|4.0|3.88|2.88|2.88|2.12|1.25,Microsoft Word|Microsoft Outlook|Microsoft SharePoint|Microsoft Access|Microsoft Office software|SAP software|Scheduling software|Web browser software|Microsoft Excel|Salesforce software|Microsoft PowerPoint|Oracle PeopleSoft,Y|Y|Y|Y|Y|Y|Y|Y|Y|Y|N|N
23-1023.00,"Judges, Magistrate Judges, and Magistrates","Arbitrate, advise, adjudicate, or administer justice in a court of law. May sentence defendant in criminal cases according to government statutes or sentencing guidelines. May determine liability of defendant in civil cases. May perform wedding ceremonies.",Active Listening|Critical Thinking|Reading Comprehension|Writing|Speaking|Active Learning|Monitoring|Learning Strategies|Mathematics|Science,5.0|4.88|4.25|4.12|4.12|4.0|3.88|2.75|2.12|1.75,LexisNexis|LinkedIn|Microsoft Outlook|Microsoft Word|Videoconferencing software|Hyland OnBase Enterprise Content Management|Microsoft Office software|Thomson Reuters Westlaw|Adobe Acrobat|Courtroom scheduling software|Email software|Microsoft Excel|Web browser software|Microsoft PowerPoint|Online databases,Y|N|N|N|N|N|Y|Y|Y|Y|Y|N|N|N|N
23-2011.00,Paralegals and Legal Assistants,"Assist lawyers by investigating facts, preparing legal documents, or researching legal precedent. Conduct research to support a legal proceeding, to formulate a defense, or to initiate legal action.",Writing|Reading Comprehension|Active Listening|Speaking|Critical Thinking|Active Learning|Monitoring|Learning Strategies|Mathematics|Science,4.0|3.88|3.88|3.62|3.25|3.0|3.0|2.25|2.0|1.38,Appligent Citation FDFMerge|Dataflight Opticon|FindForms|LexisNexis SmartLinx|Digital contract software|Uniscribe|IBM Notes|Thomson West FindLaw|Computer access catalog software|CaseSoft TimeMap|Tumbleweed SecureTransport|IntelliPDF CURVES|MicroStrategy|LexisNexis Time Matters|Records management software,N|N|Y|N|N|N|N|N|N|N|N|N|N|N|N
23-2093.00,"Title Examiners, Abstractors, and Searchers","Search real estate records, examine titles, or summarize pertinent legal or insurance documents or details for a variety of purposes. May compile lists of mortgages, contracts, and other instruments pertaining to titles by searching public and private records for law firms, real estate agencies, or title insurance companies.",Reading Comprehension|Active Listening|Speaking|Critical Thinking|Writing|Monitoring|Active Learning|Learning Strategies|Mathematics|Science,4.0|3.75|3.62|3.62|3.25|3.0|2.88|2.38|2.12|1.0,Microsoft Outlook|PropertyInfo SureClose|Microsoft Office software|RamQuest Total Solution|Microsoft Access|Data Trace Title IQ|Geographic information system GIS databases|GATORS ANYWHERE|Property Insight TitlePoint|Salesforce software|Microsoft Internet Explorer|SoftPro real estate closing and title software|Microsoft Windows|File management software|Microsoft Word,Y|N|N|N|N|N|N|Y|N|Y|Y|N|Y|Y|Y
23-2099.00,"Legal Support Workers, All Other",All legal support workers not listed separately.,,,,
25-1011.00,"Business Teachers, Postsecondary","Teach courses in business administration and management, such as accounting, finance, human resources, labor and industrial relations, marketing, and operations research. Includes both teachers primarily engaged in teaching and those who do a combination of teaching and research.",Speaking|Reading Comprehension|Active Listening|Writing|Learning Strategies|Critical Thinking|Active Learning|Monitoring|Mathematics|Science,4.25|4.0|4.0|4.0|4.0|3.88|3.88|3.62|3.0|1.88,Microsoft Outlook|Google Gmail|Sakai CLE|Learning management system LMS|IBM SPSS Statistics|Almaris E-Learning Systems Financial Accounting Tutor|Microsoft Office software|Hypertext markup language HTML|Instructure Canvas|SAS|Collaborative editing software|Schoology|StataCorp Stata|Course management system software|Sage 50 Accounting,N|N|N|N|N|N|N|N|Y|N|N|Y|Y|N|N
25-1021.00,"Computer Science Teachers, Postsecondary","Teach courses in computer science. May specialize in a field of computer science, such as the design and function of computers or operations and research analysis. Includes both teachers primarily engaged in teaching and those who do a combination of teaching and research.",Reading Comprehension|Writing|Speaking|Active Listening|Critical Thinking|Active Learning|Learning Strategies|Monitoring|Mathematics|Science,4.0|4.0|4.0|3.88|3.88|3.88|3.88|3.75|3.12|2.75,Microsoft Outlook|Python|Sakai CLE|Learning management system LMS|Microsoft Office software|Hypertext markup language HTML|Database software|Microsoft Access|Adobe Photoshop|Moodle|Virtual private networking VPN software|Microsoft Visual Basic.NET|Collaborative editing software|UNIX|Microsoft Visual Basic,N|Y|N|N|N|Y|Y|Y|N|N|N|N|N|N|N
25-1022.00,"Mathematical Science Teachers, Postsecondary","Teach courses pertaining to mathematical concepts, statistics, and actuarial science and to the application of original and standardized mathematical techniques in solving specific problems and situations. Includes both teachers primarily engaged in teaching and those who do a combination of teaching and research.",Mathematics|Speaking|Reading Comprehension|Active Listening|Writing|Critical Thinking|Learning Strategies|Monitoring|Active Learning|Science,4.25|4.12|4.0|4.0|3.88|3.88|3.88|3.88|3.75|2.38,Microsoft Outlook|Sakai CLE|Learning management system LMS|Microsoft Office software|Microsoft Access|Desmos|SAS|Moodle|Collaborative editing software|Microsoft Visual Basic|Course management system software|DOC Cop|Desire2Learn LMS software|Blackboard software|Structured query language SQL,N|N|N|N|N|N|N|N|N|Y|N|N|N|Y|Y
25-1031.00,"Architecture Teachers, Postsecondary","Teach courses in architecture and architectural design, such as architectural environmental design, interior architecture/design, and landscape architecture. Includes both teachers primarily engaged in teaching and those who do a combination of teaching and research.",Reading Comprehension|Speaking|Learning Strategies|Active Listening|Writing|Critical Thinking|Active Learning|Monitoring|Mathematics|Science,4.12|4.12|4.12|4.0|4.0|3.88|3.88|3.75|2.88|2.38,Autodesk Inventor|Microsoft Outlook|Sakai CLE|Learning management system LMS|McNeel Rhinoceros 3D|Autodesk 3D Studio Design|Microsoft Office software|Autodesk Revit|Adobe InDesign|Autodesk AutoCAD|Adobe Photoshop|Autodesk Mudbox|Blender|Autodesk 3ds Max|Collaborative editing software,Y|Y|Y|Y|Y|N|N|Y|N|N|N|Y|N|N|N
25-1032.00,"Engineering Teachers, Postsecondary","Teach courses pertaining to the application of physical laws and principles of engineering for the development of machines, materials, instruments, processes, and services. Includes teachers of subjects such as chemical, civil, electrical, industrial, mechanical, mineral, and petroleum engineering. Includes both teachers primarily engaged in teaching and those who do a combination of teaching and research.",Speaking|Learning Strategies|Reading Comprehension|Active Listening|Writing|Mathematics|Critical Thinking|Active Learning|Science|Monitoring,4.12|4.12|4.0|4.0|3.88|3.88|3.88|3.62|3.5|3.38,Microsoft Outlook|Python|Sakai CLE|Learning management system LMS|Microsoft Office software|Autodesk Revit|Microsoft Project|The MathWorks MATLAB|PTC Creo Parametric|Autodesk AutoCAD|Collaborative editing software|Oracle Primavera Enterprise Project Portfolio Management|Dassault Systemes SolidWorks|C++|Course management system software,Y|Y|N|Y|N|N|N|Y|N|N|N|N|Y|N|N
25-1041.00,"Agricultural Sciences Teachers, Postsecondary","Teach courses in the agricultural sciences. Includes teachers of agronomy, dairy sciences, fisheries management, horticultural sciences, poultry sciences, range management, and agricultural soil conservation. Includes both teachers primarily engaged in teaching and those who do a combination of teaching and research.",Reading Comprehension|Speaking|Learning Strategies|Active Listening|Writing|Critical Thinking|Active Learning|Monitoring|Science|Mathematics,4.12|4.12|4.12|4.0|4.0|4.0|4.0|3.88|3.5|3.0,Microsoft Outlook|Sakai CLE|Learning management system LMS|Microsoft Office software|Database software|Epic Systems|Web page design software|Collaborative editing software|Course management system software|DOC Cop|Desire2Learn LMS software|iParadigms Turnitin|Microsoft Word|Data management software|Image scanning software,N|N|N|N|N|N|N|N|Y|Y|N|N|N|Y|Y
25-1042.00,"Biological Science Teachers, Postsecondary",Teach courses in biological sciences. Includes both teachers primarily engaged in teaching and those who do a combination of teaching and research.,Speaking|Learning Strategies|Reading Comprehension|Active Listening|Writing|Science|Active Learning|Critical Thinking|Monitoring|Mathematics,4.25|4.12|4.0|4.0|4.0|4.0|4.0|3.88|3.88|3.12,Microsoft Outlook|Sakai CLE|Learning management system LMS|Aipotu|Geographic information system GIS software|IBM SPSS Statistics|Microsoft Office software|Graphics creation software|Image analysis software|The MathWorks MATLAB|SAS|Moodle|The Protein Investigator|The Virtual Genetics Lab|Collaborative editing software,N|N|N|N|N|N|N|N|N|Y|N|Y|N|N|N
25-1043.00,"Forestry and Conservation Science Teachers, Postsecondary",Teach courses in forestry and conservation science. Includes both teachers primarily engaged in teaching and those who do a combination of teaching and research.,Reading Comprehension|Writing|Learning Strategies|Active Listening|Speaking|Active Learning|Critical Thinking|Monitoring|Science|Mathematics,4.12|4.12|4.12|4.0|4.0|4.0|3.88|3.88|3.25|3.0,Microsoft Outlook|Leica Geosystems ERDAS IMAGINE|Learning management system LMS|Geographic information system GIS software|MySQL|Sakai CLE|Microsoft Office software|Structure query language SQL|Electronic data interchange EDI software|SAS|SAP software|Microsoft Visio|Collaborative editing software|Salesforce software|Course management system software,N|Y|N|N|N|N|N|N|N|Y|N|Y|Y|Y|N
25-1051.00,"Atmospheric, Earth, Marine, and Space Sciences Teachers, Postsecondary","Teach courses in the physical sciences, except chemistry and physics. Includes both teachers primarily engaged in teaching, and those who do a combination of teaching and research.",Speaking|Reading Comprehension|Active Listening|Writing|Science|Critical Thinking|Active Learning|Learning Strategies|Monitoring|Mathematics,4.75|4.0|4.0|4.0|4.0|4.0|3.88|3.88|3.62|3.38,CGG HampsonRussell|Microsoft Outlook|Sakai CLE|Learning management system LMS|Software development tools|Adobe After Effects|Schlumberger Petrel E&P|Microsoft Office software|Quality Positioning Services Fledermaus|Midland Valley Move Suite|Wolfram Research Mathematica|The MathWorks MATLAB|Adobe Photoshop|Tecplot software|OpendTect,N|Y|Y|Y|N|N|N|N|N|N|N|N|N|N|Y
25-1052.00,"Chemistry Teachers, Postsecondary","Teach courses pertaining to the chemical and physical properties and compositional changes of substances. Work may include providing instruction in the methods of qualitative and quantitative chemical analysis. Includes both teachers primarily engaged in teaching, and those who do a combination of teaching and research.",Reading Comprehension|Writing|Speaking|Active Listening|Science|Critical Thinking|Active Learning|Learning Strategies|Monitoring|Mathematics,4.12|4.12|4.12|4.0|4.0|4.0|4.0|4.0|4.0|3.25,Microsoft Outlook|Sakai CLE|Learning management system LMS|IHRSR++|Microsoft Office software|OriginLab Origin|Auto3DEM|PerkinElmer ChemOffice Chem3D|Moodle|Collaborative editing software|Course management system software|PerkinElmer ChemOffice Suite|DOC Cop|Desire2Learn LMS software|Wavefunction Spartan,N|N|N|N|N|N|N|N|Y|N|N|N|N|Y|Y
25-1053.00,"Environmental Science Teachers, Postsecondary",Teach courses in environmental science. Includes both teachers primarily engaged in teaching and those who do a combination of teaching and research.,Reading Comprehension|Speaking|Active Listening|Writing|Science|Critical Thinking|Learning Strategies|Active Learning|Monitoring|Mathematics,4.12|4.12|4.0|4.0|4.0|4.0|4.0|3.88|3.88|3.0,Microsoft Outlook|Sakai CLE|Learning management system LMS|Microsoft Office software|Microsoft Access|Autodesk AutoCAD|Collaborative editing software|Course management system software|ESRI ArcGIS software|Desire2Learn LMS software|Geographic information system GIS systems|iParadigms Turnitin|Microsoft Word|Microsoft PowerPoint|Social media software,Y|Y|N|N|N|N|N|N|Y|N|Y|N|N|N|N
25-1054.00,"Physics Teachers, Postsecondary",Teach courses pertaining to the laws of matter and energy. Includes both teachers primarily engaged in teaching and those who do a combination of teaching and research.,Reading Comprehension|Speaking|Science|Active Listening|Writing|Critical Thinking|Active Learning|Learning Strategies|Mathematics|Monitoring,4.12|4.12|4.12|4.0|4.0|4.0|4.0|4.0|3.62|3.62,Microsoft Outlook|Sakai CLE|Learning management system LMS|Microsoft Office software|VASP Data Viewer|Wolfram Research Mathematica|OriginLab Origin|The MathWorks MATLAB|FFTW|Gnuplot|Edmodo|Autodesk AutoCAD|Collaborative editing software|Visual Molecular Dynamics VMD|C++,Y|N|Y|Y|N|N|N|N|N|N|N|N|N|N|N
25-1061.00,"Anthropology and Archeology Teachers, Postsecondary",Teach courses in anthropology or archeology. Includes both teachers primarily engaged in teaching and those who do a combination of teaching and research.,Speaking|Reading Comprehension|Writing|Active Listening|Learning Strategies|Active Learning|Critical Thinking|Monitoring|Science|Mathematics,4.88|4.75|4.62|4.38|4.38|4.25|4.0|3.88|3.75|2.62,Microsoft Outlook|Sakai CLE|Learning management system LMS|Geographic information system GIS software|IBM SPSS Statistics|Google Docs|Microsoft Office software|ESRI ArcGIS Geostatistical Analyst|Microsoft Access|Adobe Photoshop|Golden Software Surfer|Collaborative editing software|ESRI ArcMap|ESRI ArcView 3D Analyst|Course management system software,Y|Y|N|Y|Y|N|N|N|N|N|N|N|N|Y|N
25-1062.00,"Area, Ethnic, and Cultural Studies Teachers, Postsecondary","Teach courses pertaining to the culture and development of an area, an ethnic group, or any other group, such as Latin American studies, women's studies, or urban affairs. Includes both teachers primarily engaged in teaching and those who do a combination of teaching and research.",Reading Comprehension|Speaking|Active Listening|Writing|Active Learning|Learning Strategies|Critical Thinking|Monitoring|Science|Mathematics,4.25|4.12|4.0|4.0|4.0|4.0|3.88|3.12|2.5|2.0,Microsoft Outlook|Sakai CLE|Learning management system LMS|Microsoft Office software|Collaborative editing software|Course management system software|Microsoft Windows|DOC Cop|Desire2Learn LMS software|iParadigms Turnitin|Microsoft Word|Social media software|Google Drive|Image scanning software|Blackboard Learn,N|N|N|N|N|N|N|Y|N|N|N|N|Y|Y|Y
25-1063.00,"Economics Teachers, Postsecondary",Teach courses in economics. Includes both teachers primarily engaged in teaching and those who do a combination of teaching and research.,Speaking|Reading Comprehension|Active Listening|Writing|Critical Thinking|Learning Strategies|Active Learning|Mathematics|Monitoring|Science,4.12|4.0|4.0|4.0|3.88|3.88|3.75|3.25|3.0|2.38,Sun Microsystems Java|Microsoft Outlook|Python|Sakai CLE|Learning management system LMS|Microsoft Office software|Time series modeling TSM software|Microsoft Access|Zocalo|The MathWorks MATLAB|Facebook|Gnuplot|Aptech Systems GAUSS|Estima RATS|Moodle,N|N|N|N|N|N|N|N|N|N|Y|N|N|Y|N
25-1064.00,"Geography Teachers, Postsecondary",Teach courses in geography. Includes both teachers primarily engaged in teaching and those who do a combination of teaching and research.,Writing|Speaking|Reading Comprehension|Active Listening|Critical Thinking|Active Learning|Learning Strategies|Science|Monitoring|Mathematics,4.12|4.12|4.0|4.0|3.88|3.88|3.88|3.12|3.12|2.75,Microsoft Outlook|Leica Geosystems ERDAS IMAGINE|Learning management system LMS|Geographic information system GIS software|Sakai CLE|IBM SPSS Statistics|Microsoft Office software|ESRI ArcGIS Geostatistical Analyst|HEC-RAS|Tibco S-PLUS|The MathWorks MATLAB|Geographic resources analysis support system GRASS|Mozilla Firefox|Microsoft Publisher|Collaborative editing software,N|Y|N|N|N|N|N|N|N|N|N|N|Y|N|N
25-1065.00,"Political Science Teachers, Postsecondary","Teach courses in political science, international affairs, and international relations. Includes both teachers primarily engaged in teaching and those who do a combination of teaching and research.",Speaking|Reading Comprehension|Active Listening|Writing|Active Learning|Critical Thinking|Learning Strategies|Monitoring|Science|Mathematics,4.62|4.12|4.0|4.0|4.0|3.88|3.88|3.0|2.38|2.0,Microsoft Outlook|Sakai CLE|Learning management system LMS|Empirisoft MediaLab|Microsoft Office software|W-NOMINATE|Moodle|Collaborative editing software|Course management system software|DOC Cop|Desire2Learn LMS software|poLCA|C|iParadigms Turnitin|R,N|Y|N|N|N|N|N|N|N|N|Y|N|N|N|Y
25-1066.00,"Psychology Teachers, Postsecondary","Teach courses in psychology, such as child, clinical, and developmental psychology, and psychological counseling. Includes both teachers primarily engaged in teaching and those who do a combination of teaching and research.",Learning Strategies|Reading Comprehension|Speaking|Active Listening|Writing|Critical Thinking|Active Learning|Monitoring|Science|Mathematics,4.25|4.12|4.12|4.0|4.0|3.88|3.88|3.5|3.38|3.0,Microsoft Outlook|Sakai CLE|FreeSurfer|Learning management system LMS|Empirisoft MediaLab|IBM SPSS Statistics|Microsoft Office software|Biomedical Imaging Resource Analyze|Psychology Software Tools MRI Simulator|Qualtrics Research Suite|Cedrus SuperLab Pro|PsyScript|Cengage Learning Sniffy the Virtual Rat|The MathWorks MATLAB|ePsych,N|N|N|N|N|N|N|N|N|N|N|N|N|N|Y
25-1067.00,"Sociology Teachers, Postsecondary",Teach courses in sociology. Includes both teachers primarily engaged in teaching and those who do a combination of teaching and research.,Speaking|Reading Comprehension|Active Listening|Writing|Learning Strategies|Critical Thinking|Monitoring|Active Learning|Science|Mathematics,4.62|4.0|4.0|4.0|4.0|3.75|3.75|3.62|2.75|2.12,Microsoft Outlook|Sakai CLE|Learning management system LMS|IBM SPSS Statistics|Microsoft Office software|Muthen & Muthen Mplus|The MathWorks MATLAB|SAS|Social network analysis software|Collaborative editing software|StataCorp Stata|Course management system software|DOC Cop|Desire2Learn LMS software|Blackboard software,N|N|N|N|N|N|N|N|N|Y|Y|N|N|N|Y
25-1069.00,"Social Sciences Teachers, Postsecondary, All Other",All postsecondary social sciences teachers not listed separately.,,,,
25-1071.00,"Health Specialties Teachers, Postsecondary","Teach courses in health specialties, in fields such as dentistry, laboratory technology, medicine, pharmacy, public health, therapy, and veterinary medicine.",Reading Comprehension|Speaking|Active Listening|Writing|Critical Thinking|Active Learning|Learning Strategies|Monitoring|Science|Mathematics,4.12|4.12|4.0|4.0|4.0|4.0|4.0|3.62|3.25|3.0,Medical procedure coding software|Microsoft Outlook|Electronic health record EHR software|Adobe Presenter|Geographic information system GIS software|Learning management system LMS|Sakai CLE|IBM SPSS Statistics|Microsoft Office software|Medical condition coding software|Articulate Rapid E-Learning Studio|Microsoft Access|Turning Technologies TurningPoint|SAS|TechSmith Snagit,N|N|N|N|N|N|N|N|N|N|N|N|N|Y|N
25-1072.00,"Nursing Instructors and Teachers, Postsecondary",Demonstrate and teach patient care in classroom and clinical units to nursing students. Includes both teachers primarily engaged in teaching and those who do a combination of teaching and research.,Speaking|Learning Strategies|Reading Comprehension|Active Listening|Writing|Critical Thinking|Active Learning|Monitoring|Mathematics|Science,4.12|4.12|4.0|4.0|4.0|3.88|3.88|3.88|2.88|2.88,Microsoft Outlook|Sakai CLE|Learning management system LMS|Presentation graphics software|Microsoft Office software|Moodle|Collaborative editing software|Course management system software|DOC Cop|Desire2Learn LMS software|Blackboard software|iParadigms Turnitin|Microsoft Word|MEDITECH software|Image scanning software,N|N|N|N|N|N|N|N|Y|N|N|N|N|Y|Y
25-1081.00,"Education Teachers, Postsecondary","Teach courses pertaining to education, such as counseling, curriculum, guidance, instruction, teacher education, and teaching English as a second language. Includes both teachers primarily engaged in teaching and those who do a combination of teaching and research.",Speaking|Reading Comprehension|Active Listening|Learning Strategies|Writing|Active Learning|Monitoring|Critical Thinking|Mathematics|Science,4.62|4.25|4.12|4.12|4.0|4.0|3.88|3.75|2.12|2.0,Microsoft Outlook|Sakai CLE|Learning management system LMS|Microsoft Office software|Desmos|SAS|Collaborative editing software|Course management system software|DOC Cop|Desire2Learn LMS software|Blackboard software|Padlet|VoiceThread|iParadigms Turnitin|Geogebra,N|N|N|N|N|N|N|N|N|N|Y|N|N|N|Y
25-1082.00,"Library Science Teachers, Postsecondary",Teach courses in library science. Includes both teachers primarily engaged in teaching and those who do a combination of teaching and research.,Reading Comprehension|Speaking|Active Listening|Writing|Critical Thinking|Active Learning|Learning Strategies|Monitoring|Mathematics|Science,4.12|4.12|4.0|4.0|4.0|4.0|4.0|4.0|2.25|2.12,LexisNexis|EBSCO Information Services Library Literature and Information Science Index|Microsoft Outlook|MySQL|Learning management system LMS|Sakai CLE|Database management system software|Microsoft Office software|Gale Cengage Learning Associations Unlimited|ITHAKA JSTOR|ProQuest ERIC|Elsevier ScienceDirect|Splunk Enterprise|Extensible stylesheet language transformations XSLT|Hyland OnBase Enterprise Content Management,Y|N|N|Y|N|N|N|N|N|N|N|N|N|N|N
25-1111.00,"Criminal Justice and Law Enforcement Teachers, Postsecondary","Teach courses in criminal justice, corrections, and law enforcement administration. Includes both teachers primarily engaged in teaching and those who do a combination of teaching and research.",Speaking|Active Listening|Critical Thinking|Reading Comprehension|Writing|Active Learning|Learning Strategies|Monitoring|Mathematics|Science,4.75|4.12|4.12|4.0|4.0|4.0|4.0|3.88|2.0|1.75,Microsoft Outlook|Sakai CLE|Learning management system LMS|Microsoft Office software|Microsoft Access|Collaborative editing software|Course management system software|DOC Cop|Desire2Learn LMS software|Blackboard software|National Crime Information Center (NCIC) database|iParadigms Turnitin|Microsoft Word|Image scanning software|Distance learning software,N|N|N|N|N|N|N|N|Y|N|N|N|Y|Y|Y
25-1112.00,"Law Teachers, Postsecondary",Teach courses in law. Includes both teachers primarily engaged in teaching and those who do a combination of teaching and research.,Speaking|Reading Comprehension|Active Listening|Learning Strategies|Critical Thinking|Writing|Active Learning|Monitoring|Mathematics|Science,4.75|4.5|4.5|4.5|4.25|4.12|4.12|3.75|2.0|1.62,LexisNexis|Microsoft Outlook|Piazza|Learning management system LMS|Sakai CLE|Microsoft Office software|LexisNexis CaseMap|Microsoft Publisher|Center for Computer-Assisted Legal Instruction CALI Author|Thomson Reuters WestlawNext Litigator|Collaborative editing software|Course management system software|Panopto|CT Summation iBlaze|DOC Cop,N|N|N|N|N|N|N|N|N|N|N|N|N|Y|N
25-1113.00,"Social Work Teachers, Postsecondary",Teach courses in social work. Includes both teachers primarily engaged in teaching and those who do a combination of teaching and research.,Speaking|Learning Strategies|Reading Comprehension|Active Listening|Writing|Critical Thinking|Active Learning|Monitoring|Mathematics|Science,4.62|4.25|4.0|4.0|4.0|4.0|4.0|3.75|2.62|2.62,Microsoft Outlook|Sakai CLE|Learning management system LMS|Microsoft Office software|Moodle|Collaborative editing software|Course management system software|DOC Cop|Desire2Learn LMS software|iParadigms Turnitin|Microsoft Word|Adobe Acrobat|Image scanning software|Blackboard Learn|Email software,Y|N|N|N|N|N|N|Y|N|N|N|Y|Y|Y|Y
25-1121.00,"Art, Drama, and Music Teachers, Postsecondary","Teach courses in drama, music, and the arts including fine and applied art, such as painting and sculpture, or design and crafts. Includes both teachers primarily engaged in teaching and those who do a combination of teaching and research.",Speaking|Learning Strategies|Reading Comprehension|Active Listening|Active Learning|Writing|Monitoring|Critical Thinking|Mathematics|Science,4.62|4.12|4.0|4.0|4.0|3.88|3.75|3.62|2.0|1.75,Pure Data PD|Microsoft Outlook|MySQL|Learning management system LMS|Sakai CLE|Adobe After Effects|Autodesk MotionBuilder|Faux Labs Splashup|Adobe Audition|Microsoft Visual Studio|Microsoft Office software|Pixar RenderMan Studio|Cascading style sheets CSS|Hypertext markup language HTML|PhoneGap,Y|Y|N|Y|N|Y|Y|Y|N|N|N|N|N|N|N
25-1122.00,"Communications Teachers, Postsecondary","Teach courses in communications, such as organizational communications, public relations, radio/television broadcasting, and journalism. Includes both teachers primarily engaged in teaching and those who do a combination of teaching and research.",Reading Comprehension|Speaking|Active Listening|Writing|Learning Strategies|Active Learning|Critical Thinking|Monitoring|Mathematics|Science,4.25|4.25|4.12|4.12|4.12|4.0|3.88|3.75|2.12|1.88,Video production software|LinkedIn|Microsoft Outlook|Sakai CLE|Learning management system LMS|Adobe Audition|Microsoft Office software|Avid Technology Media Composer|WideOrbit|Adobe InDesign|Adobe Photoshop|Moodle|Collaborative editing software|Course management system software|Data visualization software,Y|N|Y|Y|Y|Y|N|N|N|N|N|N|N|N|N
25-1123.00,"English Language and Literature Teachers, Postsecondary","Teach courses in English language and literature, including linguistics and comparative literature. Includes both teachers primarily engaged in teaching and those who do a combination of teaching and research.",Reading Comprehension|Writing|Speaking|Active Listening|Learning Strategies|Active Learning|Critical Thinking|Monitoring|Mathematics|Science,4.75|4.25|4.12|4.0|4.0|3.88|3.75|3.62|2.0|1.75,Microsoft Outlook|Sakai CLE|Learning management system LMS|VLC Media Player|Microsoft Office software|Graphics creation software|Apple QuickTime|Lucidchart|Adobe Photoshop|Moodle|Google Chrome|Collaborative editing software|Blackboard Collaborate|Apple Safari|Course management system software,N|Y|Y|N|Y|N|N|N|N|N|N|N|N|N|Y
25-1124.00,"Foreign Language and Literature Teachers, Postsecondary",Teach languages and literature courses in languages other than English. Includes teachers of American Sign Language (ASL). Includes both teachers primarily engaged in teaching and those who do a combination of teaching and research.,Speaking|Reading Comprehension|Active Listening|Writing|Learning Strategies|Active Learning|Critical Thinking|Monitoring|Mathematics|Science,4.12|4.0|4.0|4.0|4.0|3.88|3.75|3.62|2.0|1.75,Microsoft Outlook|Sakai CLE|Learning management system LMS|Microsoft Office software|Adobe Photoshop|Moodle|Skype|Collaborative editing software|Computer assisted language learning CALL software|Course management system software|QuarkXPress|Desire2Learn LMS software|Blackboard software|Adobe Illustrator|iParadigms Turnitin,Y|N|Y|N|N|N|N|N|N|N|N|N|N|Y|N
25-1125.00,"History Teachers, Postsecondary",Teach courses in human history and historiography. Includes both teachers primarily engaged in teaching and those who do a combination of teaching and research.,Speaking|Reading Comprehension|Writing|Learning Strategies|Active Listening|Critical Thinking|Active Learning|Monitoring|Mathematics|Science,4.5|4.25|4.12|4.12|4.0|3.88|3.88|3.62|2.0|1.88,Microsoft Outlook|Sakai CLE|Learning management system LMS|Geographic information system GIS software|Microsoft Office software|Database software|Moodle|Collaborative editing software|Map building software|Course management system software|DOC Cop|Desire2Learn LMS software|iParadigms Turnitin|Microsoft Word|JavaScript,N|N|N|N|N|N|N|N|Y|N|N|Y|N|N|Y
25-1126.00,"Philosophy and Religion Teachers, Postsecondary","Teach courses in philosophy, religion, and theology. Includes both teachers primarily engaged in teaching and those who do a combination of teaching and research.",Reading Comprehension|Active Listening|Speaking|Writing|Critical Thinking|Learning Strategies|Active Learning|Monitoring|Mathematics|Science,4.25|4.12|4.12|4.0|4.0|3.88|3.75|3.25|2.0|1.75,InteLext Past Masters|Microsoft Outlook|Sakai CLE|Learning management system LMS|Microsoft Office software|Moodle|Collaborative editing software|Course management system software|Gateway to Logic|Philosopher's Information Center The Philosopher's Index|DOC Cop|Desire2Learn LMS software|iParadigms Turnitin|Microsoft Word|Image scanning software,N|N|N|N|N|N|N|Y|N|N|N|N|Y|Y|Y
25-1192.00,"Family and Consumer Sciences Teachers, Postsecondary","Teach courses in childcare, family relations, finance, nutrition, and related subjects pertaining to home management. Includes both teachers primarily engaged in teaching and those who do a combination of teaching and research.",Speaking|Reading Comprehension|Active Listening|Learning Strategies|Critical Thinking|Writing|Active Learning|Monitoring|Mathematics|Science,4.12|4.0|4.0|4.0|3.75|3.62|3.62|3.5|2.62|2.25,Microsoft Outlook|Sakai CLE|Learning management system LMS|Microsoft Office software|Social computing tools|Collaborative editing software|Course management system software|DOC Cop|Desire2Learn LMS software|Database management systems|iParadigms Turnitin|Microsoft Word|Image scanning software|Blackboard Learn|Email software,N|N|N|N|N|N|N|Y|N|N|N|Y|Y|Y|Y
25-1193.00,"Recreation and Fitness Studies Teachers, Postsecondary","Teach courses pertaining to recreation, leisure, and fitness studies, including exercise physiology and facilities management. Includes both teachers primarily engaged in teaching and those who do a combination of teaching and research.",Speaking|Reading Comprehension|Active Listening|Writing|Learning Strategies|Critical Thinking|Monitoring|Active Learning|Science|Mathematics,4.12|4.0|4.0|4.0|4.0|3.88|3.75|3.38|2.38|2.12,Microsoft Outlook|Sakai CLE|Learning management system LMS|Microsoft Office software|Microsoft Project|Softworks Global PESoftOne|Facebook|Prolog|Dartfish ProSuite|Collaborative editing software|Course management system software|Student record software|DOC Cop|Desire2Learn LMS software|iParadigms Turnitin,N|N|N|N|N|N|N|Y|Y|N|N|N|Y|Y|Y
25-1194.00,"Career/Technical Education Teachers, Postsecondary","Teach vocational courses intended to provide occupational training below the baccalaureate level in subjects such as construction, mechanics/repair, manufacturing, transportation, or cosmetology, primarily to students who have graduated from or left high school. Teaching takes place in public or private schools whose primary business is academic or vocational education.",Active Listening|Learning Strategies|Reading Comprehension|Speaking|Active Learning|Critical Thinking|Writing|Monitoring|Mathematics|Science,4.0|4.0|3.88|3.88|3.88|3.75|3.62|3.62|2.25|1.88,Medical procedure coding software|Microsoft Outlook|Sakai CLE|Learning management system LMS|Microsoft Office software|Medical condition coding software|Edmodo|Moodle|Collaborative editing software|Course management system software|Desire2Learn LMS software|Blackboard software|iParadigms Turnitin|Microsoft Word|Microsoft PowerPoint,N|N|N|N|N|N|N|N|N|N|N|Y|N|N|N
25-1199.00,"Postsecondary Teachers, All Other",All postsecondary teachers not listed separately.,,,,
25-2011.00,"Preschool Teachers, Except Special Education","Instruct preschool-aged students, following curricula or lesson plans, in activities designed to promote social, physical, and intellectual growth.",Speaking|Active Listening|Learning Strategies|Reading Comprehension|Critical Thinking|Monitoring|Active Learning|Writing|Mathematics|Science,4.0|3.88|3.88|3.75|3.75|3.75|3.12|3.0|2.0|1.62,Nearpod|Microsoft Office software|Edmodo|Google Meet|Tadpoles|Schoology|Appletree|Bloomz|EasyCBM|Flipgrid|ClassDojo|Padlet|Microsoft Word|Children's educational software|Intrado SchoolMessenger,N|N|N|N|N|N|N|N|N|N|N|N|Y|Y|Y
25-2012.00,"Kindergarten Teachers, Except Special Education",Teach academic and social skills to kindergarten students.,Active Listening|Speaking|Learning Strategies|Monitoring|Reading Comprehension|Writing|Critical Thinking|Active Learning|Mathematics|Science,4.0|4.0|4.0|4.0|3.88|3.25|3.25|3.25|2.25|1.38,Microsoft Word|Microsoft Outlook|Children's educational software|Microsoft Office software|Microsoft Excel|Padlet|Microsoft PowerPoint|Seesaw|Bloomz,N|N|Y|Y|Y|Y|Y|N|N
25-2021.00,"Elementary School Teachers, Except Special Education",Teach academic and social skills to students at the elementary school level.,Learning Strategies|Speaking|Active Listening|Critical Thinking|Monitoring|Reading Comprehension|Writing|Active Learning|Mathematics|Science,4.25|4.12|4.0|4.0|4.0|3.88|3.88|3.75|2.75|2.0,Microsoft Outlook|Graphics software|Nearpod|Microsoft Office software|Google Meet|Tadpoles|Schoology|EasyCBM|ClassTag|Kahoot!|Microsoft SharePoint|JamBoard|Blackboard software|Flipgrid|Pear Deck,N|N|N|N|N|N|N|N|N|N|Y|N|N|N|N
25-2022.00,"Middle School Teachers, Except Special and Career/Technical Education","Teach one or more subjects to students at the middle, intermediate, or junior high school level.",Learning Strategies|Speaking|Active Listening|Reading Comprehension|Writing|Active Learning|Monitoring|Critical Thinking|Mathematics|Science,4.25|4.12|4.0|3.88|3.88|3.88|3.88|3.75|2.88|2.0,Microsoft Outlook|Nearpod|Microsoft Office software|Apple macOS|Facebook|Edmodo|Google Meet|Desmos|Moodle|Tadpoles|Schoology|Appletree|Apple Final Cut Pro|ClassTag|Kahoot!,N|Y|N|N|N|N|N|N|N|N|Y|N|N|Y|N
25-2023.00,"Career/Technical Education Teachers, Middle School","Teach occupational, vocational, career, or technical subjects to students at the middle, intermediate, or junior high school level.",Speaking|Learning Strategies|Reading Comprehension|Active Listening|Critical Thinking|Monitoring|Active Learning|Writing|Mathematics|Science,4.12|4.12|4.0|4.0|4.0|4.0|3.88|3.75|2.62|1.75,SAS|Amazon Simple Storage Service S3|SAP software|Go|UNIX|Apache Groovy|Amazon Web Services AWS software|Data visualization software|Linux|Spring Boot|Structured query language SQL|Microsoft Azure software|Microsoft Windows Server|iParadigms Turnitin|Oracle Java,Y|Y|N|Y|Y|Y|N|Y|N|Y|N|N|Y|Y|N
25-2031.00,"Secondary School Teachers, Except Special and Career/Technical Education",Teach one or more subjects to students at the secondary school level.,Reading Comprehension|Active Listening|Speaking|Learning Strategies|Critical Thinking|Monitoring|Active Learning|Writing|Mathematics|Science,4.0|4.0|4.0|4.0|3.88|3.88|3.75|3.62|2.75|2.0,Logo design software|Nearpod|Microsoft Office software|Google Meet|Desmos|Moodle|ABC programming language|Schoology|PowerSchool SIS|Microsoft SharePoint|Blackboard software|Flipgrid|Screencastify|Geogebra|Microsoft Word,N|N|N|N|N|N|N|N|N|N|N|N|Y|Y|Y
25-2032.00,"Career/Technical Education Teachers, Secondary School","Teach occupational, vocational, career, or technical subjects to students at the secondary school level.",Reading Comprehension|Active Listening|Speaking|Learning Strategies|Writing|Critical Thinking|Monitoring|Active Learning|Mathematics|Science,4.12|4.12|4.12|4.12|4.0|4.0|4.0|3.88|3.0|1.75,Microsoft Outlook|Sakai CLE|Learning management system LMS|Autodesk AutoCAD Civil 3D|Microsoft Office software|Edmodo|Collaborative editing software|Course management system software|Kahoot!|DOC Cop|Desire2Learn LMS software|Padlet|iParadigms Turnitin|Microsoft Word|Edpuzzle,Y|N|N|N|N|N|N|N|N|Y|N|N|N|N|Y
25-2051.00,"Special Education Teachers, Preschool","Teach academic, social, and life skills to preschool-aged students with learning, emotional, or physical disabilities. Includes teachers who specialize and work with students who are blind or have visual impairments; students who are deaf or have hearing impairments; and students with intellectual disabilities.",Reading Comprehension|Active Listening|Speaking|Critical Thinking|Learning Strategies|Monitoring|Active Learning|Writing|Mathematics|Science,4.0|4.0|4.0|4.0|4.0|4.0|3.88|3.75|2.12|1.75,Microsoft Word|Microsoft Outlook|Children's educational software|American Sign Language Browser|Screen magnification software|Microsoft Office software|Email software|Microsoft Excel|Web browser software|Microsoft PowerPoint|Drawing software|Screen reader software,N|N|N|N|Y|Y|Y|Y|Y|N|N|N
25-2055.00,"Special Education Teachers, Kindergarten","Teach academic, social, and life skills to kindergarten students with learning, emotional, or physical disabilities. Includes teachers who specialize and work with students who are blind or have visual impairments; students who are deaf or have hearing impairments; and students with intellectual disabilities.",Speaking|Reading Comprehension|Active Listening|Learning Strategies|Writing|Critical Thinking|Active Learning|Monitoring|Mathematics|Science,4.0|3.88|3.88|3.88|3.62|3.62|3.62|3.62|2.5|1.5,Microsoft Outlook|goQ WordQ|Microsoft Office software|The vOICe Learning Edition|Nuance Dragon NaturallySpeaking|Rethink Ed|American Sign Language Browser|Screen magnification software|EasyCBM|Voice activated software|Synapse outSPOKEN|Individualized Educational Program IEP software|Microsoft Word|Children's educational software|Email software,N|N|N|N|N|N|N|Y|Y|Y|Y|Y|N|N|N
25-2056.00,"Special Education Teachers, Elementary School","Teach academic, social, and life skills to elementary school students with learning, emotional, or physical disabilities. Includes teachers who specialize and work with students who are blind or have visual impairments; students who are deaf or have hearing impairments; and students with intellectual disabilities.",Active Listening|Speaking|Reading Comprehension|Learning Strategies|Critical Thinking|Writing|Monitoring|Active Learning|Mathematics|Science,4.25|4.25|4.12|4.12|4.0|3.75|3.62|3.5|2.62|1.88,Microsoft Outlook|goQ WordQ|Microsoft Office software|The vOICe Learning Edition|Nuance Dragon NaturallySpeaking|Rethink Ed|American Sign Language Browser|Screen magnification software|EasyCBM|Voice activated software|Synapse outSPOKEN|Individualized Educational Program IEP software|Microsoft Word|Children's educational software|Email software,N|N|N|N|N|N|N|Y|Y|Y|Y|Y|N|N|N
25-2057.00,"Special Education Teachers, Middle School","Teach academic, social, and life skills to middle school students with learning, emotional, or physical disabilities. Includes teachers who specialize and work with students who are blind or have visual impairments; students who are deaf or have hearing impairments; and students with intellectual disabilities.",Learning Strategies|Reading Comprehension|Active Listening|Writing|Speaking|Critical Thinking|Active Learning|Monitoring|Mathematics|Science,4.12|4.0|4.0|4.0|4.0|4.0|4.0|4.0|2.5|1.62,Microsoft Outlook|Microsoft Office software|Apple macOS|Screen magnification software|Hand held spell checkers|Schoology|EasyCBM|Microsoft SharePoint|Voice activated software|Blackboard software|Flipgrid|Pear Deck|Padlet|Microsoft Word|Text to speech software,Y|N|N|N|N|N|N|N|Y|Y|Y|Y|Y|Y|N
25-2058.00,"Special Education Teachers, Secondary School","Teach academic, social, and life skills to secondary school students with learning, emotional, or physical disabilities. Includes teachers who specialize and work with students who are blind or have visual impairments; students who are deaf or have hearing impairments; and students with intellectual disabilities.",Learning Strategies|Reading Comprehension|Speaking|Active Listening|Writing|Monitoring|Critical Thinking|Active Learning|Mathematics|Science,4.12|4.0|4.0|3.88|3.88|3.88|3.75|3.38|2.62|1.88,Microsoft Outlook|Microsoft Office software|Microsoft Access|Facebook|Adobe InDesign|Screen magnification software|Adobe Photoshop|Hand held spell checkers|Microsoft SharePoint|Voice activated software|Adobe Illustrator|Microsoft Word|Text to speech software|Video editing software|Adobe Acrobat,Y|Y|Y|Y|N|Y|N|Y|Y|Y|Y|Y|Y|Y|N
25-2059.00,"Special Education Teachers, All Other",All special education teachers not listed separately.,,,,
25-2059.01,Adapted Physical Education Specialists,"Provide individualized physical education instruction or services to children, youth, or adults with exceptional physical needs due to gross motor developmental delays or other impairments.",Active Listening|Speaking|Learning Strategies|Reading Comprehension|Writing|Active Learning|Monitoring|Critical Thinking|Mathematics|Science,4.0|4.0|4.0|3.88|3.88|3.88|3.88|3.75|2.0|1.5,Facebook|Microsoft Outlook|Microsoft Word|Student record software|Microsoft PowerPoint|Microsoft Office software|Email software|Database software|Individualized Educational Program IEP software|Microsoft Excel|Web browser software,N|N|Y|N|Y|Y|Y|Y|Y|N|N
25-3011.00,"Adult Basic Education, Adult Secondary Education, and English as a Second Language Instructors","Teach or instruct out-of-school youths and adults in basic education, literacy, or English as a Second Language classes, or in classes for earning a high school equivalency credential.",Reading Comprehension|Active Listening|Speaking|Learning Strategies|Writing|Monitoring|Critical Thinking|Active Learning|Mathematics|Science,3.75|3.75|3.75|3.75|3.62|3.62|3.5|3.5|2.62|1.75,Microsoft Outlook|Learning management system LMS|Microsoft Office software|Educational software|Facebook|Edmodo|Microsoft Publisher|Adobe Photoshop|SAP software|Zoom|Kahoot!|Blackboard software|Microsoft Word|Quizlet|Edpuzzle,Y|N|N|N|N|N|Y|N|Y|N|N|Y|Y|Y|Y
25-3021.00,Self-Enrichment Teachers,"Teach or instruct individuals or groups for the primary purpose of self-enrichment or recreation, rather than for an occupational objective, educational attainment, competition, or fitness.",Speaking|Active Listening|Learning Strategies|Reading Comprehension|Critical Thinking|Active Learning|Monitoring|Writing|Mathematics|Science,3.62|3.38|3.38|3.12|3.12|3.12|3.12|3.0|2.0|1.38,Nearpod|Microsoft Office software|Hypertext markup language HTML|Corel Paint Shop Pro|Microsoft Access|Educational software|Adobe Photoshop|Schoology|Microsoft Internet Explorer|Adobe Dreamweaver|Blackboard software|Microsoft Word|Video editing software|Adobe Acrobat|Email software,Y|N|Y|N|N|N|N|N|Y|Y|Y|N|Y|Y|N
25-3031.00,"Substitute Teachers, Short-Term","Teach students on a short-term basis as a temporary replacement for a regular classroom teacher, typically using the regular teacher's lesson plan.",Reading Comprehension|Active Listening|Speaking|Critical Thinking|Monitoring|Writing|Learning Strategies|Active Learning|Mathematics|Science,3.62|3.62|3.62|3.38|3.38|3.12|3.12|3.0|2.0|1.38,Instructure Canvas|Microsoft Outlook|Edmodo|Google Meet|Nearpod|Microsoft Office software|Moodle|Google Classroom|Flipgrid|Microsoft Excel|Schoology|Seesaw|Common Curriculum|EasyCBM,N|N|N|N|N|N|N|Y|Y|Y|N|N|N|N
25-3041.00,Tutors,Instruct individual students or small groups of students in academic subjects to support formal class instruction or to prepare students for standardized or admissions tests.,Reading Comprehension|Active Listening|Speaking|Learning Strategies|Critical Thinking|Writing|Active Learning|Monitoring|Mathematics|Science,4.12|4.0|4.0|4.0|3.75|3.62|3.62|3.5|2.88|1.62,Nearpod|Microsoft Office software|Academic educational software|Database software|Facebook|Google Meet|Desmos|Moodle|Schoology|Redrock Software TutorTrac|Blackboard software|Flipgrid|Screencastify|Microsoft Word|Edpuzzle,N|N|N|N|N|N|N|Y|N|N|N|N|Y|Y|Y
25-3099.00,"Teachers and Instructors, All Other",All teachers and instructors not listed separately.,,,,
25-4011.00,Archivists,"Appraise, edit, and direct safekeeping of permanent records and historically valuable documents. Participate in research activities based on archival materials.",Reading Comprehension|Active Listening|Writing|Speaking|Critical Thinking|Active Learning|Monitoring|Learning Strategies|Mathematics|Science,4.12|3.88|3.88|3.5|3.38|3.38|3.0|2.88|2.0|1.88,Microsoft Outlook|Omeka software|Microsoft Office software|Hypertext markup language HTML|Corel Paint Shop Pro|Database software|Microsoft Access|Adobe InDesign|Adobe Photoshop|Dynamic hypertext markup language DHTML|Archivists' Toolkit|Adlib Information Systems Adlib Archive|Esri ArcGIS|Encoded archival system EAD|Apple Final Cut Pro,N|Y|Y|Y|Y|Y|N|N|N|N|N|N|N|N|N
25-4012.00,Curators,"Administer collections, such as artwork, collectibles, historic items, or scientific specimens of museums or other institutions. May conduct instructional, research, or public service activities of institution.",Reading Comprehension|Speaking|Active Listening|Writing|Critical Thinking|Active Learning|Monitoring|Learning Strategies|Mathematics|Science,4.0|4.0|3.88|3.88|3.75|3.5|3.38|3.25|2.88|2.0,Microsoft Outlook|Graphics software|Python|Corel WordPerfect Office Suite|Microsoft Visual Studio|Microsoft Office software|Scheduling software|Willoughby Associates MIMSY XG|Database software|Microsoft Access|Apple macOS|Structure query language SQL|MINISIS MINT|Facebook|Adobe InDesign,Y|Y|N|Y|Y|Y|Y|N|Y|N|N|N|N|N|Y
25-4013.00,Museum Technicians and Conservators,"Restore, maintain, or prepare objects in museum collections for storage, research, or exhibit. May work with specimens such as fossils, skeletal parts, or botanicals; or artifacts, textiles, or art. May identify and record objects or install and arrange them in exhibits. Includes book or document conservators.",Reading Comprehension|Active Listening|Speaking|Writing|Critical Thinking|Monitoring|Active Learning|Learning Strategies|Science|Mathematics,4.0|3.88|3.62|3.38|3.38|3.38|3.12|2.88|2.5|2.38,Microsoft Word|Microsoft Outlook|Adobe InDesign|Autodesk AutoCAD|Gallery Systems EmbARK|PastPerfect Software PastPerfect|Questor Systems ARGUS|Adobe Photoshop|Microsoft Office software|Adobe Acrobat|Microsoft Visual FoxPro|Microsoft Active Server Pages ASP|Microsoft Excel|Microsoft PowerPoint|Questor Systems QScan32,Y|Y|Y|Y|Y|Y|N|Y|Y|Y|Y|Y|N|Y|N
25-4022.00,Librarians and Media Collections Specialists,"Administer and maintain libraries or collections of information, for public or private access through reference or borrowing. Work in a variety of settings, such as educational institutions, museums, and corporations, and with various types of informational materials, such as books, periodicals, recordings, films, and databases. Tasks may include acquiring, cataloging, and circulating library materials, and user services such as locating and organizing information, providing instruction on how to access information, and setting up and operating a library's media equipment.",Reading Comprehension|Active Listening|Speaking|Writing|Critical Thinking|Monitoring|Active Learning|Learning Strategies|Mathematics|Science,4.12|4.0|4.0|3.62|3.62|3.25|3.12|3.0|1.88|1.0,HTTrack|Surpass management system software|Inmagic TextWorks|WebClarity Software BookWhere|Thomson Scientific Dialog|Facebook|RCL Software Media Library Manager|Blogging software|Inmagic Genie|PrimaSoft PC Small Library Organizer Pro|Data visualization software|National Library of Medicine Medline|SmugMug Flickr|Macropool Web Research|Structured query language SQL,Y|Y|Y|N|Y|Y|Y|N|N|N|N|Y|N|N|Y
25-4031.00,Library Technicians,"Assist librarians by helping readers in the use of library catalogs, databases, and indexes to locate books and other materials; and by answering questions that require only brief consultation of standard reference. Compile records; sort and shelve books or other media; remove or repair damaged books or other media; register patrons; and check materials in and out of the circulation process. Replace materials in shelving area (stacks) or files. Includes bookmobile drivers who assist with providing services in mobile libraries.",Reading Comprehension|Active Listening|Speaking|Critical Thinking|Learning Strategies|Writing|Active Learning|Monitoring|Mathematics|Science,3.38|3.25|3.25|3.0|3.0|2.88|2.88|2.88|2.0|1.25,Microsoft Outlook|SirsiDynix Symphony|Online Computer Library Center (OCLC) databases|Microsoft Office software|Inmagic TextWorks|WebClarity Software BookWhere|Database software|Microsoft Access|WorldCat|Adobe InDesign|Microsoft Publisher|Innovative Interfaces Millennium|Adobe Photoshop|National Library of Medicine DOCLINE|Dynix Digital Library,Y|N|Y|Y|Y|N|N|N|N|N|N|N|N|N|Y
25-9021.00,Farm and Home Management Educators,"Instruct and advise individuals and families engaged in agriculture, agricultural-related processes, or home management activities. Demonstrate procedures and apply research findings to advance agricultural and home management activities. May develop educational outreach programs. May instruct on either agricultural issues such as agricultural processes and techniques, pest management, and food safety, or on home management issues such as budgeting, nutrition, and child development.",Active Listening|Speaking|Reading Comprehension|Writing|Critical Thinking|Active Learning|Learning Strategies|Monitoring|Mathematics|Science,4.38|4.12|4.0|3.88|3.75|3.75|3.75|3.38|3.0|2.75,Microsoft Word|Microsoft Outlook|Kahoot!|Geographic information system GIS software|Microsoft SharePoint|ESRI ArcGIS software|ServiceNow|SAP software|Microsoft Office software|Image editing software|Adobe Experience Manager (AEM)|Web browser software|Microsoft Excel|Microsoft PowerPoint|Microsoft Dynamics,N|Y|N|N|N|N|Y|N|Y|Y|Y|Y|Y|N|Y
25-9031.00,Instructional Coordinators,"Develop instructional material, coordinate educational content, and incorporate current technology into instruction in order to provide guidelines to educators and instructors for developing curricula and conducting courses. May train and coach teachers. Includes educational consultants and specialists, and instructional material directors.",Learning Strategies|Writing|Speaking|Reading Comprehension|Active Listening|Monitoring|Critical Thinking|Active Learning|Mathematics|Science,4.25|4.12|4.12|4.0|4.0|4.0|3.88|3.88|2.75|1.5,TechSmith Camtasia|IXL Learning Quia Web|Adobe RoboHelp|Oracle PL/SQL|Sony Sound Forge|Edmodo|SoftChalk LessonBuilder|Dynamic hypertext markup language DHTML|Cornerstone OnDemand Cornerstone Learning|SeaMonkey|Trivantis Lectora|Structured query language SQL|Nvu|Screencast-O-Matic|Oracle Java,Y|N|Y|N|N|Y|N|N|N|Y|Y|Y|N|N|N
25-9042.00,"Teaching Assistants, Preschool, Elementary, Middle, and Secondary School, Except Special Education","Assist a preschool, elementary, middle, or secondary school teacher with instructional duties. Serve in a position for which a teacher has primary responsibility for the design and implementation of educational programs and services.",Active Listening|Reading Comprehension|Speaking|Writing|Critical Thinking|Learning Strategies|Monitoring|Active Learning|Mathematics|Science,3.75|3.62|3.62|3.38|3.38|3.38|3.38|3.12|2.5|1.38,Microsoft Outlook|Microsoft Office software|Student information systems SIS software|Loom|Google Meet|Automate the Schools ATS|ParentSquare|Screen magnification software|High School Scheduling and Transcript HSST|Tadpoles|Hand held spell checkers|Appletree|Schoology|Kahoot!|Blackboard software,N|N|N|N|N|N|N|N|N|N|N|N|N|Y|Y
25-9043.00,"Teaching Assistants, Special Education","Assist a preschool, elementary, middle, or secondary school teacher to provide academic, social, or life skills to students who have learning, emotional, or physical disabilities. Serve in a position for which a teacher has primary responsibility for the design and implementation of educational programs and services.",Active Listening|Speaking|Reading Comprehension|Learning Strategies|Monitoring|Critical Thinking|Writing|Active Learning|Mathematics|Science,3.88|3.75|3.62|3.62|3.62|3.38|3.12|3.0|1.88|1.38,Microsoft Outlook|Microsoft Office software|Student information systems SIS software|Loom|Google Meet|Automate the Schools ATS|ParentSquare|Screen magnification software|Special Education Student Information System SESIS|High School Scheduling and Transcript HSST|Tadpoles|Hand held spell checkers|Appletree|Schoology|Kahoot!,N|N|N|N|N|N|N|N|N|N|N|N|N|Y|Y
25-9044.00,"Teaching Assistants, Postsecondary","Assist faculty or other instructional staff in postsecondary institutions by performing instructional support activities, such as developing teaching materials, leading discussion groups, preparing and giving examinations, and grading examinations or papers.",Reading Comprehension|Active Listening|Speaking|Learning Strategies|Writing|Critical Thinking|Monitoring|Active Learning|Mathematics|Science,3.88|3.62|3.5|3.38|3.25|3.12|3.12|3.0|2.25|2.0,Microsoft Outlook|Sakai CLE|Learning management system LMS|IBM SPSS Statistics|Microsoft Office software|SAS|Adobe Photoshop|Collaborative editing software|Course management system software|DOC Cop|Desire2Learn LMS software|Structured query language SQL|iParadigms Turnitin|Microsoft Word|Image scanning software,Y|N|N|N|N|N|N|Y|Y|N|N|N|Y|Y|Y
25-9049.00,"Teaching Assistants, All Other",All teaching assistants not listed separately.,,,,
25-9099.00,"Educational Instruction and Library Workers, All Other",All educational instruction and library workers not listed separately.,,,,
27-1011.00,Art Directors,"Formulate design concepts and presentation approaches for visual productions and media, such as print, broadcasting, video, and film. Direct workers engaged in artwork or layout design.",Active Listening|Speaking|Reading Comprehension|Critical Thinking|Writing|Active Learning|Monitoring|Learning Strategies|Mathematics|Science,4.0|4.0|3.75|3.75|3.38|3.25|3.25|3.0|2.25|1.25,Microsoft Outlook|Adobe ActionScript|Adobe After Effects|Computer assisted design software|User interface design software|Microsoft Office software|Cascading style sheets CSS|Hypertext markup language HTML|Apple Keynote|Atlassian Confluence|Figma|Tablet application software|Apple macOS|Adobe ImageReady|Facebook,Y|N|Y|Y|N|N|Y|N|Y|Y|N|Y|N|N|N
27-1012.00,Craft Artists,"Create or reproduce handmade objects for sale and exhibition using a variety of techniques, such as welding, weaving, pottery, and needlecraft.",Critical Thinking|Reading Comprehension|Active Listening|Speaking|Monitoring|Writing|Active Learning|Mathematics|Learning Strategies|Science,3.12|3.0|3.0|3.0|3.0|2.75|2.75|2.12|2.0|1.0,Embroidery design software|Facebook|Pattern design software|SmugMug Flickr|Sales management software|Floriani MDQ My Decorative Quilter|Email software|Web browser software|John Hesselberth and Ron Roy GlazeMaster|DRAWSTITCH Artistic Sewing Suite|Electric Quilt Quilt Design Wizard|Twitter,N|N|N|N|Y|N|N|N|N|N|N|N
27-1013.00,"Fine Artists, Including Painters, Sculptors, and Illustrators",Create original artwork using any of a wide variety of media and techniques.,Critical Thinking|Active Learning|Active Listening|Reading Comprehension|Speaking|Writing|Monitoring|Learning Strategies|Mathematics|Science,3.25|3.25|3.12|3.0|3.0|2.88|2.75|2.38|2.12|1.0,Python|Adobe ActionScript|Adobe After Effects|Autodesk 3D Studio Design|GYST|Unreal Technology Unreal Engine|Microsoft Office software|Hypertext markup language HTML|Perforce Helix software|Paintbrush|Corel Paint Shop Pro|Camp Software Art Licensing Manager|Code Line Art Files|Serif DrawPlus|FileMaker Bento,Y|N|Y|Y|N|N|N|Y|N|Y|Y|N|N|Y|N
27-1014.00,Special Effects Artists and Animators,"Create special effects or animations using film, video, computers, or other electronic tools and media for use in products, such as computer games, movies, music videos, and commercials.",Active Listening|Reading Comprehension|Critical Thinking|Speaking|Writing|Active Learning|Monitoring|Learning Strategies|Mathematics|Science,3.88|3.75|3.75|3.25|3.12|3.12|3.0|2.88|2.12|1.12,TechSmith Camtasia|Pixar RenderMan Studio|Mental Images Mental Ray|Apple DrawBerry|Perforce Helix software|Figma|Apple macOS|Serif DrawPlus|Next Limit Maxwell Render|Adobe Flex|Dynamic hypertext markup language DHTML|UNIX|Ability Photopaint|Three-dimensional graphics software|Massive Jet,N|N|Y|N|Y|N|Y|N|N|N|N|Y|N|Y|Y
27-1019.00,"Artists and Related Workers, All Other",All artists and related workers not listed separately.,,,,
27-1021.00,Commercial and Industrial Designers,"Design and develop manufactured products, such as cars, home appliances, and children's toys. Combine artistic talent with research on product use, marketing, and materials to create the most functional and appealing product design.",Active Listening|Reading Comprehension|Critical Thinking|Speaking|Writing|Monitoring|Active Learning|Mathematics|Learning Strategies|Science,4.0|3.88|3.75|3.5|3.12|3.12|3.0|2.75|2.75|2.62,Siemens UGS NX|Python|McNeel Rhinoceros 3D|Autodesk AliasStudio|Adobe After Effects|Microsoft Office software|Cascading style sheets CSS|Hypertext markup language HTML|Autodesk Revit|Software as a service SaaS|Figma|Microsoft Access|Microsoft Project|Siemens NX|The MathWorks MATLAB,N|Y|Y|Y|N|Y|Y|Y|Y|Y|N|N|N|Y|N
27-1022.00,Fashion Designers,Design clothing and accessories. Create original designs or adapt fashion trends.,Active Listening|Speaking|Critical Thinking|Active Learning|Reading Comprehension|Monitoring|Writing|Learning Strategies|Mathematics|Science,3.88|3.88|3.88|3.75|3.62|3.5|3.38|3.12|2.12|1.12,Microsoft Outlook|Optitex 3D Suite|Autodesk AutoCAD Design Suite|User interface design software|Microsoft Office software|Lectra Prima Vision Print Repeat|CLO Virtual Fashion Marvelous Designer|Autodesk Revit|Fashion Toolbox|Adobe InDesign|Computer aided design and drafting software CADD|SAS|Adobe Photoshop|Trimble SketchUp Pro|Corel CorelDraw Graphics Suite,Y|Y|Y|Y|Y|N|Y|N|N|N|N|N|N|N|N
27-1023.00,Floral Designers,"Design, cut, and arrange live, dried, or artificial flowers and foliage.",Active Listening|Speaking|Critical Thinking|Monitoring|Reading Comprehension|Active Learning|Writing|Learning Strategies|Mathematics|Science,3.88|3.62|3.12|3.0|2.88|2.88|2.62|2.38|2.12|1.0,Timekeeping software|Facebook|Microsoft Outlook|Microsoft Word|Inventory tracking software|Supply ordering software|Microsoft Office software|Web browser software|Microsoft Excel|Microsoft PowerPoint|Transaction accounting software,Y|N|Y|Y|Y|Y|Y|N|N|N|N
27-1024.00,Graphic Designers,"Design or create graphics to meet specific commercial or promotional needs, such as packaging, displays, or logos. May use a variety of mediums to achieve artistic or decorative effects.",Active Listening|Speaking|Writing|Critical Thinking|Active Learning|Reading Comprehension|Monitoring|Learning Strategies|Mathematics|Science,3.75|3.38|3.25|3.25|3.25|3.12|3.0|2.75|2.0|1.12,Autodesk Revit|Apple Keynote|Figma|Apple macOS|Oracle JavaServer Pages JSP|Facebook|IBM Notes|Dynamic hypertext markup language DHTML|Corel CorelDraw Graphics Suite|Verilog|SmugMug Flickr|Structured query language SQL|Apple iMovie|Intuit QuickBooks|Social media sites,Y|N|Y|N|Y|N|N|N|N|Y|Y|N|N|Y|N
27-1025.00,Interior Designers,"Plan, design, and furnish the internal space of rooms or buildings. Design interior environments or create physical layouts that are practical, aesthetic, and conducive to the intended purposes. May specialize in a particular field, style, or phase of interior design.",Reading Comprehension|Active Listening|Speaking|Critical Thinking|Writing|Active Learning|Monitoring|Mathematics|Learning Strategies|Science,4.0|4.0|4.0|4.0|3.62|3.12|3.12|3.0|2.62|1.12,20-20 Technologies 20-20 Design|Microsoft Outlook|Vectorworks Designer|Autodesk Architectural Desktop|McNeel Rhinoceros 3D|Microsoft Office software|Autodesk Revit|Autodesk VIZ|Microsoft Project|IBM Notes|Adobe InDesign|Autodesk AutoCAD|Computer aided design and drafting software CADD|Adobe Photoshop|iPhotoMEASURE,N|Y|Y|Y|Y|Y|N|N|Y|Y|N|N|N|N|N
27-1026.00,Merchandise Displayers and Window Trimmers,"Plan and erect commercial displays, such as those in windows and interiors of retail stores and at trade exhibitions.",Active Listening|Speaking|Critical Thinking|Reading Comprehension|Writing|Active Learning|Monitoring|Learning Strategies|Mathematics|Science,3.5|3.25|3.25|3.0|2.88|2.88|2.75|2.38|2.0|1.25,Microsoft Outlook|Graphics software|Microsoft Office software|Microsoft Edge|Mozilla Firefox|Adobe InDesign|Autodesk AutoCAD|SAS|Apple Safari|Microsoft Internet Explorer|Trimble SketchUp Pro|Inventory control systems|SmugMug Flickr|Netscape Navigator|Adobe Illustrator,Y|Y|Y|Y|Y|Y|Y|N|Y|N|N|N|Y|Y|N
27-1027.00,Set and Exhibit Designers,"Design special exhibits and sets for film, video, television, and theater productions. May study scripts, confer with directors, and conduct research to determine appropriate architectural styles.",Reading Comprehension|Active Listening|Speaking|Critical Thinking|Writing|Active Learning|Monitoring|Mathematics|Learning Strategies|Science,3.88|3.88|3.75|3.75|3.25|3.12|3.12|3.0|2.88|1.75,Microsoft Outlook|Graphics software|McNeel Rhinoceros 3D|Adobe After Effects|Microsoft Office software|Autodesk Revit|Microsoft Access|Adobe InDesign|Autodesk AutoCAD|Act-3D Quest3D|Adobe Photoshop|Adobe Director|Autodesk 3ds Max|Maxon Cinema 4D|UNIX,N|Y|Y|Y|N|Y|Y|Y|N|Y|N|Y|N|N|N
27-1029.00,"Designers, All Other",All designers not listed separately.,,,,
27-2011.00,Actors,"Play parts in stage, television, radio, video, or film productions, or other settings for entertainment, information, or instruction. Interpret serious or comic role by speech, gesture, and body movement to entertain or inform audience. May dance and sing.",Reading Comprehension|Speaking|Active Listening|Critical Thinking|Active Learning|Monitoring|Writing|Learning Strategies|Mathematics|Science,4.0|4.0|3.88|3.12|2.88|2.88|2.75|2.62|1.12|1.12,LinkedIn|Microsoft Outlook|Microsoft Office software|Motion capture software|Website development software|Facebook|Linux|Apple Final Cut Pro|Instagram|TikTok|Twitter|Microsoft Word|Email software|Microsoft Excel|Web browser software,N|N|Y|N|N|N|Y|Y|Y|Y|Y|Y|N|Y|N
27-2012.00,Producers and Directors,"Produce or direct stage, television, radio, video, or film productions for entertainment, information, or instruction. Responsible for creative decisions, such as interpretation of script, choice of actors or guests, set design, sound, special effects, and choreography.",Active Listening|Reading Comprehension|Speaking|Critical Thinking|Monitoring|Writing|Active Learning|Learning Strategies|Mathematics|Science,4.38|4.0|4.0|4.0|4.0|3.75|3.25|3.12|2.5|1.12,LinkedIn|AP ENPS|Google Analytics|Google Gmail|Microsoft Outlook|Adobe ActionScript|Avid Technology iNEWS|Adobe After Effects|Web content management system CMS software|Adobe Audition|Microsoft Office software|Graphics creation software|Cascading style sheets CSS|Google Workspace software|Hypertext markup language HTML,Y|N|Y|N|Y|N|Y|Y|Y|N|N|N|N|Y|Y
27-2012.03,Media Programming Directors,"Direct and coordinate activities of personnel engaged in preparation of radio or television station program schedules and programs, such as sports or news.",Speaking|Reading Comprehension|Critical Thinking|Active Listening|Active Learning|Monitoring|Writing|Learning Strategies|Mathematics|Science,4.25|4.12|4.12|3.88|3.88|3.88|3.75|3.0|2.0|1.38,Google Analytics|Microsoft Outlook|Avid Technology iNEWS|Music scheduling software|Microsoft Office software|Hypertext markup language HTML|Facebook|Broadcast Electronics AudioVAULT FleX|Content management systems CMS|Adobe Photoshop|Microsoft SQL Server|Apple Final Cut Pro|Microsoft SharePoint|Applicant tracking software|Scheduling databases,Y|Y|Y|N|N|N|N|N|N|Y|N|Y|Y|Y|Y
27-2012.04,Talent Directors,"Audition and interview performers to select most appropriate talent for parts in stage, television, radio, or motion picture productions.",Active Listening|Speaking|Reading Comprehension|Critical Thinking|Monitoring|Writing|Active Learning|Learning Strategies|Mathematics|Science,4.0|4.0|3.88|3.88|3.38|3.25|3.0|2.75|2.0|1.5,Microsoft Office software|Database software|Website development software|Oracle JavaServer Pages JSP|Blogging software|SAP software|UNIX|Salesforce software|AgencyPro|Amazon Web Services AWS software|Microsoft Windows|Linux|Microsoft Word|Appointment scheduling software|Oracle Java,N|Y|N|N|N|N|Y|Y|Y|Y|Y|Y|Y|N|Y
27-2012.05,Media Technical Directors/Managers,"Coordinate activities of technical departments, such as taping, editing, engineering, and maintenance, to produce radio or television programs.",Active Listening|Speaking|Monitoring|Critical Thinking|Reading Comprehension|Writing|Active Learning|Learning Strategies|Mathematics|Science,4.0|4.0|4.0|3.88|3.62|3.38|3.38|3.25|2.12|1.12,Microsoft Outlook|Python|Adobe After Effects|Side Effects Houdini|Adobe Audition|Microsoft Office software|Avid Technology Media Composer|Facebook|Adobe Photoshop|Character generator software|Microsoft SQL Server|UNIX|Salesforce software|C++|UNIX Shell,Y|N|N|Y|N|Y|N|N|N|N|Y|Y|N|Y|Y
27-2021.00,Athletes and Sports Competitors,Compete in athletic events.,Speaking|Active Listening|Critical Thinking|Monitoring|Reading Comprehension|Active Learning|Learning Strategies|Writing|Mathematics|Science,3.88|3.75|3.75|3.25|3.12|3.0|2.88|2.75|2.12|1.75,Facebook|Microsoft Word|Motion analysis software|Adobe Photoshop|Microsoft Office software|Email software|Microsoft Excel|Web browser software|Microsoft PowerPoint|YouTube|Twitter|Oracle PeopleSoft,Y|N|Y|Y|Y|Y|Y|N|Y|N|N|N
27-2022.00,Coaches and Scouts,Instruct or coach groups or individuals in the fundamentals of sports for the primary purpose of competition. Demonstrate techniques and methods of participation. May evaluate athletes' strengths and weaknesses as possible recruits or to improve the athletes' technique to prepare them for competition. Those required to hold teaching certifications should be reported in the appropriate teaching category.,Speaking|Learning Strategies|Monitoring|Reading Comprehension|Active Listening|Critical Thinking|Active Learning|Writing|Mathematics|Science,4.38|4.12|4.12|4.0|4.0|4.0|3.88|3.62|2.12|1.62,Microsoft Outlook|Nearpod|Microsoft Office software|Graphics creation software|Scheduling software|Evernote|Online registration software|Facebook|Edmodo|Google Meet|Microsoft Publisher|ParentSquare|Video file conversion software|Edulastic|Schoology,N|Y|N|N|N|N|Y|N|N|Y|N|N|N|N|Y
27-2023.00,"Umpires, Referees, and Other Sports Officials","Officiate at competitive athletic or sporting events. Detect infractions of rules and decide penalties according to established regulations. Includes all sporting officials, referees, and competition judges.",Speaking|Critical Thinking|Active Listening|Monitoring|Reading Comprehension|Active Learning|Learning Strategies|Writing|Mathematics|Science,3.62|3.38|3.25|3.12|3.0|3.0|3.0|2.75|2.5|1.38,Microsoft Word|Microsoft Outlook|Video editing software|Microsoft Office software|Adobe Acrobat|Email software|Microsoft Excel|Database software|Microsoft PowerPoint|Web browser software,Y|N|N|Y|Y|Y|Y|Y|N|N
27-2031.00,Dancers,"Perform dances. May perform on stage, for broadcasting, or for video recording.",Active Listening|Critical Thinking|Speaking|Monitoring|Reading Comprehension|Active Learning|Writing|Learning Strategies|Mathematics|Science,3.25|3.0|2.88|2.88|2.75|2.75|2.5|2.5|1.38|1.0,Facebook|LinkedIn|Microsoft Outlook|Apple Final Cut Pro|Choreography software|Social media sites|Adobe Photoshop|Microsoft Office software|Web browser software|Samba|YouTube|Pinterest,Y|N|N|Y|N|Y|Y|N|N|N|N|N
27-2032.00,Choreographers,Create new dance routines. Rehearse performance of routines. May direct and stage presentations.,Active Listening|Speaking|Monitoring|Learning Strategies|Reading Comprehension|Critical Thinking|Active Learning|Writing|Mathematics|Science,3.88|3.88|3.75|3.62|3.5|3.38|3.25|3.0|1.62|1.12,Facebook|Microsoft Word|Salesforce Visualforce|Social media sites|Microsoft Office software|Credo Interactive DanceForms|Email software|Microsoft Excel|Salesforce software|Microsoft PowerPoint|Web browser software|Chorel Technology Dance Designer|YouTube,N|N|N|Y|Y|Y|Y|Y|Y|N|N|N|N
27-2041.00,Music Directors and Composers,"Conduct, direct, plan, and lead instrumental or vocal performances by musical artists or groups, such as orchestras, bands, choirs, and glee clubs; or create original works of music.",Active Listening|Speaking|Reading Comprehension|Critical Thinking|Writing|Active Learning|Monitoring|Learning Strategies|Mathematics|Science,3.88|3.62|3.5|3.5|3.38|3.38|3.25|2.75|2.12|1.25,D'accord Music Software iChords|Wusik Wusikstation VSTi|Javamin Composer|Underware Design DTAB|SVArTracker|MediaShout|MadTracker|Musilogic HarmonyBuilder|Epinoisis Software Digital Ear|Sonoma Wire Works RiffWorks|Image-Line FL Studio|Mozart Music Software Mozart|Widisoft WIDI Recognition System|Jackbeat|MidiSwing,N|N|N|N|N|N|N|N|N|N|N|N|N|N|N
27-2042.00,Musicians and Singers,"Play one or more musical instruments or sing. May perform on stage, for broadcasting, or for sound or video recording.",Speaking|Active Listening|Monitoring|Reading Comprehension|Critical Thinking|Writing|Active Learning|Learning Strategies|Mathematics|Science,3.38|3.25|3.25|3.12|3.0|2.75|2.75|2.62|1.88|1.12,MakeMusic Finale|Microsoft Office software|Apple GarageBand|TUBA software|Facebook|Blogging software|SAP software|Acoustica Mixcraft|Cantovation Sing & See|Avid Technology Sibelius|Snapchat|Financial tracking software|Twitter|Microsoft Word|Appointment scheduling software,N|N|N|N|N|N|N|N|N|Y|N|N|N|N|Y
27-2091.00,"Disc Jockeys, Except Radio","Play prerecorded music for live audiences at venues or events such as clubs, parties, or wedding receptions. May use techniques such as mixing, cutting, or sampling to manipulate recordings. May also perform as emcee (master of ceremonies).",Speaking|Active Listening|Monitoring|Critical Thinking|Reading Comprehension|Writing|Active Learning|Learning Strategies|Mathematics|Science,3.5|3.25|3.25|3.12|3.0|2.88|2.75|2.12|1.88|1.0,Microsoft Word|Adobe Audition|Microsoft Office software|Avid Technology Pro Tools|Microsoft Excel|Audion Laboratories VoxPro,N|N|N|Y|Y|Y
27-2099.00,"Entertainers and Performers, Sports and Related Workers, All Other","All entertainers and performers, sports and related workers not listed separately.",,,,
27-3011.00,Broadcast Announcers and Radio Disc Jockeys,"Speak or read from scripted materials, such as news reports or commercial messages, on radio, television, or other communications media. May play and queue music, announce artist or title of performance, identify station, or interview guests.",Speaking|Active Listening|Reading Comprehension|Critical Thinking|Writing|Active Learning|Monitoring|Learning Strategies|Mathematics|Science,4.75|4.0|3.88|3.75|3.12|3.12|3.0|2.0|1.75|1.0,Microsoft Word|Microsoft Outlook|Enterprise application integration EAI software|Microsoft PowerPoint|Adobe Audition|Burli Software Burli Newsroom System|Microsoft Office software|Statistical processing software|Avid Technology Pro Tools|Web browser software|Database software|Microsoft Excel|Microsoft Access|Program logging software|Audion Laboratories VoxPro,N|N|N|N|N|N|N|Y|Y|Y|Y|Y|Y|N|N
27-3023.00,"News Analysts, Reporters, and Journalists","Narrate or write news stories, reviews, or commentary for print, broadcast, or other communications media such as newspapers, magazines, radio, or television. May collect and analyze information through interview, investigation, or observation.",Active Listening|Reading Comprehension|Speaking|Critical Thinking|Writing|Active Learning|Monitoring|Learning Strategies|Mathematics|Science,4.5|4.38|4.25|4.12|4.0|3.75|3.25|2.5|1.88|1.12,LexisNexis|Microsoft Outlook|Web content management system CMS software|RCS NexGen Digital|Adobe After Effects|Desktop Technologies NewsBoss|IBM SPSS Statistics|Microsoft Office software|Hypertext markup language HTML|Microsoft Access|Facebook|Mapping software|Adobe InDesign|Microsoft Publisher|Adobe Photoshop,Y|Y|Y|N|N|N|N|N|N|Y|N|N|Y|Y|N
27-3031.00,Public Relations Specialists,"Promote or create an intended public image for individuals, groups, or organizations. May write or select material for release to various communications media. May specialize in using social media.",Active Listening|Speaking|Reading Comprehension|Writing|Critical Thinking|Active Learning|Monitoring|Learning Strategies|Mathematics|Science,4.12|4.12|4.0|4.0|3.88|3.38|3.0|2.88|2.0|1.5,LexisNexis|LinkedIn|Google Analytics|Microsoft Outlook|Myspace|Adobe ActionScript|Adobe After Effects|Microsoft Dynamics|Nearpod|Microsoft Office software|Podcasting software|Apple QuickTime|Cascading style sheets CSS|Hypertext markup language HTML|Apple Keynote,N|Y|N|N|N|Y|Y|N|Y|Y|Y|N|N|N|N
27-3041.00,Editors,"Plan, coordinate, revise, or edit written material. May review proposals and drafts for possible publication.",Reading Comprehension|Writing|Active Listening|Speaking|Critical Thinking|Active Learning|Monitoring|Learning Strategies|Mathematics|Science,5.0|4.38|4.0|4.0|3.88|3.25|3.25|3.0|2.12|1.0,LexisNexis|LinkedIn|Google Analytics|Microsoft Outlook|Web content management system CMS software|CCI NewsGate|Adobe After Effects|AutoCrit Editing Wizard|Microsoft Office software|File transfer protocol FTP software|Cascading style sheets CSS|Adobe Captivate|Hypertext markup language HTML|Avid Technology Media Composer|Elite Minds RightWriter,Y|Y|N|Y|N|N|Y|N|Y|Y|N|N|N|Y|N
27-3042.00,Technical Writers,"Write technical materials, such as equipment manuals, appendices, or operating and maintenance instructions. May assist in layout work.",Writing|Reading Comprehension|Active Listening|Speaking|Critical Thinking|Active Learning|Monitoring|Learning Strategies|Mathematics|Science,4.88|4.12|3.75|3.75|3.62|3.25|3.0|2.5|1.62|1.25,Microsoft Outlook|Git|Darwin information typing architecture DITA|Microsoft Office software|Cascading style sheets CSS|Adobe Captivate|Hypertext markup language HTML|Atlassian Confluence|Perforce Helix software|Corel Paint Shop Pro|Adobe RoboHelp|Microsoft Access|Microsoft Project|IBM Rational ClearQuest|Oracle E-Business Suite Financials,Y|N|Y|N|N|Y|Y|Y|N|N|Y|Y|N|Y|N
27-3043.00,Writers and Authors,"Originate and prepare written material, such as scripts, stories, advertisements, and other material.",Writing|Reading Comprehension|Active Listening|Speaking|Critical Thinking|Active Learning|Monitoring|Learning Strategies|Mathematics|Science,5.0|4.12|3.75|3.75|3.62|3.0|2.88|2.62|1.38|1.0,LinkedIn|Google Analytics|Microsoft Outlook|MySQL|Web content management system CMS software|Adobe After Effects|Microsoft Office software|Hypertext markup language HTML|Google Workspace software|Avid Technology Media Composer|Campaign Monitor|Figma|Microsoft Access|Microsoft Project|Loom,Y|Y|Y|N|Y|Y|N|Y|N|N|Y|N|N|N|Y
27-3043.05,"Poets, Lyricists and Creative Writers","Create original written works, such as scripts, essays, prose, poetry or song lyrics, for publication or performance.",Writing|Reading Comprehension|Speaking|Critical Thinking|Active Learning|Active Listening|Learning Strategies|Monitoring|Mathematics|Science,4.75|4.25|3.88|3.75|3.75|3.62|2.75|2.75|1.75|1.12,OpenOffice.org|AutoCrit Editing Wizard|Microsoft Office software|WriteWay Pro|Tumblr|Facebook|Ravenshead Services WriteItNow|Adobe InDesign|WhiteSmoke|Adobe Photoshop|Skype|Bare Bones Software BBEdit|Storymind StoryWeaver|Power Structure|Write Brothers Dramatica,Y|Y|Y|Y|Y|N|N|N|N|N|N|Y|N|N|N
27-3091.00,Interpreters and Translators,"Interpret oral or sign language, or translate written text from one language into another.",Speaking|Active Listening|Reading Comprehension|Writing|Critical Thinking|Monitoring|Active Learning|Learning Strategies|Mathematics|Science,4.12|4.0|3.88|3.75|3.62|3.62|3.12|3.0|2.0|1.12,Microsoft Outlook|jalada GmbH Just Translate|Stormdance CatsCradle|Microsoft Office software|Hypertext markup language HTML|Electronic dictionaries|Microsoft Access|Ashkon Translation Pad|AceTools.biz Ace Translator|Productivity software|Extensible hypertext markup language XHTML|ExcelTrans Translator|Google Translate Client|Smart Link Corporation ImTranslator|Voice over internet protocol VoIP system software,N|N|N|N|N|N|N|N|N|N|N|Y|N|N|N
27-3092.00,Court Reporters and Simultaneous Captioners,"Use verbatim methods and equipment to capture, store, retrieve, and transcribe pretrial and trial proceedings or other information. Includes stenocaptioners who operate computerized stenographic captioning equipment to provide captions of live or prerecorded broadcasts for hearing-impaired viewers.",Active Listening|Writing|Reading Comprehension|Speaking|Monitoring|Critical Thinking|Active Learning|Learning Strategies|Mathematics|Science,4.25|3.62|3.5|3.0|3.0|2.75|2.0|1.88|1.62|1.0,ForTheRecord TheRecord Player|Microsoft Outlook|Courtpages|Corel WordPerfect Office Suite|Microsoft Office software|Gigatron StenoCAT|Thomson West LiveNote|Stenograph Case CATalyst|Advantage Software Total Eclipse|ProCAT Winner|Equative TimeLedger|Nuance Dragon NaturallySpeaking|Courtroom Data Solutions Techlennium|Electronic Transcript Software ProTEXT|Chase Software Solutions Court Reporting Software,N|N|N|N|N|N|N|N|N|N|N|N|N|N|Y
27-3099.00,"Media and Communication Workers, All Other",All media and communication workers not listed separately.,,,,
27-4011.00,Audio and Video Technicians,"Set up, maintain, and dismantle audio and video equipment, such as microphones, sound speakers, connecting wires and cables, sound and mixing boards, video cameras, video monitors and servers, and related electronic equipment for live or recorded events, such as concerts, meetings, conventions, presentations, podcasts, news conferences, and sporting events.",Monitoring|Reading Comprehension|Critical Thinking|Active Listening|Writing|Speaking|Active Learning|Learning Strategies|Mathematics|Science,3.75|3.5|3.5|3.12|3.12|3.12|3.0|2.75|2.0|1.0,Microsoft Outlook|Adobe After Effects|Microsoft Office software|Microsoft Access|Microsoft Teams|Adobe InDesign|Cisco Webex|Adobe Photoshop|Microsoft Windows|Adobe Dreamweaver|Linux|Apple Final Cut Pro|Voice over internet protocol VoIP system software|Blackboard software|Apple iMovie,Y|N|Y|Y|Y|N|N|N|N|Y|N|Y|Y|Y|Y
27-4012.00,Broadcast Technicians,"Set up, operate, and maintain the electronic equipment used to acquire, edit, and transmit audio and video for radio or television programs. Control and adjust incoming and outgoing broadcast signals to regulate sound volume, signal strength, and signal clarity. Operate satellite, microwave, or other transmitter equipment to broadcast radio or television programs.",Critical Thinking|Monitoring|Active Listening|Reading Comprehension|Writing|Active Learning|Speaking|Mathematics|Learning Strategies|Science,3.88|3.88|3.62|3.25|3.12|3.12|3.0|2.75|2.75|1.62,Microsoft Outlook|Adobe After Effects|Adobe Audition|Microsoft Office software|Adobe InDesign|Autodesk AutoCAD|Adobe Photoshop|Character generator software|UNIX|Microsoft Windows|Linux|Apple Final Cut Pro|Video encoder software|Adobe Illustrator|Avid Technology audio visual editing software,Y|N|Y|Y|Y|N|N|Y|N|N|N|N|N|Y|Y
27-4014.00,Sound Engineering Technicians,"Assemble and operate equipment to record, synchronize, mix, edit, or reproduce sound, including music, voices, or sound effects, for theater, video, film, television, podcasts, sporting events, and other productions.",Active Listening|Speaking|Critical Thinking|Reading Comprehension|Writing|Active Learning|Monitoring|Learning Strategies|Mathematics|Science,3.75|3.62|3.5|3.25|3.12|3.12|3.12|2.5|2.0|1.62,Git|Adobe Audition|Microsoft Office software|Perforce software|Apple macOS|Facebook|Adobe InDesign|Autodesk AutoCAD|Adobe Photoshop|Microsoft Visio|Real time operating system RTOS software|UNIX|Microsoft Windows|Linux|Apple Final Cut Pro,Y|N|Y|Y|Y|N|N|Y|N|Y|N|N|N|N|Y
27-4015.00,Lighting Technicians,"Set up, maintain, and dismantle light fixtures, lighting control devices, and the associated lighting electrical and rigging equipment used for photography, television, film, video, and live productions. May focus or operate light fixtures, or attach color filters or other lighting accessories.",,,Programmable logic controller PLC software|Microsoft Outlook|Autodesk AutoCAD|Microsoft PowerPoint|SAP Maintenance|Microsoft Office software|Microsoft Excel|Rockwell RSLogix|Microsoft Access|Microsoft Project|Microsoft Internet Explorer|FileMaker Pro,Y|N|Y|Y|N|Y|Y|Y|Y|N|N|N
27-4021.00,Photographers,"Photograph people, landscapes, merchandise, or other subjects. May use lighting equipment to enhance a subject's appearance. May use editing software to produce finished images and prints. Includes commercial and industrial photographers, scientific photographers, and photojournalists.",Active Listening|Speaking|Reading Comprehension|Critical Thinking|Active Learning|Monitoring|Writing|Learning Strategies|Mathematics|Science,3.75|3.75|3.12|3.12|3.12|3.12|2.88|2.88|2.0|1.75,Adobe After Effects|Genbook|Microsoft Access|ShootZilla|Apple macOS|ShootQ photography studio management software|Facebook|Adobe InDesign|Adobe Photoshop|Light Blue Software Light Blue|Simplifi pixifi|Adobe Photoshop Lightroom|SuccessWare service management software|Apple Final Cut Pro|WeVideo,Y|Y|Y|Y|Y|Y|N|N|Y|N|N|N|Y|N|N
27-4031.00,"Camera Operators, Television, Video, and Film","Operate television, video, or film camera to record images or scenes for television, video, or film productions.",Active Listening|Reading Comprehension|Speaking|Critical Thinking|Monitoring|Writing|Active Learning|Learning Strategies|Mathematics|Science,3.75|3.25|3.25|3.12|3.12|2.88|2.88|2.75|2.0|1.0,Adobe After Effects|Pix4D Pix4Dcapture|DaVinci Resolve|Microsoft Office software|Adobe InDesign|Adobe Photoshop|Adobe Dreamweaver|Apple Final Cut Studio|Apple Final Cut Pro|Litchi|Adobe Illustrator|Avid Technology audio visual editing software|Adobe Premiere Pro|Adobe Creative Cloud software|TikTok,Y|Y|Y|N|Y|Y|Y|N|N|N|N|N|N|N|N
27-4032.00,Film and Video Editors,"Edit moving images on film, video, or other media. May work with a producer or director to organize images for final production. May edit or synchronize soundtracks with images.",Active Listening|Critical Thinking|Reading Comprehension|Speaking|Active Learning|Writing|Monitoring|Learning Strategies|Mathematics|Science,3.75|3.5|3.38|3.25|3.25|3.12|3.0|2.62|1.88|1.0,Autodesk Smoke|Adobe After Effects|DaVinci Resolve|Microsoft Office software|Apple QuickTime|Cascading style sheets CSS|Hypertext markup language HTML|Boris FX Continuum Complete|Adobe InDesign|Adobe Photoshop|Adobe Director|Windows Media Services|Apple DVD Studio Pro|Avid Digidesign Pro Tools|RSS,Y|Y|N|Y|Y|Y|N|Y|N|N|N|N|N|N|N
27-4099.00,"Media and Communication Equipment Workers, All Other",All media and communication equipment workers not listed separately.,,,,
29-1011.00,Chiropractors,"Assess, treat, and care for patients by manipulation of spine and musculoskeletal system. May provide spinal adjustment or address sacral or pelvic misalignment.",Active Listening|Speaking|Reading Comprehension|Critical Thinking|Writing|Active Learning|Science|Monitoring|Learning Strategies|Mathematics,4.0|4.0|3.88|3.88|3.62|3.5|3.38|3.25|3.0|2.12,Microsoft Outlook|GalacTek ECLIPSE|Life Systems Software ChiroSuite EHR|Microsoft Office software|MRX Solutions OfficeMaster|Quick Notes QNotes Office EMR|Scheduling software|Advantage Software Chiropractic Advantage|MicroFour PracticeStudio.NET EMR|PracticePRO Software Systems QuickPractice|EZClaim medical billing software|DocumentPlus|Software Motif MyEMR|Softworx Solutions ChiroWrite|ChiroTouch EHR,N|N|N|N|N|N|N|N|N|N|N|N|N|N|N
29-1021.00,"Dentists, General","Examine, diagnose, and treat diseases, injuries, and malformations of teeth and gums. May treat diseases of nerve, pulp, and other dental tissues affecting oral hygiene and retention of teeth. May fit dental appliances or provide preventive care.",Critical Thinking|Reading Comprehension|Active Listening|Speaking|Active Learning|Monitoring|Science|Writing|Learning Strategies|Mathematics,4.12|4.0|4.0|4.0|4.0|4.0|3.62|3.5|3.12|2.62,Henry Schein EndoVision|eClinicalWorks EHR software|Microsoft Office software|Open Dental|Henry Schein Easy Dental|DSN Software Perio-Exec|Voice-activated perio charting software|ABELSoft ABELDent|EZ 2000|PEB XLDent|Kodak Dental Systems Kodak SOFTDENT Practice management software PMS|Genesis Dental|OCS Office-Partner|Dental intra-oral imaging software|AlphaDent,N|N|N|N|N|N|N|N|N|N|N|N|N|N|Y
29-1022.00,Oral and Maxillofacial Surgeons,"Perform surgery and related procedures on the hard and soft tissues of the oral and maxillofacial regions to treat diseases, injuries, or defects. May diagnose problems of the oral and maxillofacial regions. May perform surgery to improve function or appearance.",Critical Thinking|Reading Comprehension|Active Listening|Writing|Speaking|Monitoring|Active Learning|Science|Learning Strategies|Mathematics,4.12|4.0|4.0|3.88|3.88|3.88|3.75|3.62|2.75|2.62,Ada|Gendex Dental Systems VixWin PRO|Kodak Dental Systems Kodak Cosmetic Imaging Module|DentalEye|Planmeca Oy Dimaxis|DSN Software Oral Surgery-Exec|Dolphin Imaging & Management Solutions Dolphin Management|Apteryx Imaging Suite|DecisionBase TiME for OMS|Sirona SIDEXIS XG,N|N|N|N|N|N|N|N|N|N
29-1023.00,Orthodontists,"Examine, diagnose, and treat dental malocclusions and oral cavity anomalies. Design and fabricate appliances to realign teeth and jaws to produce and maintain normal function and to improve appearance.",Active Listening|Speaking|Critical Thinking|Monitoring|Reading Comprehension|Active Learning|Writing|Science|Learning Strategies|Mathematics,4.0|4.0|4.0|4.0|3.88|3.75|3.38|3.38|3.25|2.12,Orthoease|Microsoft Office software|Oasys structural design and analysis software|EZappt|American Orthodontics Photo-Eze|Algorithm Compu-Ceph|Facebook|Ortho Computer Systems ViewPoint|Patient management software|GAC International OrthoPlex|FYI Technologies Dr. Ceph|OrthoChart|Solutions by Design ScreenPlay|Innovative Software Inn-Soft Office Manager|Dolphin Imaging & Management Solutions Dolphin Management,N|N|N|N|N|N|N|N|Y|N|N|N|N|N|N
29-1024.00,Prosthodontists,"Diagnose, treat, rehabilitate, design, and fit prostheses that maintain oral function, health, and appearance for patients with clinical conditions associated with teeth, oral and maxillofacial tissues, or the jaw.",Active Listening|Speaking|Critical Thinking|Reading Comprehension|Monitoring|Writing|Science|Active Learning|Learning Strategies|Mathematics,4.0|4.0|4.0|3.62|3.62|3.38|3.0|3.0|2.88|2.0,Planet DDS Denticon|Image management software|Consult-PRO|Henry Schein DentalVision Professional|Apple iOS|Kea Software impDAT|Materialise Dental SimPLANT|Henry Schein Dentrix|Kodak Dental Systems Kodak PRACTICEWORKS Practice management software PMS|Practice-Web Dental|Henry Schein Easy Dental|Perio charting software|Patterson Dental Supply Patterson EagleSoft|Materialise Dental SurgiGuide,Y|N|N|Y|N|N|N|N|N|N|N|N|N|N
29-1029.00,"Dentists, All Other Specialists",All dentists not listed separately.,,,,
29-1031.00,Dietitians and Nutritionists,"Plan and conduct food service or nutritional programs to assist in the promotion of health and control of disease. May supervise activities of a department providing quantity food services, counsel individuals, or conduct nutritional research.",Reading Comprehension|Active Listening|Speaking|Critical Thinking|Writing|Monitoring|Learning Strategies|Active Learning|Science|Mathematics,4.0|4.0|4.0|4.0|3.88|3.88|3.75|3.62|3.25|3.0,Microsoft Outlook|BioEx Systems Nutrition Maker Plus|Graphics software|PICS DietMate Professional|Microsoft Office software|Lifestyles Technologies DietMaster Pro|Mosby's Nutritrac|Database software|ValuSoft MasterCook|ESHA Research The Food Processor|Compu-Cal Nutrition Assistant|Monash University Low FODMAP Diet App|Axxya Systems Nutritionist Pro|SureQuest Systems Square 1|Ketogenic planning software,N|N|N|N|N|N|N|N|N|N|N|N|N|N|Y
29-1041.00,Optometrists,"Diagnose, manage, and treat conditions and diseases of the human eye and visual system. Examine eyes and visual system, diagnose problems or impairments, prescribe corrective lenses, and provide treatment. May prescribe therapeutic drugs to treat specific eye conditions.",Reading Comprehension|Active Listening|Critical Thinking|Writing|Speaking|Science|Monitoring|Active Learning|Learning Strategies|Mathematics,4.12|4.12|4.12|4.0|4.0|3.75|3.25|3.12|3.12|3.0,Scheduling software|Microsoft Edge|Microsoft Access|MAX Systems Max-Gold7|First Insight MaximEyes|Mozilla Firefox|MediNotes Charting Plus|Compulink Business Systems Eyecare Advantage|HealthLine Systems Eyecom|VisionScience Software Acuity Pro|Microsoft SQL Server|Apple Safari|OfficeMate Software Solutions OfficeMate|Babcock Winx Pro|Digital Healthcare OptoMize,N|N|Y|N|N|N|N|N|N|N|Y|N|N|Y|Y
29-1051.00,Pharmacists,"Dispense drugs prescribed by physicians and other health practitioners and provide information to patients about medications and their use. May advise physicians and other health practitioners on the selection, dosage, interactions, and side effects of medications.",Reading Comprehension|Active Listening|Speaking|Writing|Critical Thinking|Monitoring|Active Learning|Mathematics|Science|Learning Strategies,4.0|4.0|4.0|3.88|3.88|3.88|3.62|3.12|3.12|3.12,Microsoft Outlook|eClinicalWorks EHR software|Recordkeeping software|Microsoft Office software|Insurance claim processing software|TTP LabTech comPOUND|Computer records systems|Label-making software|TPNassist|Epic Systems|RxKinetics UD Labels for Windows|Healthprolink MedAtlas|Freedom MedTEACH|Microsoft SharePoint|Microsoft Word,N|Y|Y|N|N|N|N|Y|Y|Y|Y|Y|Y|Y|N
29-1071.00,Physician Assistants,"Provide healthcare services typically performed by a physician, under the supervision of a physician. Conduct complete physicals, provide treatment, and counsel patients. May, in some cases, prescribe medication. Must graduate from an accredited educational program for physician assistants.",Reading Comprehension|Critical Thinking|Active Listening|Writing|Speaking|Active Learning|Monitoring|Science|Learning Strategies|Mathematics,4.12|4.12|4.0|4.0|4.0|3.88|3.88|3.62|3.12|3.0,Medical procedure coding software|Microsoft Word|Microsoft Outlook|Patient management software|Patient records software for personal digital assistants PDAs|ChartWare EMR|MEDITECH software|eClinicalWorks EHR software|Microsoft Office software|Epic Systems|Medical condition coding software|Teleconferencing software|Healthcare common procedure coding system HCPCS|Web browser software|Microsoft Excel,N|Y|N|Y|N|N|N|Y|Y|Y|Y|Y|N|N|N
29-1071.01,Anesthesiologist Assistants,Assist anesthesiologists in the administration of anesthesia for surgical and non-surgical procedures. Monitor patient status and provide patient care during surgical treatment.,Monitoring|Reading Comprehension|Active Listening|Speaking|Active Learning|Critical Thinking|Writing|Mathematics|Science|Learning Strategies,4.12|4.0|4.0|3.75|3.75|3.62|3.25|2.88|2.88|2.88,Microsoft Outlook|GalacTek ECLIPSE|Kareo Practice Management|eClinicalWorks EHR software|Microsoft Office software|Greenway Medical Technologies PrimeSUITE|Modernizing Medicine Practice Management|Microsoft Access|Bizmatics PrognoCIS EMR|HealthFusion MediTouch|Epic Practice Management|Vitera Healthcare Solutions Vitera Intergy|Allscripts PM|Automatic Data Processing AdvancedMD EHR|McKesson Practice Plus,N|N|N|N|N|N|N|Y|N|N|N|N|N|N|N
29-1081.00,Podiatrists,Diagnose and treat diseases and deformities of the human foot.,Reading Comprehension|Active Listening|Speaking|Critical Thinking|Active Learning|Writing|Monitoring|Science|Learning Strategies|Mathematics,4.0|4.0|4.0|4.0|4.0|3.88|3.88|3.5|3.25|2.88,Facebook|DocSite Registry|Quick Notes PDQ Podiatry|Scanner imaging software|Advantage Software Podiatry Advantage|Fox Meadows Software MediNotes e|Email software|Web browser software|Microsoft Access,N|N|N|Y|N|Y|N|N|N
29-1122.00,Occupational Therapists,"Assess, plan, and organize rehabilitative programs that help build or restore vocational, homemaking, and daily living skills, as well as general independence, to persons with disabilities or developmental delays. Use therapeutic techniques, adapt the individual's environment, teach skills, and modify specific tasks that present barriers to the individual.",Active Listening|Monitoring|Reading Comprehension|Writing|Speaking|Critical Thinking|Active Learning|Learning Strategies|Science|Mathematics,4.12|4.12|4.0|4.0|4.0|4.0|3.88|3.88|2.75|2.0,eClinicalWorks EHR software|Duxbury Braille Translator|Microsoft Office software|Physical education educational software|Math educational software|Bizmatics PrognoCIS EMR|Social studies educational software|Facebook|HMS|Music software|Screen reader software|Casamba Smart|Screen magnification software|Text scanning software|Science educational software,N|N|N|N|N|Y|N|Y|N|N|N|N|N|N|N
29-1122.01,"Low Vision Therapists, Orientation and Mobility Specialists, and Vision Rehabilitation Therapists","Provide therapy to patients with visual impairments to improve their functioning in daily life activities. May train patients in activities such as computer use, communication skills, or home management skills.",Active Listening|Speaking|Learning Strategies|Reading Comprehension|Writing|Active Learning|Monitoring|Critical Thinking|Mathematics|Science,4.0|4.0|4.0|3.88|3.75|3.75|3.75|3.5|2.12|2.0,Microsoft Outlook|Python|Freedom Scientific MAGic|Axistive BigShot Screen Magnifier|American Printing House for the Blind Learn Keys|Microsoft Office software|Workday software|American Printing House for the Blind Talking Typer|Microsoft Access|Oracle PeopleSoft|Dolphin Lunar|SAP software|Microsoft Visio|Amazon Web Services AWS software|Oracle Database,N|Y|N|N|N|N|N|N|Y|Y|Y|Y|Y|Y|Y
29-1123.00,Physical Therapists,"Assess, plan, organize, and participate in rehabilitative programs that improve mobility, relieve pain, increase strength, and improve or correct disabling conditions resulting from disease or injury.",Reading Comprehension|Active Listening|Speaking|Critical Thinking|Writing|Monitoring|Active Learning|Learning Strategies|Science|Mathematics,4.0|4.0|4.0|4.0|3.88|3.88|3.12|3.12|2.62|2.12,Medical procedure coding software|Microsoft Outlook|eClinicalWorks EHR software|Recordkeeping software|Microsoft Office software|Medical condition coding software|Patient charting software|Biometrics video game software|SpectraSoft AppointmentsCS|Exercise routine creation software|MediGraph|Clinicient Insight|Advantage Software Physical Therapy Advantage|Microsoft Word|Prognosis Innovation Healthcare ChartAccess,N|N|N|N|Y|N|N|N|N|N|Y|Y|Y|Y|Y
29-1124.00,Radiation Therapists,"Provide radiation therapy to patients as prescribed by a radiation oncologist according to established practices and standards. Duties may include reviewing prescription and diagnosis; acting as liaison with physician and supportive care personnel; preparing equipment, such as immobilization, treatment, and protection devices; and maintaining records, reports, and files. May assist in dosimetry procedures and tumor localization.",Reading Comprehension|Active Listening|Critical Thinking|Speaking|Monitoring|Writing|Active Learning|Learning Strategies|Mathematics|Science,3.75|3.75|3.5|3.25|3.25|3.12|3.0|2.88|2.75|2.75,Sun Nuclear MapCHECK|eClinicalWorks EHR software|Dose unit calculation software|Microsoft Office software|Radiation therapy equipment software|Procedure scheduling software|Patient management software|Virtual simulation software|Epic Systems|Nucletron planning systems|Lifeline Software RadCalc|Treatment planning software|Beam analysis software|Electronic medical record EMR software|Microsoft Word,N|N|Y|Y|N|Y|N|N|Y|Y|Y|N|N|N|N
29-1125.00,Recreational Therapists,"Plan, direct, or coordinate medically-approved recreation programs for patients in hospitals, nursing homes, or other institutions. Activities include sports, trips, dramatics, social activities, and crafts. May assess a patient condition and recommend appropriate recreational activity.",Active Listening|Speaking|Reading Comprehension|Writing|Critical Thinking|Active Learning|Learning Strategies|Monitoring|Mathematics|Science,4.0|4.0|3.88|3.88|3.88|3.38|3.38|3.38|2.0|2.0,MakeMusic Finale|Microsoft Outlook|Microsoft Word|Steinberg Cubase Pro|Microsoft Office software|Musical instrument digital interface MIDI software|Speech recognition software|Hyperscore|Patient electronic medical record EMR software|Email software|Microsoft Excel|Web browser software|Microsoft PowerPoint|Avid Technology Sibelius,N|N|N|N|Y|Y|Y|Y|Y|N|N|N|N|N
29-1126.00,Respiratory Therapists,"Assess, treat, and care for patients with breathing disorders. Assume primary responsibility for all respiratory care modalities, including the supervision of respiratory therapy technicians. Initiate and conduct therapeutic procedures; maintain patient records; and select, assemble, check, and operate equipment.",Active Listening|Critical Thinking|Monitoring|Reading Comprehension|Speaking|Active Learning|Writing|Learning Strategies|Science|Mathematics,4.0|4.0|4.0|3.88|3.88|3.38|3.25|3.12|3.0|2.75,Microsoft Word|Microsoft Outlook|HMS|MEDITECH software|eClinicalWorks EHR software|Microsoft Office software|Database software|Microsoft Excel|Microsoft PowerPoint|Electronic medical record EMR software,N|Y|N|N|Y|Y|Y|Y|Y|Y
29-1127.00,Speech-Language Pathologists,"Assess and treat persons with speech, language, voice, and fluency disorders. May select alternative communication systems and teach their use. May perform research related to speech and language problems.",Reading Comprehension|Active Listening|Critical Thinking|Writing|Speaking|Learning Strategies|Active Learning|Monitoring|Science|Mathematics,4.12|4.12|4.12|4.0|4.0|4.0|3.88|3.88|2.88|2.0,Language analysis software|eClinicalWorks EHR software|Adobe Audition|Microsoft Office software|Dropbox|KayPENTAX Nasometer|Apple Logic Pro|Bungalow Software Aphasia Tutor|Avaaz Innovations Computerized Speech Research Environment CSRE|Tadpoles|Biofeedback software|KayPENTAX Multi-Speech|Propeller Multimedia React2|Avaaz Innovations AphasiaMate|Learning Fundamentals Speech Visualization,N|N|N|N|N|N|N|N|Y|N|N|N|N|N|N
29-1128.00,Exercise Physiologists,"Assess, plan, or implement fitness programs that include exercise or physical activities such as those designed to improve cardiorespiratory function, body composition, muscular strength, muscular endurance, or flexibility.",Reading Comprehension|Active Listening|Speaking|Writing|Critical Thinking|Monitoring|Active Learning|Learning Strategies|Science|Mathematics,4.0|4.0|4.0|3.88|3.88|3.88|3.38|3.38|2.88|2.75,Microsoft Word|Microsoft Outlook|MEDITECH software|Microsoft Office software|Email software|Microsoft Excel|Web browser software|Microsoft PowerPoint,N|Y|Y|Y|Y|Y|Y|N
29-1129.00,"Therapists, All Other",All therapists not listed separately.,,,,
29-1129.01,Art Therapists,"Plan or conduct art therapy sessions or programs to improve clients' physical, cognitive, or emotional well-being.",Active Listening|Speaking|Monitoring|Critical Thinking|Reading Comprehension|Writing|Active Learning|Learning Strategies|Mathematics|Science,4.0|4.0|4.0|3.88|3.75|3.75|3.62|3.12|2.0|1.88,Microsoft Outlook|Adobe After Effects|IBM SPSS Statistics|Microsoft Office software|Adobe InDesign|Adobe Photoshop|Trimble SketchUp Pro|Adobe Illustrator|Adobe Creative Cloud software|Image databases|Microsoft Word|Appointment scheduling software|Autodesk Maya|Case management software|Adobe Acrobat,Y|Y|Y|Y|Y|Y|N|N|N|Y|N|Y|Y|Y|Y
29-1129.02,Music Therapists,"Plan, organize, direct, or assess clinical and evidenced-based music therapy interventions to positively influence individuals' physical, psychological, cognitive, or behavioral status.",Active Listening|Reading Comprehension|Speaking|Critical Thinking|Learning Strategies|Monitoring|Writing|Active Learning|Mathematics|Science,4.12|4.0|4.0|4.0|3.75|3.75|3.25|3.25|2.0|1.75,Electronic health record EHR software|Musical instrument digital interface MIDI software|Microsoft Office software|Avid Technology Pro Tools|Email software|Web browser software|Virtual instrument software,N|N|N|Y|N|N|N
29-1131.00,Veterinarians,"Diagnose, treat, or research diseases and injuries of animals. Includes veterinarians who conduct research and development, inspect livestock, or care for pets and companion animals.",Reading Comprehension|Active Listening|Active Learning|Speaking|Science|Critical Thinking|Writing|Monitoring|Mathematics|Learning Strategies,4.12|4.12|4.0|3.88|3.88|3.88|3.5|3.25|3.12|3.0,Microsoft Outlook|Microsoft Office software|Microsoft Access|Eklin Information Systems VIA|IDEXX Laboratories IDEXX Cornerstone|IntraVet|American Data Systems PAWS Veterinary Practice Management|Henry Schein ImproMed|IDEXX Laboratories IDEXX VPM|InformaVet ALIS-VET|Microsoft Word|Mobile Data Software VetInfo|Adobe Acrobat|Sneakers Software DVMax Practice|Microsoft Excel,Y|N|N|N|N|N|N|N|N|N|Y|Y|Y|Y|Y
29-1141.00,Registered Nurses,"Assess patient health problems and needs, develop and implement nursing care plans, and maintain medical records. Administer nursing care to ill, injured, convalescent, or disabled patients. May advise patients on health maintenance and disease prevention or provide case management. Licensing or registration required.",Active Listening|Speaking|Critical Thinking|Reading Comprehension|Writing|Monitoring|Active Learning|Learning Strategies|Mathematics|Science,4.0|4.0|4.0|3.88|3.75|3.75|3.5|3.25|2.88|2.88,Medical procedure coding software|LinkedIn|Microsoft Outlook|PCC EHR|PointClickCare healthcare software|eClinicalWorks EHR software|Microsoft Office software|Medical condition coding software|Human resource management software HRMS|Database software|Microsoft Access|Microsoft Project|Oracle Taleo|IBM Notes|HMS,N|N|Y|N|N|N|N|N|Y|N|Y|N|N|Y|N
29-1141.01,Acute Care Nurses,"Provide advanced nursing care for patients with acute conditions such as heart attacks, respiratory distress syndrome, or shock. May care for pre- and post-operative patients or perform advanced, invasive diagnostic or therapeutic procedures.",Reading Comprehension|Speaking|Critical Thinking|Active Listening|Writing|Active Learning|Monitoring|Learning Strategies|Mathematics|Science,4.12|4.12|4.12|4.0|4.0|4.0|4.0|3.38|3.0|3.0,Microsoft Outlook|eClinicalWorks EHR software|Microsoft Office software|e-MDs software|MicroFour PracticeStudio.NET EMR|Microsoft Access|Bizmatics PrognoCIS EMR|Microsoft Teams|ChartWare EMR|Allscripts Professional EHR|SAP software|SOAPware EMR|SynaMed EMR|StatCom Patient Flow Logistics Enterprise Suite|NextGen Healthcare Information Systems EMR,N|N|N|N|N|N|Y|N|N|N|N|Y|Y|Y|Y
29-1141.02,Advanced Practice Psychiatric Nurses,"Assess, diagnose, and treat individuals and families with mental health or substance use disorders or the potential for such disorders. Apply therapeutic activities, including the prescription of medication, per state regulations, and the administration of psychotherapy.",Active Listening|Speaking|Reading Comprehension|Writing|Critical Thinking|Monitoring|Active Learning|Learning Strategies|Science|Mathematics,4.38|4.12|4.0|4.0|4.0|4.0|3.88|3.75|2.88|2.75,Microsoft Outlook|Epic HER|Microsoft Office software|Medical condition coding software|Controlled Oral Word Association Task|Category Fluency Test|AUDIT-C|Microsoft Access|Microsoft Teams|Young Mania Rating Scale|Patient management software|Children's Depression Inventory|Google Meet|SAS|Geriatric Depression Scale,N|N|N|N|N|N|N|N|N|N|N|N|N|N|N
29-1141.03,Critical Care Nurses,Provide specialized nursing care for patients in critical or coronary care units.,Monitoring|Reading Comprehension|Active Listening|Speaking|Critical Thinking|Active Learning|Writing|Science|Learning Strategies|Mathematics,4.12|4.0|4.0|4.0|4.0|3.88|3.38|3.0|3.0|2.88,MEDITECH Healthcare Information System HCIS|eClinicalWorks EHR software|Microsoft Office software|e-MDs software|MicroFour PracticeStudio.NET EMR|Bizmatics PrognoCIS EMR|Oracle Taleo|PEPID RN Critical Care RNCC|ChartWare EMR|Allscripts Professional EHR|Epic Systems|SOAPware EMR|SynaMed EMR|American Association of Critical Care Nurses AACN Medicopeia|Microsoft SharePoint,N|N|N|N|N|N|N|Y|Y|N|N|N|Y|N|N
29-1141.04,Clinical Nurse Specialists,"Direct nursing staff in the provision of patient care in a clinical practice setting, such as a hospital, hospice, clinic, or home. Ensure adherence to established clinical policies, protocols, regulations, and standards.",Speaking|Reading Comprehension|Critical Thinking|Active Learning|Monitoring|Active Listening|Writing|Learning Strategies|Science|Mathematics,4.12|4.0|4.0|4.0|4.0|3.88|3.88|3.62|3.0|2.5,Microsoft Outlook|eClinicalWorks EHR software|Microsoft Office software|e-MDs software|MicroFour PracticeStudio.NET EMR|Bizmatics PrognoCIS EMR|ChartWare EMR|Allscripts Professional EHR|SOAPware EMR|SynaMed EMR|StatCom Patient Flow Logistics Enterprise Suite|NextGen Healthcare Information Systems EMR|Cerner Millennium|Amkai AmkaiCharts|Microsoft Word,N|N|N|N|N|N|Y|N|N|N|N|Y|Y|Y|Y
29-1151.00,Nurse Anesthetists,"Administer anesthesia, monitor patient's vital signs, and oversee patient recovery from anesthesia. May assist anesthesiologists, surgeons, other physicians, or dentists. Must be registered nurses who have specialized graduate education.",Reading Comprehension|Critical Thinking|Active Listening|Speaking|Active Learning|Monitoring|Science|Writing|Learning Strategies|Mathematics,4.12|4.12|4.0|4.0|4.0|4.0|3.88|3.38|3.38|3.25,eClinicalWorks EHR software|e-MDs software|MicroFour PracticeStudio.NET EMR|Bizmatics PrognoCIS EMR|EDImis Anesthesia Manager|Patient management software|ChartWare EMR|Allscripts Professional EHR|Epic Systems|SOAPware EMR|SynaMed EMR|AetherPalm InfusiCalc|Skyscape AnesthesiaDrugs|StatCom Patient Flow Logistics Enterprise Suite|NextGen Healthcare Information Systems EMR,N|N|N|N|N|N|N|N|Y|N|Y|N|Y|N|N
29-1161.00,Nurse Midwives,"Diagnose and coordinate all aspects of the birthing process, either independently or as part of a healthcare team. May provide well-woman gynecological care. Must have specialized, graduate nursing education.",Active Listening|Speaking|Critical Thinking|Reading Comprehension|Active Learning|Monitoring|Writing|Learning Strategies|Science|Mathematics,4.12|4.12|4.12|4.0|4.0|4.0|3.88|3.25|2.88|2.62,eClinicalWorks EHR software|Microsoft Office software|e-MDs software|Greenway Medical Technologies PrimeSUITE|MicroFour PracticeStudio.NET EMR|Bizmatics PrognoCIS EMR|ChartWare EMR|Allscripts Professional EHR|Acrendo Medical Software Ob/Gyn EMR|Epic Systems|SOAPware EMR|SynaMed EMR|Practice Partner Total Practice Partner|StatCom Patient Flow Logistics Enterprise Suite|NextGen Healthcare Information Systems EMR,N|N|N|N|N|N|N|N|Y|Y|N|N|N|N|Y
29-1171.00,Nurse Practitioners,"Diagnose and treat acute, episodic, or chronic illness, independently or as part of a healthcare team. May focus on health promotion and disease prevention. May order, perform, or interpret diagnostic tests such as lab work and x rays. May prescribe medication. Must be registered nurses who have specialized graduate education.",Reading Comprehension|Active Listening|Critical Thinking|Writing|Speaking|Active Learning|Monitoring|Science|Learning Strategies|Mathematics,4.12|4.12|4.12|4.0|4.0|4.0|4.0|3.75|3.5|3.0,Medical procedure coding software|Microsoft Outlook|eClinicalWorks EHR software|Microsoft Office software|Medical condition coding software|e-MDs software|MicroFour PracticeStudio.NET EMR|Microsoft Access|Bizmatics PrognoCIS EMR|Patient management software|Allscripts Professional EHR|Epic Systems|SOAPware EMR|SynaMed EMR|Healthcare common procedure coding system HCPCS,N|N|N|N|N|Y|Y|N|N|N|N|Y|N|N|Y
29-1181.00,Audiologists,Assess and treat persons with hearing and related disorders. May fit hearing aids and provide auditory training. May perform research related to hearing problems.,Reading Comprehension|Active Listening|Writing|Speaking|Critical Thinking|Active Learning|Monitoring|Learning Strategies|Science|Mathematics,4.12|4.12|4.0|4.0|4.0|4.0|3.75|3.38|3.0|2.88,Microsoft Outlook|Ear measurement software|eClinicalWorks EHR software|Microsoft Office software|Vestibular diagnostic software|Siemens Hearing Instruments Practice Navigator|Patient management software|Epic Systems|Simply Hearing Software Simply Hearing OMS|Healthcare common procedure coding system HCPCS|Hearing aid fitting software|GN Otometrics CHARTR EP|Etymotic Research QuickSIN|Sycle practice management software|Ear Works,N|N|N|N|N|N|Y|Y|N|N|N|N|N|Y|Y
29-1211.00,Anesthesiologists,"Administer anesthetics and analgesics for pain management prior to, during, or after surgery.",Critical Thinking|Reading Comprehension|Monitoring|Active Listening|Writing|Speaking|Science|Active Learning|Learning Strategies|Mathematics,4.62|4.12|4.12|4.0|4.0|4.0|4.0|3.88|3.38|3.0,Skyscape 5-Minute Clinical Consult|Microsoft Word|Microsoft Outlook|EDImis Anesthesia Manager|Anesthesia machine software|MEDITECH software|Microsoft PowerPoint|Healthpac Medical Billing|Epic Systems|AetherPalm InfusiCalc|Skyscape AnesthesiaDrugs|Microsoft Excel|Web browser software|Microsoft Access|Electronic medical record EMR software,N|N|N|N|N|N|Y|N|N|Y|Y|Y|Y|Y|Y
29-1212.00,Cardiologists,"Diagnose, treat, manage, and prevent diseases or conditions of the cardiovascular system. May further subspecialize in interventional procedures (e.g., balloon angioplasty and stent placement), echocardiography, or electrophysiology.",,,Watchman Monitoring|Epic Systems|MEDITECH software,Y|Y|N
29-1213.00,Dermatologists,"Diagnose and treat diseases relating to the skin, hair, and nails. May perform both medical and dermatological surgery functions.",Critical Thinking|Active Listening|Reading Comprehension|Speaking|Active Learning|Science|Writing|Monitoring|Learning Strategies|Mathematics,4.12|4.0|3.88|3.88|3.75|3.62|3.5|3.5|3.12|2.25,GalacTek ECLIPSE|Kareo Practice Management|eClinicalWorks EHR software|Encite Dermatology Electronic Health Records EHR Software|Microsoft Office software|Greenway Medical Technologies PrimeSUITE|Modernizing Medicine Practice Management|Bizmatics PrognoCIS EMR|HealthFusion MediTouch|Epic Practice Management|Cisco Webex|Vitera Healthcare Solutions Vitera Intergy|Allscripts PM|Automatic Data Processing AdvancedMD EHR|McKesson Practice Plus,N|N|N|N|N|N|N|N|Y|N|Y|N|N|N|N
29-1214.00,Emergency Medicine Physicians,"Make immediate medical decisions and act to prevent death or further disability. Provide immediate recognition, evaluation, care, stabilization, and disposition of patients. May direct emergency medical staff in an emergency department.",Active Listening|Critical Thinking|Reading Comprehension|Speaking|Writing|Monitoring|Active Learning|Learning Strategies|Science|Mathematics,4.38|4.38|4.25|4.25|4.12|4.12|4.0|3.62|3.0|2.75,Epic Systems|MEDITECH software,Y|Y
29-1215.00,Family Medicine Physicians,"Diagnose, treat, and provide preventive care to individuals and families across the lifespan. May refer patients to specialists when needed for further diagnosis or treatment.",Critical Thinking|Reading Comprehension|Active Listening|Writing|Speaking|Active Learning|Monitoring|Science|Learning Strategies|Mathematics,4.38|4.25|4.25|4.12|4.12|4.0|4.0|3.88|3.25|2.75,Medical procedure coding software|eClinicalWorks EHR software|Microsoft Office software|Scheduling software|e-MDs software|Epocrates|ChartWare EMR|Allscripts Professional EHR|e-MDs topsE&M Coder|Medical reference software|Greenway Health PrimeSuite|Med Math|Epic Systems|SOAPware EMR|MedcomSoft Record,N|N|N|N|N|N|N|Y|N|Y|N|N|N|N|N
29-1216.00,General Internal Medicine Physicians,"Diagnose and provide nonsurgical treatment for a wide range of diseases and injuries of internal organ systems. Provide care mainly for adults and adolescents, and are based primarily in an outpatient care setting.",Reading Comprehension|Active Listening|Writing|Speaking|Science|Critical Thinking|Active Learning|Monitoring|Learning Strategies|Mathematics,4.12|4.12|4.0|4.0|4.0|4.0|3.88|3.88|3.12|2.88,eClinicalWorks EHR software|Microsoft Office software|Scheduling software|e-MDs software|Epocrates|ChartWare EMR|Allscripts Professional EHR|e-MDs topsE&M Coder|Medical reference software|MicroFocus GroupWise|Greenway Health PrimeSuite|Med Math|Epic Systems|SOAPware EMR|MedcomSoft Record,N|N|N|N|N|N|Y|N|Y|N|N|N|N|N|N
29-1217.00,Neurologists,"Diagnose, manage, and treat disorders and diseases of the brain, spinal cord, and peripheral nerves, with a primarily nonsurgical focus.",Active Listening|Reading Comprehension|Speaking|Critical Thinking|Writing|Monitoring|Science|Active Learning|Learning Strategies|Mathematics,4.25|4.12|4.12|4.12|4.0|4.0|3.75|3.75|3.38|2.88,GalacTek ECLIPSE|Kareo Practice Management|eClinicalWorks EHR software|Microsoft Office software|e-MDs software|Greenway Medical Technologies PrimeSUITE|Modernizing Medicine Practice Management|Bizmatics PrognoCIS EMR|HealthFusion MediTouch|Epic Practice Management|Epic Systems|Vitera Healthcare Solutions Vitera Intergy|Allscripts PM|Automatic Data Processing AdvancedMD EHR|McKesson Practice Plus,N|N|N|N|N|N|N|N|Y|N|N|Y|N|N|N
29-1218.00,Obstetricians and Gynecologists,"Provide medical care related to pregnancy or childbirth. Diagnose, treat, and help prevent diseases of women, particularly those affecting the reproductive system. May also provide general care to women. May perform both medical and gynecological surgery functions.",Critical Thinking|Reading Comprehension|Active Listening|Active Learning|Writing|Speaking|Monitoring|Science|Learning Strategies|Mathematics,4.38|4.25|4.12|4.12|4.0|4.0|4.0|3.75|3.5|2.75,Medical procedure coding software|eClinicalWorks EHR software|Microsoft Office software|Scheduling software|e-MDs software|Greenway Medical Technologies PrimeSUITE|Bizmatics PrognoCIS EMR|AS Software AS-OBGYN|ChartWare EMR|Allscripts Professional EHR|Acrendo Medical Software Ob/Gyn EMR|Epic Systems|MedcomSoft Record|Practice Partner Total Practice Partner|Alteer Premiere,N|N|N|N|N|N|N|N|N|Y|N|Y|N|N|N
29-1221.00,"Pediatricians, General","Diagnose, treat, and help prevent diseases and injuries in children. May refer patients to specialists for further diagnosis or treatment, as needed.",Speaking|Critical Thinking|Reading Comprehension|Active Listening|Writing|Science|Active Learning|Monitoring|Learning Strategies|Mathematics,4.25|4.25|4.12|4.12|4.0|4.0|4.0|4.0|3.25|2.38,eClinicalWorks EHR software|Scheduling software|e-MDs software|Microsoft Access|ChartWare EMR|Allscripts Professional EHR|Epic Systems software|StatCoder.com STAT E&M Coder|Advanced Data Systems MedicsDocAssistant for Pediatrics|Epic Systems|Patient electronic medical record EMR software|SOAPware EMR|MedcomSoft Record|Medical information databases|EMR Experts Pediatric EMR,N|N|N|N|N|N|Y|N|N|Y|N|N|N|Y|Y
29-1222.00,"Physicians, Pathologists","Diagnose diseases and conduct lab tests using organs, body tissues, and fluids. Includes medical examiners.",Reading Comprehension|Writing|Critical Thinking|Active Listening|Science|Active Learning|Speaking|Monitoring|Learning Strategies|Mathematics,4.25|4.12|4.12|4.0|4.0|4.0|3.88|3.5|3.12|3.0,McKesson Horizon Lab Financials|SCC Soft Computer SoftPath|Sunquest Information Systems Sunquest Laboratory|EasyPath Software Pathology Assistant|Mediware Information Systems HCLL Donor|Sunquest Information Systems Sunquest Collection Manager|SCC Soft Computer SoftLab|SAP software|Siemens Patient Identification Check|Accounts receivables system software|Cerner CoPathPlus|McKesson Horizon Lab|Psyche Systems Systematic Blood Bank|Comp Pro Med Polytech|Orchard Software Orchard Harvest LIS,N|N|N|N|N|N|N|N|N|N|N|N|N|N|N
29-1223.00,Psychiatrists,"Diagnose, treat, and help prevent mental disorders.",Active Listening|Critical Thinking|Speaking|Reading Comprehension|Writing|Monitoring|Active Learning|Learning Strategies|Science|Mathematics,5.0|4.38|4.12|4.0|4.0|4.0|3.88|3.75|3.62|2.62,Microsoft Outlook|Virtual reality software|Epic EpicCare Inpatient Clinical System|Blumenthal Software PBSW24|eClinicalWorks EHR software|Microsoft Office software|UnisonCare UniCharts|MDofficeManager MediVoxx|Computer Assisted Diagnostic Interview CADI software|Psychiatric assessment software|Sigmund Software Sigmund Enterprise Management|Epic Systems|Cerner ProFile|Advantage Software Psych Advantage|ICANotes,N|N|N|N|N|N|Y|N|N|Y|N|N|N|N|N
29-1224.00,Radiologists,"Diagnose and treat diseases and injuries using medical imaging techniques, such as x rays, magnetic resonance imaging (MRI), nuclear medicine, and ultrasounds. May perform minimally invasive medical procedures and tests.",Reading Comprehension|Active Listening|Speaking|Writing|Critical Thinking|Monitoring|Active Learning|Science|Learning Strategies|Mathematics,4.25|4.25|4.25|4.12|4.12|4.0|3.88|3.75|3.25|2.88,GalacTek ECLIPSE|Alteer Office|Kareo Practice Management|eClinicalWorks EHR software|McKesson Radiology Manager|MIM Software MIMfusion|medQ Q/ris|Scheduling software|Greenway Medical Technologies PrimeSUITE|RamSoft PowerServer RIS/PACS|Modernizing Medicine Practice Management|Bizmatics PrognoCIS EMR|GE Healthcare ViewPoint for Radiology|HealthFusion MediTouch|Merge Healthcare Merge RIS,N|N|N|N|N|N|N|N|N|N|N|N|N|N|N
29-1229.00,"Physicians, All Other",All physicians not listed separately.,,,,
29-1229.01,Allergists and Immunologists,"Diagnose, treat, and help prevent allergic diseases and disease processes affecting the immune system.",Reading Comprehension|Active Listening|Writing|Critical Thinking|Speaking|Active Learning|Monitoring|Science|Learning Strategies|Mathematics,4.5|4.12|4.12|4.12|4.0|4.0|4.0|3.88|3.62|2.75,Microsoft Outlook|GalacTek ECLIPSE|Kareo Practice Management|eClinicalWorks EHR software|Microscope imaging software|Microsoft Office software|Crowell Systems Medformix|Greenway Medical Technologies PrimeSUITE|Modernizing Medicine Practice Management|Bizmatics PrognoCIS EMR|HealthFusion MediTouch|Mountainside Software Allergy Lab|Patient management software|Epic Practice Management|Vitera Healthcare Solutions Vitera Intergy,N|N|N|N|N|N|N|N|Y|N|N|N|N|N|N
29-1229.02,Hospitalists,"Provide inpatient care predominantly in settings such as medical wards, acute care units, intensive care units, rehabilitation centers, or emergency rooms. Manage and coordinate patient care throughout treatment.",Reading Comprehension|Active Listening|Speaking|Critical Thinking|Active Learning|Monitoring|Writing|Science|Learning Strategies|Mathematics,4.12|4.12|4.12|4.12|4.12|4.0|3.88|3.38|3.25|3.0,Medical procedure coding software|Microsoft Word|Epocrates|Medical reference software|MEDITECH software|Computerized physician order entry CPOE software|Global positioning system GPS software|Microsoft Office software|Epic Systems|Billing software|Email software|Microsoft Excel|Web browser software|Microsoft PowerPoint|Electronic medical record EMR software,N|N|N|N|Y|N|N|N|N|N|N|Y|Y|Y|Y
29-1229.03,Urologists,"Diagnose, treat, and help prevent benign and malignant medical and surgical disorders of the genitourinary system and the renal glands.",Reading Comprehension|Critical Thinking|Active Listening|Writing|Speaking|Active Learning|Monitoring|Science|Learning Strategies|Mathematics,4.38|4.25|4.12|4.12|4.0|3.88|3.88|3.62|3.12|2.75,GalacTek ECLIPSE|Kareo Practice Management|eClinicalWorks EHR software|Microsoft Office software|Greenway Medical Technologies PrimeSUITE|Modernizing Medicine Practice Management|Bizmatics PrognoCIS EMR|HealthFusion MediTouch|Epic Practice Management|Epic Systems|Vitera Healthcare Solutions Vitera Intergy|Allscripts PM|Nextech EMR|Meditwatch Portaflow Advanced|Automatic Data Processing AdvancedMD EHR,N|N|N|N|N|N|N|Y|N|N|Y|N|N|N|N
29-1229.04,Physical Medicine and Rehabilitation Physicians,"Diagnose and treat disorders requiring physiotherapy to provide physical, mental, and occupational rehabilitation.",Critical Thinking|Reading Comprehension|Active Listening|Speaking|Writing|Monitoring|Active Learning|Science|Learning Strategies|Mathematics,4.12|4.0|4.0|4.0|3.88|3.88|3.75|3.38|3.12|2.62,GalacTek ECLIPSE|Kareo Practice Management|eClinicalWorks EHR software|Greenway Medical Technologies PrimeSUITE|Modernizing Medicine Practice Management|Bizmatics PrognoCIS EMR|HealthFusion MediTouch|Epic Practice Management|Vitera Healthcare Solutions Vitera Intergy|Allscripts PM|Biodex Medical Systems Biodex Concussion Manager|OmniMD PT./OT EHR|Automatic Data Processing AdvancedMD EHR|McKesson Practice Plus|simplifyMD,N|N|N|N|N|N|N|N|Y|N|N|N|N|N|N
29-1229.05,Preventive Medicine Physicians,"Apply knowledge of general preventive medicine and public health issues to promote health care to groups or individuals, and aid in the prevention or reduction of risk of disease, injury, disability, or death. May practice population-based medicine or diagnose and treat patients in the context of clinical health promotion and disease prevention.",Reading Comprehension|Active Listening|Speaking|Critical Thinking|Writing|Monitoring|Active Learning|Science|Learning Strategies|Mathematics,4.38|4.25|4.25|4.25|4.12|4.12|4.0|3.75|3.75|3.12,Biostatistical software|SAS JMP|Microsoft Office software|Scheduling software|Database software|Wolfram Research Mathematica|Microsoft Access|Centers for Disease Control and Prevention Epi Info|Statistical Solutions BMDP|Medical surveillance software|The MathWorks MATLAB|Tidepool Scientific Software ToxCalc|SAS|Patient electronic medical record EMR software|StataCorp Stata,N|N|N|N|N|N|N|Y|Y|Y|Y|Y|N|N|N
29-1229.06,Sports Medicine Physicians,"Diagnose, treat, and help prevent injuries that occur during sporting events, athletic training, and physical activities.",Reading Comprehension|Critical Thinking|Active Listening|Speaking|Active Learning|Monitoring|Writing|Learning Strategies|Science|Mathematics,4.62|4.25|4.12|4.12|4.0|4.0|3.88|3.62|3.25|2.5,GalacTek ECLIPSE|Kareo Practice Management|eClinicalWorks EHR software|Microsoft Office software|Greenway Medical Technologies PrimeSUITE|Modernizing Medicine Practice Management|Bizmatics PrognoCIS EMR|HealthFusion MediTouch|Epic Practice Management|PracticeSuite Complete Suite|Epic Systems|Vitera Healthcare Solutions Vitera Intergy|Allscripts PM|Automatic Data Processing AdvancedMD EHR|McKesson Practice Plus,N|N|N|N|N|N|N|N|Y|N|N|Y|N|N|N
29-1241.00,"Ophthalmologists, Except Pediatric",Diagnose and perform surgery to treat and help prevent disorders and diseases of the eye. May also provide vision services for treatment including glasses and contacts.,Reading Comprehension|Critical Thinking|Active Listening|Writing|Speaking|Active Learning|Monitoring|Science|Learning Strategies|Mathematics,4.25|4.25|4.12|4.0|4.0|4.0|4.0|3.88|3.38|3.0,GalacTek ECLIPSE|Kareo Practice Management|eClinicalWorks EHR software|Greenway Medical Technologies PrimeSUITE|Modernizing Medicine Practice Management|Bizmatics PrognoCIS EMR|HealthFusion MediTouch|Epic Practice Management|Epic Systems|Vitera Healthcare Solutions Vitera Intergy|Ophthalmic imaging software|Allscripts PM|Automatic Data Processing AdvancedMD EHR|McKesson Practice Plus|simplifyMD,N|N|N|N|N|N|N|Y|N|N|Y|N|N|N|N
29-1242.00,"Orthopedic Surgeons, Except Pediatric",Diagnose and perform surgery to treat and prevent rheumatic and other diseases in the musculoskeletal system.,,,Microsoft Windows|Medical laser control software|Robotic surgery software|Human resources management system HRMS|MEDITECH software|Image-guided surgery software|Epic Systems|Integra Radionics NeuroSight Arc|Practice management software PMS|Electronic medical record EMR software|Three-dimensional 3D virtual surgery software|Computer imaging software,N|N|Y|N|N|N|N|Y|Y|N|N|N
29-1243.00,Pediatric Surgeons,"Diagnose and perform surgery to treat fetal abnormalities and birth defects, diseases, and injuries in fetuses, premature and newborn infants, children, and adolescents. Includes all pediatric surgical specialties and subspecialties.",,,Microsoft Windows|Medical laser control software|Robotic surgery software|Human resources management system HRMS|MEDITECH software|Image-guided surgery software|Epic Systems|Integra Radionics NeuroSight Arc|Practice management software PMS|Electronic medical record EMR software|Three-dimensional 3D virtual surgery software|Computer imaging software,N|N|Y|N|N|N|N|Y|Y|N|N|N
29-1249.00,"Surgeons, All Other",All surgeons not listed separately.,,,,
29-1291.00,Acupuncturists,"Diagnose, treat, and prevent disorders by stimulating specific acupuncture points within the body using acupuncture needles. May also use cups, nutritional supplements, therapeutic massage, acupressure, and other alternative health therapies.",Active Listening|Critical Thinking|Speaking|Reading Comprehension|Monitoring|Writing|Active Learning|Learning Strategies|Science|Mathematics,3.88|3.75|3.62|3.25|3.25|3.12|3.12|2.62|2.25|2.0,Microsoft Windows|Microsoft Outlook|Microsoft Word|Electronic health record EHR software|QPuncture II|Trigram Software AcuBase Pro|Microsoft Office software|Qchart|AcuPartner Professional|Qpalm Acupuncture|Microsoft Excel|Miridia Technology AcuGraph,N|N|Y|Y|Y|Y|Y|N|N|N|N|N
29-1292.00,Dental Hygienists,Administer oral hygiene care to patients. Assess patient oral hygiene problems or needs and maintain health records. Advise patients on oral health maintenance and disease prevention. May provide advanced care such as providing fluoride treatment or administering topical anesthesia.,Active Listening|Speaking|Critical Thinking|Writing|Monitoring|Reading Comprehension|Active Learning|Learning Strategies|Science|Mathematics,3.75|3.5|3.5|3.12|3.12|3.0|3.0|2.75|2.38|2.0,Dental office management software|Microsoft Word|Dental imaging software|Dental digital radiology software|Dental clinical records software|Dental billing software|Microsoft Office software|Scheduling software|Henry Schein Dentrix|Email software|Microsoft Excel|Open Dental|Web browser software|Dental intra-oral imaging software|Patterson Dental Supply Patterson EagleSoft,N|N|N|N|N|N|N|N|Y|Y|Y|Y|N|N|N
29-1299.00,"Healthcare Diagnosing or Treating Practitioners, All Other",All healthcare diagnosing or treating practitioners not listed separately.,,,,
29-1299.01,Naturopathic Physicians,"Diagnose, treat, and help prevent diseases using a system of practice that is based on the natural healing capacity of individuals. May use physiological, psychological or mechanical methods. May also use natural medicines, prescription or legend drugs, foods, herbs, or other natural remedies.",Reading Comprehension|Active Listening|Speaking|Critical Thinking|Writing|Active Learning|Learning Strategies|Monitoring|Science|Mathematics,4.25|4.12|4.12|4.12|4.0|3.75|3.38|3.38|3.12|2.75,Zoom|EZ-Zone Software Alternative Medical Billing|NaturoPlus|Google Meet|SimpleClinic Practice Management software|ZYTO LSA Pro|Enova eNatro|Trigram Software AcuBase Pro|NaturaeMed OfficePro|Web browser software|Microsoft Excel|Online medical databases|Labeling software|Power Diary|Naturopathic Clinic software,N|N|N|N|Y|N|N|N|N|N|N|N|N|Y|N
29-1299.02,Orthoptists,Diagnose and treat visual system disorders such as binocular vision and eye movement impairments.,Reading Comprehension|Active Listening|Speaking|Critical Thinking|Writing|Science|Active Learning|Learning Strategies|Monitoring|Mathematics,4.0|4.0|3.88|3.88|3.75|3.5|3.38|3.12|3.0|2.62,Microsoft Word|Eye Tracking Exercises Enterprises Track with Letters|HTS Vision HTS2 Computerized Binocular Home Eye Exercise System|Computer Aided Vision Therapy CAVT|Microsoft PowerPoint|MAX Systems Max-Gold Medical Clinic Software|SeeRite Flash and Match|HTS Vision CVS2|Email software|Microsoft Excel|Therapeutic orthoptic software|Computer perceptual processing software,N|N|N|N|N|N|N|Y|Y|Y|N|N
29-2011.00,Medical and Clinical Laboratory Technologists,"Perform complex medical laboratory tests for diagnosis, treatment, and prevention of disease. May train or supervise staff.",Science|Critical Thinking|Active Listening|Reading Comprehension|Monitoring|Active Learning|Writing|Speaking|Mathematics|Learning Strategies,4.0|4.0|3.88|3.75|3.5|3.38|3.12|3.12|3.12|2.88,Medical procedure coding software|Medical digital imaging software|eClinicalWorks EHR software|Microsoft Office software|Specimen tracking software|Database software|Microsoft Project|Test result delivery software|Reimbursement screening software|Quality control software|Laboratory information system LIS|Medical system integration software|Hematology laboratory workflow management software|Electronic medical record EMR software|Microsoft Word,N|N|Y|N|N|N|N|N|N|N|N|Y|N|Y|Y
29-2011.01,Cytogenetic Technologists,"Analyze chromosomes or chromosome segments found in biological specimens, such as amniotic fluids, bone marrow, solid tumors, and blood to aid in the study, diagnosis, classification, or treatment of inherited or acquired genetic diseases. Conduct analyses through classical cytogenetic, fluorescent in situ hybridization (FISH) or array comparative genome hybridization (aCGH) techniques.",Reading Comprehension|Critical Thinking|Active Listening|Speaking|Writing|Science|Active Learning|Monitoring|Learning Strategies|Mathematics,4.0|3.88|3.75|3.75|3.62|3.5|3.25|3.25|2.88|2.75,MetaSystems Isis Color Karyotyping|Microsoft Outlook|Genetix CytoVision|Python|Microsoft Office software|Image analysis software|Genial Genetics iPassport QMS|Lucia Karyo|KARIO|C++|Lucia FISH|Digital karyotyping software|Geniel Genetics iGene|Lucia Metaphase Finder|LUCIA MFISH,Y|Y|N|N|N|N|N|N|N|N|N|N|N|N|N
29-2011.02,Cytotechnologists,"Stain, mount, and study cells to detect evidence of cancer, hormonal abnormalities, and other pathological conditions following established standards and practices.",Reading Comprehension|Active Listening|Critical Thinking|Speaking|Writing|Active Learning|Monitoring|Science|Learning Strategies|Mathematics,3.88|3.75|3.75|3.12|3.0|3.0|3.0|2.88|2.75|2.62,CSS CLS-2000|Cerner Millennium PathNet|Aspyra CyberLAB|Microsoft Office software|Sunquest Information Systems Sunquest Laboratory|Elekta Impac Software IntelliLab|HEX Laboratory Systems LAB/HEX|Ansible software|SCC Soft Computer SoftLab|Laboratory information system LIS|CPSI CPSI System|ClinLab LIS|NeTLIMS AutoLIMS Core Lab|Clinical Software Solutions CLIN1 Suite|Custom Software Systems StarLab,Y|N|N|N|N|N|N|N|N|N|N|N|N|N|N
29-2011.04,Histotechnologists,Apply knowledge of health and disease causes to evaluate new laboratory techniques and procedures to examine tissue samples. Process and prepare histological slides from tissue sections for microscopic examination and diagnosis by pathologists. May solve technical or instrument problems or assist with research studies.,Reading Comprehension|Critical Thinking|Monitoring|Active Listening|Speaking|Active Learning|Writing|Science|Learning Strategies|Mathematics,3.5|3.38|3.38|3.25|3.25|3.25|3.12|3.0|2.75|2.38,Microsoft Word|Microsoft Outlook|MEDITECH software|Cerner Millennium|Microsoft Office software|Laboratory information system LIS|Microsoft Excel|Microsoft Access|Brady Specimen Labeling System|Specimen labeling system software,N|N|N|Y|Y|Y|Y|Y|Y|N
29-2012.00,Medical and Clinical Laboratory Technicians,"Perform routine medical laboratory tests for the diagnosis, treatment, and prevention of disease. May work under the supervision of a medical technologist.",Reading Comprehension|Active Listening|Critical Thinking|Speaking|Writing|Science|Active Learning|Monitoring|Mathematics|Learning Strategies,3.75|3.62|3.25|3.12|3.0|3.0|3.0|3.0|2.75|2.75,Medical digital imaging software|Microsoft Outlook|Microsoft Office software|Specimen tracking software|Sunquest Information Systems Sunquest Laboratory|Database software|IBM Notes|Test result delivery software|Reimbursement screening software|Quality control software|SAP software|Laboratory information system LIS|National Instruments LabVIEW|Medical system integration software|Hematology laboratory workflow management software,N|N|N|N|N|N|N|Y|N|N|N|N|N|Y|N
29-2012.01,Histology Technicians,Prepare histological slides from tissue sections for microscopic examination and diagnosis by pathologists. May assist with research studies.,Active Listening|Critical Thinking|Reading Comprehension|Monitoring|Speaking|Science|Writing|Active Learning|Learning Strategies|Mathematics,3.5|3.5|3.38|3.25|3.12|3.12|3.0|2.88|2.38|2.0,Microsoft Word|Microsoft Outlook|MEDITECH software|Cerner Millennium|Microsoft Office software|Laboratory information system LIS|Microsoft Excel|Microsoft Access|Brady Specimen Labeling System|Specimen labeling system software,N|N|N|Y|Y|Y|Y|Y|Y|N
29-2031.00,Cardiovascular Technologists and Technicians,"Conduct tests on pulmonary or cardiovascular systems of patients for diagnostic, therapeutic, or research purposes. May conduct or assist in electrocardiograms, cardiac catheterizations, pulmonary functions, lung capacity, and similar tests.",Active Listening|Speaking|Critical Thinking|Monitoring|Reading Comprehension|Writing|Active Learning|Science|Learning Strategies|Mathematics,3.88|3.75|3.75|3.75|3.62|3.12|3.12|3.0|2.88|2.62,Microsoft Word|Microsoft Outlook|Digital Imaging Communications in Medicine DICOM-compatible image acquisition and integration software products|Internet or intranet image distribution software|Smart Digital Holter Monitor|Structured data entry software|JavaScript|MEDITECH software|Pyxis MedStation software|Microsoft Office software|Diagnostic image review software|Practice management software PMS|Database software|Microsoft Excel|Web browser software,N|N|N|N|N|N|N|Y|Y|Y|Y|Y|Y|N|N
29-2032.00,Diagnostic Medical Sonographers,Produce ultrasonic recordings of internal organs for use by physicians. Includes vascular technologists.,Active Listening|Speaking|Reading Comprehension|Critical Thinking|Writing|Monitoring|Active Learning|Learning Strategies|Science|Mathematics,4.0|3.88|3.75|3.62|3.25|3.25|3.12|3.0|2.88|2.0,Medical procedure coding software|MEDITECH software|eClinicalWorks EHR software|Microsoft Office software|Email software|Database software|Microsoft Excel|Patient medical record software,N|Y|N|N|Y|Y|Y|N
29-2033.00,Nuclear Medicine Technologists,"Prepare, administer, and measure radioactive isotopes in therapeutic, diagnostic, and tracer studies using a variety of radioisotope equipment. Prepare stock solutions of radioactive materials and calculate doses to be administered by radiologists. Subject patients to radiation. Execute blood volume, red cell survival, and fat absorption studies following standard laboratory techniques.",Critical Thinking|Active Listening|Speaking|Reading Comprehension|Writing|Monitoring|Science|Mathematics|Active Learning|Learning Strategies,3.88|3.75|3.75|3.5|3.5|3.5|3.25|3.12|3.12|2.75,Medovation RadRunner|Microsoft Word|Microsoft Outlook|MEDITECH software|Radiopharmacy inventory databases|Microsoft Office software|Microsoft Excel|Microsoft PowerPoint|Electronic medical record EMR software|Gamma camera software,N|N|Y|N|Y|Y|Y|Y|Y|N
29-2034.00,Radiologic Technologists and Technicians,Take x-rays and CAT scans or administer nonradioactive materials into patient's bloodstream for diagnostic or research purposes. Includes radiologic technologists and technicians who specialize in other scanning modalities.,Reading Comprehension|Active Listening|Speaking|Critical Thinking|Monitoring|Writing|Active Learning|Learning Strategies|Mathematics|Science,3.75|3.75|3.38|3.25|3.25|3.0|2.88|2.62|2.0|2.0,Medical procedure coding software|Microsoft Outlook|Information management subsystem software|eClinicalWorks EHR software|Microsoft Office software|Medical condition coding software|Structured data entry software|Virtual reality computed tomography CT imaging software|Diagnostic and procedural coding software|Information systems integration software|Film processor tracking and management software|GE Healthcare ViewPoint Solutions|Electronic medical record EMR software|R|Microsoft Word,N|N|N|Y|N|N|N|N|N|N|N|N|N|Y|Y
29-2035.00,Magnetic Resonance Imaging Technologists,"Operate Magnetic Resonance Imaging (MRI) scanners. Monitor patient safety and comfort, and view images of area being scanned to ensure quality of pictures. May administer gadolinium contrast dosage intravenously. May interview patient, explain MRI procedures, and position patient on examining table. May enter into the computer data such as patient history, anatomical area to be scanned, orientation specified, and position of entry.",Reading Comprehension|Active Listening|Monitoring|Speaking|Critical Thinking|Writing|Active Learning|Science|Learning Strategies|Mathematics,3.88|3.75|3.75|3.62|3.38|3.12|3.12|2.75|2.75|2.62,Microsoft Word|Radiology information systems (RIS)|GE Healthcare Centricity EMR|MEDITECH software|Appointment scheduling software|eClinicalWorks EHR software|Microsoft Office software|Web browser software|Medical image processing software|Microsoft Excel|Electronic medical record EMR software|Teleradiology systems,N|Y|N|N|N|Y|Y|Y|Y|N|N|N
29-2036.00,Medical Dosimetrists,"Generate radiation treatment plans, develop radiation dose calculations, communicate and supervise the treatment plan implementation, and consult with members of radiation oncology team.",Critical Thinking|Reading Comprehension|Active Listening|Speaking|Writing|Mathematics|Monitoring|Science|Active Learning|Learning Strategies,4.12|4.0|4.0|3.88|3.75|3.5|3.5|3.38|3.38|3.12,MEDITECH software|Eclipse IDE|Epic Systems|Medical condition coding software,Y|Y|N|Y
29-2042.00,Emergency Medical Technicians,Assess injuries and illnesses and administer basic emergency medical care. May transport injured or sick persons to medical facilities.,,,Iterum eMedic|Microsoft Office software|Medical Wizards Paramedics ToolBox|Epocrates|TechOnSoftware HazMatCE Pro|Medical Wizards ER & ICU ToolBox|Palmtree EMS Field Reference Guide|Mosby's Drug Consult|Skyscape medical software|PEPID EMS|Skyscape Rosen and Barkin's 5-Minute Emergency Medicine Consult|Microsoft Word|HyperTox|Informed EMS Field Guide|MEDITECH software,N|N|N|N|N|N|N|N|Y|Y|Y|Y|Y|N|N
29-2043.00,Paramedics,"Administer basic or advanced emergency medical care and assess injuries and illnesses. May administer medication intravenously, use equipment such as EKGs, or administer advanced life support to sick or injured individuals.",Critical Thinking|Active Listening|Reading Comprehension|Speaking|Monitoring|Active Learning|Writing|Learning Strategies|Mathematics|Science,3.75|3.62|3.5|3.5|3.5|3.38|2.88|2.75|2.38|2.25,Microsoft Outlook|eClinicalWorks EHR software|Iterum eMedic|Microsoft Office software|Medical Wizards Paramedics ToolBox|Epocrates|TechOnSoftware HazMatCE Pro|Medical Wizards ER & ICU ToolBox|Palmtree EMS Field Reference Guide|Mosby's Drug Consult|Skyscape medical software|PEPID EMS|R|Skyscape Rosen and Barkin's 5-Minute Emergency Medicine Consult|Microsoft Word,Y|Y|N|N|N|N|N|N|N|N|Y|Y|Y|Y|Y
29-2051.00,Dietetic Technicians,"Assist in the provision of food service and nutritional programs, under the supervision of a dietitian. May plan and produce meals based on established guidelines, teach principles of food and nutrition, or counsel individuals.",Speaking|Active Listening|Reading Comprehension|Writing|Critical Thinking|Active Learning|Learning Strategies|Monitoring|Mathematics|Science,3.38|3.25|3.12|3.12|3.12|3.12|3.12|3.12|2.88|2.0,Microsoft Outlook|Microsoft Office software|LunchByte Systems NUTRIKIDS|Food Service Solutions FoodCo|Microsoft Access|ValuSoft MasterCook|ESHA Research The Food Processor|DietMaster Systems Clinical Nutrition|eTritionWare|CBORD Nutrition Service Suite|Axxya Systems Nutritionist Pro|USDA Child Nutrition Database|Gnutrition|Patient electronic medical record EMR software|The Nutrition Company FoodWorks,N|N|N|N|N|N|N|N|N|N|N|N|Y|Y|Y
29-2052.00,Pharmacy Technicians,"Prepare medications under the direction of a pharmacist. May measure, mix, count out, label, and record amounts and dosages of medications according to prescription orders.",Active Listening|Reading Comprehension|Speaking|Critical Thinking|Active Learning|Monitoring|Writing|Mathematics|Learning Strategies|Science,4.0|3.75|3.75|3.25|3.12|3.12|3.0|3.0|2.88|1.88,Microsoft Outlook|Microsoft Office software|Medical condition coding software|Microsoft Edge|Database software|Patient record maintenance software|Prescription processing software|Billing and reimbursement software|Pharmacy management software|Label-making software|Mozilla Firefox|Apple Safari|Pharmaceutical software|Microsoft Word|Drug compatibility software,Y|N|N|N|N|N|N|Y|Y|Y|Y|Y|Y|Y|Y
29-2053.00,Psychiatric Technicians,"Care for individuals with mental or emotional conditions or disabilities, following the instructions of physicians or other health practitioners. Monitor patients' physical and emotional well-being and report to medical staff. May participate in rehabilitation and treatment programs, help with personal hygiene, and administer oral or injectable medications.",Active Listening|Monitoring|Speaking|Reading Comprehension|Critical Thinking|Writing|Active Learning|Learning Strategies|Mathematics|Science,4.0|4.0|3.88|3.75|3.62|3.25|3.12|3.0|2.0|2.0,Microsoft Word|Microsoft Outlook|GE Healthcare Centricity EMR|Netsmart Technologies Avatar Clinical Workstation CWS|Epic EpicCare Inpatient Clinical System|Microsoft Office software|Allscripts Sunrise|Cerner ProFile|InfoLogix HealthTrax Engine|MEDITECH Behavioral Health Clinicals|ADL Data Systems OptimumClinicals Electronic Health Record|Microsoft Excel|ICANotes,N|N|N|N|N|N|N|N|Y|Y|Y|Y|N
29-2055.00,Surgical Technologists,"Assist in operations, under the supervision of surgeons, registered nurses, or other surgical personnel. May help set up operating room, prepare and transport patients for surgery, adjust lights and equipment, pass instruments and other supplies to surgeons and surgeons' assistants, hold retractors, cut sutures, and help count sponges, needles, supplies, and instruments.",Monitoring|Active Listening|Reading Comprehension|Speaking|Critical Thinking|Active Learning|Learning Strategies|Writing|Mathematics|Science,3.62|3.25|3.12|3.12|3.0|3.0|3.0|2.88|2.62|2.12,Microsoft Windows|Microsoft Word|Graphics software|MEDITECH software|Supply documentation software|Google Drive|Microsoft Office software|Patient scheduling software|Email software|Database software|Microsoft Excel|Surgery workflow communication software|Electronic medical record EMR software|Patient tracking software|Nursing documentation software,N|N|N|N|N|Y|Y|Y|Y|Y|N|N|N|N|N
29-2056.00,Veterinary Technologists and Technicians,"Perform medical tests in a laboratory environment for use in the treatment and diagnosis of diseases in animals. Prepare vaccines and serums for prevention of diseases. Prepare tissue samples, take blood samples, and execute laboratory tests, such as urinalysis and blood counts. Clean and sterilize instruments and materials and maintain equipment and machines. May assist a veterinarian during surgery.",Active Listening|Critical Thinking|Reading Comprehension|Speaking|Writing|Monitoring|Active Learning|Learning Strategies|Science|Mathematics,3.75|3.75|3.62|3.62|3.25|3.25|3.12|3.0|2.88|2.75,Animal Intelligence Software Animal Intelligence|Microsoft Word|Microsoft Outlook|Microsoft PowerPoint|Microsoft Office software|Practice management software PMS|Microsoft Excel|McAllister Software Systems AVImark|Microsoft Access|Veterinary practice management software PMS|Web browser software|FileMaker Pro,N|N|N|Y|Y|Y|Y|Y|Y|N|N|N
29-2057.00,Ophthalmic Medical Technicians,"Assist ophthalmologists by performing ophthalmic clinical functions. May administer eye exams, administer eye medications, and instruct the patient in care and use of corrective lenses.",Active Listening|Speaking|Reading Comprehension|Writing|Critical Thinking|Active Learning|Monitoring|Learning Strategies|Mathematics|Science,3.62|3.25|3.12|3.12|3.0|3.0|3.0|2.62|2.5|2.0,Microsoft Word|ezChartWriter|Microsoft Outlook|AcuityPro|Microsoft Office software|iChartPlus|MediPro Medisoft Clinical|Email software|EyeMD EMR Healthcare Systems EyeMD EMR|Microsoft Excel|Microsoft PowerPoint|NaviNet Open|Web browser software|Medflow Complete,N|N|N|N|N|N|N|Y|Y|Y|Y|Y|N|N
29-2061.00,Licensed Practical and Licensed Vocational Nurses,"Care for ill, injured, or convalescing patients or persons with disabilities in hospitals, nursing homes, clinics, private homes, group homes, and similar institutions. May work under the supervision of a registered nurse. Licensing required.",Active Listening|Speaking|Monitoring|Reading Comprehension|Critical Thinking|Active Learning|Writing|Learning Strategies|Mathematics|Science,3.88|3.88|3.88|3.75|3.75|3.38|3.25|3.12|2.88|2.62,Medical procedure coding software|Microsoft Outlook|Infusion management software|PointClickCare healthcare software|eClinicalWorks EHR software|Microsoft Office software|Medical condition coding software|Scheduling software|Prescription processing software|Inventory tracking software|Telephone triage software|Epic Systems|Healthcare common procedure coding system HCPCS|Diagnostic and procedural coding software|Microsoft Windows,N|Y|N|Y|N|N|N|N|N|N|N|N|Y|Y|N
29-2072.00,Medical Records Specialists,"Compile, process, and maintain medical records of hospital and clinic patients in a manner consistent with medical, administrative, ethical, legal, and regulatory requirements of the healthcare system. Classify medical and healthcare concepts, including diagnosis, procedures, medical services, and equipment, into the healthcare industry's numerical coding system. Includes medical coders.",Reading Comprehension|Critical Thinking|Active Listening|Writing|Speaking|Active Learning|Monitoring|Learning Strategies|Mathematics|Science,3.62|3.38|3.25|3.12|3.12|3.0|3.0|2.75|2.25|1.0,Greenway Medical Technologies PrimeChart|IBM SPSS Statistics|Medical condition coding software|IBM InfoSphere DataStage|MedStar Systems DrWorks|Encoder software|SAS|Visionary Medical Systems Visionary OFFICE PM|Epic Systems|Healthcare common procedure coding system HCPCS|SoftMed ChartLocater|Purkinje Dossier|SoftMed ChartReserve|Hyland Software OnBase|MicroStrategy,N|N|N|N|N|N|N|N|N|N|N|N|N|N|Y
29-2081.00,"Opticians, Dispensing","Design, measure, fit, and adapt lenses and frames for client according to written optical prescription or specification. Assist client with inserting, removing, and caring for contact lenses. Assist client with selecting frames. Measure customer for size of eyeglasses and coordinate frames with facial and eye measurements and optical prescription. Prepare work order for optical laboratory containing instructions for grinding and mounting lenses in frames. Verify exactness of finished lens spectacles. Adjust frame and lens position to fit client. May shape or reshape frames. Includes contact lens opticians.",Speaking|Active Listening|Reading Comprehension|Critical Thinking|Writing|Active Learning|Monitoring|Mathematics|Learning Strategies|Science,4.0|3.88|3.75|3.5|3.25|3.0|3.0|2.88|2.62|1.75,EZ-Zone Optizone Enterprise|Microsoft Word|EMRlogic Systems ENTERPRISE Visions|Compulink Eyecare Advantage|First Insight MaximEyes|Intuit QuickBooks|Cygnet Infotech Optifocus|Microsoft Office software|Specialist Data Solutions OctoPlus|HealthLine Systems Eyecom|Diversified Ophthalmics Practice Maximus|Database software|Microsoft Excel|Inventory management systems|Insight Software My Vision Express,N|N|N|N|N|N|N|N|N|Y|N|Y|Y|Y|N
29-2091.00,Orthotists and Prosthetists,"Design, measure, fit, and adapt orthopedic braces, appliances or prostheses, such as limbs or facial parts for patients with disabling conditions.",Reading Comprehension|Active Listening|Writing|Speaking|Critical Thinking|Active Learning|Monitoring|Learning Strategies|Mathematics|Science,4.0|4.0|4.0|4.0|4.0|3.75|3.38|3.12|3.0|2.88,Microsoft Outlook|Microsoft Access|Seattle Systems Shapemaker|Patient management software|Autodesk AutoCAD|Futura International O.P.S.|Ohio Willow Wood OMEGA Tracer System|Healthcare common procedure coding system HCPCS|MedEvolve eCeno|Vorum Research Corporation CANFIT-PLUS|Alibre Design|Infinity CAD Systems AutoSculpt|Artsco OrthoPro Complete|Computer graphics software|American Orthotic and Prosthetic Association CodingPro,N|N|N|Y|N|N|N|N|N|N|N|Y|N|N|Y
29-2092.00,Hearing Aid Specialists,"Select and fit hearing aids for customers. Administer and interpret tests of hearing. Assess hearing instrument efficacy. Take ear impressions and prepare, design, and modify ear molds.",Active Listening|Speaking|Reading Comprehension|Writing|Critical Thinking|Active Learning|Monitoring|Learning Strategies|Mathematics|Science,3.88|3.38|3.25|3.12|3.12|3.12|3.12|3.0|2.12|1.75,Microsoft Word|Microsoft Outlook|Microsoft Office software|HIMSA Noah|Microsoft Excel|Microsoft PowerPoint|Otometrics OTOsuite,N|Y|Y|Y|Y|Y|N
29-2099.00,"Health Technologists and Technicians, All Other",All health technologists and technicians not listed separately.,,,,
29-2099.01,Neurodiagnostic Technologists,"Conduct electroneurodiagnostic (END) tests such as electroencephalograms, evoked potentials, polysomnograms, or electronystagmograms. May perform nerve conduction studies.",Active Listening|Speaking|Reading Comprehension|Critical Thinking|Monitoring|Writing|Active Learning|Learning Strategies|Science|Mathematics,4.0|3.88|3.75|3.75|3.62|3.38|3.12|3.12|2.5|2.25,Microsoft Office software|Scheduling software|Natus NeuroWorks|Database software|BESA EEGFocus|Neurotronics Polysmith|Cadwell Laboratories Easy|Microsoft Windows|Neurofax SpikeDetector|Sleep analysis software|R|Microsoft Word|JavaScript|MEDITECH software|EEG Portaview,N|N|N|N|N|Y|Y|Y|Y|Y|Y|Y|N|N|N
29-2099.05,Ophthalmic Medical Technologists,"Assist ophthalmologists by performing ophthalmic clinical functions and ophthalmic photography. Provide instruction and supervision to other ophthalmic personnel. Assist with minor surgical procedures, applying aseptic techniques and preparing instruments. May perform eye exams, administer eye medications, and instruct patients in care and use of corrective lenses.",Active Listening|Speaking|Critical Thinking|Reading Comprehension|Writing|Active Learning|Learning Strategies|Monitoring|Mathematics|Science,3.88|3.88|3.25|3.12|3.12|3.0|3.0|3.0|2.62|2.25,Microsoft Word|ezChartWriter|Microsoft Outlook|Autodesk AutoCAD|JavaScript|AcuityPro|SAP software|Microsoft Office software|iChartPlus|MediPro Medisoft Clinical|Computer aided design and drafting CADD software|Email software|EyeMD EMR Healthcare Systems EyeMD EMR|Microsoft Excel|NaviNet Open,N|Y|N|N|N|N|N|N|Y|N|N|Y|Y|Y|Y
29-2099.08,Patient Representatives,"Assist patients in obtaining services, understanding policies and making health care decisions.",Active Listening|Speaking|Reading Comprehension|Critical Thinking|Writing|Active Learning|Monitoring|Learning Strategies|Mathematics|Science,4.25|4.0|3.88|3.75|3.12|3.12|3.12|2.75|2.12|1.75,"Medical procedure coding software|Microsoft Outlook|rL Solutions Feedback MonitorPro|Corel WordPerfect Office Suite|Epic EpicCare Inpatient Clinical System|CareOne CareEnsure|eClinicalWorks EHR software|Microsoft Office software|Medical condition coding software|Scheduling software|Database software|Microsoft Access|Admissions, discharge, and transfer ADT software|IBM Notes|Epic Systems software",N|N|N|N|N|N|N|Y|N|N|Y|N|N|Y|N
29-9021.00,Health Information Technologists and Medical Registrars,"Apply knowledge of healthcare and information systems to assist in the design, development, and continued modification and analysis of computerized healthcare systems. Abstract, collect, and analyze treatment and followup information of patients. May educate staff and assist in problem solving to promote the implementation of the healthcare information system. May design, develop, test, and implement databases with complete history, diagnosis, treatment, and health status to help monitor diseases.",,,Greenway Medical Technologies PrimeChart|IBM SPSS Statistics|Medical condition coding software|IBM InfoSphere DataStage|MedStar Systems DrWorks|Encoder software|SAS|Visionary Medical Systems Visionary OFFICE PM|Epic Systems|Healthcare common procedure coding system HCPCS|SoftMed ChartLocater|Elekta METRIQ|Purkinje Dossier|SoftMed ChartReserve|Hyland Software OnBase,N|N|N|N|N|N|N|N|N|N|N|N|N|N|Y
29-9091.00,Athletic Trainers,"Evaluate and treat musculoskeletal injuries or illnesses. Provide preventive, therapeutic, emergency, and rehabilitative care.",Active Listening|Speaking|Critical Thinking|Monitoring|Reading Comprehension|Active Learning|Writing|Learning Strategies|Science|Mathematics,4.0|3.88|3.88|3.88|3.75|3.75|3.5|3.12|2.38|2.12,Microsoft Word|Microsoft Outlook|Keffer Development Services Athletic Trainer System ATS|Microsoft PowerPoint|Microsoft Office software|ImPACT Applications ImPACT|Scheduling software|Digital Coach AthleticTrainer|BioEx Systems Exercise Pro|Email software|Database software|Injury tracking software|Microsoft Excel|Premier Software Simtrak Mobility|Web browser software,N|N|N|N|N|N|N|Y|Y|Y|Y|Y|N|N|N
29-9092.00,Genetic Counselors,"Assess individual or family risk for a variety of inherited conditions, such as genetic disorders and birth defects. Provide information to other healthcare providers or to individuals and families concerned with the risk of inherited conditions. Advise individuals and families to support informed decisionmaking and coping methods for those at risk. May help conduct research related to genetic conditions or genetic counseling.",Reading Comprehension|Active Listening|Writing|Speaking|Critical Thinking|Active Learning|Learning Strategies|Science|Monitoring|Mathematics,4.12|4.12|4.0|4.0|4.0|4.0|3.12|3.0|3.0|2.88,Wageningen MapChart|Microsoft Outlook|CancerGene|Microsoft Office software|Database software|Microsoft Access|SynDiag|Breast Cancer Risk Assessment Tool|Jurek Software Pedigree-Draw|CyrillicSoftware Cyrillic|BRCAPRO|Ftree|Progeny Software Progeny Clinical|Benetech PRA|PediDraw,N|N|N|N|N|N|N|N|N|N|Y|Y|Y|Y|Y
29-9093.00,Surgical Assistants,"Assist in operations, under the supervision of surgeons. May, in accordance with state laws, help surgeons to make incisions and close surgical sites, manipulate or remove tissues, implant surgical devices or drains, suction the surgical site, place catheters, clamp or cauterize vessels or tissue, and apply dressings to surgical site.",Active Listening|Speaking|Reading Comprehension|Critical Thinking|Monitoring|Writing|Learning Strategies|Active Learning|Science|Mathematics,4.0|3.75|3.62|3.62|3.62|3.12|3.12|3.0|2.62|2.5,MEDITECH software|Supply documentation software|Microsoft Office software|Patient scheduling software|Microsoft Excel|Surgery workflow communication software|Microsoft PowerPoint|Electronic medical record EMR software|Patient tracking software|Nursing documentation software,N|Y|Y|Y|Y|N|N|N|N|N
29-9099.00,"Healthcare Practitioners and Technical Workers, All Other",All healthcare practitioners and technical workers not listed separately.,,,,
29-9099.01,Midwives,Provide prenatal care and childbirth assistance.,Critical Thinking|Monitoring|Active Listening|Speaking|Reading Comprehension|Active Learning|Learning Strategies|Writing|Science|Mathematics,4.0|4.0|3.75|3.75|3.62|3.38|3.25|3.12|2.88|2.25,Microsoft Word|MEDITECH software|Microsoft Office software|Extensible markup language XML|Epic Systems|Patient electronic medical record EMR software|Private Practice|AS/400 Database|Email software|Microsoft Excel|Web browser software|Microsoft PowerPoint,N|N|Y|Y|Y|Y|Y|Y|Y|N|N|N
31-1121.00,Home Health Aides,"Monitor the health status of an individual with disabilities or illness, and address their health-related needs, such as changing bandages, dressing wounds, or administering medication. Work is performed under the direction of offsite or intermittent onsite licensed nursing staff. Provide assistance with routine healthcare tasks or activities of daily living, such as feeding, bathing, toileting, or ambulation. May also help with tasks such as preparing meals, doing light housekeeping, and doing laundry depending on the patient's abilities.",Active Listening|Reading Comprehension|Monitoring|Speaking|Critical Thinking|Writing|Active Learning|Learning Strategies|Mathematics|Science,3.88|3.12|3.12|3.0|3.0|2.88|2.88|2.75|2.0|1.5,Microsoft Outlook|Python|AIGHD OASIS|Microsoft Office software|Microsoft Access|SAP software|UNIX|Salesforce software|Mi-Co software|Microsoft Windows|Linux|Microsoft SharePoint|Oracle Database|Microsoft Exchange|Microsoft Word,N|N|Y|N|Y|Y|N|Y|Y|Y|Y|Y|Y|Y|Y
31-1122.00,Personal Care Aides,"Provide personalized assistance to individuals with disabilities or illness who require help with personal care and activities of daily living support (e.g., feeding, bathing, dressing, grooming, toileting, and ambulation). May also provide help with tasks such as preparing meals, doing light housekeeping, and doing laundry. Work is performed in various settings depending on the needs of the care recipient and may include locations such as their home, place of work, out in the community, or at a daytime nonresidential facility.",Active Listening|Critical Thinking|Monitoring|Speaking|Reading Comprehension|Writing|Active Learning|Learning Strategies|Mathematics|Science,3.38|3.25|3.25|3.0|2.88|2.88|2.88|2.75|2.0|1.75,Computer reading software|MEDITECH software|Voltage SecureMail|Email software|Appletree|Mi-Co Mi-Forms|August Systems Visit Wizard|FaceTime,N|N|N|N|N|Y|N|N
31-1131.00,Nursing Assistants,"Provide or assist with basic care or support under the direction of onsite licensed nursing staff. Perform duties such as monitoring of health status, feeding, bathing, dressing, grooming, toileting, or ambulation of patients in a health or nursing facility. May include medication administration and other health-related tasks. Includes nursing care attendants, nursing aides, and nursing attendants.",Active Listening|Monitoring|Reading Comprehension|Speaking|Critical Thinking|Active Learning|Writing|Learning Strategies|Mathematics|Science,3.62|3.25|3.12|3.12|3.12|2.88|2.75|2.38|2.12|1.75,Medical procedure coding software|Microsoft Word|Microsoft Outlook|GE Healthcare Centricity EMR|Telemetry software|MEDITECH software|PointClickCare healthcare software|Microsoft Office software|Epic Systems|Medical condition coding software|Health information database software|Billing software|Web browser software|Microsoft Excel|Medical record charting software,Y|N|Y|N|N|N|N|N|N|Y|Y|Y|Y|Y|N
31-1132.00,Orderlies,"Transport patients to areas such as operating rooms or x-ray rooms using wheelchairs, stretchers, or moveable beds. May maintain stocks of supplies or clean and transport equipment. Psychiatric orderlies are included in Psychiatric Aides.",Active Listening|Speaking|Critical Thinking|Writing|Monitoring|Reading Comprehension|Active Learning|Learning Strategies|Mathematics|Science,3.12|3.0|2.75|2.62|2.62|2.5|2.12|2.12|1.75|1.25,Microsoft Windows|Microsoft Outlook|GE Healthcare Centricity EMR|Microsoft Office software|Microsoft Excel|Electronic medical record EMR software|Medical record charting software,N|N|N|Y|Y|Y|Y
31-1133.00,Psychiatric Aides,"Assist mentally impaired or emotionally disturbed patients, working under direction of nursing and medical staff. May assist with daily living activities, lead patients in educational and recreational activities, or accompany patients to and from examinations and treatments. May restrain violent patients. Includes psychiatric orderlies.",Speaking|Active Listening|Monitoring|Critical Thinking|Active Learning|Reading Comprehension|Writing|Learning Strategies|Mathematics|Science,3.88|3.75|3.75|3.38|3.25|3.12|3.12|2.88|2.12|1.75,Microsoft Windows|Microsoft Outlook|Microsoft Word|Patient management software|Microsoft Office software|Email software|Microsoft Excel|Microsoft PowerPoint,N|Y|Y|Y|Y|Y|Y|N
31-2011.00,Occupational Therapy Assistants,"Assist occupational therapists in providing occupational therapy treatments and procedures. May, in accordance with state laws, assist in development of treatment plans, carry out routine functions, direct activity programs, and document the progress of treatments. Generally requires formal training.",Active Listening|Speaking|Reading Comprehension|Critical Thinking|Monitoring|Writing|Active Learning|Learning Strategies|Mathematics|Science,3.88|3.88|3.62|3.38|3.38|3.25|3.25|3.25|2.12|1.88,Microsoft Outlook|Graphics software|TheraClin Systems iMAPR|eClinicalWorks EHR software|Financial record software|Microsoft Office software|Scheduling software|Database software|Patient documentation software|Microsoft Access|Math educational software|Bookkeeping software|BrainTrain IVA+Plus|Facebook|Text scanning software,N|N|N|N|N|N|N|N|Y|N|Y|N|N|N|N
31-2012.00,Occupational Therapy Aides,"Under close supervision of an occupational therapist or occupational therapy assistant, perform only delegated, selected, or routine tasks in specific situations. These duties include preparing patient and treatment room.",Speaking|Active Listening|Critical Thinking|Monitoring|Reading Comprehension|Writing|Active Learning|Learning Strategies|Mathematics|Science,3.62|3.5|3.25|3.25|3.12|3.12|3.0|3.0|2.0|1.62,Microsoft Word|Microsoft Outlook|MEDITECH software|Microsoft PowerPoint|Microsoft Office software|Scheduling software|Billing software|Microsoft Excel|Microsoft Access|Electronic medical record EMR software,N|N|Y|Y|Y|Y|Y|Y|Y|N
31-2021.00,Physical Therapist Assistants,"Assist physical therapists in providing physical therapy treatments and procedures. May, in accordance with state laws, assist in the development of treatment plans, carry out routine functions, document the progress of treatment, and modify specific treatments in accordance with patient status and within the scope of treatment plans established by a physical therapist. Generally requires formal training.",Active Listening|Speaking|Monitoring|Reading Comprehension|Writing|Critical Thinking|Active Learning|Learning Strategies|Science|Mathematics,4.0|3.75|3.75|3.25|3.25|3.25|3.25|2.88|2.38|2.25,Eazy Application Systems QuickEMR|Microsoft Outlook|Knees Software PT DocTools|TherAssist|eClinicalWorks EHR software|Microsoft Office software|Medical condition coding software|Scheduling software|Microsoft Access|Bookkeeping software|Beaver Creek Software The THERAPIST|Summit Software CarePoint|SpectraSoft AppointmentsPRO|Laboratory information system LIS|dBASE,N|N|N|N|N|N|N|N|Y|N|N|N|N|N|Y
31-2022.00,Physical Therapist Aides,"Under close supervision of a physical therapist or physical therapy assistant, perform only delegated, selected, or routine tasks in specific situations. These duties include preparing the patient and the treatment area.",Active Listening|Monitoring|Reading Comprehension|Writing|Speaking|Critical Thinking|Active Learning|Learning Strategies|Mathematics|Science,3.62|3.25|3.12|3.0|3.0|3.0|3.0|2.62|2.0|1.88,Medical procedure coding software|Microsoft Word|Microsoft Outlook|MEDITECH software|Microsoft Office software|Epic Systems|Scheduling software|Microsoft Excel|Patient record maintenance software,Y|N|Y|Y|Y|Y|Y|N|N
31-9011.00,Massage Therapists,"Perform therapeutic massages of soft tissues and joints. May assist in the assessment of range of motion and muscle strength, or propose client therapy plans.",Active Listening|Speaking|Reading Comprehension|Critical Thinking|Monitoring|Writing|Active Learning|Learning Strategies|Mathematics|Science,3.62|3.5|3.0|3.0|2.88|2.75|2.75|2.38|1.75|1.5,Microsoft Word|Land Software Customer Pro-File|Massage Suite|WinCity Custom Software WinCity Massage SOAP Notes|Scheduling software|ICS Software SammyUSA|Microsoft Excel|AppointmentQuest Online Appointment Manager,N|N|N|N|Y|Y|N|N
31-9091.00,Dental Assistants,"Perform limited clinical duties under the direction of a dentist. Clinical duties may include equipment preparation and sterilization, preparing patients for treatment, assisting the dentist during treatment, and providing patients with instructions for oral healthcare procedures. May perform administrative duties such as scheduling appointments, maintaining medical records, billing, and coding information for insurance purposes.",Active Listening|Speaking|Reading Comprehension|Active Learning|Monitoring|Writing|Critical Thinking|Learning Strategies|Mathematics|Science,3.88|3.38|3.25|3.12|3.12|3.0|3.0|2.5|2.12|2.0,Microsoft Office software|Henry Schein Dentrix|Email software|Microsoft Excel|Open Dental|Quicken|The Systems Workplace TDOCS|Kodak Dental Systems Kodak SOFTDENT Practice management software PMS|Patterson Dental Supply Patterson EagleSoft|Web browser software,N|Y|N|Y|Y|N|N|N|N|N
31-9092.00,Medical Assistants,"Perform administrative and certain clinical duties under the direction of a physician. Administrative duties may include scheduling appointments, maintaining medical records, billing, and coding information for insurance purposes. Clinical duties may include taking and recording vital signs and medical histories, preparing patients for examination, drawing blood, and administering medications as directed by physician.",Active Listening|Speaking|Reading Comprehension|Critical Thinking|Monitoring|Writing|Active Learning|Learning Strategies|Mathematics|Science,3.88|3.88|3.75|3.62|3.5|3.38|3.25|3.12|2.62|2.62,Medical procedure coding software|Microsoft Outlook|Visual electro diagnostic software|eClinicalWorks EHR software|Microsoft Office software|Medical condition coding software|Database software|Microsoft Access|Microsoft Windows XP Professional|Bookkeeping software|Patient management software|Business software applications|Epic Systems|Healthcare common procedure coding system HCPCS|Diagnostic and procedural coding software,N|N|N|N|N|N|N|Y|N|N|Y|N|N|N|Y
31-9093.00,Medical Equipment Preparers,"Prepare, sterilize, install, or clean laboratory or healthcare equipment. May perform routine laboratory tasks and operate or inspect equipment.",Critical Thinking|Monitoring|Active Listening|Reading Comprehension|Speaking|Active Learning|Writing|Learning Strategies|Mathematics|Science,3.5|3.38|3.25|3.12|3.12|3.0|2.88|2.75|2.25|1.88,Microsoft Word|Microsoft Outlook|Inventory tracking software|Microsoft SharePoint|MEDITECH software|Microsoft PowerPoint|Microsoft SharePoint Server|eClinicalWorks EHR software|Pyxis MedStation software|Microsoft Office software|McKesson ANSOS One-Staff|Email software|Database software|MEDITECH Supply Chain Management|Kronos Workforce Timekeeper,N|N|Y|N|N|Y|N|Y|N|Y|Y|Y|Y|Y|N
31-9094.00,Medical Transcriptionists,"Transcribe medical reports recorded by physicians and other healthcare practitioners using various electronic devices, covering office visits, emergency room visits, diagnostic imaging studies, operations, chart reviews, and final summaries. Transcribe dictated reports and translate abbreviations into fully understandable form. Edit as necessary and return reports in either printed or electronic form for review and signature, or correction.",Active Listening|Reading Comprehension|Writing|Monitoring|Speaking|Critical Thinking|Active Learning|Learning Strategies|Mathematics|Science,4.12|4.0|3.88|3.12|3.0|3.0|2.88|2.12|1.75|1.5,PCC EHR|Microsoft Outlook|Corel WordPerfect Office Suite|eClinicalWorks EHR software|Microsoft Office software|Narratek Smartype|SpectraMedi EasyFlow|Database software|Microsoft Access|SpeedType|Nuance Dragon NaturallySpeaking|Boston Bar Systems Corporation Sonnet|Precision Data Solutions VoicePower|SpeedUp Trans|Medical terminology databases,N|N|N|N|N|N|N|N|N|Y|N|N|N|N|N
31-9095.00,Pharmacy Aides,"Record drugs delivered to the pharmacy, store incoming merchandise, and inform the supervisor of stock needs. May operate cash register and accept prescriptions for filling.",Active Listening|Speaking|Reading Comprehension|Critical Thinking|Active Learning|Writing|Monitoring|Mathematics|Learning Strategies|Science,3.5|3.38|3.25|3.0|2.88|2.75|2.75|2.5|2.5|1.5,Microsoft Windows|Microsoft Outlook|Microsoft Word|Microsoft Office software|Microsoft Excel|Database software|Microsoft PowerPoint,N|Y|Y|Y|Y|Y|Y
31-9096.00,Veterinary Assistants and Laboratory Animal Caretakers,"Feed, water, and examine pets and other nonfarm animals for signs of illness, disease, or injury in laboratories and animal hospitals and clinics. Clean and disinfect cages and work areas, and sterilize laboratory and surgical equipment. May provide routine postoperative care, administer medication orally or topically, or prepare samples for laboratory examination under the supervision of veterinary or laboratory animal technologists or technicians, veterinarians, or scientists.",Active Listening|Critical Thinking|Reading Comprehension|Writing|Monitoring|Speaking|Active Learning|Mathematics|Science|Learning Strategies,3.5|3.25|3.12|3.12|3.12|3.0|2.88|2.75|2.62|2.12,Microsoft Word|Microsoft Outlook|IDEXX Laboratories IDEXX Cornerstone|Microsoft PowerPoint|Microsoft Office software|Scheduling software|Practice management software PMS|Microsoft Excel|McAllister Software Systems AVImark|Microsoft Access|Labeling software,N|N|N|Y|Y|Y|Y|Y|Y|N|N
31-9097.00,Phlebotomists,"Draw blood for tests, transfusions, donations, or research. May explain the procedure to patients and assist in the recovery of patients with adverse reactions.",Speaking|Active Listening|Critical Thinking|Reading Comprehension|Monitoring|Writing|Active Learning|Learning Strategies|Science|Mathematics,3.5|3.25|3.25|3.12|3.12|3.0|3.0|3.0|2.25|2.0,Medical procedure coding software|Microsoft Word|Microsoft Outlook|MEDITECH Laboratory and Microbiology|JavaScript|MEDITECH Blood Bank|MEDITECH software|Microsoft Office software|Scheduling software|Laboratory information system LIS|Iatric Systems MobiLab|Microsoft Excel|Electronic medical record EMR software|Donor management system software,N|N|N|Y|N|N|N|N|Y|Y|Y|Y|Y|N
31-9099.00,"Healthcare Support Workers, All Other",All healthcare support workers not listed separately.,,,,
31-9099.01,Speech-Language Pathology Assistants,"Assist speech-language pathologists in the assessment and treatment of speech, language, voice, and fluency disorders. Implement speech and language programs or activities as planned and directed by speech-language pathologists. Monitor the use of alternative communication devices and systems.",Active Listening|Reading Comprehension|Speaking|Monitoring|Writing|Critical Thinking|Active Learning|Learning Strategies|Mathematics|Science,4.0|3.75|3.75|3.38|3.12|3.12|3.12|3.0|2.0|2.0,Language analysis software|Microsoft Windows|Microsoft Word|Signal analysis software|Text to speech software|ELR Software eLr Extra Language Resources|Adobe Audition|Micro Video Video Voice Speech Training System|Microsoft Office software|Propeller Multimedia React2|Email software|Microsoft Excel|Speech analysis software|Web browser software|Biofeedback software,N|N|N|N|N|N|N|N|N|Y|Y|Y|Y|N|N
31-9099.02,Endoscopy Technicians,Maintain a sterile field to provide support for physicians and nurses during endoscopy procedures. Prepare and maintain instruments and equipment. May obtain specimens.,Reading Comprehension|Active Listening|Critical Thinking|Writing|Speaking|Active Learning|Monitoring|Learning Strategies|Mathematics|Science,3.62|3.62|3.38|3.12|3.12|3.12|3.12|2.75|2.0|1.75,Microsoft Word|MEDITECH software|Microsoft Office software|Scheduling software|Patient electronic medical record EMR software|Email software|Microsoft Excel|Microsoft PowerPoint,N|Y|Y|Y|Y|Y|N|N
33-1011.00,First-Line Supervisors of Correctional Officers,Directly supervise and coordinate activities of correctional officers and jailers.,Active Listening|Critical Thinking|Monitoring|Speaking|Reading Comprehension|Writing|Active Learning|Learning Strategies|Mathematics|Science,4.0|4.0|4.0|3.88|3.75|3.5|3.25|3.12|2.12|1.5,Guardian RFID|Microsoft Word|Microsoft Outlook|Jail management software|Microsoft PowerPoint|3M Electronic Monitoring|Microsoft Office software|Email software|Microsoft Excel|Microsoft Access,N|N|N|N|Y|Y|Y|Y|Y|Y
33-1012.00,First-Line Supervisors of Police and Detectives,Directly supervise and coordinate activities of members of police force.,Reading Comprehension|Active Listening|Speaking|Critical Thinking|Monitoring|Active Learning|Writing|Learning Strategies|Mathematics|Science,4.0|4.0|4.0|4.0|4.0|3.88|3.75|3.75|2.38|1.5,Microsoft Outlook|Law enforcement information databases|Corel WordPerfect Office Suite|Integrated Automated Fingerprint Identification System IAFIS|Microsoft Office software|Scheduling software|SmartDraw Legal|Microsoft Access|Crime mapping software|Microsoft Visio|Microsoft Internet Explorer|Spillman Technologies Records Management|National Crime Information Center (NCIC) database|Computer aided composite drawing software|Microsoft Word,N|N|N|N|N|N|N|N|Y|Y|Y|N|Y|Y|Y
33-1021.00,First-Line Supervisors of Firefighting and Prevention Workers,Directly supervise and coordinate activities of workers engaged in firefighting and fire prevention and control.,Active Listening|Speaking|Critical Thinking|Reading Comprehension|Monitoring|Writing|Active Learning|Learning Strategies|Mathematics|Science,4.0|3.88|3.88|3.75|3.75|3.25|3.25|3.25|2.5|1.88,Microsoft Outlook|Corel WordPerfect Office Suite|Geographic information system GIS software|Microsoft Office software|Microsoft Access|Mapping software|BehavePlus|FlamMap|Resource Ordering and Statusing System ROSS|Plume modeling software|FARSITE|Geographic information system GIS systems|ESRI ArcView|Incident command system ICS software|Microsoft Word,N|N|N|N|N|N|N|N|N|N|N|N|N|N|N
33-1091.00,First-Line Supervisors of Security Workers,Directly supervise and coordinate activities of security workers and security guards.,Active Listening|Reading Comprehension|Speaking|Critical Thinking|Monitoring|Writing|Active Learning|Learning Strategies|Mathematics|Science,4.0|3.88|3.88|3.88|3.75|3.62|3.12|3.0|2.0|1.25,Microsoft Word|Microsoft Outlook|Microsoft PowerPoint|SAP business and customer relations management software|Microsoft Office software|Employee scheduling software|Microsoft Excel|Time and attendance software|Microsoft Access|Oracle software,N|Y|Y|Y|Y|Y|Y|N|N|N
33-1099.00,"First-Line Supervisors of Protective Service Workers, All Other",All protective service supervisors not listed separately above.,,,,
33-2011.00,Firefighters,"Control and extinguish fires or respond to emergency situations where life, property, or the environment is at risk. Duties may include fire prevention, emergency medical service, hazardous material response, search and rescue, and disaster assistance.",Active Listening|Critical Thinking|Active Learning|Speaking|Monitoring|Reading Comprehension|Learning Strategies|Writing|Mathematics|Science,3.62|3.62|3.62|3.5|3.5|3.0|2.88|2.62|2.38|2.0,Microsoft Windows|Microsoft Outlook|Microsoft Word|Geographic information system GIS software|Corel WordPerfect Office Suite|Microsoft PowerPoint|Affiliated Computer Services ACS FIREHOUSE|Plume modeling software|Microsoft Office software|Incident command system ICS software|Email software|Microsoft Excel|Web browser software|Microsoft Access|Fire incident reporting systems,N|N|N|N|N|N|Y|Y|Y|Y|Y|Y|Y|N|N
33-2021.00,Fire Inspectors and Investigators,"Inspect buildings to detect fire hazards and enforce local ordinances and state laws, or investigate and gather facts to determine cause of fires and explosions.",Active Listening|Writing|Speaking|Critical Thinking|Reading Comprehension|Monitoring|Active Learning|Learning Strategies|Mathematics|Science,3.62|3.5|3.5|3.5|3.38|3.25|3.12|3.0|2.5|1.88,Microsoft Word|Microsoft Outlook|National Fire Incident Reporting System NFIRS|Xerox Government systems FIREHOUSE Software|Microsoft PowerPoint|Microsoft Office software|Consolidated Model of Fire and Smoke Transport CFAST|Email software|Code database software|Microsoft Excel|Microsoft Access|Web browser software|Fire Dynamics Software FDS,N|N|N|N|Y|Y|Y|Y|Y|Y|N|N|N
33-2022.00,Forest Fire Inspectors and Prevention Specialists,"Enforce fire regulations, inspect forest for fire hazards, and recommend forest fire prevention or control measures. May report forest fires and weather conditions.",Critical Thinking|Speaking|Active Listening|Monitoring|Reading Comprehension|Writing|Learning Strategies|Active Learning|Mathematics|Science,4.0|3.75|3.62|3.38|3.12|3.12|3.12|3.0|2.12|1.88,Microsoft Outlook|Git|Amazon Web Services AWS CloudFormation|Object oriented development environment software|Microsoft Office software|Perforce software|Microsoft PowerShell|Docker|Facebook|Mapping software|Ansible software|Microsoft SQL Server|Salesforce software|Kubernetes|Amazon Web Services AWS software,Y|Y|Y|Y|Y|N|Y|Y|Y|N|Y|Y|Y|Y|Y
33-3011.00,Bailiffs,Maintain order in courts of law.,Speaking|Monitoring|Active Listening|Critical Thinking|Reading Comprehension|Active Learning|Writing|Learning Strategies|Mathematics|Science,3.38|3.38|3.25|3.0|2.88|2.75|2.25|2.12|1.5|1.0,Microsoft Word|Microsoft Outlook|State crime information databases|Corel WordPerfect Office Suite|Microsoft PowerPoint|Microsoft SharePoint|Microsoft Office software|Adobe Acrobat|Statistics software|Email software|Court docket management software|IBM Lotus Notes|Microsoft Access|Microsoft Excel|Web browser software,Y|N|N|N|N|N|Y|Y|Y|Y|Y|Y|Y|N|N
33-3012.00,Correctional Officers and Jailers,"Guard inmates in penal or rehabilitative institutions in accordance with established regulations and procedures. May guard prisoners in transit between jail, courtroom, prison, or other point. Includes deputy sheriffs and police who spend the majority of their time guarding prisoners in correctional institutions.",Active Listening|Monitoring|Speaking|Critical Thinking|Reading Comprehension|Active Learning|Writing|Learning Strategies|Mathematics|Science,4.0|4.0|3.88|3.75|3.62|3.25|3.0|3.0|2.0|1.38,Guardian RFID|Facebook|Microsoft Outlook|Microsoft Word|Jail management software|Microsoft PowerPoint|3M Electronic Monitoring|Corrections housing software|Microsoft Office software|Adobe Acrobat|Web browser software|Microsoft Excel|Microsoft Access,N|Y|N|Y|N|N|Y|Y|Y|Y|Y|Y|N
33-3021.00,Detectives and Criminal Investigators,"Conduct investigations related to suspected violations of federal, state, or local laws to prevent or solve crimes.",Active Listening|Speaking|Critical Thinking|Reading Comprehension|Writing|Active Learning|Monitoring|Learning Strategies|Mathematics|Science,4.5|4.25|4.12|4.0|3.75|3.75|3.62|2.88|2.0|1.62,Microsoft Outlook|Graphics software|Law enforcement information databases|Trancite Logic Systems ScenePD|Corel WordPerfect Office Suite|Geographic information system GIS software|Integrated Automated Fingerprint Identification System IAFIS|Microsoft Office software|SmartDraw Legal|Microsoft Access|Crime mapping software|Microsoft Publisher|Visual Statement Vista FX3 CSI|SAS|DataWorks Plus Digital CrimeScene,N|Y|N|N|N|N|N|N|N|N|N|N|N|N|N
33-3021.02,Police Identification and Records Officers,"Collect evidence at crime scene, classify and identify fingerprints, and photograph evidence for use in criminal and civil cases.",Active Listening|Speaking|Reading Comprehension|Critical Thinking|Writing|Active Learning|Monitoring|Learning Strategies|Mathematics|Science,3.88|3.88|3.75|3.75|3.25|3.0|3.0|2.75|2.0|1.75,Trancite Logic Systems ScenePD|Integrated Automated Fingerprint Identification System IAFIS|Microsoft Office software|SmartDraw Legal|Database software|Microsoft Access|Visual Statement Vista FX3 CSI|DataWorks Plus Digital CrimeScene|Adobe Photoshop|Microsoft Visio|DeChant Consulting Services iWitness|Microsoft Windows|Image enhancement software|Linux|National Crime Information Center (NCIC) database,Y|N|N|N|N|N|N|N|N|N|Y|Y|Y|Y|Y
33-3021.06,Intelligence Analysts,"Gather, analyze, or evaluate information from a variety of sources, such as law enforcement databases, surveillance, intelligence networks or geographic information systems. Use intelligence data to anticipate and prevent organized crime activities, such as terrorism.",Reading Comprehension|Active Listening|Writing|Speaking|Critical Thinking|Active Learning|Monitoring|Learning Strategies|Mathematics|Science,4.25|4.12|4.0|4.0|4.0|3.62|3.25|3.0|2.75|1.88,"Text mining software|Graphics creation software|NortonLifeLock cybersecurity software|Snort|Facebook|Arrival Departure Information System ADIS|SAS|Amazon Simple Storage Service S3|SAP software|UNIX|Amazon Web Services AWS software|Data visualization software|McAfee|Linux|Refugee, Asylum and Parole System RAPS",N|Y|Y|Y|Y|N|Y|N|N|N|N|Y|N|N|N
33-3031.00,Fish and Game Wardens,Patrol assigned area to prevent fish and game law violations. Investigate reports of damage to crops or property by wildlife. Compile biological data.,Speaking|Reading Comprehension|Active Listening|Critical Thinking|Writing|Monitoring|Active Learning|Learning Strategies|Mathematics|Science,3.88|3.75|3.75|3.75|3.12|3.12|3.0|2.62|2.38|2.38,Mapping software|Microsoft Word|Swift|Global positioning system GPS software|Microsoft Office software|Puppet|Microsoft Excel|Database software|Microsoft PowerPoint|Web browser software,N|N|N|Y|Y|Y|Y|Y|Y|N
33-3041.00,Parking Enforcement Workers,"Patrol assigned area, such as public parking lot or city streets to issue tickets to overtime parking violators and illegally parked vehicles.",Speaking|Monitoring|Active Listening|Critical Thinking|Reading Comprehension|Writing|Active Learning|Learning Strategies|Mathematics|Science,3.12|3.12|3.0|3.0|2.88|2.75|2.62|2.12|1.88|1.0,Microsoft Windows|Microsoft Outlook|Microsoft Word|Ticket issuing software|Microsoft PowerPoint|Integrated Parking Solutions MApp|Microsoft Office software|Web browser software|Microsoft Excel|Microsoft Access|Vehicle information databases|Complus Data Innovations FastTrack,N|N|Y|Y|Y|Y|Y|Y|Y|N|N|N
33-3051.00,Police and Sheriff's Patrol Officers,"Maintain order and protect life and property by enforcing local, tribal, state, or federal laws and ordinances. Perform a combination of the following duties: patrol a specific area; direct traffic; issue traffic summonses; investigate accidents; apprehend and arrest suspects, or serve legal processes of courts. Includes police officers working at educational institutions.",Active Listening|Speaking|Critical Thinking|Active Learning|Reading Comprehension|Monitoring|Writing|Learning Strategies|Mathematics|Science,4.12|3.88|3.88|3.88|3.75|3.25|3.12|2.75|2.0|1.38,Microsoft Outlook|Law enforcement information databases|Corel WordPerfect Office Suite|Integrated Automated Fingerprint Identification System IAFIS|Microsoft Office software|SmartDraw Legal|Database software|Microsoft Access|Crime mapping software|Microsoft Visio|Microsoft Internet Explorer|Microsoft Windows|SmugMug Flickr|ESRI ArcView|Spillman Technologies Records Management,N|N|N|N|N|N|N|N|N|N|N|Y|Y|N|Y
33-3051.04,Customs and Border Protection Officers,"Investigate and inspect persons, common carriers, goods, and merchandise, arriving in or departing from the United States or between states to detect violations of immigration and customs laws and regulations.",Active Listening|Speaking|Critical Thinking|Reading Comprehension|Writing|Monitoring|Active Learning|Learning Strategies|Mathematics|Science,4.0|4.0|4.0|3.88|3.62|3.62|3.38|2.62|2.25|1.88,Microsoft Word|Microsoft Outlook|Automated Manifest System AMS|Law enforcement information databases|Corel WordPerfect Office Suite|Global positioning system GPS software|SAP software|Microsoft Office software|IBM WebSphere MQ|Treasury Enforcement Communications System TECS|Microsoft Excel|National Crime Information Center (NCIC) database,N|N|N|Y|N|Y|Y|Y|Y|N|Y|N
33-3052.00,Transit and Railroad Police,"Protect and police railroad and transit property, employees, or passengers.",Active Listening|Speaking|Critical Thinking|Monitoring|Writing|Active Learning|Reading Comprehension|Learning Strategies|Mathematics|Science,4.0|4.0|3.88|3.38|3.25|3.25|3.12|2.88|2.0|1.12,Microsoft Word|Microsoft Outlook|MapInfo StreetPro|Law enforcement information databases|MapInfo Professional|Integrated Automated Fingerprint Identification System IAFIS|Microsoft Office software|SmugMug Flickr|Web browser software|Microsoft Active Server Pages ASP|Microsoft Excel|Microsoft PowerPoint|Crime mapping software|National Crime Information Center (NCIC) database,N|N|N|N|N|Y|Y|Y|Y|Y|Y|N|N|N
33-9011.00,Animal Control Workers,"Handle animals for the purpose of investigations of mistreatment, or control of abandoned, dangerous, or unattended animals.",Active Listening|Speaking|Critical Thinking|Reading Comprehension|Writing|Monitoring|Active Learning|Learning Strategies|Mathematics|Science,3.75|3.62|3.5|3.0|3.0|3.0|2.88|2.75|2.0|1.12,Microsoft Outlook|Animal Shelter Manager|Geographic information system GIS software|Microsoft Office software|Multiple Options Animal Shelter Management System|Microsoft Access|RoseRush Services Shelter Pro|SAP software|CISCO Software ACS Animal Control System|Microsoft Visio|Esri ArcGIS|Microsoft Windows|RescueConnection Software ShelterConntection|Microsoft SharePoint|Geographic information system GIS systems,N|N|N|N|N|N|Y|Y|Y|Y|Y|Y|Y|Y|Y
33-9021.00,Private Detectives and Investigators,"Gather, analyze, compile, and report information regarding individuals or organizations to clients, or detect occurrences of unlawful acts or infractions of rules in private establishment.",Active Listening|Speaking|Reading Comprehension|Critical Thinking|Writing|Active Learning|Monitoring|Learning Strategies|Mathematics|Science,4.12|4.0|3.88|3.88|3.62|3.38|3.38|2.5|2.25|1.5,LexisNexis|Facebook|Microsoft Outlook|Microsoft Windows|Microsoft Word|Microsoft PowerPoint|Microsoft Office software|Email software|Microsoft Excel|Web browser software|Microsoft Access|Computer imaging software,N|N|Y|N|Y|Y|Y|Y|Y|Y|Y|N
33-9031.00,Gambling Surveillance Officers and Gambling Investigators,"Observe gambling operation for irregular activities such as cheating or theft by either employees or patrons. Investigate potential threats to gambling assets such as money, chips, and gambling equipment. Act as oversight and security agent for management and customers.",Monitoring|Critical Thinking|Speaking|Reading Comprehension|Active Listening|Writing|Active Learning|Learning Strategies|Mathematics|Science,4.12|3.75|3.62|3.25|3.25|3.12|3.12|2.5|2.12|1.25,Microsoft Word|Microsoft Outlook|iView Systems|Microsoft Office software|Microsoft Paint|Microsoft Excel|Microsoft PowerPoint|FileMaker Pro,N|N|Y|Y|Y|N|Y|Y
33-9032.00,Security Guards,"Guard, patrol, or monitor premises to prevent theft, violence, or infractions of rules. May operate x-ray and metal detector equipment.",Active Listening|Monitoring|Speaking|Critical Thinking|Reading Comprehension|Active Learning|Writing|Learning Strategies|Mathematics|Science,3.75|3.38|3.25|3.12|3.0|2.88|2.75|2.62|2.0|1.5,McAfee|Microsoft Word|Microsoft Outlook|Corel WordPerfect Office Suite|Microsoft SharePoint|Wireshark|Microsoft Office software|Microsoft Excel|IBM Lotus 1-2-3|NortonLifeLock cybersecurity software|FaceTime,N|N|N|N|Y|Y|Y|Y|Y|N|N
33-9091.00,Crossing Guards and Flaggers,"Guide or control vehicular or pedestrian traffic at such places as streets, schools, railroad crossings, or construction sites.",Speaking|Active Listening|Monitoring|Critical Thinking|Reading Comprehension|Active Learning|Writing|Learning Strategies|Mathematics|Science,3.12|2.88|2.88|2.75|2.25|2.25|2.0|1.88|1.62|1.0,Microsoft Word|Visual Computer Solutions Crossing Guard Scheduling|Payroll software,Y|N|N
33-9092.00,"Lifeguards, Ski Patrol, and Other Recreational Protective Service Workers","Monitor recreational areas, such as pools, beaches, or ski slopes, to provide assistance and protection to participants.",Monitoring|Speaking|Active Listening|Learning Strategies|Critical Thinking|Reading Comprehension|Active Learning|Writing|Science|Mathematics,3.75|3.5|3.12|3.12|3.0|2.88|2.75|2.5|1.5|1.38,Microsoft Word|Microsoft Outlook|Microsoft Publisher|GroupMe|Microsoft Excel|Microsoft PowerPoint,N|Y|Y|Y|N|Y
33-9093.00,Transportation Security Screeners,"Conduct screening of passengers, baggage, or cargo to ensure compliance with Transportation Security Administration (TSA) regulations. May operate basic security equipment such as x-ray machines and hand wands at screening checkpoints.",Speaking|Monitoring|Active Listening|Critical Thinking|Reading Comprehension|Writing|Active Learning|Learning Strategies|Mathematics|Science,3.38|3.38|3.25|3.25|3.0|2.88|2.88|2.5|1.88|1.75,Microsoft Word|Microsoft Outlook|Rapiscan Threat Image Projection|Linux|Applicant tracking software|Microsoft Office software|Oracle Java|Email software|Microsoft Excel|Web browser software|Oracle Taleo|Slack,N|N|Y|Y|Y|Y|Y|Y|N|N|Y|N
33-9094.00,School Bus Monitors,Maintain order among students on a school bus. Duties include helping students safely board and exit and communicating behavioral problems. May perform pretrip and posttrip inspections and prepare for and assist in emergency evacuations.,Monitoring|Speaking|Active Listening|Critical Thinking|Reading Comprehension|Writing|Active Learning|Learning Strategies|Mathematics|Science,3.75|3.25|3.0|2.88|2.75|2.75|2.12|2.0|1.62|1.0,Microsoft Windows|Web browser software,Y|N
33-9099.00,"Protective Service Workers, All Other",All protective service workers not listed separately.,,,,
33-9099.02,Retail Loss Prevention Specialists,"Implement procedures and systems to prevent merchandise loss. Conduct audits and investigations of employee activity. May assist in developing policies, procedures, and systems for safeguarding assets.",Critical Thinking|Active Listening|Speaking|Monitoring|Reading Comprehension|Active Learning|Writing|Learning Strategies|Mathematics|Science,3.75|3.5|3.5|3.5|3.25|3.25|3.12|2.88|2.62|1.25,McAfee|Microsoft Windows|Microsoft Outlook|Microsoft Word|Enterprise application integration EAI software|Aspect Loss Prevention Aspect EliteLP|Microsoft PowerPoint|Microsoft Office software|Structured query language SQL|Database software|Microsoft Excel|Microsoft Access|Epicor Loss Prevention|NortonLifeLock cybersecurity software|Case management system software,N|N|N|N|N|N|Y|Y|Y|Y|Y|Y|Y|N|Y
35-1011.00,Chefs and Head Cooks,"Direct and may participate in the preparation, seasoning, and cooking of salads, soups, fish, meats, vegetables, desserts, or other foods. May plan and price menu items, order supplies, and keep records and accounts.",Monitoring|Speaking|Critical Thinking|Active Listening|Reading Comprehension|Active Learning|Learning Strategies|Writing|Mathematics|Science,4.0|3.88|3.75|3.62|3.5|3.38|3.25|3.12|3.0|1.75,"Microsoft Outlook|Culinary Software Services ChefTec|Microsoft Office software|Facebook|Barrington Software CookenPro Commercial|Axxya Systems Nutritionist Pro|SoftCafe MenuPro|Sage MAS 90 ERP|IPro Restaurant Inventory, Recipe & Menu Software|EGS CALCMENU|Menu planning software|Google Sheets|Enggist & Grandjean EGS F&B Control|Microsoft Word|CostGuard",N|N|N|N|N|N|N|N|N|Y|N|Y|N|N|N
35-1012.00,First-Line Supervisors of Food Preparation and Serving Workers,Directly supervise and coordinate activities of workers engaged in preparing and serving food.,Speaking|Monitoring|Active Listening|Reading Comprehension|Critical Thinking|Learning Strategies|Writing|Mathematics|Active Learning|Science,3.88|3.88|3.75|3.25|3.12|3.12|3.0|3.0|3.0|1.0,Microsoft Outlook|IBM Domino|Compris Advanced Manager's Workstation|Ordering and purchasing software|Microsoft Office software|Restaurant Operations & Management Spreadsheet Library|Evernote|CaterPro|ParTech PixelPoint POS|Microsoft Project|NCR Advanced Checkout Solution|The General Store|CBORD Group Menu Management System|Microsoft Publisher|Staff scheduling software,N|N|N|N|N|N|N|N|N|N|N|N|N|N|Y
35-2011.00,"Cooks, Fast Food",Prepare and cook food in a fast food restaurant with a limited menu. Duties of these cooks are limited to preparation of a few basic items and normally involve operating large-volume single-purpose cooking equipment.,Active Listening|Speaking|Reading Comprehension|Critical Thinking|Monitoring|Writing|Active Learning|Learning Strategies|Mathematics|Science,3.0|2.88|2.75|2.62|2.62|2.12|2.0|2.0|1.88|1.0,Microsoft Word|Microsoft Outlook|RestaurantPlus PRO|Aldelo Systems Aldelo for Restaurants Pro|Plexis Software Plexis POS|Microsoft Excel|Foodman Home-Delivery,N|N|Y|Y|Y|N|N
35-2012.00,"Cooks, Institution and Cafeteria","Prepare and cook large quantities of food for institutions, such as schools, hospitals, or cafeterias.",Speaking|Monitoring|Active Listening|Critical Thinking|Reading Comprehension|Mathematics|Active Learning|Writing|Learning Strategies|Science,3.12|3.12|3.0|3.0|2.88|2.88|2.88|2.75|2.75|1.0,Microsoft Word|PCS Revenue Control Systems FASTRAK School Meal Software|Meals Plus|GNOME Gnutrition|Microsoft Excel|IBM Lotus 1-2-3,N|N|N|Y|Y|N
35-2013.00,"Cooks, Private Household",Prepare meals in private homes. Includes personal chefs.,Critical Thinking|Reading Comprehension|Active Listening|Speaking|Monitoring|Writing|Active Learning|Learning Strategies|Mathematics|Science,3.25|3.0|3.0|3.0|3.0|2.88|2.88|2.75|2.25|1.38,APPCA Personal Chef Office|Intuit QuickBooks|YouTube|Work scheduling software|Cost tracking software|Email software|Web browser software|Cooking e-books|WordPress|Food inventory software,N|N|N|N|N|Y|N|Y|N|N
35-2014.00,"Cooks, Restaurant","Prepare, season, and cook dishes such as soups, meats, vegetables, or desserts in restaurants. May order supplies, keep records and accounts, price items on menu, or plan menu.",Speaking|Critical Thinking|Monitoring|Active Listening|Reading Comprehension|Active Learning|Writing|Mathematics|Learning Strategies|Science,3.0|3.0|3.0|2.88|2.75|2.75|2.25|2.25|2.0|1.38,Facebook|Microsoft Outlook|Microsoft Word|Microsoft Office software|Point of sale POS restaurant software|Menu planning software|Microsoft Excel|Recipe cost control software|Food safety labeling systems,Y|N|N|Y|Y|Y|Y|N|N
35-2015.00,"Cooks, Short Order",Prepare and cook to order a variety of foods that require only a short preparation time. May take orders from customers and serve patrons at counters or tables.,Reading Comprehension|Active Listening|Speaking|Critical Thinking|Monitoring|Active Learning|Writing|Mathematics|Learning Strategies|Science,3.12|3.12|3.0|2.88|2.88|2.38|2.25|2.12|2.0|1.0,RestaurantPlus PRO|Aldelo Systems Aldelo for Restaurants Pro|Plexis Software Plexis POS|Inventory control software|Foodman Home-Delivery,N|N|N|N|N
35-2019.00,"Cooks, All Other",All cooks not listed separately.,,,,
35-2021.00,Food Preparation Workers,"Perform a variety of food preparation duties other than cooking, such as preparing cold foods and shellfish, slicing meat, and brewing coffee or tea.",Active Listening|Speaking|Critical Thinking|Reading Comprehension|Monitoring|Mathematics|Active Learning|Learning Strategies|Writing|Science,3.0|2.88|2.75|2.62|2.5|2.0|2.0|2.0|1.88|1.0,Mealmaster Cookbook Wizard|Barrington Software CookenPro Commercial|Culinary Software Services ChefTec|Quizlet|CBORD Foodservice Suite|Recipe software|Microsoft Office software|CBORD NetRecipe|EGS CALCMENU|Master Cook Deluxe Professional Cook|iPro|MicroBlast Recipe Wizard for Windows|Microsoft Excel|ValuSoft MasterCook|YouTube,N|N|N|N|N|N|N|N|N|Y|Y|N|N|N|N
35-3011.00,Bartenders,"Mix and serve drinks to patrons, directly or through waitstaff.",Active Listening|Speaking|Critical Thinking|Reading Comprehension|Active Learning|Monitoring|Learning Strategies|Writing|Mathematics|Science,3.75|3.12|3.12|3.0|3.0|3.0|2.88|2.75|2.25|1.0,Facebook|Microsoft Outlook|NCR NeighborhoodPOS|Intuit QuickBooks Point of Sale|Focus point of sale POS software|NCR Advanced Checkout Solution|Web browser software|AZZ CardFile|Compris software|The General Store|MICROS Systems HSI Profits Series,N|N|Y|N|N|N|Y|N|N|N|N
35-3023.00,Fast Food and Counter Workers,Perform duties such as taking orders and serving food and beverages. Serve customers at counter or from a steam table. May take payment. May prepare food and beverages.,Active Listening|Monitoring|Speaking|Critical Thinking|Reading Comprehension|Writing|Mathematics|Learning Strategies|Active Learning|Science,3.0|2.88|2.62|2.5|2.38|2.0|2.0|2.0|1.88|1.0,Facebook|Microsoft Windows|Quizlet|NCR NeighborhoodPOS|Intuit QuickBooks Point of Sale|RestaurantPlus PRO|Aldelo Systems Aldelo for Restaurants Pro|Microsoft Office software|NCR Advanced Checkout Solution|Plexis Software Plexis POS|Menu and nutrition database software|Microsoft Excel|Foodman Home-Delivery|Compris software|The General Store,N|N|Y|N|N|N|N|Y|Y|Y|N|N|N|N|N
35-3023.01,Baristas,Prepare or serve specialty coffee or other beverages. Serve food such as baked goods or sandwiches to patrons.,Active Listening|Speaking|Monitoring|Reading Comprehension|Critical Thinking|Writing|Active Learning|Learning Strategies|Mathematics|Science,3.38|3.25|3.0|2.88|2.62|2.5|2.5|2.0|1.88|1.0,Microsoft Word|Microsoft Office software|Microsoft Excel,Y|Y|Y
35-3031.00,Waiters and Waitresses,Take orders and serve food and beverages to patrons at tables in dining establishment.,Active Listening|Speaking|Monitoring|Critical Thinking|Reading Comprehension|Active Learning|Writing|Mathematics|Learning Strategies|Science,3.5|3.5|3.0|2.88|2.75|2.5|2.12|2.12|2.0|1.0,Facebook|Hospitality Control Solutions Aloha Point-of-Sale|MICROS Systems HSI Profits Series|NCR NeighborhoodPOS|Intuit QuickBooks Point of Sale|Compris Advanced Manager's Workstation|NCR Advanced Checkout Solution|Compris software|The General Store|Blink,N|N|N|Y|N|N|N|N|N|N
35-3041.00,"Food Servers, Nonrestaurant","Serve food to individuals outside of a restaurant environment, such as in hotel rooms, hospital rooms, residential care facilities, or cars.",Active Listening|Speaking|Reading Comprehension|Critical Thinking|Monitoring|Writing|Mathematics|Active Learning|Learning Strategies|Science,3.0|3.0|2.88|2.88|2.75|2.0|2.0|2.0|2.0|1.0,Facebook|CBORD Nutrition Service Suite|Microsoft Outlook|Microsoft Windows|Picis CareSuite|Microsoft Office software|Capital Codeworks MenuMax,N|N|Y|Y|Y|Y|N
35-9011.00,Dining Room and Cafeteria Attendants and Bartender Helpers,"Facilitate food service. Clean tables; remove dirty dishes; replace soiled table linens; set tables; replenish supply of clean linens, silverware, glassware, and dishes; supply service bar with food; and serve items such as water, condiments, and coffee to patrons.",Active Listening|Speaking|Monitoring|Critical Thinking|Reading Comprehension|Active Learning|Writing|Learning Strategies|Mathematics|Science,3.0|2.88|2.88|2.75|2.38|2.12|2.0|2.0|1.88|1.0,Microsoft Windows|Facebook|RestaurantPlus PRO|Plexis Software Plexis POS|Microsoft Excel|Cafe Cartel Systems,N|Y|Y|Y|N|N
35-9021.00,Dishwashers,"Clean dishes, kitchen, food preparation equipment, or utensils.",Active Listening|Speaking|Critical Thinking|Monitoring|Reading Comprehension|Learning Strategies|Active Learning|Writing|Mathematics|Science,2.62|2.5|2.5|2.5|2.0|2.0|1.88|1.75|1.5|1.0,Microsoft Windows|Facebook,Y|Y
35-9031.00,"Hosts and Hostesses, Restaurant, Lounge, and Coffee Shop","Welcome patrons, seat them at tables or in lounge, and help ensure quality of facilities and service.",Active Listening|Speaking|Reading Comprehension|Monitoring|Critical Thinking|Active Learning|Writing|Learning Strategies|Mathematics|Science,3.5|3.12|2.88|2.88|2.75|2.62|2.12|2.0|1.88|1.0,Facebook|Microsoft Windows|Hospitality Control Solutions Aloha Point-of-Sale|OpenTable|Avenista Table Reservations|iMagic Restaurant Reservation|Reservation software|Microsoft Office software|Microsoft Excel|GuestBridge Reserve,N|Y|N|N|N|Y|Y|Y|N|N
35-9099.00,"Food Preparation and Serving Related Workers, All Other",All food preparation and serving related workers not listed separately.,,,,
37-1011.00,First-Line Supervisors of Housekeeping and Janitorial Workers,"Directly supervise and coordinate work activities of cleaning personnel in hotels, hospitals, offices, and other establishments.",Speaking|Monitoring|Active Listening|Critical Thinking|Learning Strategies|Reading Comprehension|Writing|Active Learning|Mathematics|Science,3.25|3.25|3.12|3.12|3.12|3.0|2.88|2.88|2.12|1.0,Facebook|Microsoft Outlook|Microsoft Word|Computerized maintenance management system CMMS|Inventory tracking software|Microsoft PowerPoint|SAP software|Microsoft Office software|Facility use software|Email software|Microsoft Excel|Help desk software|Microsoft Access|Microsoft Project|Computerized bed control system software,N|N|N|Y|N|N|N|Y|Y|Y|Y|Y|Y|Y|Y
37-1012.00,"First-Line Supervisors of Landscaping, Lawn Service, and Groundskeeping Workers","Directly supervise and coordinate activities of workers engaged in landscaping or groundskeeping activities. Work may involve reviewing contracts to ascertain service, machine, and workforce requirements; answering inquiries from potential customers regarding methods, material, and price ranges; and preparing estimates according to labor, material, and machine costs.",Monitoring|Active Listening|Speaking|Critical Thinking|Reading Comprehension|Active Learning|Learning Strategies|Writing|Mathematics|Science,4.0|3.88|3.75|3.75|3.12|3.12|3.12|3.0|2.88|1.62,Facebook|Microsoft Outlook|Microsoft Word|Payroll software|Microsoft Office software|Work order software|Microsoft Excel|Microsoft PowerPoint,Y|Y|Y|Y|Y|Y|N|N
37-2011.00,"Janitors and Cleaners, Except Maids and Housekeeping Cleaners","Keep buildings in clean and orderly condition. Perform heavy cleaning duties, such as cleaning floors, shampooing rugs, washing walls and glass, and removing rubbish. Duties may include tending furnace and boiler, performing routine maintenance activities, notifying management of need for repairs, and cleaning snow or debris from sidewalk.",Active Listening|Speaking|Critical Thinking|Monitoring|Active Learning|Reading Comprehension|Writing|Learning Strategies|Mathematics|Science,3.0|3.0|2.75|2.75|2.62|2.5|2.38|2.12|1.38|1.0,Microsoft Word|Microsoft Outlook|Microsoft Office software|Eko|Microsoft Excel|Squeegee,N|Y|Y|Y|Y|N
37-2012.00,Maids and Housekeeping Cleaners,"Perform any combination of light cleaning duties to maintain private households or commercial establishments, such as hotels and hospitals, in a clean and orderly manner. Duties may include making beds, replenishing linens, cleaning rooms and halls, and vacuuming.",Active Listening|Speaking|Critical Thinking|Monitoring|Reading Comprehension|Writing|Active Learning|Learning Strategies|Mathematics|Science,2.75|2.75|2.75|2.75|2.62|2.12|2.12|2.12|1.88|1.0,Facebook|Microsoft Windows|Computerized maintenance management system CMMS|Inventory tracking software|Eko|Email software|Microsoft Excel|Computerized bed control system software|Blink,N|N|N|N|N|Y|N|Y|Y
37-2019.00,"Building Cleaning Workers, All Other",All building cleaning workers not listed separately.,,,,
37-2021.00,Pest Control Workers,Apply or release chemical solutions or toxic gases and set traps to kill or remove pests and vermin that infest buildings and surrounding areas.,Active Listening|Critical Thinking|Writing|Speaking|Monitoring|Active Learning|Reading Comprehension|Learning Strategies|Mathematics|Science,3.75|3.75|3.62|3.62|3.62|3.12|3.0|2.75|2.62|2.0,Microsoft Word|Intuit QuickBooks|Report writing software|Marathon Data Systems PestPac|Microsoft SharePoint|Work scheduling software|Microsoft Office software|Supply inventory software|Email software|Database software|Microsoft Excel|YouTube,N|N|Y|N|Y|Y|Y|Y|N|N|N|N
37-3011.00,Landscaping and Groundskeeping Workers,"Landscape or maintain grounds of property using hand or power tools or equipment. Workers typically perform a variety of tasks, which may include any combination of the following: sod laying, mowing, trimming, planting, watering, fertilizing, digging, raking, sprinkler installation, and installation of mortarless segmental concrete masonry wall units.",Critical Thinking|Active Listening|Speaking|Monitoring|Reading Comprehension|Active Learning|Writing|Learning Strategies|Mathematics|Science,2.62|2.38|2.38|2.38|2.0|1.88|1.75|1.75|1.5|1.25,Microsoft Windows|Facebook|IBM Notes|Microsoft Word|Microsoft Office software|Microsoft Excel,Y|N|Y|Y|Y|Y
37-3012.00,"Pesticide Handlers, Sprayers, and Applicators, Vegetation","Mix or apply pesticides, herbicides, fungicides, or insecticides through sprays, dusts, vapors, soil incorporation, or chemical application on trees, shrubs, lawns, or crops. Usually requires specific training and state or federal certification.",Reading Comprehension|Active Listening|Critical Thinking|Speaking|Monitoring|Writing|Active Learning|Mathematics|Learning Strategies|Science,2.88|2.88|2.88|2.75|2.62|2.5|2.5|2.12|2.0|1.88,Google Android|Facebook|Microsoft Outlook|Unit conversion software|Microsoft Office software|Geographic information system GIS systems|Customer database software|Materials inventory software|Microsoft Excel|Rate calculation software,N|Y|N|Y|N|Y|Y|Y|N|N
37-3013.00,Tree Trimmers and Pruners,"Using sophisticated climbing and rigging techniques, cut away dead or excess branches from trees or shrubs to maintain right-of-way for roads, sidewalks, or utilities, or to improve appearance, health, and value of tree. Prune or treat trees or shrubs using handsaws, hand pruners, clippers, and power pruners. Works off the ground in the tree canopy and may use truck-mounted lifts.",Critical Thinking|Monitoring|Speaking|Active Listening|Reading Comprehension|Active Learning|Writing|Learning Strategies|Mathematics|Science,3.25|3.12|3.0|2.88|2.62|2.62|2.5|2.25|1.88|1.75,Facebook|Microsoft Outlook|Microsoft Excel|Microsoft Word,Y|Y|Y|Y
37-3019.00,"Grounds Maintenance Workers, All Other",All grounds maintenance workers not listed separately.,,,,
39-1013.00,First-Line Supervisors of Gambling Services Workers,"Directly supervise and coordinate activities of workers in assigned gambling areas. May circulate among tables, observe operations, and ensure that stations and games are covered for each shift. May verify and pay off jackpots. May reset slot machines after payoffs and make repairs or adjustments to slot machines or recommend removal of slot machines for repair. May plan and organize activities and services for guests in hotels/casinos.",Monitoring|Active Listening|Speaking|Reading Comprehension|Critical Thinking|Writing|Active Learning|Learning Strategies|Mathematics|Science,3.88|3.75|3.75|3.62|3.62|3.38|3.0|2.75|2.62|1.25,Microsoft Word|Microsoft Outlook|Corel WordPerfect Office Suite|Microsoft PowerPoint|Microsoft Office software|Microsoft Excel|Microsoft Access|Microsoft Project,N|Y|Y|Y|Y|Y|Y|Y
39-1014.00,"First-Line Supervisors of Entertainment and Recreation Workers, Except Gambling Services",Directly supervise and coordinate activities of entertainment and recreation related workers.,Speaking|Reading Comprehension|Active Listening|Critical Thinking|Monitoring|Writing|Active Learning|Learning Strategies|Mathematics|Science,3.5|3.38|3.38|3.38|3.38|3.25|3.0|3.0|2.5|1.12,Timekeeping software|Microsoft Word|Microsoft Outlook|Work scheduling software|Microsoft Office software|Web browser software|Microsoft Excel|Microsoft PowerPoint|Inventory management systems,N|Y|Y|Y|Y|Y|N|N|N
39-1022.00,First-Line Supervisors of Personal Service Workers,Supervise and coordinate activities of personal service workers.,Active Listening|Critical Thinking|Speaking|Reading Comprehension|Writing|Monitoring|Active Learning|Learning Strategies|Mathematics|Science,3.88|3.88|3.75|3.62|3.25|3.25|3.12|3.12|2.12|1.38,Timekeeping software|Microsoft Word|Microsoft Outlook|Work scheduling software|Microsoft Office software|Web browser software|Microsoft Excel|Microsoft PowerPoint|Inventory management systems,N|Y|Y|Y|Y|Y|N|N|N
39-2011.00,Animal Trainers,"Train animals for riding, harness, security, performance, or obedience, or for assisting persons with disabilities. Accustom animals to human voice and contact, and condition animals to respond to commands. Train animals according to prescribed standards for show or competition. May train animals to carry pack loads or work as part of pack team.",Speaking|Learning Strategies|Critical Thinking|Active Learning|Active Listening|Monitoring|Reading Comprehension|Writing|Mathematics|Science,3.5|3.5|3.38|3.25|3.12|3.12|2.88|2.88|1.88|1.75,Facebook|Microsoft Outlook|Microsoft Windows|Microsoft Word|Oracle PeopleSoft|SAP software|Microsoft Office software|Epic Systems|Oracle Database|Tracks Software|Customer information control system CICS|Work scheduling software|Database software|Microsoft Excel|Microsoft PowerPoint,Y|N|N|Y|Y|Y|Y|Y|Y|Y|Y|Y|Y|Y|Y
39-2021.00,Animal Caretakers,"Feed, water, groom, bathe, exercise, or otherwise provide care to promote and maintain the well-being of pets and other animals that are not raised for consumption, such as dogs, cats, race horses, ornamental fish or birds, zoo animals, and mice. Work in settings such as kennels, animal shelters, zoos, circuses, and aquariums. May keep records of feedings, treatments, and animals received or discharged. May clean, disinfect, and repair cages, pens, or fish tanks.",Monitoring|Reading Comprehension|Active Listening|Speaking|Writing|Critical Thinking|Active Learning|Mathematics|Learning Strategies|Science,3.12|3.0|3.0|2.88|2.75|2.75|2.38|2.0|2.0|1.5,Microsoft Word|Microsoft Outlook|Kennel Link|Microsoft PowerPoint|The Groomer's Write Hand|DaySmart Software 123Pet|Microsoft Access|Groomsoft|Microsoft Office software|Groom Pro|Petschedule|Microsoft Excel|CEEJS The Pet Groomer's Secretary|Envision Pet Grooming|Mobile Dog Grooming Software mGroomer,N|N|N|N|N|N|N|N|Y|Y|Y|Y|Y|Y|N
39-3011.00,Gambling Dealers,"Operate table games. Stand or sit behind table and operate games of chance by dispensing the appropriate number of cards or blocks to players, or operating other gambling equipment. Distribute winnings or collect players' money or chips. May compare the house's hand against players' hands.",Active Listening|Speaking|Reading Comprehension|Monitoring|Mathematics|Critical Thinking|Writing|Active Learning|Learning Strategies|Science,3.38|3.38|3.0|3.0|2.75|2.75|2.25|2.25|2.0|1.0,Microsoft Office software|Apache Hadoop|Email software|Microsoft Excel|Apache Spark|Slack,Y|Y|N|Y|Y|Y
39-3012.00,Gambling and Sports Book Writers and Runners,"Post information enabling patrons to wager on various races and sporting events. Assist in the operation of games such as keno and bingo. May operate random number-generating equipment and announce the numbers for patrons. Receive, verify, and record patrons' wagers. Scan and process winning tickets presented by patrons and pay out winnings for those wagers.",Active Listening|Speaking|Monitoring|Mathematics|Writing|Critical Thinking|Reading Comprehension|Active Learning|Learning Strategies|Science,3.5|3.12|3.12|3.0|2.88|2.88|2.75|2.62|2.25|1.25,Microsoft Windows|Microsoft Word|Microsoft Office software|Web browser software|Microsoft Excel|Credit card processing software|Microsoft PowerPoint,N|Y|Y|Y|Y|Y|N
39-3019.00,"Gambling Service Workers, All Other",All gambling service workers not listed separately.,,,,
39-3021.00,Motion Picture Projectionists,Set up and operate motion picture projection and related sound reproduction equipment.,Reading Comprehension|Active Listening|Speaking|Critical Thinking|Monitoring|Writing|Active Learning|Learning Strategies|Mathematics|Science,3.0|3.0|3.0|2.88|2.88|2.12|2.12|2.0|1.5|1.0,Facebook|Microsoft Outlook|Microsoft Word|Avid Technology iNEWS|Autodesk AutoCAD|Audio calibration software|Microsoft Office software|Web browser software|Microsoft Excel|Microsoft PowerPoint|Apple macOS,Y|N|Y|N|Y|Y|Y|Y|Y|Y|N
39-3031.00,"Ushers, Lobby Attendants, and Ticket Takers","Assist patrons at entertainment events by performing duties, such as collecting admission tickets and passes from patrons, assisting in finding seats, searching for lost articles, and helping patrons locate such facilities as restrooms and telephones.",Active Listening|Speaking|Reading Comprehension|Critical Thinking|Monitoring|Active Learning|Writing|Learning Strategies|Mathematics|Science,3.12|3.12|2.75|2.75|2.75|2.5|2.0|1.88|1.75|1.0,Microsoft Word|Microsoft Outlook|Microsoft Windows Mobile|Ticket Alternative Express Entry|Microsoft Office software|Microsoft Excel|Microsoft PowerPoint|Ticket scanning software,Y|Y|Y|Y|N|Y|N|N
39-3091.00,Amusement and Recreation Attendants,"Perform a variety of attending duties at amusement or recreation facility. May schedule use of recreation facilities, maintain and provide equipment to participants of sporting events or recreational pursuits, or operate amusement concessions and rides.",Speaking|Active Listening|Monitoring|Critical Thinking|Writing|Reading Comprehension|Active Learning|Learning Strategies|Mathematics|Science,3.25|3.0|2.88|2.75|2.5|2.38|2.38|2.12|2.0|1.0,Facebook|Microsoft Outlook|Microsoft Windows|Microsoft Word|Microsoft Office software|Microsoft Excel|Database software|Microsoft Internet Explorer|Adobe PageMaker,N|N|Y|Y|N|Y|Y|Y|Y
39-3092.00,Costume Attendants,"Select, fit, and take care of costumes for cast members, and aid entertainers. May assist with multiple costume changes during performances.",Active Listening|Speaking|Monitoring|Reading Comprehension|Critical Thinking|Writing|Active Learning|Learning Strategies|Mathematics|Science,3.12|3.12|3.12|2.88|2.88|2.5|2.5|1.88|1.5|1.0,Microsoft Word|Microsoft Outlook|Microsoft Office software|Garment tracking software|Database software|Microsoft Excel|Web browser software,N|N|Y|Y|Y|Y|N
39-3093.00,"Locker Room, Coatroom, and Dressing Room Attendants","Provide personal items to patrons or customers in locker rooms, dressing rooms, or coatrooms.",Active Listening|Speaking|Reading Comprehension|Monitoring|Writing|Critical Thinking|Active Learning|Mathematics|Learning Strategies|Science,3.38|3.38|2.75|2.5|2.38|2.38|1.88|1.62|1.5|1.0,Facebook|Microsoft Word|Inventory tracking software|IntelliTrack DMS Check In-Out|Microsoft Office software|Web browser software|IBM Lotus 1-2-3|Microsoft Excel|SportSoft Equipment Manager,Y|N|N|N|Y|Y|Y|N|N
39-3099.00,"Entertainment Attendants and Related Workers, All Other",All entertainment attendants and related workers not listed separately.,,,,
39-4011.00,Embalmers,Prepare bodies for interment in conformity with legal requirements.,Speaking|Active Listening|Writing|Critical Thinking|Reading Comprehension|Active Learning|Monitoring|Science|Learning Strategies|Mathematics,3.88|3.75|3.12|3.12|3.0|3.0|3.0|2.62|2.12|2.0,Microsoft Word|Corel WordPerfect Office Suite|Twin Tier Technologies MIMS|Custom Data Systems Sterling Management Software|Microsoft Office software|Belmar & Associates Mortware|HMIS Advantage|Web browser software|Microsoft Excel|FPA Software MACCS,N|N|N|N|N|Y|Y|Y|N|N
39-4012.00,Crematory Operators,"Operate crematory equipment to reduce human or animal remains to bone fragments in accordance with state and local regulations. Duties may include preparing the body for cremation and performing general maintenance on crematory equipment. May use traditional flame-based cremation, calcination, or alkaline hydrolysis.",,,Microsoft Word|Microsoft Office software|Belmar & Associates Mortware|HMIS Advantage|Microsoft Excel,N|N|Y|Y|Y
39-4021.00,Funeral Attendants,"Perform a variety of tasks during funeral, such as placing casket in parlor or chapel prior to service, arranging floral offerings or lights around casket, directing or escorting mourners, closing casket, and issuing and storing funeral equipment.",Active Listening|Speaking|Monitoring|Reading Comprehension|Critical Thinking|Writing|Active Learning|Learning Strategies|Mathematics|Science,3.12|3.0|3.0|2.75|2.62|2.25|2.0|2.0|1.75|1.25,Microsoft Word|Microsoft Office software|Microsoft Excel|iCIMS Talent Cloud software|Bookkeeping software,N|N|Y|Y|Y
39-4031.00,"Morticians, Undertakers, and Funeral Arrangers","Perform various tasks to arrange and direct individual funeral services, such as coordinating transportation of body to mortuary, interviewing family or other authorized person to arrange details, selecting pallbearers, aiding with the selection of officials for religious rites, and providing transportation for mourners.",Active Listening|Speaking|Reading Comprehension|Writing|Critical Thinking|Active Learning|Monitoring|Mathematics|Learning Strategies|Science,4.12|3.75|3.25|3.25|3.12|3.0|3.0|2.75|2.75|1.75,Microsoft Word|Microsoft Outlook|FuneralKiosk|Corel WordPerfect Office Suite|Microsoft PowerPoint|Twin Tier Technologies MIMS|Custom Data Systems Sterling Management Software|Microsoft Office software|Belmar & Associates Mortware|HMIS Advantage|Web browser software|Microsoft Excel|Salesforce software|Microsoft Access|iCIMS Talent Cloud software,N|N|N|N|N|N|N|Y|Y|Y|Y|Y|Y|Y|N
39-5011.00,Barbers,"Provide barbering services, such as cutting, trimming, shampooing, and styling hair; trimming beards; or giving shaves.",Active Listening|Speaking|Reading Comprehension|Monitoring|Critical Thinking|Active Learning|Writing|Learning Strategies|Mathematics|Science,3.25|3.12|2.75|2.75|2.62|2.62|2.25|2.25|1.88|1.12,Facebook|Microsoft Windows|Microsoft Word|Point of sale POS payment software|Linux|YouTube|Appointment scheduling software|Microsoft Office software|Microsoft Excel|Microsoft PowerPoint|Customer information databases,N|N|Y|Y|Y|Y|Y|Y|Y|N|N
39-5012.00,"Hairdressers, Hairstylists, and Cosmetologists","Provide beauty services, such as cutting, coloring, and styling hair, and massaging and treating scalp. May shampoo hair, apply makeup, dress wigs, remove hair, and provide nail and skincare services.",Active Listening|Speaking|Critical Thinking|Active Learning|Reading Comprehension|Monitoring|Writing|Learning Strategies|Mathematics|Science,3.88|3.75|3.38|3.25|3.0|3.0|2.88|2.88|2.38|1.62,Facebook|Microsoft Word|Intuit QuickBooks|YouTube|Appointment scheduling software|Microsoft Office software|Apple iOS|Microsoft Excel|Sale processing software|Customer information databases,Y|N|N|Y|Y|Y|Y|Y|N|N
39-5091.00,"Makeup Artists, Theatrical and Performance","Apply makeup to performers to reflect period, setting, and situation of their role.",Speaking|Reading Comprehension|Active Listening|Critical Thinking|Active Learning|Monitoring|Writing|Learning Strategies|Mathematics|Science,3.75|3.62|3.5|3.25|3.12|3.12|2.88|2.75|2.12|1.5,Microsoft Outlook|Microsoft Office software|SavingFace|Bookitlive|Facebook|Adobe Photoshop|Autodesk Mudbox|Blogging software|Pixologic Zbrush|DatInf DigiMakeup|Client databases|Clear Books|Twitter|Intuit QuickBooks|Appointment scheduling software,Y|N|N|N|N|N|N|N|N|N|Y|N|Y|Y|Y
39-5092.00,Manicurists and Pedicurists,Clean and shape customers' fingernails and toenails. May polish or decorate nails.,Active Listening|Speaking|Reading Comprehension|Active Learning|Monitoring|Critical Thinking|Writing|Learning Strategies|Mathematics|Science,3.0|3.0|2.75|2.75|2.62|2.5|2.12|2.12|1.88|1.0,Facebook|DaySmart Software Salon Iris|Aknaf ADVANTAGE Salon Software and Spa Software|Microsoft Office software|AppointmentQuest Online Appointment Scheduler|Microsoft Excel|Customer information databases|Appointment Search|DaySmart Software Appointment-Plus,N|N|N|N|N|N|Y|Y|Y
39-5093.00,Shampooers,Shampoo and rinse customers' hair.,Speaking|Active Listening|Monitoring|Reading Comprehension|Critical Thinking|Writing|Active Learning|Learning Strategies|Mathematics|Science,3.25|3.12|2.75|2.5|2.5|2.38|2.25|2.0|1.62|1.0,Facebook|Inventory tracking software|Appointment scheduling software|Web browser software|Email software,N|N|Y|N|N
39-5094.00,Skincare Specialists,Provide skincare treatments to face and body to enhance an individual's appearance. Includes electrologists and laser hair removal specialists.,Speaking|Active Listening|Monitoring|Reading Comprehension|Critical Thinking|Active Learning|Writing|Learning Strategies|Mathematics|Science,3.75|3.5|3.25|3.12|3.12|3.0|2.88|2.75|2.0|1.38,Microsoft Word|Microsoft Office software|Web browser software|Microsoft Excel|Microsoft PowerPoint|Spa management software,Y|Y|Y|Y|N|N
39-6011.00,Baggage Porters and Bellhops,Handle baggage for travelers at transportation terminals or for guests at hotels or similar establishments.,Active Listening|Speaking|Critical Thinking|Reading Comprehension|Monitoring|Writing|Active Learning|Learning Strategies|Mathematics|Science,3.62|3.62|3.0|2.88|2.88|2.75|2.25|2.25|2.0|1.0,Microsoft Word|Microsoft Outlook|Corel WordPerfect Office Suite|Microsoft Office software|Microsoft Excel,N|Y|Y|Y|Y
39-6012.00,Concierges,"Assist patrons at hotel, apartment, or office building with personal services. May take messages; arrange or give advice on transportation, business services, or entertainment; or monitor guest requests for housekeeping and maintenance.",Active Listening|Speaking|Reading Comprehension|Critical Thinking|Monitoring|Active Learning|Writing|Mathematics|Learning Strategies|Science,4.0|4.0|3.0|3.0|3.0|2.88|2.75|2.0|2.0|1.0,Mapping software|Microsoft Outlook|Microsoft Word|Microsoft Publisher|Work scheduling software|Microsoft Office software|Billing software|Web browser software|Microsoft Excel|Microsoft PowerPoint|Yardi software|Budgeting software|Delphi Technology,N|N|N|N|Y|Y|Y|Y|N|Y|N|N|Y
39-7011.00,Tour Guides and Escorts,"Escort individuals or groups on sightseeing tours or through places of interest, such as industrial establishments, public buildings, and art galleries.",Speaking|Active Listening|Reading Comprehension|Monitoring|Critical Thinking|Writing|Active Learning|Learning Strategies|Mathematics|Science,3.88|3.25|3.0|3.0|2.88|2.25|2.25|2.25|2.0|1.0,Microsoft Outlook|Microsoft Office software|Microsoft Access|IBS Software Services Tour Partner|Facebook|Global positioning system GPS software|Centaur Systems Centaur Travel Business Management System TBMS|Adobe Photoshop|Apple Safari|Microsoft Internet Explorer|TourTech Systems TourTools|RBS GoTour Online|Softrip Travel Software System|SmugMug Flickr|Pear Deck,Y|Y|N|N|Y|N|N|Y|Y|N|Y|Y|Y|Y|N
39-7012.00,Travel Guides,"Plan, organize, and conduct long-distance travel, tours, and expeditions for individuals and groups.",Speaking|Active Listening|Reading Comprehension|Writing|Critical Thinking|Active Learning|Monitoring|Learning Strategies|Mathematics|Science,4.0|3.88|3.25|3.12|3.12|3.12|3.0|2.75|2.5|1.0,Data visualization software|Facebook|Microsoft Outlook|Microsoft Word|Tableau|Microsoft PowerPoint|Global positioning system GPS software|Microsoft Office software|Structured query language SQL|Microsoft Excel|Web browser software|Microsoft Access|Financial accounting software|Travel Agent CMS|Customer information databases,N|N|Y|N|N|Y|Y|Y|Y|Y|Y|Y|Y|N|N
39-9011.00,Childcare Workers,"Attend to children at schools, businesses, private households, and childcare institutions. Perform a variety of tasks, such as dressing, feeding, bathing, and overseeing play.",Monitoring|Active Listening|Speaking|Critical Thinking|Reading Comprehension|Writing|Active Learning|Learning Strategies|Mathematics|Science,3.5|3.12|3.12|3.12|3.0|3.0|3.0|3.0|2.12|1.12,Microsoft Word|Seesaw|Nearpod|Microsoft Office software|Scheduling software|Tadpoles|Google Classroom|Web browser software|Schoology|Educational software,N|N|Y|Y|N|N|N|N|N|N
39-9011.01,Nannies,"Care for children in private households and provide support and expertise to parents in satisfying children's physical, emotional, intellectual, and social needs. Duties may include meal planning and preparation, laundry and clothing care, organization of play activities and outings, discipline, intellectual stimulation, language activities, and transportation.",Active Listening|Monitoring|Speaking|Critical Thinking|Learning Strategies|Reading Comprehension|Writing|Active Learning|Mathematics|Science,3.88|3.88|3.75|3.62|3.25|3.0|3.0|3.0|1.62|1.62,Microsoft Word|Scheduling software|Web browser software|Microsoft Excel|Educational software,N|Y|Y|N|N
39-9031.00,Exercise Trainers and Group Fitness Instructors,"Instruct or coach groups or individuals in exercise activities for the primary purpose of personal fitness. Demonstrate techniques and form, observe participants, and explain to them corrective measures necessary to improve their skills. Develop and implement individualized approaches to exercise.",Speaking|Active Listening|Learning Strategies|Reading Comprehension|Critical Thinking|Active Learning|Monitoring|Writing|Mathematics|Science,3.62|3.25|3.12|3.0|3.0|3.0|3.0|2.62|1.75|1.75,Sage Simply Accounting|Microsoft Outlook|BioEx Systems Nutrition Maker Plus|Online River Software Personal Trainer Pro|Microsoft Office software|ICTraining|BioEx Systems Fitness Maker|Sage 50 Accounting|Blink|BioEx Systems Exercise Expert|EZFacility Trainer Management System|Microsoft Word|Intuit QuickBooks|Appointment scheduling software|MYOB BusinessEssentials,N|N|N|N|N|N|N|N|N|N|Y|Y|Y|Y|Y
39-9032.00,Recreation Workers,"Conduct recreation activities with groups in public, private, or volunteer agencies or recreation facilities. Organize and promote activities, such as arts and crafts, sports, games, music, dramatics, social recreation, camping, and hobbies, taking into account the needs and interests of individual members.",Active Listening|Speaking|Monitoring|Critical Thinking|Reading Comprehension|Writing|Active Learning|Learning Strategies|Mathematics|Science,4.0|4.0|3.75|3.25|3.12|3.12|3.12|3.12|2.12|1.62,Microsoft Windows|Microsoft Outlook|Microsoft Word|YouTube|Corel WordPerfect Office Suite|Microsoft PowerPoint|Microsoft Publisher|Recordkeeping software|Microsoft Office software|Scheduling software|GroupMe|Microsoft Excel|Database software|Appletree|Microsoft Internet Explorer,N|N|N|N|Y|N|Y|Y|Y|N|Y|Y|N|N|N
39-9041.00,Residential Advisors,"Coordinate activities in resident facilities in secondary school and college dormitories, group homes, or similar establishments. Order supplies and determine need for maintenance, repairs, and furnishings. May maintain household records and assign rooms. May assist residents with problem solving or refer them to counseling resources.",Active Listening|Speaking|Monitoring|Critical Thinking|Reading Comprehension|Writing|Active Learning|Learning Strategies|Mathematics|Science,3.88|3.75|3.75|3.62|3.12|3.0|3.0|2.75|2.0|1.38,Microsoft Word|Microsoft Outlook|Microsoft Office software|Email software|Microsoft Excel|Survey software|Microsoft PowerPoint|Web browser software|Google Docs|Budgeting software|Website development software,N|N|Y|Y|Y|Y|Y|Y|N|N|N
39-9099.00,"Personal Care and Service Workers, All Other",All personal care and service workers not listed separately.,,,,
41-1011.00,First-Line Supervisors of Retail Sales Workers,"Directly supervise and coordinate activities of retail sales workers in an establishment or department. Duties may include management functions, such as purchasing, budgeting, accounting, and personnel work, in addition to supervisory duties.",Active Listening|Speaking|Critical Thinking|Monitoring|Reading Comprehension|Writing|Active Learning|Learning Strategies|Mathematics|Science,3.88|3.75|3.5|3.5|3.0|3.0|3.0|3.0|2.75|1.0,Bibase 4POS Retail|Infocorp Computer Solutions $mart System|IBM SPSS Statistics|Microsoft Edge|Autodesk Revit|Oracle E-Business Suite Financials|MicroBiz|Facebook|IBM Notes|EZ Software Solutions|ASI Point of Sale|Google Meet|SAS|SAP software|Apple Safari,Y|Y|Y|Y|N|N|Y|N|N|Y|N|N|N|N|N
41-1012.00,First-Line Supervisors of Non-Retail Sales Workers,"Directly supervise and coordinate activities of sales workers other than retail sales workers. May perform duties such as budgeting, accounting, and personnel work, in addition to supervisory duties.",Active Listening|Speaking|Monitoring|Reading Comprehension|Writing|Critical Thinking|Active Learning|Learning Strategies|Mathematics|Science,4.0|4.0|4.0|3.62|3.62|3.62|3.5|3.25|3.0|1.0,Microsoft Outlook|Microsoft Office software|Graphics creation software|Salesforce.com Salesforce CRM|Microsoft Access|Microsoft Project|Customer information databases|Delphi Discovery|Electronic data interchange EDI software|SugarCRM Sugar UX|Cisco Webex|Oracle Eloqua|SAP software|NetSuite ERP|Salesforce software,N|Y|N|N|N|N|N|N|N|N|Y|N|Y|Y|Y
41-2011.00,Cashiers,"Receive and disburse money in establishments other than financial institutions. May use electronic scanners, cash registers, or related equipment. May process credit or debit card transactions and validate checks.",Active Listening|Speaking|Reading Comprehension|Critical Thinking|Mathematics|Monitoring|Writing|Active Learning|Learning Strategies|Science,3.0|3.0|2.75|2.75|2.62|2.62|2.12|2.0|2.0|1.25,Microsoft Windows|Mozilla Firefox|AFEXDirect|Microsoft Office software|Microsoft Edge|Database software|Microsoft Excel|Electronic medical record EMR software|Handheld computer device software|Bookkeeping software|Apple Safari|ReliaSoft Prism,N|Y|N|N|N|N|Y|Y|Y|Y|Y|N
41-2012.00,Gambling Change Persons and Booth Cashiers,"Exchange coins, tokens, and chips for patrons' money. May issue payoffs and obtain customer's signature on receipt. May operate a booth in the slot machine area and furnish change persons with money bank at the start of the shift, or count and audit money in drawers.",Reading Comprehension|Active Listening|Speaking|Mathematics|Critical Thinking|Monitoring|Writing|Active Learning|Learning Strategies|Science,3.12|3.0|3.0|2.88|2.88|2.88|2.75|2.0|2.0|1.0,Microsoft Word|Microsoft Excel,Y|Y
41-2021.00,Counter and Rental Clerks,"Receive orders, generally in person, for repairs, rentals, and services. May describe available options, compute cost, and accept payment.",Active Listening|Speaking|Reading Comprehension|Critical Thinking|Writing|Monitoring|Active Learning|Mathematics|Learning Strategies|Science,3.75|3.38|3.25|3.12|3.0|3.0|2.75|2.25|2.12|1.0,Microsoft Word|Microsoft Outlook|Microsoft Office software|Oracle Database|Microsoft Excel|Database software|Microsoft PowerPoint|Inventory management systems,N|N|Y|Y|Y|Y|Y|Y
41-2022.00,Parts Salespersons,Sell spare and replacement parts and equipment in repair shop or parts store.,Active Listening|Speaking|Reading Comprehension|Critical Thinking|Monitoring|Writing|Active Learning|Mathematics|Learning Strategies|Science,4.0|4.0|3.62|3.25|3.12|3.0|2.88|2.75|2.38|1.0,Microsoft Word|Microsoft Outlook|Inventory tracking software|Inventory control system software|SAP software|Microsoft Office software|SmugMug Flickr|Adobe Acrobat|Web browser software|Microsoft Excel|Microsoft PowerPoint|Inventory management systems|Customer information databases,Y|N|N|N|N|Y|Y|Y|Y|Y|Y|N|N
41-2031.00,Retail Salespersons,"Sell merchandise, such as furniture, motor vehicles, appliances, or apparel to consumers.",Active Listening|Speaking|Critical Thinking|Reading Comprehension|Writing|Active Learning|Monitoring|Mathematics|Learning Strategies|Science,3.75|3.75|3.12|3.0|3.0|3.0|3.0|2.62|2.62|1.0,Bibase 4POS Retail|Infocorp Computer Solutions $mart System|CyberMatrix|Microsoft Edge|Apple macOS|MicroBiz|Facebook|IBM Notes|EZ Software Solutions|ASI Point of Sale|Google Meet|SAP software|Apple Safari|SmugMug Flickr|TokenWorks Magnetic Card Reader,Y|Y|Y|Y|Y|N|N|Y|Y|N|N|Y|N|N|N
41-3011.00,Advertising Sales Agents,"Sell or solicit advertising space, time, or media in publications, signage, TV, radio, or Internet establishments or public spaces.",Speaking|Active Listening|Reading Comprehension|Writing|Critical Thinking|Monitoring|Active Learning|Mathematics|Learning Strategies|Science,4.12|4.0|3.62|3.25|3.25|3.12|3.0|2.88|2.75|1.0,Google Analytics|Microsoft Outlook|Microsoft Office software|Microsoft Access|Facebook|Adobe InDesign|Microsoft Publisher|Adobe Photoshop|Google Ads|Salesforce software|QuarkXPress|Canva|Adobe Illustrator|Adobe Creative Cloud software|Microsoft Word,Y|Y|Y|Y|Y|N|N|Y|N|N|Y|Y|N|Y|Y
41-3021.00,Insurance Sales Agents,"Sell life, property, casualty, health, automotive, or other types of insurance. May refer clients to independent brokers, work as an independent broker, or be employed by an insurance company.",Reading Comprehension|Active Listening|Speaking|Critical Thinking|Writing|Mathematics|Active Learning|Monitoring|Learning Strategies|Science,4.0|3.88|3.88|3.75|3.62|3.0|3.0|2.88|2.75|1.12,Medical procedure coding software|LinkedIn|Cygnus Software IncomeMax|Microsoft Outlook|Adobe After Effects|CoVirt VirtGate|DORIS FILESERVERonline|Underwriting software|Microsoft Office software|Scheduling software|Insurance Technologies ForeSight Enterprise|Vulcan Solutions Vulcan Insurance|Insurance rating software|Insurance Technology Consultants WOW|Allied Financial Software Act4Advisors,Y|N|N|N|N|N|N|N|N|N|N|N|N|N|N
41-3031.00,"Securities, Commodities, and Financial Services Sales Agents","Buy and sell securities or commodities in investment and trading firms, or provide financial services to businesses and individuals. May advise customers about stocks, bonds, mutual funds, commodities, and market conditions.",Active Listening|Critical Thinking|Monitoring|Reading Comprehension|Speaking|Active Learning|Writing|Mathematics|Learning Strategies|Science,3.75|3.75|3.62|3.5|3.5|3.5|3.38|3.12|2.62|1.25,LinkedIn|Microsoft Outlook|Graphics software|Python|Microsoft Dynamics|Oracle Siebel CRM|Microsoft Office software|CableSoft LiveWire Trader|Scheduling software|Triple Point Commodity XL|Microsoft Access|Fixed income alternative trading systems ATS|Oracle E-Business Suite Financials|Telvent DTN ProphetX|Oracle PeopleSoft,N|N|N|N|N|N|Y|N|N|N|N|N|N|N|N
41-3041.00,Travel Agents,"Plan and sell transportation and accommodations for customers. Determine destination, modes of transportation, travel dates, costs, and accommodations required. May also describe, plan, and arrange itineraries and sell tour packages. May assist in resolving clients' travel problems.",Active Listening|Reading Comprehension|Speaking|Writing|Critical Thinking|Active Learning|Monitoring|Mathematics|Learning Strategies|Science,4.12|4.0|4.0|3.12|3.12|3.12|3.0|2.88|2.5|1.25,Microsoft Outlook|Rezgo online booking software|Rezdy booking software|TourCMS|DataSwell|Microsoft Office software|Microsoft Access|SAP Concur|Globekey Agentkey|Travel Agent CMS|Galor Travel Booster|Colibripms Software Colibri|Travii reservation system software|Sabre Central Command|IMS Travel Agent Reservation Software System,N|N|N|N|N|N|N|N|N|Y|N|Y|Y|Y|Y
41-3091.00,"Sales Representatives of Services, Except Advertising, Insurance, Financial Services, and Travel",Sell services to individuals or businesses. May describe options or resolve client problems.,Active Listening|Speaking|Reading Comprehension|Writing|Critical Thinking|Active Learning|Monitoring|Mathematics|Learning Strategies|Science,3.88|3.88|3.62|3.38|3.38|3.38|3.12|2.62|2.38|1.0,Microsoft Word|Microsoft Outlook|HubSpot software|Enterprise application integration EAI software|Microsoft Dynamics|IBM SPSS Statistics|Microsoft Office software|JamBoard|Microsoft Excel|Microsoft Project|Microsoft PowerPoint|Salesforce software|Apple macOS,Y|N|Y|Y|N|N|Y|Y|Y|Y|Y|Y|Y
41-4011.00,"Sales Representatives, Wholesale and Manufacturing, Technical and Scientific Products","Sell goods for wholesalers or manufacturers where technical or scientific knowledge is required in such areas as biology, engineering, chemistry, and electronics, normally obtained from at least 2 years of postsecondary education.",Speaking|Active Listening|Reading Comprehension|Active Learning|Writing|Critical Thinking|Monitoring|Mathematics|Learning Strategies|Science,4.25|4.12|3.75|3.5|3.38|3.38|3.12|2.88|2.75|1.5,LexisNexis|LinkedIn|Google Analytics|Microsoft Outlook|Enterprise application integration EAI software|IBM SPSS Statistics|Act!|Microsoft Office software|Scheduling software|IBM InfoSphere DataStage|InsideSales.com|Apache Hadoop|Microsoft Access|Citrix cloud computing software|Khameleon,N|N|N|Y|N|Y|N|N|N|N|N|Y|Y|N|Y
41-4011.07,Solar Sales Representatives and Assessors,"Contact new or existing customers to determine their solar equipment needs, suggest systems or equipment, or estimate costs.",Speaking|Reading Comprehension|Active Listening|Critical Thinking|Writing|Active Learning|Monitoring|Mathematics|Learning Strategies|Science,4.0|3.62|3.5|3.5|3.12|3.12|3.0|2.75|2.75|1.38,Zoom|Microsoft Word|Microsoft Outlook|Google Meet|Autodesk AutoCAD|Microsoft Office software|Adobe Acrobat|Salesforce.com Salesforce CRM|Microsoft Excel|Microsoft Project|Microsoft PowerPoint|Salesforce software|Microsoft Dynamics|Web browser software|Google Workspace software,Y|Y|N|Y|N|Y|Y|Y|Y|Y|Y|Y|N|N|Y
41-4012.00,"Sales Representatives, Wholesale and Manufacturing, Except Technical and Scientific Products",Sell goods for wholesalers or manufacturers to businesses or groups of individuals. Work requires substantial knowledge of items sold.,Active Listening|Speaking|Critical Thinking|Reading Comprehension|Writing|Active Learning|Monitoring|Mathematics|Learning Strategies|Science,4.0|4.0|3.5|3.38|3.25|3.12|3.12|2.25|2.25|1.0,Tigerpaw|Ardexus Mode|IBM SPSS Statistics|Medical condition coding software|Apple Keynote|Apple macOS|Citrix cloud computing software|NortonLifeLock cybersecurity software|Oracle E-Business Suite Financials|Facebook|IBM Notes|Microsoft OneNote|Google Meet|SAS|SAP software,N|N|Y|Y|N|Y|Y|Y|N|N|N|N|Y|N|N
41-9011.00,Demonstrators and Product Promoters,Demonstrate merchandise and answer questions for the purpose of creating public interest in buying the product. May sell demonstrated merchandise.,Active Listening|Speaking|Reading Comprehension|Writing|Critical Thinking|Monitoring|Active Learning|Learning Strategies|Mathematics|Science,3.88|3.88|3.25|3.0|3.0|3.0|2.88|2.75|2.12|1.0,Microsoft Windows|Microsoft Outlook|Microsoft Word|Social media sites|Microsoft Office software|Hypertext markup language HTML|Eko|Email software|Microsoft Excel|Web browser software|Microsoft PowerPoint|Zoom,N|N|Y|Y|Y|Y|Y|Y|Y|N|N|Y
41-9012.00,Models,"Model garments or other apparel and accessories for prospective buyers at fashion shows, private showings, or retail establishments. May pose for photos to be used in magazines or advertisements. May pose as subject for paintings, sculptures, and other types of artistic expression.",Active Listening|Speaking|Critical Thinking|Reading Comprehension|Writing|Active Learning|Monitoring|Mathematics|Learning Strategies|Science,2.75|2.75|2.62|2.5|2.0|1.88|1.88|1.25|1.12|1.0,Tumblr|Facebook|LinkedIn|Microsoft Word|Microsoft PowerPoint|Microsoft Office software|Apple iOS|Web browser software|Microsoft Excel|Instagram|Apple Safari|YouTube|Twitter,Y|Y|Y|N|N|Y|Y|Y|Y|N|N|N|N
41-9021.00,Real Estate Brokers,"Operate real estate office, or work for commercial real estate firm, overseeing real estate transactions. Other duties usually include selling real estate or renting properties and arranging loans.",Reading Comprehension|Active Listening|Speaking|Active Learning|Critical Thinking|Writing|Mathematics|Monitoring|Learning Strategies|Science,4.0|4.0|4.0|4.0|3.88|3.38|3.0|3.0|2.12|1.0,Microsoft Outlook|Lease Cost Solutions LseMod|Microsoft Office software|Microsoft Access|AMTdirect|Enterprise Software Systems CRE Sync|Facebook|Domin-8 Enterprise Solutions Tenant Pro|Visual Lease|Adobe Photoshop|Property records databases|Propertyware|Salesforce software|RealData REIA|Microsoft Internet Explorer,Y|N|N|N|N|N|Y|N|N|Y|N|N|Y|Y|Y
41-9022.00,Real Estate Sales Agents,"Rent, buy, or sell property for clients. Perform duties such as study property listings, interview prospective clients, accompany clients to property site, discuss conditions of sale, and draw up real estate contracts. Includes agents who represent buyer.",Active Listening|Speaking|Critical Thinking|Reading Comprehension|Writing|Active Learning|Mathematics|Monitoring|Learning Strategies|Science,4.0|4.0|3.62|3.38|3.25|3.25|3.0|3.0|2.5|1.0,Loan application processing software|RPIS Silent Flyer|Greenbrier Graphics Deed Plotter|DeLorme Topo USA|Digital contract software|Internet based MLS database software|FloodMaps|RealData Comparative Lease Analysis|Facebook|OWL Bookkeeping for Realtors|Document creation software|Agent Business Builder|Commercial and industrial development project cost analysis software|Web-administered databases|Showing Suite Showing Calendar,Y|N|N|Y|N|N|N|N|N|N|N|N|N|N|N
41-9031.00,Sales Engineers,"Sell business goods or services, the selling of which requires a technical background equivalent to a baccalaureate degree in engineering.",Speaking|Reading Comprehension|Active Listening|Critical Thinking|Writing|Active Learning|Mathematics|Learning Strategies|Monitoring|Science,4.12|4.0|4.0|4.0|3.75|3.75|3.0|3.0|2.88|2.12,Citrix cloud computing software|NortonLifeLock cybersecurity software|SAP software|Sales analysis software|Cisco Systems VPN Client|UNIX|Kubernetes|Amazon Web Services AWS software|McAfee|MicroStrategy Desktop|Linux|Hewlett Packard HP-UX|MicroStrategy|Structured query language SQL|Microsoft Azure software,N|Y|Y|Y|Y|N|N|N|Y|Y|Y|Y|Y|Y|N
41-9041.00,Telemarketers,Solicit donations or orders for goods or services over the telephone.,Speaking|Active Listening|Reading Comprehension|Critical Thinking|Writing|Monitoring|Active Learning|Learning Strategies|Mathematics|Science,4.12|4.0|3.25|3.0|2.5|2.25|2.0|1.5|1.38|1.0,Microsoft Word|Microsoft Outlook|Softphone software|Acarda Sales Technologies Acarda Outbound|Automatic call distribution software|Microsoft Office software|Remote access call center software|Database Systems Corp Telemation|Microsoft Excel|Salesforce software|Microsoft PowerPoint|Microsoft Dynamics|Zoom,N|N|N|N|Y|Y|Y|Y|Y|N|Y|N|Y
41-9091.00,"Door-to-Door Sales Workers, News and Street Vendors, and Related Workers",Sell goods or services door-to-door or on the street.,Speaking|Active Listening|Reading Comprehension|Writing|Critical Thinking|Monitoring|Active Learning|Learning Strategies|Mathematics|Science,4.0|3.38|3.0|2.88|2.88|2.75|2.62|2.25|1.88|1.0,Facebook|Microsoft Office software|Route mapping software|Web browser software|Microsoft Excel,Y|Y|Y|N|N
41-9099.00,"Sales and Related Workers, All Other",All sales and related workers not listed separately.,,,,
43-1011.00,First-Line Supervisors of Office and Administrative Support Workers,Directly supervise and coordinate the activities of clerical and administrative support workers.,Reading Comprehension|Active Listening|Speaking|Monitoring|Critical Thinking|Writing|Active Learning|Learning Strategies|Mathematics|Science,4.0|4.0|4.0|4.0|3.88|3.75|3.75|3.62|2.75|1.0,IBM SPSS Statistics|Medical condition coding software|Apple macOS|Citrix cloud computing software|NortonLifeLock cybersecurity software|Oracle E-Business Suite Financials|Facebook|IBM Notes|SAP software|Healthcare common procedure coding system HCPCS|Blackbaud The Raiser's Edge|MicroStrategy|SmugMug Flickr|Intuit QuickBooks|Social media sites,Y|N|Y|N|N|N|N|N|N|N|N|N|N|N|Y
43-2011.00,"Switchboard Operators, Including Answering Service","Operate telephone business systems equipment or switchboards to relay incoming, outgoing, and interoffice calls. May supply information to callers and record messages.",Active Listening|Speaking|Reading Comprehension|Monitoring|Writing|Critical Thinking|Active Learning|Learning Strategies|Mathematics|Science,4.0|3.88|3.0|2.88|2.75|2.75|2.5|2.0|1.88|1.0,IBM Notes|Microsoft Outlook|Microsoft Windows|Microsoft Word|Microsoft PowerPoint|M-Tech Hotel Service Optimization System HotSOS|SAP software|Microsoft Office software|Microsoft Excel|Microsoft Access,N|N|Y|Y|Y|Y|Y|Y|Y|Y
43-2021.00,Telephone Operators,"Provide information by accessing alphabetical, geographical, or other directories. Assist customers with special billing requests, such as charges to a third party and credits or refunds for incorrectly dialed numbers or bad connections. May handle emergency calls and assist children or people with physical disabilities to make telephone calls.",Active Listening|Speaking|Reading Comprehension|Critical Thinking|Monitoring|Writing|Active Learning|Learning Strategies|Mathematics|Science,4.0|4.0|3.0|3.0|2.75|2.25|2.25|2.0|1.88|1.0,Microsoft Windows|Microsoft Outlook|Microsoft Word|Video conference software|Microsoft Office software|Computer aided dispatch software|Microsoft Excel|Microsoft PowerPoint|Handheld computer device software,N|N|Y|Y|Y|Y|Y|Y|N
43-2099.00,"Communications Equipment Operators, All Other",All communications equipment operators not listed separately.,,,,
43-3011.00,Bill and Account Collectors,"Locate and notify customers of delinquent accounts by mail, telephone, or personal visit to solicit payment. Duties include receiving payment and posting amount to customer's account, preparing statements to credit department if customer fails to respond, initiating repossession proceedings or service disconnection, and keeping records of collection and status of accounts.",Active Listening|Speaking|Writing|Reading Comprehension|Critical Thinking|Monitoring|Active Learning|Mathematics|Learning Strategies|Science,3.88|3.88|3.25|3.12|3.12|3.0|2.88|2.62|2.12|1.0,LexisNexis|Medical procedure coding software|Microsoft Outlook|Adtec Agency Manager|Collection Data Systems CollectOne-Tiger|Columbia Ultimate Archive|Debt account management and collection software|Microsoft Office software|Medical condition coding software|Ontario Systems FACS|HMS|SAP software|CU Connect processing software|Quantrax Intelec|Healthcare common procedure coding system HCPCS,N|N|N|N|N|N|N|N|N|N|N|N|N|N|N
43-3021.00,Billing and Posting Clerks,"Compile, compute, and record billing, accounting, statistical, and other numerical data for billing purposes. Prepare billing invoices for services rendered or for delivery or shipment of goods.",Reading Comprehension|Speaking|Active Listening|Writing|Mathematics|Critical Thinking|Monitoring|Active Learning|Learning Strategies|Science,3.75|3.12|3.0|3.0|3.0|3.0|3.0|2.62|2.12|1.0,Medical procedure coding software|Microsoft Outlook|eMDs Medisoft|Sage Medical Manager|Check processing software|Microsoft Office software|Medical condition coding software|QuoteWerks|IPS of Boston DoubleCheck|Allscripts Professional PM|Aderant legal software|Database software|CAI Software Seasoft|Microsoft Access|Microsoft Project,N|N|N|N|N|N|N|N|N|N|Y|N|N|N|N
43-3031.00,"Bookkeeping, Accounting, and Auditing Clerks","Compute, classify, and record numerical data to keep financial records complete. Perform any combination of routine calculating, posting, and verifying duties to obtain primary financial data for use in maintaining accounting records. May also check the accuracy of figures, calculations, and postings pertaining to business transactions recorded by other workers.",Mathematics|Reading Comprehension|Active Listening|Critical Thinking|Writing|Speaking|Monitoring|Active Learning|Learning Strategies|Science,3.38|3.25|3.25|3.25|3.12|3.12|3.0|2.75|2.0|1.12,General ledger software|Medical condition coding software|SAP Concur|Accounts payable software|Corporate Responsibility System Technologies Limited CRSTL Compliance Positioning System|Oracle E-Business Suite Financials|IBM Notes|SAP software|Epic Systems|Healthcare common procedure coding system HCPCS|Accounts receivable software|Tumbleweed SecureTransport|Fifth Walk BillingTracker|Blackbaud The Raiser's Edge|AuditWare financial reporting and auditing software,N|N|N|N|N|N|N|N|Y|N|N|N|N|N|N
43-3041.00,Gambling Cage Workers,"In a gambling establishment, conduct financial transactions for patrons. Accept patron's credit application and verify credit references to provide check-cashing authorization or to establish house credit accounts. May reconcile daily summaries of transactions to balance books. May sell gambling chips, tokens, or tickets to patrons, or to other workers for resale to patrons. May convert gambling chips, tokens, or tickets to currency upon patron's request. May use a cash register or computer to record transaction.",Speaking|Active Listening|Mathematics|Reading Comprehension|Writing|Critical Thinking|Monitoring|Active Learning|Learning Strategies|Science,3.5|3.25|3.25|3.0|3.0|3.0|3.0|2.38|2.38|1.0,Microsoft Word|Microsoft Outlook|Corel WordPerfect Office Suite|Microsoft Office software|Microsoft Excel|Microsoft PowerPoint,N|Y|Y|Y|Y|Y
43-3051.00,Payroll and Timekeeping Clerks,"Compile and record employee time and payroll data. May compute employees' time worked, production, and commission. May compute and post wages and deductions, or prepare paychecks.",Reading Comprehension|Active Listening|Mathematics|Writing|Speaking|Critical Thinking|Monitoring|Active Learning|Learning Strategies|Science,3.88|3.75|3.25|3.12|3.12|3.12|3.0|2.75|2.25|1.0,Microsoft Outlook|TimePlus Payroll|isolved Time|API Navigator|Microsoft Office software|Penta software|Human Resource MicroSystems HR Entre|Workday software|Human resource management software HRMS|Paychex payroll software|Microsoft Access|BSI ComplianceFactory|ADP PC/Payroll|EBS On Line InstaPay|Oracle E-Business Suite Financials,N|N|N|N|N|N|N|N|N|N|N|N|N|N|N
43-3061.00,Procurement Clerks,Compile information and records to draw up purchase orders for procurement of materials and services.,Reading Comprehension|Speaking|Active Listening|Critical Thinking|Writing|Monitoring|Active Learning|Mathematics|Learning Strategies|Science,4.0|4.0|3.88|3.75|3.62|3.62|3.25|3.0|2.38|1.0,Microsoft Outlook|Microsoft Office software|Microsoft Access|SAP Business Objects|Oracle PeopleSoft|Electronic data interchange EDI software|Inventory tracking software|IBM Maximo Asset Management|SAP software|Microsoft Windows|Oracle JD Edwards EnterpriseOne|Microsoft SharePoint|Autotask|Oracle Database|Radiant Systems CounterPoint,N|N|N|Y|N|Y|Y|Y|Y|Y|Y|Y|Y|Y|N
43-3071.00,Tellers,Receive and pay out money. Keep records of money and negotiable instruments involved in a financial institution's various transactions.,Active Listening|Speaking|Reading Comprehension|Critical Thinking|Monitoring|Writing|Mathematics|Active Learning|Learning Strategies|Science,3.5|3.25|3.12|3.12|3.12|3.0|3.0|2.88|2.25|1.0,IBM Notes|Microsoft Outlook|Microsoft Windows|Microsoft Word|Information Technology Incorporated Premier Teller|Microsoft Exchange|Hyland Software OnBase|Total Turnkey Solutions E-Vision|Jack Henry & Associates Vertex|Microsoft Office software|Southern Data Systems TellerPro|Email software|Microsoft Excel|Microsoft PowerPoint|Microsoft Dynamics,N|N|N|N|N|N|Y|N|Y|Y|Y|Y|Y|N|N
43-3099.00,"Financial Clerks, All Other",All financial clerks not listed separately.,,,,
43-4011.00,Brokerage Clerks,"Perform duties related to the purchase, sale, or holding of securities. Duties include writing orders for stock purchases or sales, computing transfer taxes, verifying stock transactions, accepting and delivering securities, tracking stock price fluctuations, computing equity, distributing dividends, and keeping records of daily transactions and holdings.",Active Listening|Speaking|Reading Comprehension|Critical Thinking|Writing|Monitoring|Mathematics|Active Learning|Learning Strategies|Science,3.88|3.88|3.75|3.38|3.12|3.12|3.0|3.0|2.62|1.0,Microsoft Outlook|Microsoft Office software|Scheduling software|Microsoft Access|Oracle PeopleSoft|Account management software|Adobe InDesign|Adobe Photoshop|Salesforce software|Adobe Dreamweaver|Microsoft SharePoint|WiredRed Software e/pop Basic|Microsoft Visual FoxPro|Structured query language SQL|Adobe Illustrator,N|Y|Y|N|Y|Y|Y|N|N|Y|N|Y|Y|Y|Y
43-4021.00,Correspondence Clerks,"Compose letters or electronic correspondence in reply to requests for merchandise, damage claims, credit and other information, delinquent accounts, incorrect billings, or unsatisfactory services. Duties may include gathering data to formulate reply and preparing correspondence.",Writing|Reading Comprehension|Active Listening|Speaking|Critical Thinking|Monitoring|Mathematics|Active Learning|Learning Strategies|Science,4.0|3.75|3.75|3.5|3.38|2.88|2.75|2.75|2.62|1.25,Microsoft Windows|Microsoft Outlook|Electronic data interchange EDI software|Electronic health record EHR software|GE Healthcare Centricity EMR|Microsoft SharePoint|Microsoft PowerPoint|Microsoft Word|Imaging software|SAP software|Microsoft Office software|Epic Systems|Healthcare common procedure coding system HCPCS|Microsoft Excel|Microsoft Access,N|N|Y|N|N|N|Y|Y|Y|Y|Y|Y|Y|Y|Y
43-4031.00,"Court, Municipal, and License Clerks","Perform clerical duties for courts of law, municipalities, or governmental licensing agencies and bureaus. May prepare docket of cases to be called; secure information for judges and court; prepare draft agendas or bylaws for town or city council; answer official correspondence; keep fiscal records and accounts; issue licenses or permits; and record data, administer tests, or collect fees.",Active Listening|Speaking|Reading Comprehension|Writing|Critical Thinking|Monitoring|Active Learning|Learning Strategies|Mathematics|Science,3.88|3.75|3.25|3.12|3.12|3.0|2.75|2.38|2.12|1.0,LexisNexis|Microsoft Outlook|Corel WordPerfect Office Suite|Microsoft Office software|Abilis CORIS Offender Management System|Microsoft Access|Syscon Court Clerk|IBM Notes|IBM Judicial Enforcement Management System JEMS|Microsoft Word|Work scheduling software|Thomson Reuters Westlaw|Adobe Acrobat|Email software|Microsoft Excel,N|Y|N|N|N|N|N|N|Y|Y|Y|Y|Y|Y|N
43-4041.00,"Credit Authorizers, Checkers, and Clerks","Authorize credit charges against customers' accounts. Investigate history and credit standing of individuals or business establishments applying for credit. May interview applicants to obtain personal and financial data, determine credit worthiness, process applications, and notify customers of acceptance or rejection of credit.",Reading Comprehension|Active Listening|Speaking|Critical Thinking|Writing|Monitoring|Active Learning|Mathematics|Learning Strategies|Science,3.62|3.62|3.62|3.25|3.12|3.0|2.62|2.5|2.5|1.12,Microsoft Word|Microsoft Outlook|Spreadsheet programs|Equifax software|Experian software|Microsoft PowerPoint|Microsoft SharePoint|Tableau|SAP software|Microsoft Office software|Email software|Microsoft Excel|Structured query language SQL|Microsoft Access|Financial accounting software,N|N|N|N|Y|Y|N|Y|Y|Y|Y|Y|Y|N|Y
43-4051.00,Customer Service Representatives,"Interact with customers to provide basic or scripted information in response to routine inquiries about products and services. May handle and resolve general complaints. Excludes individuals whose duties are primarily installation, sales, repair, and technical support.",Active Listening|Speaking|Reading Comprehension|Critical Thinking|Writing|Monitoring|Active Learning|Learning Strategies|Mathematics|Science,4.0|3.88|3.38|3.25|3.0|3.0|2.88|2.62|2.25|1.0,"Unified messaging software|Medical condition coding software|Apple Keynote|Apple macOS|Citrix cloud computing software|eStara Softphone|NortonLifeLock cybersecurity software|Oracle E-Business Suite Financials|Facebook|IBM Notes|Microsoft OneNote|Google Meet|Open Text Fax Server, RightFax Edition|SAP software|Healthcare common procedure coding system HCPCS",N|Y|Y|Y|Y|N|N|N|Y|N|N|N|N|N|N
43-4061.00,"Eligibility Interviewers, Government Programs","Determine eligibility of persons applying to receive assistance from government programs and agency resources, such as welfare, unemployment benefits, social security, and public housing.",Speaking|Active Listening|Reading Comprehension|Writing|Critical Thinking|Active Learning|Monitoring|Learning Strategies|Mathematics|Science,4.25|4.0|3.88|3.75|3.5|3.12|3.12|2.5|2.25|1.25,Microsoft Word|Microsoft Outlook|GE Healthcare Centricity EMR|Resource and patient management system RPMS scheduling software|Google Meet|Microsoft PowerPoint|Client assessment software|Medicaid management information system MMIS|Corel WinZip|Microsoft Office software|Email software|Microsoft Excel|Web browser software|Microsoft Access|Microsoft Dynamics,N|N|N|N|N|N|N|Y|N|Y|Y|Y|Y|Y|N
43-4071.00,File Clerks,"File correspondence, cards, invoices, receipts, and other records in alphabetical or numerical order or according to the filing system used. Locate and remove material from file when requested.",Reading Comprehension|Active Listening|Speaking|Writing|Monitoring|Critical Thinking|Active Learning|Learning Strategies|Mathematics|Science,3.88|3.38|3.25|3.12|3.12|3.0|2.88|2.25|2.12|1.0,Microsoft Windows|Microsoft Outlook|Microsoft Word|Intuit QuickBooks|Electronic health record EHR software|Microsoft SharePoint|Electronic filing software|Microsoft PowerPoint|Optical scanning software|Microsoft Office software|Adobe Acrobat|Email software|Microsoft Excel|Microsoft Access,Y|N|N|N|Y|Y|Y|Y|Y|Y|Y|Y|Y|N
43-4081.00,"Hotel, Motel, and Resort Desk Clerks","Accommodate hotel, motel, and resort patrons by registering and assigning rooms to guests, issuing room keys or cards, transmitting and receiving messages, keeping records of occupied rooms and guests' accounts, making and confirming reservations, and presenting statements to and collecting payments from departing guests.",Speaking|Active Listening|Reading Comprehension|Monitoring|Writing|Critical Thinking|Active Learning|Mathematics|Learning Strategies|Science,3.75|3.38|3.0|3.0|2.88|2.88|2.75|2.62|2.62|1.0,Facebook|Microsoft Outlook|Microsoft Word|Microsoft Publisher|InnQuest roomMaster|Resort Data Processing|Ramesys Hospitality|Microsoft Office software|ASI FrontDesk|Microsoft Excel|Incident tracking software|Microsoft PowerPoint|Yardi software|Property management system PMS software|Delphi Technology,N|N|N|Y|N|N|Y|Y|Y|Y|N|Y|N|N|N
43-4111.00,"Interviewers, Except Eligibility and Loan","Interview persons by telephone, mail, in person, or by other means for the purpose of completing forms, applications, or questionnaires. Ask specific questions, record answers, and assist persons with completing form. May sort, classify, and file forms.",Active Listening|Speaking|Reading Comprehension|Writing|Critical Thinking|Monitoring|Active Learning|Learning Strategies|Mathematics|Science,4.0|3.88|3.5|3.25|3.25|3.0|2.88|2.88|2.25|1.0,Medical procedure coding software|Microsoft Outlook|Electronic health record EHR software|Microsoft Office software|Medical condition coding software|Student information systems SIS software|Nebu Dub InterViewer|SAP Business Objects|Microsoft Teams|Oracle PeopleSoft|Jenzabar EX|Creative Research Systems The Survey System|FluidSurveys|Statistical software|SaaS SurveyMonkey,N|N|N|N|N|N|N|Y|N|Y|Y|Y|Y|Y|Y
43-4121.00,"Library Assistants, Clerical","Compile records, and sort, shelve, issue, and receive library materials such as books, electronic media, pictures, cards, slides and microfilm. Locate library materials for loan and replace material in shelving area, stacks, or files according to identification number and title. Register patrons to permit them to borrow books, periodicals, and other library materials.",Reading Comprehension|Active Listening|Writing|Speaking|Critical Thinking|Monitoring|Learning Strategies|Active Learning|Mathematics|Science,3.25|3.25|3.0|3.0|3.0|2.88|2.5|2.25|2.12|1.0,Microsoft Outlook|Video retrieval systems|Cataloging software|Online Computer Library Center (OCLC) databases|Recordkeeping software|Microsoft Office software|Database software|ResourceMate Plus|Microsoft Access|WorldCat|Microsoft Publisher|Automated circulation systems|Adobe Photoshop|C++|Microsoft Windows,Y|Y|N|Y|N|N|Y|Y|Y|Y|Y|N|Y|Y|N
43-4131.00,Loan Interviewers and Clerks,"Interview loan applicants to elicit information; investigate applicants' backgrounds and verify references; prepare loan request papers; and forward findings, reports, and documents to appraisal department. Review loan papers to ensure completeness, and complete transactions between loan establishment, borrowers, and sellers upon approval of loan.",Active Listening|Speaking|Reading Comprehension|Critical Thinking|Writing|Active Learning|Mathematics|Monitoring|Learning Strategies|Science,4.12|4.0|3.88|3.75|3.62|3.38|3.12|3.0|2.62|1.12,Microsoft Windows|Microsoft Outlook|Microsoft Word|Credit reporting software|Rockport Integrated Excel Underwriting|Software AG Underwriting Solution|Microsoft PowerPoint|Automated financial software|Automated underwriting software|Encompass software|Fannie Mae Desktop Underwriter|Loan tracking software|Microsoft Office software|Lending software systems|Web browser software,N|N|N|N|N|N|N|Y|N|Y|Y|Y|Y|Y|Y
43-4141.00,New Accounts Clerks,Interview persons desiring to open accounts in financial institutions. Explain account services available to prospective customers and assist them in preparing applications.,Active Listening|Speaking|Reading Comprehension|Critical Thinking|Monitoring|Writing|Mathematics|Active Learning|Learning Strategies|Science,4.0|4.0|3.5|3.12|3.12|3.0|2.88|2.75|2.5|1.0,Microsoft Word|Corporate Information Factory CIF|Microsoft PowerPoint|Microsoft SharePoint|Microsoft Office software|Fiserv financial services software|Financial needs analysis software|Systems Union Group MIS DecisionWare|Email software|DCI iCore|IBM Lotus Notes|Microsoft Dynamics GP|Microsoft Excel|Web browser software|Microsoft Internet Explorer,N|N|N|N|N|N|N|N|N|Y|N|Y|Y|Y|Y
43-4151.00,Order Clerks,"Receive and process incoming orders for materials, merchandise, classified ads, or services such as repairs, installations, or rental of facilities. Generally receives orders via mail, phone, fax, or other electronic means. Duties include informing customers of receipt, prices, shipping dates, and delays; preparing contracts; and handling complaints.",Active Listening|Speaking|Reading Comprehension|Writing|Critical Thinking|Monitoring|Mathematics|Active Learning|Learning Strategies|Science,4.0|3.88|3.5|3.12|3.12|3.12|3.0|3.0|2.38|1.0,"Microsoft Outlook|Corel WordPerfect Office Suite|Microsoft System Center|Microsoft Office software|IBM Sterling Configure, Price, Quote|Microsoft Edge|Automated manifest system software|Microsoft Access|Mozilla Firefox|SAP software|Apple Safari|Oracle JD Edwards EnterpriseOne|Order management software|Microsoft Word|Intuit QuickBooks",Y|Y|N|N|N|N|Y|N|Y|N|Y|Y|Y|Y|Y
43-4161.00,"Human Resources Assistants, Except Payroll and Timekeeping","Compile and keep personnel records. Record data for each employee, such as address, weekly earnings, absences, amount of sales or production, supervisory reports, and date of and reason for termination. May prepare reports for employment records, file employment records, or search employee files and furnish information to authorized persons.",Reading Comprehension|Active Listening|Speaking|Writing|Critical Thinking|Monitoring|Active Learning|Learning Strategies|Mathematics|Science,4.0|4.0|3.75|3.5|3.38|3.38|3.0|2.5|2.0|1.12,LinkedIn|Microsoft Outlook|Employee self-service software|Learning management system LMS|Corel WordPerfect Office Suite|Microsoft Office software|Human resource management software HRMS|Database software|Microsoft Access|Oracle Taleo|Oracle PeopleSoft|Oracle PeopleSoft Enterprise Human Resources|Human resource information system (HRIS)|Microsoft Publisher|Microsoft Visio,N|N|N|N|N|N|N|N|N|N|N|N|N|Y|N
43-4171.00,Receptionists and Information Clerks,"Answer inquiries and provide information to the general public, customers, visitors, and other interested parties regarding activities conducted at establishment and location of departments, offices, and employees within the organization.",Speaking|Active Listening|Reading Comprehension|Critical Thinking|Writing|Monitoring|Active Learning|Learning Strategies|Mathematics|Science,3.88|3.75|3.12|3.12|3.0|2.88|2.75|2.12|2.0|1.0,Medical procedure coding software|Filing system software|Microsoft Outlook|Electronic health record EHR software|Corel WordPerfect Office Suite|Microsoft Dynamics|Microsoft Office software|Medical condition coding software|Database software|St. Paul Travelers e-CARMA|Bookkeeping software|Automated information system software|IBM Notes|HMS|Microsoft Publisher,N|N|N|N|N|N|N|N|N|N|N|N|N|N|N
43-4181.00,Reservation and Transportation Ticket Agents and Travel Clerks,"Make and confirm reservations for transportation or lodging, or sell transportation tickets. May check baggage and direct passengers to designated concourse, pier, or track; deliver tickets and contact individuals and groups to inform them of package tours; or provide tourists with travel or transportation information.",Active Listening|Speaking|Reading Comprehension|Critical Thinking|Writing|Active Learning|Monitoring|Mathematics|Learning Strategies|Science,4.0|4.0|3.5|3.38|3.12|3.0|3.0|2.62|2.62|1.0,Microsoft Outlook|Corel WordPerfect Office Suite|Microsoft Office software|Microsoft Access|Amadeus Altea Reservation|MICROS Systems MICROS 9700 HMS|Worldspan Go!|Galileo 360 Fares|Property scheduling software|Property management system PMS software|Computer reservation system CRS software|MICROS Systems OPERA Property Management System PMS|Microsoft Word|GuestServe|Email software,N|N|N|N|N|N|N|N|N|Y|Y|Y|Y|Y|Y
43-4199.00,"Information and Record Clerks, All Other",All information and record clerks not listed separately.,,,,
43-5011.00,Cargo and Freight Agents,"Expedite and route movement of incoming and outgoing cargo and freight shipments in airline, train, and trucking terminals and shipping docks. Take orders from customers and arrange pickup of freight and cargo for delivery to loading platform. Prepare and examine bills of lading to determine shipping charges and tariffs.",Speaking|Active Listening|Reading Comprehension|Critical Thinking|Writing|Monitoring|Active Learning|Mathematics|Learning Strategies|Science,3.62|3.5|3.25|3.25|3.0|3.0|2.75|2.25|2.0|1.0,Microsoft Word|Microsoft Outlook|Microsoft OneNote|Transportation management system TMS software|Corel WordPerfect Office Suite|Brokerage software|SAP software|Microsoft Office software|Transportation management software|Web-based dispatch software|Posting software|Email software|Database software|Microsoft Excel|Microsoft PowerPoint,N|N|N|N|Y|Y|N|Y|Y|Y|N|Y|N|N|N
43-5011.01,Freight Forwarders,"Research rates, routings, or modes of transport for shipment of products. Maintain awareness of regulations affecting the international movement of cargo. Make arrangements for additional services, such as storage or inland transportation.",Reading Comprehension|Monitoring|Active Listening|Critical Thinking|Writing|Speaking|Active Learning|Mathematics|Learning Strategies|Science,3.75|3.5|3.38|3.38|3.25|3.25|3.12|3.0|2.75|1.0,Microsoft Outlook|IES Ecellerate|Manufacturing resource planning MRP software|Microsoft Office software|Kewill Global Trade and Logistics|Star Tec Software Hercules Export|Arcline ArcFreight|RedBerry Logistics|CEDAS Gateway|CargoWise ediEnterprise|Tailwind Management Systems Tailwind|SAP software|TMW Enterprise Transportation Management Systems|Oracle JD Edwards EnterpriseOne|AESDirect,N|N|N|N|N|N|N|N|Y|Y|Y|Y|Y|N|N
43-5021.00,Couriers and Messengers,"Pick up and deliver messages, documents, packages, and other items between offices or departments within an establishment or directly to other business concerns, traveling by foot, bicycle, motorcycle, automobile, or public conveyance.",Active Listening|Speaking|Reading Comprehension|Writing|Critical Thinking|Monitoring|Active Learning|Mathematics|Learning Strategies|Science,3.25|3.25|3.0|3.0|3.0|2.75|2.62|2.5|2.12|1.12,Microsoft Word|Microsoft Outlook|Microsoft Office software|Route mapping software|Microsoft Excel,Y|Y|Y|Y|N
43-5031.00,Public Safety Telecommunicators,"Operate telephone, radio, or other communication systems to receive and communicate requests for emergency assistance at 9-1-1 public safety answering points and emergency operations centers. Take information from the public and other sources regarding crimes, threats, disturbances, acts of terrorism, fires, medical emergencies, and other public safety matters. May coordinate and provide information to law enforcement and emergency response personnel. May access sensitive databases and other information sources as needed. May provide additional instructions to callers based on knowledge of and certification in law enforcement, fire, or emergency medical procedures.",Active Listening|Speaking|Critical Thinking|Reading Comprehension|Active Learning|Monitoring|Writing|Learning Strategies|Mathematics|Science,4.38|4.12|3.75|3.62|3.12|3.12|3.0|2.75|2.0|1.38,Microsoft Word|Microsoft Outlook|Spillman Technologies Spillman Computer-Aided Dispatch|Law enforcement information databases|Corel WordPerfect Office Suite|Microsoft PowerPoint|Microsoft SharePoint|SAP software|Microsoft Office software|Intrado SchoolMessenger|Geographic information system GIS systems|Computer aided dispatch software|National Law Enforcement Telecommunications System NLETS|911 system information databases|Microsoft Excel,N|N|N|N|N|N|Y|Y|Y|Y|Y|Y|Y|N|N
43-5032.00,"Dispatchers, Except Police, Fire, and Ambulance","Schedule and dispatch workers, work crews, equipment, or service vehicles for conveyance of materials, freight, or passengers, or for normal installation, service, or emergency repairs rendered outside the place of business. Duties may include using radio, telephone, or computer to transmit assignments and compiling statistics and reports on work progress.",Active Listening|Speaking|Monitoring|Reading Comprehension|Writing|Critical Thinking|Active Learning|Learning Strategies|Mathematics|Science,4.0|4.0|3.88|3.75|3.12|3.12|3.0|2.75|2.12|1.12,Dr. Dispatch|Microsoft Outlook|Rail Traffic Track Warrant Control System|Sabre travel agent software|Microsoft Office software|Scheduling software|Resource management software|Database software|Locomotive distribution software|Microsoft Access|Digital Gateway e-automate|Command Alkon COMMANDconcrete|Geomechanical design analysis GDA software|Global positioning system GPS software|SAP software,N|N|N|N|N|N|N|N|N|N|N|N|Y|N|Y
43-5041.00,"Meter Readers, Utilities","Read meter and record consumption of electricity, gas, water, or steam.",Speaking|Critical Thinking|Reading Comprehension|Active Listening|Monitoring|Active Learning|Writing|Mathematics|Learning Strategies|Science,3.0|3.0|2.88|2.88|2.62|2.5|2.38|2.0|2.0|1.12,Mapping software|Microsoft Outlook|Microsoft Windows|Microsoft Word|Microsoft PowerPoint|Graphing software|Meter reading software|Microsoft Office software|Geographic information system GIS systems|Billing software|Supervisory control and data acquisition SCADA software|Microsoft Excel|Microsoft Access,N|N|N|N|N|Y|Y|Y|Y|Y|Y|Y|N
43-5051.00,Postal Service Clerks,"Perform any combination of tasks in a United States Postal Service (USPS) post office, such as receive letters and parcels; sell postage and revenue stamps, postal cards, and stamped envelopes; fill out and sell money orders; place mail in pigeon holes of mail rack or in bags; and examine mail for correct postage. Includes postal service clerks employed by USPS contractors.",Active Listening|Speaking|Reading Comprehension|Critical Thinking|Monitoring|Writing|Mathematics|Active Learning|Learning Strategies|Science,3.38|3.25|3.12|3.0|3.0|2.88|2.75|2.62|2.12|1.0,Microsoft Windows|Electronic Time Clock ETC|Inventory tracking software|NCR Advanced Store|Delivery operations information system DOIS|Budgeting software|Time and Attendance Collection System TACS,N|N|N|N|Y|N|N
43-5052.00,Postal Service Mail Carriers,Sort and deliver mail for the United States Postal Service (USPS). Deliver mail on established route by vehicle or on foot. Includes postal service mail carriers employed by USPS contractors.,Active Listening|Speaking|Critical Thinking|Reading Comprehension|Monitoring|Writing|Active Learning|Learning Strategies|Mathematics|Science,3.0|3.0|3.0|2.62|2.62|2.12|2.0|1.75|1.62|1.0,Microsoft Windows|Microsoft Word|Address Management System AMS|Electronic Time Clock ETC|End of Run Report EOR|Microsoft Office software|Automated Data Collection System ADCS|Delivery Routing System DRS|Delivery operations information system DOIS|Time and Attendance Collection System TACS,N|N|N|N|N|N|Y|Y|Y|N
43-5053.00,"Postal Service Mail Sorters, Processors, and Processing Machine Operators","Prepare incoming and outgoing mail for distribution for the United States Postal Service (USPS). Examine, sort, and route mail. Load, operate, and occasionally adjust and repair mail processing, sorting, and canceling machinery. Keep records of shipments, pouches, and sacks, and perform other duties related to mail handling within the postal service. Includes postal service mail sorters and processors employed by USPS contractors.",Monitoring|Reading Comprehension|Speaking|Critical Thinking|Active Listening|Writing|Active Learning|Learning Strategies|Mathematics|Science,3.12|3.0|3.0|3.0|2.88|2.25|2.12|2.12|2.0|1.0,Microsoft Word|Microsoft Outlook|Address Management System AMS|Electronic Time Clock ETC|Microsoft SharePoint|NCR Advanced Store|SAP software|Microsoft Office software|Automated Package Processing System APPS|Microsoft Excel|Delivery operations information system DOIS|Teradata Database|Delivery Routing System DRS|Barcode reader software|Multi-line optical character reader OCR software,N|N|N|N|N|N|N|Y|Y|Y|Y|Y|N|N|Y
43-5061.00,"Production, Planning, and Expediting Clerks","Coordinate and expedite the flow of work and materials within or between departments of an establishment according to production schedule. Duties include reviewing and distributing production, work, and shipment schedules; conferring with department supervisors to determine progress of work and completion dates; and compiling reports on progress of work, inventory levels, costs, and production problems.",Reading Comprehension|Speaking|Active Listening|Critical Thinking|Writing|Monitoring|Active Learning|Mathematics|Learning Strategies|Science,3.62|3.62|3.5|3.38|3.12|3.12|2.75|2.62|2.38|1.12,LSA Visual DBR|Medical condition coding software|Geac MPC Production|Asprova|IBM Notes|Microsoft OneNote|SAP software|Workbrain Time and Attendance|Structured query language SQL|Stratford Group INMASS/MRP|Bill of lading software|Intuit QuickBooks|Enterprise Logix|Google Drive|KAPES,N|N|N|Y|Y|Y|Y|N|N|N|N|N|N|N|N
43-5071.00,"Shipping, Receiving, and Inventory Clerks",Verify and maintain records on incoming and outgoing shipments involving inventory. Duties include verifying and recording incoming merchandise or material and arranging for the transportation of products. May prepare items for shipment.,Speaking|Reading Comprehension|Active Listening|Critical Thinking|Monitoring|Writing|Active Learning|Mathematics|Learning Strategies|Science,3.25|3.12|3.12|3.0|3.0|2.62|2.38|2.25|2.12|1.0,ADi SmartBOL|Electronic Data Interchange EDI systems|Microsoft Outlook|Dydacomp Mail Order Manager|Microsoft Office software|Pitney Bowes ShipStream Manager|Infor ERP Visual|Microsoft Edge|Universal parcel shipping software|Citrix cloud computing software|AES MailSTAR|ShipWorks|UPS Intelliverse|Laser Substrates PostalXport|Precision TRA/X,N|N|N|N|Y|N|N|N|N|N|N|N|N|N|N
43-5111.00,"Weighers, Measurers, Checkers, and Samplers, Recordkeeping","Weigh, measure, and check materials, supplies, and equipment for the purpose of keeping relevant records. Duties are primarily clerical by nature. Includes workers who collect and keep record of samples of products or materials.",Critical Thinking|Reading Comprehension|Speaking|Monitoring|Active Listening|Writing|Mathematics|Active Learning|Learning Strategies|Science,3.38|3.25|3.12|3.12|3.0|2.88|2.88|2.75|2.75|1.5,Microsoft Outlook|Microsoft Office software|Microsoft Access|Materials resource planning MRP software|IBM Notes|SAP software|Infor XA|Infor ERP Baan|NetSuite ERP|Oracle JD Edwards EnterpriseOne|Oracle Database|Microsoft Dynamics AX|Microsoft Word|Root cause analysis software|Warehouse management system WMS,N|N|N|N|N|N|N|Y|N|Y|Y|Y|Y|Y|N
43-6011.00,Executive Secretaries and Executive Administrative Assistants,"Provide high-level administrative support by conducting research, preparing statistical reports, and handling information requests, as well as performing routine administrative functions such as preparing correspondence, receiving visitors, arranging conference calls, and scheduling meetings. May also train and supervise lower-level clerical staff.",Reading Comprehension|Active Listening|Speaking|Writing|Critical Thinking|Active Learning|Monitoring|Learning Strategies|Mathematics|Science,4.0|4.0|3.88|3.75|3.25|3.12|3.12|2.88|2.75|1.38,Geac MPC Production|Apple Keynote|Apple macOS|SAP Concur|Oracle E-Business Suite Financials|Facebook|IBM Notes|Microsoft OneNote|Google Meet|SAP software|Blackbaud The Raiser's Edge|Workbrain Time and Attendance|Google Sites|SmugMug Flickr|Intuit QuickBooks,Y|N|Y|Y|Y|N|N|N|Y|N|N|Y|N|N|N
43-6012.00,Legal Secretaries and Administrative Assistants,"Perform secretarial duties using legal terminology, procedures, and documents. Prepare legal papers and correspondence, such as summonses, complaints, motions, and subpoenas. May also assist with legal research.",Reading Comprehension|Active Listening|Writing|Speaking|Critical Thinking|Monitoring|Active Learning|Learning Strategies|Mathematics|Science,4.0|4.0|3.88|3.75|3.0|3.0|2.75|2.25|2.12|1.0,LexisNexis|Filing system software|Microsoft Outlook|Microsoft Office software|Dropbox|Database software|A1-Law|Microsoft Access|Public access to electronic court records PACER|Microsoft Visio|Thomson Reuters Elite Billing Manager|Aderant CompuLaw|Sage 50 Accounting|Web conferencing software|Chrome River Expense,N|N|N|Y|N|N|N|N|N|N|N|N|N|N|N
43-6013.00,Medical Secretaries and Administrative Assistants,"Perform secretarial duties using specific knowledge of medical terminology and hospital, clinic, or laboratory procedures. Duties may include scheduling appointments, billing patients, and compiling and recording medical charts, reports, and correspondence.",Speaking|Active Listening|Reading Comprehension|Writing|Critical Thinking|Monitoring|Active Learning|Mathematics|Learning Strategies|Science,4.0|3.88|3.5|3.12|3.12|3.0|2.25|2.12|2.12|1.12,Medical procedure coding software|Microsoft Outlook|Graphics software|Electronic health record EHR software|Corel WordPerfect Office Suite|eMDs Medisoft|eClinicalWorks EHR software|Microsoft Office software|Medical condition coding software|Scheduling software|Allscripts Professional PM|Database software|Addressing software|Microsoft Access|Accounts payable software,N|N|N|N|N|N|N|N|N|N|N|N|Y|N|N
43-6014.00,"Secretaries and Administrative Assistants, Except Legal, Medical, and Executive","Perform routine administrative functions such as drafting correspondence, scheduling appointments, organizing and maintaining paper and electronic files, or providing information to callers.",Active Listening|Speaking|Reading Comprehension|Writing|Monitoring|Critical Thinking|Active Learning|Learning Strategies|Mathematics|Science,4.0|4.0|3.88|3.75|3.12|3.0|2.88|2.12|2.0|1.0,Filing system software|IBM SPSS Statistics|IBM InfoSphere DataStage|Apple Keynote|Apple macOS|Citrix cloud computing software|SAP Concur|NortonLifeLock cybersecurity software|Oracle E-Business Suite Financials|Facebook|IBM Notes|Microsoft OneNote|Google Meet|SAS|IBM WebSphere,N|Y|Y|N|Y|Y|Y|N|N|Y|Y|Y|N|N|N
43-9021.00,Data Entry Keyers,"Operate data entry device, such as keyboard or photo composing perforator. Duties may include verifying data and preparing materials for printing.",Reading Comprehension|Active Listening|Monitoring|Writing|Speaking|Critical Thinking|Active Learning|Learning Strategies|Mathematics|Science,3.62|3.38|3.25|3.0|2.88|2.88|2.75|2.12|2.0|1.0,Medical procedure coding software|Microsoft Outlook|Jenzabar ERP|Microsoft Office software|Medical condition coding software|Salesforce.com Salesforce CRM|Database software|Microsoft Access|SAP software|IBM Informix|Healthcare common procedure coding system HCPCS|Sage 50 Accounting|Blackbaud The Raiser's Edge|Electronic medical record EMR software|Microsoft Word,N|N|N|N|N|N|Y|N|N|N|Y|N|N|N|Y
43-9022.00,Word Processors and Typists,"Use word processor, computer, or typewriter to type letters, reports, forms, or other material from rough draft, corrected copy, or voice recording. May perform other clerical duties as assigned.",Reading Comprehension|Active Listening|Writing|Speaking|Monitoring|Critical Thinking|Mathematics|Active Learning|Learning Strategies|Science,3.75|3.38|3.25|3.0|3.0|2.88|2.12|2.12|1.88|1.0,SRSsoft SRS EHR|Microsoft Outlook|Corel WordPerfect Office Suite|Act!|Microsoft Office software|Microsoft Access|Oracle PeopleSoft|IBM Notes|Microsoft Publisher|SAP software|Microsoft Visio|FileMaker Pro|Microsoft SharePoint|Microsoft Word|Intuit QuickBooks,N|Y|N|N|N|Y|N|Y|Y|Y|Y|Y|Y|N|Y
43-9031.00,Desktop Publishers,Format typescript and graphic elements using computer software to produce publication-ready material.,Reading Comprehension|Critical Thinking|Active Listening|Speaking|Writing|Active Learning|Monitoring|Learning Strategies|Mathematics|Science,3.75|3.75|3.5|3.5|3.12|3.0|3.0|2.88|2.0|1.0,Cenon|WordWeb|Apple macOS|Nuance Dragon NaturallySpeaking|SAP software|UNIX|Corel CorelDraw Graphics Suite|EMC Documentum|Arts & Letters Express|Actuate DocBook|Vector drawing software|Corel Photo-Paint|PHP|Oracle Java|Microsoft Excel,N|Y|N|Y|Y|N|N|N|Y|Y|N|N|Y|N|N
43-9041.00,Insurance Claims and Policy Processing Clerks,"Process new insurance policies, modifications to existing policies, and claims forms. Obtain information from policyholders to verify the accuracy and completeness of information on claims forms, applications and related documents, and company records. Update existing policies and company records to reflect changes requested by policyholders and insurance company representatives.",Reading Comprehension|Speaking|Active Listening|Critical Thinking|Writing|Monitoring|Active Learning|Learning Strategies|Mathematics|Science,3.5|3.38|3.25|3.25|3.12|3.0|2.62|2.62|2.38|1.12,Medical procedure coding software|Microsoft Outlook|Policy issuance system software|Microsoft Office software|Medical condition coding software|Xactware Xactimate|Insurance rating software|Database software|St. Paul Travelers e-CARMA|Microsoft Access|Automated information system software|Account management software|MicroFocus GroupWise|IBM Check Processing Control System CPSC|Healthcare common procedure coding system HCPCS,N|N|N|N|N|N|N|N|N|N|N|N|N|N|N
43-9051.00,"Mail Clerks and Mail Machine Operators, Except Postal Service","Prepare incoming and outgoing mail for distribution. Time-stamp, open, read, sort, and route incoming mail; and address, seal, stamp, fold, stuff, and affix postage to outgoing mail or packages. Duties may also include keeping necessary records and completed forms.",Reading Comprehension|Speaking|Critical Thinking|Monitoring|Active Listening|Writing|Mathematics|Active Learning|Learning Strategies|Science,3.0|3.0|3.0|3.0|2.88|2.88|2.25|2.25|2.12|1.12,Microsoft Windows|Microsoft Outlook|Microsoft Word|Microsoft PowerPoint|Postal Explorer|Recordkeeping software|Microsoft Office software|Adobe Acrobat|Email software|Microsoft Excel|Web browser software|Microsoft Access|Financial accounting software,Y|N|N|Y|Y|Y|Y|Y|Y|Y|N|N|N
43-9061.00,"Office Clerks, General","Perform duties too varied and diverse to be classified in any specific office clerical occupation, requiring knowledge of office systems and procedures. Clerical duties may be assigned in accordance with the office procedures of individual establishments and may include a combination of answering telephones, bookkeeping, typing or word processing, office machine operation, and filing.",Reading Comprehension|Active Listening|Speaking|Writing|Critical Thinking|Monitoring|Active Learning|Mathematics|Learning Strategies|Science,3.75|3.75|3.62|3.12|3.0|2.88|2.75|2.12|2.12|1.0,LexisNexis|LinkedIn|Electronic Data Interchange EDI systems|Filing system software|Medical procedure coding software|Microsoft Outlook|Microsoft Dynamics|Microsoft Office software|Medical condition coding software|Dropbox|Salesforce.com Salesforce CRM|Database software|Evernote|Microsoft Access|St. Paul Travelers e-CARMA,N|Y|Y|N|N|N|N|N|N|N|N|N|N|N|N
43-9071.00,"Office Machine Operators, Except Computer","Operate one or more of a variety of office machines, such as photocopying, photographic, and duplicating machines, or other office machines.",Reading Comprehension|Active Listening|Speaking|Critical Thinking|Monitoring|Writing|Active Learning|Mathematics|Learning Strategies|Science,3.12|3.0|3.0|3.0|3.0|2.88|2.75|2.5|2.0|1.0,Microsoft Windows|Microsoft Outlook|Microsoft Word|Adobe InDesign|Microsoft PowerPoint|Microsoft Publisher|Adobe Photoshop|Microsoft Office software|Adobe Acrobat|Eko|Microsoft Excel|Microsoft Access|Adobe Illustrator|Multi-line optical character reader OCR software,Y|Y|Y|Y|N|Y|Y|Y|Y|Y|N|Y|Y|N
43-9081.00,Proofreaders and Copy Markers,"Read transcript or proof type setup to detect and mark for correction any grammatical, typographical, or compositional errors. Excludes workers whose primary duty is editing copy. Includes proofreaders of braille.",Reading Comprehension|Writing|Speaking|Active Listening|Critical Thinking|Monitoring|Active Learning|Learning Strategies|Mathematics|Science,4.25|3.62|3.25|3.12|3.0|2.88|2.5|2.0|1.88|1.12,Microsoft Outlook|Adobe After Effects|AutoCrit Editing Wizard|Microsoft Office software|Adobe Captivate|Avid Technology Media Composer|Elite Minds RightWriter|Intelligent Editing PerfectIt|Microsoft Access|Adobe InCopy|Adobe InDesign|WhiteSmoke|Adobe Photoshop|Microsoft Visio|Grammarly Editor,Y|Y|N|Y|N|N|Y|N|Y|Y|N|N|N|N|N
43-9111.00,Statistical Assistants,Compile and compute data according to statistical formulas for use in statistical studies. May perform actuarial computations and compile charts and graphs for use by actuaries. Includes actuarial clerks.,Mathematics|Reading Comprehension|Critical Thinking|Active Learning|Writing|Active Listening|Speaking|Monitoring|Learning Strategies|Science,4.38|3.75|3.75|3.62|3.5|3.38|3.38|3.0|2.88|2.12,Microsoft Outlook|Python|Tableau|Corel WordPerfect Office Suite|IBM SPSS Statistics|Microsoft Visual Studio|Microsoft Office software|A programming language APL|GGY AXIS|Database software|SAP BusinessObjects Crystal Reports|Microsoft Access|Oracle PL/SQL|Wolfram Research Mathematica|The MathWorks MATLAB,N|N|N|Y|Y|Y|N|N|N|N|N|Y|N|N|N
43-9199.00,"Office and Administrative Support Workers, All Other",All office and administrative support workers not listed separately.,,,,
45-1011.00,"First-Line Supervisors of Farming, Fishing, and Forestry Workers","Directly supervise and coordinate the activities of agricultural, forestry, aquacultural, and related workers.",Critical Thinking|Speaking|Monitoring|Reading Comprehension|Active Listening|Learning Strategies|Writing|Active Learning|Mathematics|Science,3.75|3.62|3.62|3.5|3.38|3.25|3.12|3.0|2.88|2.25,Microsoft Outlook|Cattlesoft CattleMax|Microsoft Office software|Atlassian Confluence|Database software|Mapping software|BCS Woodlands Software The Logger Tracker|Midwest MicroSystems Cow Sense|Landmark Sales LOG-istics|TradeTec Computer Systems TallyWorks Logs|Lion Edge Technologies Ranch Manager|Sage 50 Accounting|Valley Agricultural Software DairyCOMP 305|Payroll software|Employee scheduling software,Y|N|N|N|N|N|N|N|Y|Y|Y|Y|Y|N|N
45-2011.00,Agricultural Inspectors,"Inspect agricultural commodities, processing equipment, and facilities, and fish and logging operations, to ensure compliance with regulations and laws governing health, quality, and safety.",Reading Comprehension|Active Listening|Monitoring|Critical Thinking|Speaking|Active Learning|Writing|Learning Strategies|Science|Mathematics,3.75|3.75|3.75|3.62|3.5|3.25|3.12|2.88|2.75|2.62,Microsoft Word|Microsoft Outlook|Image processing software|Microsoft PowerPoint|Operational databases|Microsoft Office software|Microsoft Excel|Microsoft Access|Microsoft Internet Explorer,N|Y|Y|N|Y|Y|Y|Y|N
45-2021.00,Animal Breeders,"Select and breed animals according to their genealogy, characteristics, and offspring. May require knowledge of artificial insemination techniques and equipment use. May involve keeping records on heats, birth intervals, or pedigree.",Critical Thinking|Active Listening|Speaking|Science|Active Learning|Monitoring|Reading Comprehension|Writing|Mathematics|Learning Strategies,3.25|3.0|3.0|3.0|3.0|3.0|2.88|2.75|2.12|2.12,Microsoft Outlook|KinTraks|Microsoft Office software|Microsoft Access|Respondus|Adobe InDesign|Winners Programs Uni-Stud|Adobe Photoshop|Questionmark Perception|Microsoft Internet Explorer|Breedtrak|Microsoft Windows|Microsoft SharePoint|Adobe Illustrator|Adobe Creative Cloud software,Y|Y|Y|Y|Y|N|N|N|Y|Y|N|Y|Y|Y|Y
45-2041.00,"Graders and Sorters, Agricultural Products","Grade, sort, or classify unprocessed food and other agricultural products by size, weight, color, or condition.",Monitoring|Active Listening|Speaking|Critical Thinking|Reading Comprehension|Writing|Active Learning|Mathematics|Learning Strategies|Science,2.88|2.75|2.75|2.5|2.25|2.25|2.12|1.62|1.62|1.25,Microsoft Word|Microsoft Outlook|Microsoft PowerPoint|Microsoft Office software|Microsoft Excel|Microsoft Active Server Pages ASP|Microsoft Access,Y|Y|Y|Y|Y|Y|Y
45-2091.00,Agricultural Equipment Operators,"Drive and control equipment to support agricultural activities such as tilling soil; planting, cultivating, and harvesting crops; feeding and herding livestock; or removing animal waste. May perform tasks such as crop baling or hay bucking. May operate stationary equipment to perform post-harvest tasks such as husking, shelling, threshing, and ginning.",Active Listening|Critical Thinking|Speaking|Monitoring|Reading Comprehension|Active Learning|Writing|Mathematics|Learning Strategies|Science,3.0|2.88|2.75|2.75|2.25|2.25|2.12|1.88|1.75|1.62,Microsoft PowerPoint|Farm Management Software Hay and Crop Manager|Martens Farms Farm Trac|Microsoft Excel|Microsoft Access|Martens Farms Farm Site Mate,N|N|N|Y|Y|Y
45-2092.00,"Farmworkers and Laborers, Crop, Nursery, and Greenhouse","Manually plant, cultivate, and harvest vegetables, fruits, nuts, horticultural specialties, and field crops. Use hand tools, such as shovels, trowels, hoes, tampers, pruning hooks, shears, and knives. Duties may include tilling soil and applying fertilizers; transplanting, weeding, thinning, or pruning crops; applying pesticides; or cleaning, grading, sorting, packing, and loading harvested products. May construct trellises, repair fences and farm buildings, or participate in irrigation activities.",Speaking|Active Listening|Reading Comprehension|Writing|Critical Thinking|Monitoring|Active Learning|Learning Strategies|Mathematics|Science,3.0|2.88|2.75|2.75|2.75|2.75|2.62|2.5|2.12|1.25,Microsoft Word|Microsoft Outlook|Farm Works Software Trac|Global positioning system GPS software|Microsoft Office software|IBM Lotus Notes|Microsoft Excel|Web browser software|Microsoft PowerPoint|BCL Landview Systems WinCrop,N|N|N|N|Y|Y|Y|Y|Y|N
45-2093.00,"Farmworkers, Farm, Ranch, and Aquacultural Animals","Attend to live farm, ranch, open range or aquacultural animals that may include cattle, sheep, swine, goats, horses and other equines, poultry, rabbits, finfish, shellfish, and bees. Attend to animals produced for animal products, such as meat, fur, skins, feathers, eggs, milk, and honey. Duties may include feeding, watering, herding, grazing, milking, castrating, branding, de-beaking, weighing, catching, and loading animals. May maintain records on animals; examine animals to detect diseases and injuries; assist in birth deliveries; and administer medications, vaccinations, or insecticides as appropriate. May clean and maintain animal housing areas. Includes workers who shear wool from sheep and collect eggs in hatcheries.",Critical Thinking|Monitoring|Active Listening|Reading Comprehension|Speaking|Active Learning|Writing|Mathematics|Learning Strategies|Science,3.38|3.25|3.12|3.0|3.0|2.88|2.62|2.12|2.12|1.88,Microsoft Word|Lancaster DHIA PCDART|Valley Agricultural Software DairyCOMP 305|Farm Works Software Trac|Microsoft Office software|Web browser software|Microsoft Excel|BCL Landview Systems WinCrop,N|N|N|Y|Y|Y|N|N
45-2099.00,"Agricultural Workers, All Other",All agricultural workers not listed separately.,,,,
45-3031.00,Fishing and Hunting Workers,"Hunt, trap, catch, or gather wild animals or aquatic animals and plants. May use nets, traps, or other equipment. May haul catch onto ship or other vessel.",Critical Thinking|Speaking|Monitoring|Reading Comprehension|Active Listening|Learning Strategies|Active Learning|Writing|Mathematics|Science,3.12|3.0|2.88|2.75|2.75|2.75|2.5|2.25|2.12|1.62,Inventory management systems|Catchlog Trading Catchlog|P-Sea WindPlot|Microsoft Office software|Winchester Ammunition Ballistics Calculator|MaxSea TIMEZERO|MaxSea Time Zero Navigator NOAA|Microsoft Excel|OLRAC Electronic Logbook Software Solution|DeerDays|Strat-Tech Deer Hunting Expert|Signet Nobeltec Catch|Trimble MyTopo Terrain Navigator Pro,N|N|N|N|N|Y|Y|N|N|N|N|N|N
45-4011.00,Forest and Conservation Workers,"Under supervision, perform manual labor necessary to develop, maintain, or protect areas such as forests, forested areas, woodlands, wetlands, and rangelands through such activities as raising and transporting seedlings; combating insects, pests, and diseases harmful to plant life; and building structures to control water, erosion, and leaching of soil. Includes forester aides, seedling pullers, tree planters, and gatherers of nontimber forestry products such as pine straw.",Critical Thinking|Monitoring|Reading Comprehension|Active Listening|Speaking|Active Learning|Writing|Learning Strategies|Mathematics|Science,3.12|3.12|3.0|3.0|3.0|3.0|2.62|2.62|2.12|2.0,Microsoft Windows|Microsoft Outlook|Microsoft Word|Leica Geosystems ERDAS IMAGINE|Geographic information system GIS software|Microsoft PowerPoint|ESRI ArcGIS software|Microsoft Office software|Geographic information system GIS systems|IBM Lotus Notes|IBM Lotus 1-2-3|Database software|Microsoft Access|Microsoft Excel|Microsoft Project,N|Y|N|N|N|N|N|Y|Y|Y|Y|Y|Y|Y|Y
45-4021.00,Fallers,Use axes or chainsaws to fell trees using knowledge of tree characteristics and cutting techniques to control direction of fall and minimize tree damage.,Critical Thinking|Monitoring|Active Listening|Speaking|Mathematics|Active Learning|Reading Comprehension|Writing|Learning Strategies|Science,3.0|3.0|2.62|2.62|2.25|2.25|2.0|2.0|1.75|1.62,Microsoft Word|Assisi Software Assisi Resource|Microsoft Outlook|Assisi Compiler|BCS Woodlands Software The Logger Tracker|Microsoft Office software|Assisi Software Assisi Manager|Geographic information system GIS systems|ESRI ArcView|Microsoft Excel|Microsoft PowerPoint|BCS Woodlands Software Woodlands Tracker|Assisi Software Assisi Inventory,N|N|N|N|N|N|N|N|Y|Y|Y|Y|Y
45-4022.00,Logging Equipment Operators,"Drive logging tractor or wheeled vehicle equipped with one or more accessories, such as bulldozer blade, frontal shear, grapple, logging arch, cable winches, hoisting rack, or crane boom, to fell tree; to skid, load, unload, or stack logs; or to pull stumps or clear brush. Includes operating stand-alone logging machines, such as log chippers.",Active Listening|Monitoring|Critical Thinking|Writing|Speaking|Reading Comprehension|Mathematics|Active Learning|Learning Strategies|Science,3.0|3.0|2.88|2.75|2.75|2.5|2.38|2.25|2.25|1.5,Microsoft Word|Microsoft Outlook|TradeTec TallyWorks Logs|SAP software|Microsoft Office software|Microsoft Excel|TradeTec TallyWorks TimeTracker|BCS Woodlands Systems The Logger Tracker,N|Y|Y|Y|Y|Y|N|N
45-4023.00,Log Graders and Scalers,"Grade logs or estimate the marketable content or value of logs or pulpwood in sorting yards, millpond, log deck, or similar locations. Inspect logs for defects or measure logs to determine volume.",Active Listening|Critical Thinking|Speaking|Writing|Active Learning|Monitoring|Reading Comprehension|Mathematics|Learning Strategies|Science,3.25|3.25|3.12|3.0|3.0|3.0|2.88|2.75|2.38|1.75,Microsoft Windows|Microsoft Outlook|Microsoft Word|Microsoft PowerPoint|SAP software|Microsoft Office software|AS/400 Database|Atterbury Consultants SuperACE/FLIPS|Microsoft Excel|Microsoft Access,N|N|Y|Y|Y|Y|Y|Y|Y|Y
45-4029.00,"Logging Workers, All Other",All logging workers not listed separately.,,,,
47-1011.00,First-Line Supervisors of Construction Trades and Extraction Workers,Directly supervise and coordinate activities of construction or extraction workers.,Active Listening|Speaking|Critical Thinking|Reading Comprehension|Monitoring|Learning Strategies|Writing|Active Learning|Mathematics|Science,3.75|3.75|3.62|3.38|3.38|3.12|3.0|3.0|2.75|1.62,Microsoft NetMeeting|Microsoft Outlook|Graphics software|Microsoft Office software|Scheduling software|Sage 300 Construction and Real Estate|Oracle Primavera Systems|Microsoft Project|Inventory tracking software|Autodesk AutoCAD|Prolog|Oracle Primavera Enterprise Project Portfolio Management|FranklinCovey TabletPlanner|HCSS HeavyJob|QuickBase business management software,Y|Y|N|N|N|N|N|Y|N|Y|Y|Y|Y|Y|Y
47-1011.03,Solar Energy Installation Managers,Direct work crews installing residential or commercial solar photovoltaic or thermal systems.,Monitoring|Reading Comprehension|Speaking|Active Listening|Critical Thinking|Writing|Active Learning|Learning Strategies|Mathematics|Science,3.75|3.62|3.62|3.5|3.5|3.0|3.0|3.0|2.75|1.88,Microsoft Outlook|Autodesk AutoCAD Civil 3D|Microsoft Office software|Autodesk Revit|Microsoft Project|Oracle Primavera Systems|Mapping software|PVsyst|Inventory tracking software|Computer aided design and drafting software CADD|Autodesk AutoCAD|SAP software|Prolog|Microsoft Visio|Real time operating system RTOS software,Y|Y|Y|N|N|N|N|N|N|Y|Y|Y|Y|Y|N
47-2011.00,Boilermakers,"Construct, assemble, maintain, and repair stationary steam boilers and boiler house auxiliaries. Align structures or plate sections to assemble boiler frame tanks or vats, following blueprints. Work involves use of hand and power tools, plumb bobs, levels, wedges, dogs, or turnbuckles. Assist in testing assembled vessels. Direct cleaning of boilers and boiler furnaces. Inspect and repair boiler fittings, such as safety valves, regulators, automatic-control mechanisms, water columns, and auxiliary machines.",Critical Thinking|Reading Comprehension|Active Listening|Speaking|Active Learning|Monitoring|Learning Strategies|Writing|Mathematics|Science,3.5|3.0|3.0|3.0|3.0|3.0|2.75|2.62|2.12|1.75,Health and safety training software|Microsoft Outlook|Microsoft Windows|Microsoft Word|Autodesk AutoCAD|SAP software|Microsoft Office software|Microsoft Excel,Y|N|Y|Y|Y|Y|Y|Y
47-2021.00,Brickmasons and Blockmasons,"Lay and bind building materials, such as brick, structural tile, concrete block, cinder block, glass block, and terra-cotta block, with mortar and other substances, to construct or repair walls, partitions, arches, sewers, and other structures.",Critical Thinking|Active Listening|Speaking|Monitoring|Mathematics|Active Learning|Reading Comprehension|Writing|Learning Strategies|Science,3.12|3.0|3.0|3.0|2.88|2.88|2.75|2.25|2.12|1.75,Tradesman's Software Master Estimator|Construction Management Software ProEst|CPR Visual Estimator|Microsoft Windows|Intuit QuickBooks|Microsoft Office software|RISA Technologies RISA-3D|Daystar iStructural.com|Estimating software|Microsoft Excel,N|N|N|N|Y|Y|Y|Y|N|N
47-2022.00,Stonemasons,"Build stone structures, such as piers, walls, and abutments. Lay walks, curbstones, or special types of masonry for vats, tanks, and floors.",Critical Thinking|Reading Comprehension|Active Listening|Speaking|Mathematics|Monitoring|Active Learning|Writing|Learning Strategies|Science,3.5|3.0|3.0|3.0|3.0|3.0|2.75|2.62|2.62|1.62,Microsoft Word|CPR Visual Estimator|Intuit QuickBooks|Gregg Software Gregg Rock-It|ProEst Software ProEst Estimating|Microsoft Office software|RISA Technologies RISA-3D|SAP software|Microsoft Active Server Pages ASP|Microsoft Excel|Citrix cloud computing software|Virtual private networking VPN software|Tradesman&apos;s Software Master Estimator,N|N|N|Y|Y|Y|Y|Y|N|N|Y|N|N
47-2031.00,Carpenters,"Construct, erect, install, or repair structures and fixtures made of wood and comparable materials, such as concrete forms; building frameworks, including partitions, joists, studding, and rafters; and wood stairways, window and door frames, and hardwood floors. May also install cabinets, siding, drywall, and batt or roll insulation. Includes brattice builders who build doors or brattices (ventilation walls or partitions) in underground passageways.",Active Listening|Critical Thinking|Monitoring|Reading Comprehension|Speaking|Mathematics|Active Learning|Writing|Learning Strategies|Science,3.38|3.38|3.38|3.12|3.12|3.0|3.0|2.88|2.75|1.38,Microsoft Windows|Microsoft Word|Intuit QuickBooks|Job costing software|Renaissance MasterCarpenter|Craftsman CD Estimator|Microsoft Office software|Turtle Creek Software Goldenseal|Quicken|Estimating software|Microsoft Excel|VirtualBoss|Web browser software|Wilhelm Publishing Threshold|Drawing and drafting software,N|N|N|N|Y|N|Y|Y|Y|Y|N|N|N|N|N
47-2041.00,Carpet Installers,Lay and install carpet from rolls or blocks on floors. Install padding and trim flooring materials.,Monitoring|Mathematics|Critical Thinking|Active Listening|Speaking|Reading Comprehension|Active Learning|Learning Strategies|Writing|Science,3.12|3.0|3.0|2.88|2.88|2.62|2.62|2.38|2.0|1.0,Microsoft Word|Measure Square FloorEstimate Pro|Focus Floor Covering Software|Autodesk AutoCAD|Microsoft Office software|Textile Management Systems RollMaster|Aya Associates Comp-U-Floor|Pacific Solutions FloorRight|RFMS Schedule Pro|Flooring Technologies QFloors|FloorCOST Estimator for Excel|Microsoft Excel|eTakeoff|FIRST Flooring|Carpet Dealer Management System CDMS,Y|N|N|N|N|N|N|N|N|Y|Y|Y|N|N|N
47-2042.00,"Floor Layers, Except Carpet, Wood, and Hard Tiles","Apply blocks, strips, or sheets of shock-absorbing, sound-deadening, or decorative coverings to floors.",Active Listening|Speaking|Critical Thinking|Monitoring|Active Learning|Reading Comprehension|Writing|Mathematics|Learning Strategies|Science,3.12|3.12|2.88|2.88|2.75|2.38|2.38|2.12|2.12|1.25,Facebook|Measure Square FloorEstimate Pro|CPR Software FloorCOST Estimator for Excel|Focus Floor Covering Software|Radio frequency identification RFID software|Microsoft Office software|Textile Management Systems RollMaster|Aya Associates Comp-U-Floor|Pacific Solutions FloorRight|Flooring Technologies QFloors|Web browser software|On Center On-Screen Takeoff|Project visualization software,N|N|Y|N|N|N|Y|N|N|N|N|N|N
47-2043.00,Floor Sanders and Finishers,"Scrape and sand wooden floors to smooth surfaces using floor scraper and floor sanding machine, and apply coats of finish.",Active Listening|Monitoring|Speaking|Critical Thinking|Reading Comprehension|Active Learning|Writing|Learning Strategies|Mathematics|Science,3.0|2.88|2.75|2.75|2.62|2.62|2.12|2.12|2.0|1.12,Vimeo|Pacific Solutions FloorRight|Flooring Technologies QFloors|FloorCOST Estimator for Excel|Measure Square|Microsoft Excel|Floor planning software,N|N|N|N|Y|N|N
47-2044.00,Tile and Stone Setters,"Apply hard tile, stone, and comparable materials to walls, floors, ceilings, countertops, and roof decks.",Active Listening|Speaking|Mathematics|Critical Thinking|Reading Comprehension|Monitoring|Active Learning|Learning Strategies|Writing|Science,3.12|3.0|3.0|3.0|2.88|2.75|2.38|2.12|2.0|1.12,Microsoft Word|Measure Square FloorEstimate Pro|Microsoft Outlook|TileGem|Microsoft Office software|EasyCAD Iris 2D|Aya Associates Comp-U-Floor|Microsoft Excel|Salesforce software|Microsoft PowerPoint,N|N|N|Y|Y|Y|Y|Y|Y|N
47-2051.00,Cement Masons and Concrete Finishers,"Smooth and finish surfaces of poured concrete, such as floors, walks, sidewalks, roads, or curbs using a variety of hand and power tools. Align forms for sidewalks, curbs, or gutters; patch voids; and use saws to cut expansion joints.",Monitoring|Speaking|Active Listening|Critical Thinking|Mathematics|Reading Comprehension|Learning Strategies|Active Learning|Writing|Science,3.25|3.12|3.0|3.0|2.62|2.38|2.38|2.12|2.0|1.25,Tradesman's Software Master Estimator|HIPERPAV|ACT Contractors Forms|Sirus GT Construction Accounting|Hard Dollar HD Project Estimating|Shilstone seeMIX|ADAPT-Modeler|LogicSphere Firstmix|Maxwell Systems Quest Estimator|National Concrete & Masonry Estimator,N|N|N|N|N|N|N|N|N|N
47-2053.00,Terrazzo Workers and Finishers,"Apply a mixture of cement, sand, pigment, or marble chips to floors, stairways, and cabinet fixtures to fashion durable and decorative surfaces.",Speaking|Monitoring|Critical Thinking|Active Listening|Mathematics|Active Learning|Reading Comprehension|Learning Strategies|Writing|Science,2.88|2.75|2.62|2.5|2.38|2.38|2.12|2.12|1.88|1.62,Construction Management Software ProEst|CPR Visual Estimator|Microsoft Windows|Intuit QuickBooks|On Center Quick Bid|Microsoft Excel|Sapro Systems Paymee|CPR International GeneralCOST Estimator,N|N|N|Y|Y|Y|N|N
47-2061.00,Construction Laborers,"Perform tasks involving physical labor at construction sites. May operate hand and power tools of all types: air hammers, earth tampers, cement mixers, small mechanical hoists, surveying and measuring equipment, and a variety of other equipment and instruments. May clean and prepare sites, dig trenches, set braces to support the sides of excavations, erect scaffolding, and clean up rubble, debris, and other waste materials. May assist other craft workers.",Speaking|Active Listening|Reading Comprehension|Critical Thinking|Monitoring|Writing|Active Learning|Learning Strategies|Mathematics|Science,3.25|3.12|2.75|2.75|2.62|2.25|2.12|2.12|2.0|1.5,Microsoft Windows|Microsoft Outlook|Microsoft Word|Microsoft Office software|Autodesk Revit|Oracle Primavera Enterprise Project Portfolio Management|Microsoft Excel,Y|Y|Y|Y|Y|Y|Y
47-2071.00,"Paving, Surfacing, and Tamping Equipment Operators","Operate equipment used for applying concrete, asphalt, or other materials to road beds, parking lots, or airport runways and taxiways or for tamping gravel, dirt, or other materials. Includes concrete and asphalt paving machine operators, form tampers, tamping machine operators, and stone spreader operators.",Monitoring|Critical Thinking|Active Listening|Speaking|Active Learning|Reading Comprehension|Learning Strategies|Mathematics|Writing|Science,3.25|3.0|2.88|2.88|2.62|2.5|2.25|2.0|1.88|1.12,Microsoft Outlook|Warehouse management system WMS|Autodesk AutoCAD Civil 3D|Time report software|Microsoft Office software|Email software|Microsoft Excel|Database software|HCSS HeavyBid,Y|N|N|N|Y|Y|Y|N|N
47-2072.00,Pile Driver Operators,"Operate pile drivers mounted on skids, barges, crawler treads, or locomotive cranes to drive pilings for retaining walls, bulkheads, and foundations of structures such as buildings, bridges, and piers.",Monitoring|Active Listening|Critical Thinking|Speaking|Reading Comprehension|Writing|Mathematics|Active Learning|Learning Strategies|Science,3.25|3.0|2.88|2.75|2.5|2.25|2.12|2.0|1.88|1.38,GRL Engineers Wave Equation Analysis Program GRLWEAP|Global positioning system GPS software|Email software|Microsoft Excel|Pile Dynamics Case Pile Wave Analysis Program CAPWAP|Pile Dynamics Pile Driving Analyzer PDA,N|N|N|Y|N|N
47-2073.00,Operating Engineers and Other Construction Equipment Operators,"Operate one or several types of power construction equipment, such as motor graders, bulldozers, scrapers, compressors, pumps, derricks, shovels, tractors, or front-end loaders to excavate, move, and grade earth, erect structures, or pour concrete or other hard surface pavement. May repair and maintain equipment in addition to other duties.",Monitoring|Active Listening|Reading Comprehension|Speaking|Critical Thinking|Active Learning|Learning Strategies|Writing|Mathematics|Science,3.12|3.0|2.88|2.88|2.88|2.88|2.12|2.0|2.0|1.5,Microsoft Windows|Microsoft Outlook|Maintenance record software|Work record software|Microsoft Office software|Microsoft Excel,N|Y|Y|Y|Y|N
47-2081.00,Drywall and Ceiling Tile Installers,"Apply plasterboard or other wallboard to ceilings or interior walls of buildings. Apply or mount acoustical tiles or blocks, strips, or sheets of shock-absorbing materials to ceilings and walls of buildings to reduce or reflect sound. Materials may be of decorative quality. Includes lathers who fasten wooden, metal, or rockboard lath to walls, ceilings, or partitions of buildings to provide support base for plaster, fireproofing, or acoustical material.",Critical Thinking|Speaking|Monitoring|Reading Comprehension|Active Listening|Mathematics|Writing|Active Learning|Learning Strategies|Science,3.0|2.88|2.88|2.75|2.75|2.25|2.12|2.12|2.0|1.12,Construction Software Center EasyEst|Microsoft Windows|Microsoft Word|On Center Quick Bid|Job costing software|Microsoft Office software|Logic Group Scanner Digitizing Software|DevWave Estimate Works|Turtle Creek Software Goldenseal|Business management software|Wilhelm Publishing Threshold,N|N|N|N|N|Y|Y|Y|N|N|N
47-2082.00,Tapers,Seal joints between plasterboard or other wallboard to prepare wall surface for painting or papering.,Monitoring|Active Listening|Speaking|Critical Thinking|Reading Comprehension|Learning Strategies|Writing|Active Learning|Mathematics|Science,2.88|2.75|2.62|2.5|2.12|2.0|1.88|1.88|1.62|1.0,Construction Software Center EasyEst|On Center Quick Bid|Intuit QuickBooks|Applied Computer Systems JOBPOWER|Microsoft Office software|Turtle Creek Software Goldenseal|DevWave Estimate Works|Microsoft Dynamics,N|N|N|Y|N|Y|N|N
47-2111.00,Electricians,"Install, maintain, and repair electrical wiring, equipment, and fixtures. Ensure that work is in accordance with relevant codes. May install or service street lights, intercom systems, or electrical control systems.",Active Listening|Speaking|Critical Thinking|Active Learning|Reading Comprehension|Monitoring|Writing|Mathematics|Learning Strategies|Science,3.38|3.38|3.38|3.25|3.12|3.12|3.0|3.0|3.0|2.0,Microsoft Outlook|Elite Software Short|Elite Software VDROP|Craftsman CD Estimator|Microsoft Office software|Supervisory control and data acquisition SCADA software|Database software|Sage 300 Construction and Real Estate|Socrates Contractor's Library|Electrosoft FlashWorks|Elite Software E-Coord|Shafer Service Systems|Autodesk AutoCAD|Elite Software Inpoint|SAP software,Y|Y|N|N|N|N|N|N|N|N|N|N|N|N|Y
47-2121.00,Glaziers,"Install glass in windows, skylights, store fronts, and display cases, or on surfaces, such as building fronts, interior walls, ceilings, and tabletops.",Reading Comprehension|Speaking|Critical Thinking|Active Listening|Monitoring|Writing|Active Learning|Learning Strategies|Mathematics|Science,3.0|3.0|3.0|2.88|2.75|2.25|2.25|2.12|2.0|1.5,Microsoft Windows|American Glazing Software AGS WindowPricer|BidMaster|D-CALC FACADE 4000|Microsoft Office software|Work order software|Microsoft Excel,N|N|N|Y|Y|Y|N
47-2131.00,"Insulation Workers, Floor, Ceiling, and Wall","Line and cover structures with insulating materials. May work with batt, roll, or blown insulation materials.",Active Listening|Speaking|Critical Thinking|Monitoring|Reading Comprehension|Active Learning|Mathematics|Writing|Learning Strategies|Science,3.0|3.0|3.0|2.88|2.62|2.62|2.25|2.12|2.12|1.0,Microsoft Windows|Microsoft Outlook|North American Insulation Manufacturers Association NAIMA 3E Plus|Microsoft Office software|CMSN FieldPAK|Turtle Creek Software Goldenseal|Microsoft Excel|Comput-Ability Mechanical Insulation Key Estimator,N|N|Y|Y|Y|Y|N|N
47-2132.00,"Insulation Workers, Mechanical","Apply insulating materials to pipes or ductwork, or other mechanical systems in order to help control and maintain temperature.",Active Listening|Critical Thinking|Monitoring|Speaking|Reading Comprehension|Active Learning|Mathematics|Learning Strategies|Writing|Science,3.0|3.0|3.0|2.88|2.75|2.75|2.12|2.12|2.0|1.38,North American Insulation Manufacturers Association NAIMA 3E Plus|IBM Maximo Asset Management|CMSN FieldPAK|Turtle Creek Software Goldenseal|Comput-Ability Mechanical Insulation Key Estimator,N|N|N|N|N
47-2141.00,"Painters, Construction and Maintenance","Paint walls, equipment, buildings, bridges, and other structural surfaces, using brushes, rollers, and spray guns. May remove old paint to prepare surface prior to painting. May mix colors or oils to obtain desired color or consistency.",Active Listening|Critical Thinking|Monitoring|Reading Comprehension|Speaking|Writing|Mathematics|Active Learning|Learning Strategies|Science,3.0|3.0|2.88|2.75|2.38|2.0|2.0|2.0|2.0|1.5,Evergreen Technology Total Faux|Microsoft Windows|Microsoft Word|On Center Quick Bid|Evergreen Technology Eagle Bid Estimating|Act!|Microsoft Office software|Insight Direct ServiceCEO|Turtle Creek Software Goldenseal|Corel Paint Shop Pro|Microsoft Excel|Corel Painter,N|N|N|N|N|N|Y|Y|Y|Y|N|N
47-2142.00,Paperhangers,"Cover interior walls or ceilings of rooms with decorative wallpaper or fabric, or attach advertising posters on surfaces such as walls and billboards. May remove old materials or prepare surfaces to be papered.",Active Listening|Speaking|Critical Thinking|Monitoring|Reading Comprehension|Writing|Mathematics|Active Learning|Learning Strategies|Science,3.0|3.0|2.88|2.75|2.38|2.0|2.0|2.0|2.0|1.25,Construction Software Center EasyEst|A-Systems JobView|Electronic data interchange EDI software|Microsoft Word|On Center Quick Bid|PlanSwift|Turtle Creek Software Goldenseal|Microsoft Excel|Google Docs|Corel Painter,N|N|N|N|Y|Y|Y|N|N|N
47-2151.00,Pipelayers,"Lay pipe for storm or sanitation sewers, drains, and water mains. Perform any combination of the following tasks: grade trenches or culverts, position pipe, or seal joints.",Active Listening|Speaking|Critical Thinking|Reading Comprehension|Monitoring|Learning Strategies|Writing|Mathematics|Active Learning|Science,3.0|3.0|3.0|2.88|2.62|2.12|2.0|2.0|2.0|1.0,Microsoft Office software|Microsoft Excel,Y|Y
47-2152.00,"Plumbers, Pipefitters, and Steamfitters","Assemble, install, alter, and repair pipelines or pipe systems that carry water, steam, air, or other liquids or gases. May install heating and cooling equipment and mechanical control systems. Includes sprinkler fitters.",Critical Thinking|Monitoring|Speaking|Reading Comprehension|Active Listening|Writing|Mathematics|Active Learning|Learning Strategies|Science,3.5|3.12|3.0|2.88|2.88|2.75|2.62|2.62|2.38|1.75,Horizon Engineering Sigma Plumbing Calculator|Wintac Pro|PricePoint|Bentley Systems AutoPIPE|Job costing software|COADE CAESAR II|Elite Software Spipe|Microsoft Office software|Maintenance management software|Estimating software|Database software|FastEST software|Bookkeeping software|Drawing and drafting software|Watter Hammer Software Hytran,N|N|N|N|N|N|N|N|N|N|N|N|N|N|N
47-2152.04,Solar Thermal Installers and Technicians,"Install or repair solar energy systems designed to collect, store, and circulate solar-heated water for residential, commercial or industrial use.",Reading Comprehension|Active Listening|Speaking|Critical Thinking|Monitoring|Active Learning|Writing|Mathematics|Learning Strategies|Science,3.38|3.25|3.25|3.25|3.25|3.0|2.88|2.5|2.5|1.5,Microsoft Outlook|Inventory control system software|Microsoft Office software|Autodesk AutoCAD|Adobe Photoshop|Salesforce software|Dassault Systemes SolidWorks|PTC Pro/ENGINEER Wildfire|National Instruments LabVIEW|Cost estimating software|Microsoft Word|Dassault Systemes CATIA|Computer-aided drafting or design software|Work scheduling software|Oracle Java,N|Y|Y|N|N|N|Y|N|Y|Y|Y|Y|Y|Y|N
47-2161.00,Plasterers and Stucco Masons,"Apply interior or exterior plaster, cement, stucco, or similar materials. May also set ornamental plaster.",Active Listening|Speaking|Monitoring|Reading Comprehension|Critical Thinking|Active Learning|Learning Strategies|Writing|Mathematics|Science,3.0|2.88|2.88|2.75|2.75|2.75|2.62|2.12|2.0|1.12,Construction Software Center EasyEst|A-Systems JobView|Cost estimating software|Autodesk 3ds Max Design|Linux|Dassault Systemes CATIA|Microsoft Word|Autodesk Maya|IBM Maximo Asset Management|Sage Construction Anywhere|Microsoft Office software|Oracle Database|Embedded systems development software|Turtle Creek Software Goldenseal|Corel Paint Shop Pro,N|N|N|N|N|N|N|N|N|N|Y|Y|Y|Y|Y
47-2171.00,Reinforcing Iron and Rebar Workers,"Position and secure steel bars or mesh in concrete forms in order to reinforce concrete. Use a variety of fasteners, rod-bending machines, blowtorches, and hand tools. Includes rod busters.",Critical Thinking|Monitoring|Reading Comprehension|Active Listening|Speaking|Mathematics|Active Learning|Learning Strategies|Writing|Science,3.0|2.88|2.62|2.62|2.62|2.38|2.38|2.25|1.88|1.25,RebarWin|Application Software SHEAR|Applied Systems Associates aSa Rebar|OTP ArmaCAD,N|N|N|N
47-2181.00,Roofers,"Cover roofs of structures with shingles, slate, asphalt, aluminum, wood, or related materials. May spray roofs, sidings, and walls with material to bind, seal, insulate, or soundproof sections of structures.",Critical Thinking|Monitoring|Active Listening|Speaking|Active Learning|Reading Comprehension|Mathematics|Learning Strategies|Writing|Science,3.0|3.0|2.88|2.88|2.75|2.62|2.25|2.12|2.0|1.12,Wintac Pro|Microsoft Office software|ASR Software LWC-Plus|CADAFIS|RoofLogic|Humidity and vapor drive calculation software|AppliCad Roof Wizard|Microsoft Windows|Maintenance record software|ASR Software TopView LE|Insight Direct ServiceCEO|DigiTools Roof CAD|Exele TopView|Microsoft Word|Energy cost evaluation software,N|N|N|N|N|N|N|N|N|N|N|N|Y|Y|Y
47-2211.00,Sheet Metal Workers,"Fabricate, assemble, install, and repair sheet metal products and equipment, such as ducts, control boxes, drainpipes, and furnace casings. Work may involve any of the following: setting up and operating fabricating machines to cut, bend, and straighten sheet metal; shaping metal over anvils, blocks, or forms using hammer; operating soldering and welding equipment to join sheet metal parts; or inspecting, assembling, and smoothing seams and joints of burred surfaces. Includes sheet metal duct installers who install prefabricated sheet metal ducts used for heating, air conditioning, or other purposes.",Reading Comprehension|Critical Thinking|Monitoring|Active Listening|Speaking|Mathematics|Active Learning|Learning Strategies|Writing|Science,3.12|3.12|3.12|3.0|3.0|3.0|2.88|2.5|2.25|1.62,Applied Production ProFold|Microsoft Windows|Merry Mechanization SMP/IS|Microsoft Word|JETCAM Expert|QuickPen DuctDesigner 3D|PTC Creo Parametric|Autodesk AutoCAD|Revcad Software Sheet Lightning|WiCAM PN4000|Siemens NX|Microsoft Office software|Striker Systems SS-Profile|FCC Software AutoPOL Series|XY Soft Sheet Cutting Suite,N|N|Y|N|N|N|N|Y|Y|Y|Y|N|N|N|N
47-2221.00,Structural Iron and Steel Workers,"Raise, place, and unite iron or steel girders, columns, and other structural members to form completed structures or structural frameworks. May erect metal storage tanks and assemble prefabricated metal buildings.",Active Listening|Critical Thinking|Monitoring|Reading Comprehension|Speaking|Active Learning|Learning Strategies|Mathematics|Writing|Science,3.0|3.0|3.0|2.88|2.88|2.88|2.75|2.12|2.0|1.0,Cost estimating software|Microsoft Outlook|Inventory tracking software|Project scheduling software|Turtle Creek Software Goldenseal,N|N|Y|N|N
47-2231.00,Solar Photovoltaic Installers,"Assemble, install, or maintain solar photovoltaic (PV) systems on roofs or other structures in compliance with site assessment and schematics. May include measuring, cutting, assembling, and bolting structural framing and solar modules. May perform minor electrical work such as current checks.",Critical Thinking|Active Listening|Monitoring|Reading Comprehension|Active Learning|Speaking|Mathematics|Learning Strategies|Writing|Science,3.25|3.12|3.12|3.0|3.0|2.88|2.62|2.62|2.25|1.88,Cost estimating software|Microsoft Outlook|Microsoft Word|Work scheduling software|Microsoft Office software|Extensible markup language XML|Microsoft Excel|Salesforce software,N|Y|Y|Y|Y|Y|Y|N
47-3011.00,"Helpers--Brickmasons, Blockmasons, Stonemasons, and Tile and Marble Setters","Help brickmasons, blockmasons, stonemasons, or tile and marble setters by performing duties requiring less skill. Duties include using, supplying, or holding materials or tools, and cleaning work area and equipment.",Critical Thinking|Monitoring|Active Listening|Speaking|Reading Comprehension|Active Learning|Mathematics|Learning Strategies|Writing|Science,3.0|3.0|2.88|2.75|2.38|2.38|2.25|2.25|2.0|1.25,Microsoft Office software|Autodesk Revit|Microsoft Access|Tradesman's Software Master Estimator|Measure Square FloorEstimate Pro|Microsoft Visio|Aya Associates Comp-U-Floor|EasyCAD Iris 2D|RISA Technologies RISAMasonry|Microsoft SharePoint|TileGem|Daystar iStructural.com|Construction Management Software ProEst|CPR Visual Estimator|Microsoft Word,Y|N|N|N|N|N|N|Y|N|Y|Y|Y|Y|Y|Y
47-3012.00,Helpers--Carpenters,"Help carpenters by performing duties requiring less skill. Duties include using, supplying, or holding materials or tools, and cleaning work area and equipment.",Active Listening|Speaking|Critical Thinking|Monitoring|Reading Comprehension|Active Learning|Mathematics|Writing|Learning Strategies|Science,3.0|3.0|3.0|3.0|2.88|2.88|2.38|2.25|2.12|1.0,Microsoft Outlook|Job costing software|Craftsman CD Estimator|Microsoft Office software|Microsoft Access|Drawing and drafting software|SAP software|Turtle Creek Software Goldenseal|UNIX|Salesforce software|Microsoft Windows|Linux|Microsoft SharePoint|Oracle Database|Quicken,N|N|N|N|Y|N|Y|Y|Y|Y|Y|Y|Y|Y|Y
47-3013.00,Helpers--Electricians,"Help electricians by performing duties requiring less skill. Duties include using, supplying, or holding materials or tools, and cleaning work area and equipment.",Active Listening|Speaking|Critical Thinking|Active Learning|Monitoring|Reading Comprehension|Writing|Learning Strategies|Mathematics|Science,3.25|3.12|3.12|2.88|2.75|2.5|2.38|2.25|2.12|1.88,Computer-aided drafting or design software|Recordkeeping software|Microsoft Office software|Report generation software|Microsoft Excel,N|Y|Y|N|N
47-3014.00,"Helpers--Painters, Paperhangers, Plasterers, and Stucco Masons","Help painters, paperhangers, plasterers, or stucco masons by performing duties requiring less skill. Duties include using, supplying, or holding materials or tools, and cleaning work area and equipment.",Speaking|Active Listening|Critical Thinking|Monitoring|Active Learning|Learning Strategies|Reading Comprehension|Writing|Mathematics|Science,3.0|2.88|2.75|2.75|2.38|2.25|2.12|2.0|1.12|1.12,Construction Software Center EasyEst|A-Systems JobView|Cost estimating software|On Center Quick Bid|Sage Construction Anywhere|Evergreen Technology Eagle Bid Estimating|Microsoft Office software|Apple iWork|Turtle Creek Software Goldenseal|Microsoft Excel,N|N|N|N|N|Y|Y|N|N|N
47-3015.00,"Helpers--Pipelayers, Plumbers, Pipefitters, and Steamfitters","Help plumbers, pipefitters, steamfitters, or pipelayers by performing duties requiring less skill. Duties include using, supplying, or holding materials or tools, and cleaning work area and equipment.",Active Listening|Critical Thinking|Monitoring|Active Learning|Speaking|Reading Comprehension|Mathematics|Writing|Learning Strategies|Science,2.88|2.88|2.88|2.62|2.5|2.38|2.25|2.0|2.0|1.12,Microsoft Word|Microsoft Office software|Microsoft Excel,Y|Y|Y
47-3016.00,Helpers--Roofers,"Help roofers by performing duties requiring less skill. Duties include using, supplying, or holding materials or tools, and cleaning work area and equipment.",Active Listening|Monitoring|Speaking|Critical Thinking|Active Learning|Reading Comprehension|Writing|Mathematics|Learning Strategies|Science,3.0|2.75|2.62|2.62|2.5|2.12|2.0|2.0|2.0|1.0,Wintac Pro|Energy cost evaluation software|Maintenance record software|Roofing Calculator|Roof Pro Estimate Software Roof Pro|Insight Direct ServiceCEO|DigiTools Roof CAD|Ziatek RoofDraw|Exele TopView|RoofLogic|Humidity and vapor drive calculation software|AppliCad Roof Wizard,N|N|N|N|N|N|N|N|N|N|N|N
47-3019.00,"Helpers, Construction Trades, All Other",All construction trades helpers not listed separately.,,,,
47-4011.00,Construction and Building Inspectors,"Inspect structures using engineering skills to determine structural soundness and compliance with specifications, building codes, and other regulations. Inspections may be general in nature or may be limited to a specific area, such as electrical systems or plumbing.",Reading Comprehension|Critical Thinking|Active Listening|Speaking|Writing|Active Learning|Mathematics|Learning Strategies|Monitoring|Science,4.0|3.88|3.75|3.75|3.12|3.12|3.0|3.0|3.0|2.5,Microsoft Outlook|Municipal geographic management software|Real estate and tax software|New construction inspection form software|Microsoft Office software|Database software|Inspection Depot Home Guide System|Residential home inspection form software|Microsoft Project|Oracle Primavera Systems|OptaSoft Commercial Building Inspector|Autodesk AutoCAD|SAP software|Oracle Primavera Enterprise Project Portfolio Management|Vision Software,N|Y|N|N|N|N|N|Y|Y|N|N|Y|Y|Y|Y
47-4011.01,Energy Auditors,"Conduct energy audits of buildings, building systems, or process systems. May also conduct investment grade audits of buildings or systems.",Reading Comprehension|Speaking|Active Listening|Critical Thinking|Writing|Mathematics|Monitoring|Active Learning|Learning Strategies|Science,3.88|3.88|3.75|3.75|3.62|3.38|3.38|3.12|3.0|2.75,Microsoft Outlook|Python|MotorMaster+|Good Steward Software EnergyCAP|IBM SPSS Statistics|Microsoft Office software|Energy Efficient Rehab Advisor|Wolfram Research Mathematica|Cool Roof Calculator|Microsoft Access|Architectural Energy Corporation REM/Rate|Trane TRACE|The MathWorks MATLAB|EffTec EffTrack|Microsoft Publisher,N|N|Y|N|N|Y|Y|N|N|N|N|N|N|N|N
47-4021.00,Elevator and Escalator Installers and Repairers,"Assemble, install, repair, or maintain electric or hydraulic freight or passenger elevators, escalators, or dumbwaiters.",Critical Thinking|Active Listening|Reading Comprehension|Active Learning|Monitoring|Speaking|Writing|Learning Strategies|Mathematics|Science,3.62|3.38|3.12|3.12|3.12|3.0|2.75|2.38|2.25|1.88,Microsoft Word|Microsoft Outlook|Computerized maintenance management system CMMS|Troubleshooting software|Elevator Controls INTERACT|Scheduling software|Microsoft Excel|WORLD Electronics Freedomware,N|N|Y|Y|Y|N|N|N
47-4031.00,Fence Erectors,"Erect and repair fences and fence gates, using hand and power tools.",Active Listening|Speaking|Critical Thinking|Monitoring|Reading Comprehension|Mathematics|Active Learning|Learning Strategies|Writing|Science,3.0|3.0|3.0|3.0|2.5|2.25|2.25|2.25|2.0|1.12,Facebook|Autodesk AutoCAD|Software Design Associates Computer Fencing System CFS|Microsoft Excel|Maxwell Systems American Contractor|Cutlist Plus fx,Y|N|Y|N|Y|N
47-4041.00,Hazardous Materials Removal Workers,"Identify, remove, pack, transport, or dispose of hazardous materials, including asbestos, lead-based paint, waste oil, fuel, transmission fluid, radioactive materials, or contaminated soil. Specialized training and certification in hazardous materials handling or a confined entry permit are generally required. May operate earth-moving equipment or trucks.",Monitoring|Critical Thinking|Active Listening|Reading Comprehension|Speaking|Active Learning|Writing|Learning Strategies|Mathematics|Science,3.5|3.25|3.12|3.0|3.0|2.88|2.62|2.12|2.0|1.75,Microsoft Word|Microsoft Outlook|SAP software|Microsoft Office software|Computerized maintenance management system software CMMS|Xactware Xactimate|Database software|Microsoft Excel|Microsoft PowerPoint|Inventory management systems|Jenkins CI,N|N|N|Y|Y|Y|Y|Y|Y|Y|N
47-4051.00,Highway Maintenance Workers,"Maintain highways, municipal and rural roads, airport runways, and rights-of-way. Duties include patching broken or eroded pavement and repairing guard rails, highway markers, and snow fences. May also mow or clear brush from along road, or plow snow from roadway.",Monitoring|Active Listening|Speaking|Critical Thinking|Reading Comprehension|Active Learning|Writing|Mathematics|Learning Strategies|Science,3.12|3.0|3.0|2.88|2.75|2.38|2.12|2.12|2.0|1.0,Microsoft Word|Microsoft Outlook|Microsoft Office software|Web browser software|Microsoft Excel|Database software|Microsoft PowerPoint,N|Y|Y|Y|Y|Y|N
47-4061.00,Rail-Track Laying and Maintenance Equipment Operators,"Lay, repair, and maintain track for standard or narrow-gauge railroad equipment used in regular railroad service or in plant yards, quarries, sand and gravel pits, and mines. Includes ballast cleaning machine operators and railroad bed tamping machine operators.",Active Listening|Monitoring|Critical Thinking|Speaking|Active Learning|Learning Strategies|Reading Comprehension|Writing|Mathematics|Science,3.0|3.0|2.75|2.62|2.5|2.5|2.25|2.12|2.0|1.12,Timekeeping software|Microsoft Office software|Microsoft Excel,Y|Y|N
47-4071.00,Septic Tank Servicers and Sewer Pipe Cleaners,"Clean and repair septic tanks, sewer lines, or drains. May patch walls and partitions of tank, replace damaged drain tile, or repair breaks in underground piping.",Critical Thinking|Active Listening|Monitoring|Reading Comprehension|Speaking|Active Learning|Learning Strategies|Writing|Mathematics|Science,3.12|3.0|2.88|2.75|2.75|2.75|2.62|2.5|2.38|1.25,Microsoft Word|Intuit QuickBooks|Work scheduling software|Route mapping software|Web browser software|Microsoft Excel,Y|Y|Y|N|N|N
47-4091.00,Segmental Pavers,"Lay out, cut, and place segmental paving units. Includes installers of bedding and restraining materials for the paving units.",Active Listening|Speaking|Critical Thinking|Monitoring|Reading Comprehension|Writing|Active Learning|Learning Strategies|Mathematics|Science,3.5|3.5|3.25|2.88|2.75|2.62|2.62|2.38|2.0|1.12,Depiction Software Deco-Con Estimator|Microsoft Word|UNI-GROUP Lockpave Pro|Depiction Software Deco-Con|Microsoft Office software|Decorative Software Online Visualizers|Web browser software|Database software|Microsoft Excel|Microsoft PowerPoint|Depiction Software Hardscape Imaging,N|N|N|N|N|Y|Y|Y|Y|N|N
47-4099.00,"Construction and Related Workers, All Other",All construction and related workers not listed separately.,,,,
47-4099.03,Weatherization Installers and Technicians,"Perform a variety of activities to weatherize homes and make them more energy efficient. Duties include repairing windows, insulating ducts, and performing heating, ventilating, and air-conditioning (HVAC) work. May perform energy audits and advise clients on energy conservation measures.",Monitoring|Critical Thinking|Active Listening|Speaking|Reading Comprehension|Writing|Active Learning|Mathematics|Learning Strategies|Science,3.38|3.25|3.12|3.12|3.0|2.88|2.88|2.75|2.75|2.0,Microsoft Windows|Microsoft Outlook|Microsoft Word|Energy auditing software|Microsoft PowerPoint|SAP software|Microsoft Office software|Work scheduling software|Energy use ratings databases|Web browser software|Microsoft Excel|Database software|Microsoft Access|Salesforce.com Salesforce CRM|Microsoft Project,N|N|N|Y|Y|Y|Y|Y|Y|Y|Y|N|Y|N|N
47-5011.00,"Derrick Operators, Oil and Gas",Rig derrick equipment and operate pumps to circulate mud or fluid through drill hole.,Critical Thinking|Speaking|Monitoring|Active Listening|Reading Comprehension|Writing|Active Learning|Learning Strategies|Mathematics|Science,3.5|3.38|3.38|3.25|2.88|2.75|2.75|2.75|2.38|1.25,Microsoft Word|Microsoft Outlook|Microsoft Excel,Y|Y|Y
47-5012.00,"Rotary Drill Operators, Oil and Gas","Set up or operate a variety of drills to remove underground oil and gas, or remove core samples for testing during oil and gas exploration.",Critical Thinking|Monitoring|Active Listening|Speaking|Reading Comprehension|Writing|Learning Strategies|Active Learning|Mathematics|Science,3.62|3.5|3.38|3.25|3.12|3.0|3.0|2.88|2.38|1.25,Microsoft Word|Python|CAPSHER Technology SureTec|Drillingsoftware DrillPro|Schlumberger Petrel E&P|SAP software|Microsoft Office software|Structure query language SQL|Microsoft Excel|Pason WellView Field Solution|Salesforce software|Drillingsoftware Tubular Database,N|N|N|Y|Y|Y|N|Y|Y|Y|N|N
47-5013.00,"Service Unit Operators, Oil and Gas","Operate equipment to increase oil flow from producing wells or to remove stuck pipe, casing, tools, or other obstructions from drilling wells. Includes fishing-tool technicians.",Critical Thinking|Monitoring|Active Listening|Reading Comprehension|Writing|Speaking|Active Learning|Learning Strategies|Mathematics|Science,3.75|3.62|3.38|3.0|3.0|3.0|3.0|2.88|2.75|1.38,Microsoft Word|Computerized maintenance management system CMMS|Inventory tracking software|Microsoft SharePoint|Data logger software|SAP software|Microsoft Office software|Supervisory control and data acquisition SCADA software|Microsoft Excel|Time and attendance software|Microsoft PowerPoint,N|N|N|Y|Y|Y|Y|Y|Y|N|N
47-5022.00,"Excavating and Loading Machine and Dragline Operators, Surface Mining","Operate or tend machinery at surface mining site, equipped with scoops, shovels, or buckets to excavate and load loose materials.",Monitoring|Reading Comprehension|Active Listening|Speaking|Critical Thinking|Active Learning|Writing|Learning Strategies|Mathematics|Science,3.12|3.0|3.0|3.0|3.0|3.0|2.5|2.38|2.25|1.0,Microsoft Windows|Microsoft Outlook|Google Gmail|Microsoft Word|Microsoft Office software|Email software|Microsoft Excel|Machine control systems|Microsoft PowerPoint|Machine monitoring software,N|N|N|N|Y|Y|Y|Y|Y|Y
47-5023.00,"Earth Drillers, Except Oil and Gas","Operate a variety of drills such as rotary, churn, and pneumatic to tap subsurface water and salt deposits, to remove core samples during mineral exploration or soil testing, and to facilitate the use of explosives in mining or construction. Includes horizontal and earth boring machine operators.",Critical Thinking|Monitoring|Active Listening|Speaking|Reading Comprehension|Active Learning|Writing|Mathematics|Learning Strategies|Science,3.25|3.12|3.0|3.0|2.75|2.75|2.38|2.25|2.25|1.62,Microsoft Word|Microsoft Office software|Global positioning system GPS software|Microsoft Excel,N|Y|Y|Y
47-5032.00,"Explosives Workers, Ordnance Handling Experts, and Blasters","Place and detonate explosives to demolish structures or to loosen, remove, or displace earth, rock, or other materials. May perform specialized handling, storage, and accounting procedures.",Active Listening|Monitoring|Critical Thinking|Speaking|Reading Comprehension|Active Learning|Learning Strategies|Writing|Mathematics|Science,3.88|3.75|3.62|3.38|3.12|3.12|3.0|2.88|2.5|1.88,Microsoft Word|Microsoft Outlook|Autodesk AutoCAD|ESRI ArcGIS software|Global positioning system GPS software|Microsoft Office software|Blaster's Tool and Supply Company Blaster's Calculator|DetNet ViewShot|Microsoft Excel|Microsoft PowerPoint|Datavis DBS Designer,Y|N|N|N|Y|N|Y|Y|Y|Y|Y
47-5041.00,Continuous Mining Machine Operators,"Operate self-propelled mining machines that rip coal, metal and nonmetal ores, rock, stone, or sand from the mine face and load it onto conveyors, shuttle cars, or trucks in a continuous operation.",Critical Thinking|Active Listening|Speaking|Monitoring|Reading Comprehension|Active Learning|Learning Strategies|Writing|Mathematics|Science,3.25|3.0|3.0|3.0|2.75|2.75|2.38|2.12|2.0|1.38,Microsoft Word|Fleet monitoring system software|Microsoft Office software|Hitachi ZXLink|Microsoft Excel|Leica Geosystems FMS|Microsoft PowerPoint|Minitab,N|N|N|Y|Y|Y|Y|N
47-5043.00,"Roof Bolters, Mining",Operate machinery to install roof support bolts in underground mine.,Critical Thinking|Monitoring|Active Listening|Speaking|Active Learning|Reading Comprehension|Learning Strategies|Writing|Mathematics|Science,3.38|3.25|3.12|3.0|2.88|2.38|2.25|2.12|2.12|1.5,Caterpillar Cat MineStar System|Caterpillar Command,N|N
47-5044.00,"Loading and Moving Machine Operators, Underground Mining","Operate underground loading or moving machine to load or move coal, ore, or rock using shuttle or mine car or conveyors. Equipment may include power shovels, hoisting engines equipped with cable-drawn scraper or scoop, or machines equipped with gathering arms and conveyor.",Active Listening|Speaking|Critical Thinking|Reading Comprehension|Monitoring|Active Learning|Learning Strategies|Writing|Mathematics|Science,3.0|3.0|3.0|2.88|2.88|2.12|2.12|2.0|2.0|1.0,Microsoft Windows|Microsoft Outlook|Mine maintenance software|Work time accounting software|Maintenance management software|Automated systems software|Microsoft Excel|Microsoft PowerPoint|Inventory management systems,N|N|N|Y|Y|Y|Y|N|N
47-5049.00,"Underground Mining Machine Operators, All Other",All underground mining machine operators not listed separately.,,,,
47-5051.00,"Rock Splitters, Quarry","Separate blocks of rough dimension stone from quarry mass using jackhammers, wedges, or chop saws.",Active Listening|Monitoring|Reading Comprehension|Critical Thinking|Speaking|Writing|Active Learning|Learning Strategies|Mathematics|Science,3.0|2.88|2.75|2.75|2.62|2.12|2.12|2.0|1.88|1.12,Facebook|Microsoft Word|Apache HTTP Server|Autodesk AutoCAD|Maintenance reporting software|Time reporting software|SAP software|Microsoft Office software|Microsoft Excel|Microsoft PowerPoint|Microsoft Project|Minitab,N|Y|Y|N|Y|Y|Y|Y|Y|N|Y|N
47-5071.00,"Roustabouts, Oil and Gas",Assemble or repair oil field equipment using hand and power tools. Perform other tasks as needed.,Critical Thinking|Monitoring|Active Listening|Speaking|Active Learning|Learning Strategies|Reading Comprehension|Writing|Mathematics|Science,3.12|3.0|2.88|2.75|2.5|2.25|2.12|2.12|2.0|1.0,Microsoft Windows|Microsoft Outlook|Microsoft Word|Telephony software|Maintenance record software|Microsoft PowerPoint|Maintenance software|SAP software|Enertia|Microsoft Office software|Purchasing software|Database management systems|Microsoft Excel|Microsoft Access|Inventory management systems,N|N|N|N|N|Y|Y|Y|Y|Y|Y|N|Y|N|Y
47-5081.00,Helpers--Extraction Workers,"Help extraction craft workers, such as earth drillers, blasters and explosives workers, derrick operators, and mining machine operators, by performing duties requiring less skill. Duties include supplying equipment or cleaning work area.",Monitoring|Critical Thinking|Active Listening|Speaking|Active Learning|Reading Comprehension|Learning Strategies|Mathematics|Writing|Science,3.75|3.12|3.0|2.88|2.88|2.75|2.62|2.5|2.38|1.38,Microsoft Word|Microsoft Outlook|Microsoft Office software|Microsoft Excel|Google Docs,Y|Y|Y|Y|Y
47-5099.00,"Extraction Workers, All Other",All extraction workers not listed separately.,,,,
49-1011.00,"First-Line Supervisors of Mechanics, Installers, and Repairers","Directly supervise and coordinate the activities of mechanics, installers, and repairers. May also advise customers on recommended services. Excludes team or work leaders.",Monitoring|Speaking|Critical Thinking|Reading Comprehension|Active Listening|Active Learning|Learning Strategies|Writing|Mathematics|Science,4.0|3.75|3.75|3.62|3.62|3.25|3.12|3.0|2.88|1.75,Microsoft Outlook|IBM Domino|Recordkeeping software|Microsoft Office software|Scheduling software|Maintenance management software|Supervisory control and data acquisition SCADA software|Database software|Microsoft Access|Microsoft Project|IBM Notes|Computerized maintenance management system CMMS|Autodesk AutoCAD|Automated inventory software|SAP software,Y|N|N|N|N|N|N|N|N|N|N|N|N|Y|N
49-2011.00,"Computer, Automated Teller, and Office Machine Repairers","Repair, maintain, or install computers, word processing systems, automated teller machines, and electronic office machines, such as duplicating and fax machines.",Active Listening|Critical Thinking|Speaking|Reading Comprehension|Writing|Active Learning|Monitoring|Learning Strategies|Mathematics|Science,3.62|3.5|3.25|3.12|3.0|3.0|3.0|2.62|1.88|1.88,Microsoft Outlook|Inventory control system software|McNeel Rhinoceros 3D|Symantec Norton Utilities|Microsoft Office software|Scheduling software|Hypertext markup language HTML|Microsoft Active Directory|Database software|Microsoft Access|Call tracking software|Macromedia Cold Fusion|Symantec Altiris Deployment Solution|IBM Notes|ServiceNow,Y|N|N|N|N|N|Y|N|Y|N|N|N|Y|Y|N
49-2021.00,"Radio, Cellular, and Tower Equipment Installers and Repairers","Repair, install, or maintain mobile or stationary radio transmitting, broadcasting, and receiving equipment, and two-way radio communications systems used in cellular telecommunications, mobile broadband, ship-to-shore, aircraft-to-ground communications, and radio equipment in service and emergency vehicles. May test and analyze network coverage.",Reading Comprehension|Active Listening|Speaking|Critical Thinking|Monitoring|Writing|Active Learning|Mathematics|Learning Strategies|Science,3.25|3.25|3.25|3.25|3.12|3.0|3.0|2.75|2.62|1.75,AERONET calculator|Microsoft Windows|Microsoft Outlook|Microsoft Word|Computerized maintenance management system CMMS|Location mapping software|Zoho WebNMS Cell Tower Manager|Sweep analysis software|Caliper Maptitude|Microsoft Office software|Backbone.js|Microsoft Excel|Microsoft PowerPoint|Microsoft Project|Maintenance documentation software,N|N|N|N|N|N|Y|Y|Y|Y|Y|Y|Y|N|N
49-2022.00,"Telecommunications Equipment Installers and Repairers, Except Line Installers","Install, set up, rearrange, or remove switching, distribution, routing, and dialing equipment used in central offices or headends. Service or repair telephone, cable television, Internet, and other communications equipment on customers' property. May install communications equipment or communications wiring in buildings.",Critical Thinking|Reading Comprehension|Active Listening|Monitoring|Speaking|Active Learning|Writing|Learning Strategies|Mathematics|Science,3.75|3.5|3.5|3.5|3.0|3.0|2.88|2.75|2.12|1.88,Microsoft Word|Microsoft Outlook|Firewall software|IBM Domino|Autodesk AutoCAD|Voice over internet protocol VoIP system software|Apache Struts|Fluke Networks TechAdvisor Field Access System|Microsoft Office software|Geographic information system GIS systems|Supervisory control and data acquisition SCADA software|Fluke ClearSight Analyzer|Microsoft Excel|Fluke Networks Fluke TechEXPERT|Microsoft PowerPoint,N|Y|N|N|N|N|N|N|N|Y|Y|Y|Y|Y|N
49-2091.00,Avionics Technicians,"Install, inspect, test, adjust, or repair avionics equipment, such as radar, radio, navigation, and missile control systems in aircraft or space vehicles.",Critical Thinking|Active Listening|Speaking|Reading Comprehension|Writing|Monitoring|Active Learning|Science|Learning Strategies|Mathematics,3.75|3.38|3.38|3.25|3.25|3.12|3.0|2.88|2.62|2.12,Microsoft Outlook|Apache HTTP Server|Avionics system testing software|Microsoft Office software|Workday software|Technical Data Management System TDMS|Autodesk AutoCAD|SAP software|UNIX|C++|Linux|Maintenance record software|Computer diagnostic software|Microsoft Word|Dassault Systemes CATIA,N|Y|N|Y|N|N|Y|N|Y|Y|Y|Y|Y|Y|Y
49-2092.00,"Electric Motor, Power Tool, and Related Repairers","Repair, maintain, or install electric motors, wiring, or switches.",Critical Thinking|Active Listening|Reading Comprehension|Speaking|Writing|Active Learning|Monitoring|Learning Strategies|Mathematics|Science,3.75|3.12|3.0|3.0|2.88|2.88|2.88|2.75|2.62|2.12,Microsoft Word|Microsoft Outlook|Python|Computerized maintenance management system CMMS|Motor testing software|Autodesk AutoCAD|Microsoft PowerPoint|SAP software|Microsoft Office software|Microsoft Excel|Microsoft Access|Commutator profiling software,Y|N|N|Y|Y|Y|Y|Y|Y|N|Y|Y
49-2093.00,"Electrical and Electronics Installers and Repairers, Transportation Equipment","Install, adjust, or maintain mobile electronics communication equipment, including sound, sonar, security, navigation, and surveillance systems on trains, watercraft, or other mobile equipment.",Critical Thinking|Active Listening|Reading Comprehension|Monitoring|Writing|Speaking|Active Learning|Mathematics|Science|Learning Strategies,3.62|3.38|3.12|3.12|3.0|3.0|2.25|2.12|2.12|2.12,Microsoft Word|Microsoft Outlook|Fluke Corporation FlukeView Forms|Linux|Adobe InDesign|Autodesk AutoCAD|Microsoft PowerPoint|Adobe Photoshop|Microsoft Office software|Adobe Acrobat|Autodesk Revit|IBM Lotus Notes|IBM Lotus 1-2-3|Megger PowerDB|Microsoft Excel,Y|Y|Y|Y|Y|Y|Y|N|N|N|Y|N|Y|Y|Y
49-2094.00,"Electrical and Electronics Repairers, Commercial and Industrial Equipment","Repair, test, adjust, or install electronic equipment, such as industrial controls, transmitters, and antennas.",Critical Thinking|Reading Comprehension|Active Listening|Speaking|Monitoring|Writing|Active Learning|Learning Strategies|Mathematics|Science,3.75|3.12|3.12|3.12|3.12|3.0|3.0|2.88|2.75|2.75,Programmable logic controller PLC software|Microsoft Windows|Microsoft Word|Computerized maintenance management system CMMS|Autodesk AutoCAD|SAP Maintenance|Microsoft Office software|Maintenance management software|Email software|Circuit evaluation software|Database software|Microsoft Excel|Rockwell RSLogix,Y|N|N|N|N|N|Y|Y|Y|Y|N|N|N
49-2095.00,"Electrical and Electronics Repairers, Powerhouse, Substation, and Relay","Inspect, test, repair, or maintain electrical equipment in generating stations, substations, and in-service relays.",Critical Thinking|Reading Comprehension|Active Listening|Speaking|Monitoring|Writing|Active Learning|Science|Mathematics|Learning Strategies,3.75|3.38|3.12|3.12|3.0|2.88|2.88|2.62|2.25|2.25,Microsoft Windows|Microsoft Outlook|Microsoft Word|Fluke Corporation FlukeView Forms|Autodesk AutoCAD|Microsoft Office software|Supervisory control and data acquisition SCADA software|Web browser software|Microsoft Excel|Megger PowerDB|OMICRON Test Universe,Y|N|N|Y|Y|Y|Y|Y|N|N|N
49-2096.00,"Electronic Equipment Installers and Repairers, Motor Vehicles","Install, diagnose, or repair communications, sound, security, or navigation equipment in motor vehicles.",Critical Thinking|Active Listening|Reading Comprehension|Speaking|Writing|Monitoring|Active Learning|Learning Strategies|Mathematics|Science,3.5|3.38|3.12|3.0|2.88|2.88|2.75|2.5|2.25|1.88,Microsoft Word|True Audio WinSpeakerz|Installalogy Access Client|Harris Tech X.over Pro|Harris Technologies BassBox|Microsoft Office software|LinearTeam WinISD|Microsoft Excel|MobileToys MAIDXL|Microsoft PowerPoint|WHE Term-PAK|Microsoft Internet Explorer,N|N|N|N|Y|N|Y|Y|Y|N|N|N
49-2097.00,Audiovisual Equipment Installers and Repairers,"Install, repair, or adjust audio or television receivers, stereo systems, camcorders, video systems, or other electronic entertainment equipment in homes or other venues. May perform routine maintenance.",Speaking|Reading Comprehension|Active Listening|Critical Thinking|Active Learning|Monitoring|Writing|Learning Strategies|Mathematics|Science,3.38|3.12|3.12|3.12|2.88|2.88|2.75|2.62|2.25|1.75,Microsoft Word|Audio calibration software|Global positioning system GPS software|Microsoft Office software|Microsoft Excel,N|N|Y|Y|Y
49-2098.00,Security and Fire Alarm Systems Installers,"Install, program, maintain, and repair security and fire alarm wiring and equipment. Ensure that work is in accordance with relevant codes.",Speaking|Critical Thinking|Active Listening|Reading Comprehension|Monitoring|Writing|Active Learning|Learning Strategies|Mathematics|Science,3.38|3.38|3.25|3.12|3.0|2.88|2.88|2.38|2.12|1.75,Microsoft Windows|Microsoft Outlook|Microsoft Word|Autodesk AutoCAD|Microsoft Office software|Microsoft Hyperterminal|Microsoft Excel|Microsoft PowerPoint|Traceroute|Exacq Technologies software,Y|N|Y|N|Y|Y|Y|Y|Y|N
49-3011.00,Aircraft Mechanics and Service Technicians,"Diagnose, adjust, repair, or overhaul aircraft engines and assemblies, such as hydraulic and pneumatic systems.",Reading Comprehension|Critical Thinking|Monitoring|Active Listening|Speaking|Active Learning|Writing|Mathematics|Learning Strategies|Science,4.12|4.0|3.62|3.5|3.25|3.12|3.0|2.88|2.75|2.38,Microsoft Outlook|Microsoft Office software|Computerized aircraft log manager CALM|Supply system software|Technical Data Management System TDMS|Technical manual database software|Pentagon 2000SQL|SAP software|DatcoMedia EBis|Disassembler software|Tracware AeroTrac|Microsoft Windows|Maintenance record software|Engine analysis software|CaseBank SpotLight,N|N|N|N|N|N|N|N|N|Y|Y|Y|Y|Y|Y
49-3021.00,Automotive Body and Related Repairers,Repair and refinish automotive vehicle bodies and straighten vehicle frames.,Active Listening|Speaking|Critical Thinking|Monitoring|Reading Comprehension|Active Learning|Writing|Learning Strategies|Mathematics|Science,3.0|3.0|3.0|3.0|2.88|2.88|2.38|2.25|2.12|1.25,Microsoft Windows|Microsoft Outlook|Microsoft OneNote|Collision damage measurement software|AutoZone ALLDATA|Microsoft Word|Equipment management information software|Appointment scheduling software|Paint mixing and matching software|Swan River Estimiser Pro|Microsoft Office software|Automotive and Accounting Software by R*KOM Invoice Writer|Collision damage estimation software|Microsoft Excel|Accounts receivable software,N|N|N|N|N|N|N|N|Y|Y|N|Y|Y|Y|N
49-3022.00,Automotive Glass Installers and Repairers,Replace or repair broken windshields and window glass in motor vehicles.,Speaking|Active Listening|Critical Thinking|Monitoring|Active Learning|Reading Comprehension|Writing|Learning Strategies|Mathematics|Science,3.0|2.88|2.88|2.88|2.62|2.5|2.38|2.38|2.0|1.5,Workday software|Microsoft Windows|Recordkeeping software|Estimating software,N|Y|N|Y
49-3023.00,Automotive Service Technicians and Mechanics,"Diagnose, adjust, repair, or overhaul automotive vehicles.",Critical Thinking|Active Listening|Monitoring|Speaking|Active Learning|Reading Comprehension|Writing|Learning Strategies|Mathematics|Science,3.5|3.25|3.12|3.0|3.0|2.88|2.62|2.62|2.25|1.5,Microsoft Outlook|Recordkeeping software|Microsoft Office software|Scheduling software|Microsoft Edge|CODA Engine Analysis System|Estimating software|Database software|Technical manual database software|IBM Notes|Hunter WinAlign|Mozilla Firefox|Blue Streak Electronics Buell Diagnostic|SAP software|Alliance Automotive Shop Controller,N|N|Y|N|N|N|N|N|N|N|N|N|Y|Y|Y
49-3031.00,Bus and Truck Mechanics and Diesel Engine Specialists,"Diagnose, adjust, repair, or overhaul buses and trucks, or maintain and repair any type of diesel engines. Includes mechanics working primarily with automobile or marine diesel engines.",Critical Thinking|Speaking|Active Listening|Monitoring|Reading Comprehension|Active Learning|Learning Strategies|Writing|Mathematics|Science,3.25|3.12|3.0|3.0|2.88|2.75|2.75|2.62|2.0|1.75,Fleet management software|Microsoft Word|Engine diagnostic software|Inventory tracking software|Dassault Systemes CATIA|Autodesk AutoCAD|SAP software|Microsoft Office software|Computerized maintenance management system software CMMS|Scheduling software|Cummins INSITE|Database software|Microsoft Excel|Shop management software|Dassault Systemes SolidWorks,Y|N|N|N|Y|N|N|N|N|Y|Y|Y|Y|N|N
49-3041.00,Farm Equipment Mechanics and Service Technicians,"Diagnose, adjust, repair, or overhaul farm machinery and vehicles, such as tractors, harvesters, dairy equipment, and irrigation systems.",Critical Thinking|Active Listening|Speaking|Monitoring|Reading Comprehension|Active Learning|Writing|Learning Strategies|Mathematics|Science,3.5|3.12|3.12|3.12|3.0|3.0|2.88|2.75|2.62|2.0,Microsoft Word|Microsoft Outlook|Computerized maintenance management system CMMS|Microsoft Office software|FarmLogic FarmPAD|Web browser software|Microsoft Excel|ServiceMax,N|N|Y|Y|Y|Y|N|N
49-3042.00,"Mobile Heavy Equipment Mechanics, Except Engines","Diagnose, adjust, repair, or overhaul mobile mechanical, hydraulic, and pneumatic equipment, such as cranes, bulldozers, graders, and conveyors, used in construction, logging, and mining.",Critical Thinking|Reading Comprehension|Active Listening|Writing|Speaking|Active Learning|Monitoring|Mathematics|Learning Strategies|Science,3.25|3.12|3.0|3.0|3.0|3.0|3.0|2.88|2.62|1.88,Fleet management software|Microsoft Outlook|Microsoft Word|Recordkeeping software|Microsoft Office software|Maintenance management software|Microsoft Excel|Database software,N|N|N|Y|Y|Y|Y|N
49-3043.00,Rail Car Repairers,"Diagnose, adjust, repair, or overhaul railroad rolling stock, mine cars, or mass transit rail cars.",Critical Thinking|Active Listening|Speaking|Reading Comprehension|Writing|Monitoring|Active Learning|Learning Strategies|Mathematics|Science,3.25|3.0|3.0|2.88|2.88|2.88|2.75|2.62|2.12|1.75,Microsoft Windows|Microsoft Outlook|Microsoft Word|RailTech Software Systems Mars for the 21st Century|Mozilla Firefox|Microsoft Office software|WheelShop Automation.com Wheel Shop Management Suite|Adobe Acrobat|Disassembler software|Microsoft Excel|RailTech Software Solutions Rail 21 Management System|Microsoft PowerPoint|Microsoft Internet Explorer,Y|N|Y|N|Y|Y|Y|Y|Y|Y|N|N|N
49-3051.00,Motorboat Mechanics and Service Technicians,Repair and adjust electrical and mechanical equipment of inboard or inboard-outboard boat engines.,Critical Thinking|Active Listening|Speaking|Monitoring|Reading Comprehension|Writing|Active Learning|Mathematics|Science|Learning Strategies,3.38|3.12|3.0|2.88|2.75|2.5|2.38|2.25|2.0|2.0,Facebook|Microsoft Word|Inventory tracking software|Rinda Technologies DIACOM Marine|Engine diagnostic scanners|Microsoft Office software|CDI Electronics M.E.D.S.|Microsoft Excel|Outboard engine diagnostic software|Microsoft PowerPoint,N|N|Y|N|Y|Y|Y|Y|N|N
49-3052.00,Motorcycle Mechanics,"Diagnose, adjust, repair, or overhaul motorcycles, scooters, mopeds, dirt bikes, or similar motorized vehicles.",Active Listening|Speaking|Critical Thinking|Active Learning|Monitoring|Reading Comprehension|Writing|Learning Strategies|Mathematics|Science,3.12|3.12|3.12|3.12|3.12|3.0|2.75|2.62|2.25|1.88,Facebook|Microsoft Word|Inventory tracking software|Microsoft Office software|TRACKUM Repair Manager|Apple iOS|Santa Maria Software Counterman Pro|Microsoft Excel|DealerTrax ShopOrder|AbbottSoft QuickFix|LightSpeed Cloud,N|Y|N|Y|N|N|Y|Y|Y|N|N
49-3053.00,Outdoor Power Equipment and Other Small Engine Mechanics,"Diagnose, adjust, repair, or overhaul small engines used to power lawn mowers, chain saws, recreational sporting equipment, and related equipment.",Critical Thinking|Active Listening|Reading Comprehension|Speaking|Monitoring|Active Learning|Writing|Learning Strategies|Mathematics|Science,3.25|3.12|2.88|2.88|2.88|2.75|2.62|2.5|2.0|1.75,VersaDyne small engine test system|Microsoft Office software|Web browser software|Microsoft Excel|Land & Sea DYNO-MAX|Sale processing software|Ideal Computer Systems Ideal OPE|RepairTRAX|Smart Equipment Repair,N|N|Y|Y|N|N|N|N|N
49-3091.00,Bicycle Repairers,Repair and service bicycles.,Active Listening|Critical Thinking|Reading Comprehension|Speaking|Writing|Monitoring|Active Learning|Learning Strategies|Mathematics|Science,3.62|3.5|3.0|3.0|2.75|2.75|2.62|2.62|2.0|1.0,Microsoft Word|Microsoft Outlook|Upland Consulting Group Repair Traq|Web browser software|Microsoft Excel|Pedal Powered Software Bicycle Repair Man|RepairTRAX|LightSpeed Cloud,N|Y|Y|Y|N|N|N|N
49-3092.00,Recreational Vehicle Service Technicians,"Diagnose, inspect, adjust, repair, or overhaul recreational vehicles including travel trailers. May specialize in maintaining gas, electrical, hydraulic, plumbing, or chassis/towing systems as well as repairing generators, appliances, and interior components. Includes workers who perform customized van conversions.",Reading Comprehension|Active Listening|Speaking|Critical Thinking|Active Learning|Monitoring|Writing|Mathematics|Learning Strategies|Science,3.0|3.0|3.0|3.0|3.0|2.88|2.62|2.0|2.0|1.62,Facebook|Microsoft Word|Topline Software Solutions Topline Service Manager|Inventory tracking software|Microsoft Office software|Email software|Microsoft Excel|Summit Ordering Systems RvInvoiceWriter|RV Damage Repair Estimator,N|Y|N|Y|Y|Y|N|N|N
49-3093.00,Tire Repairers and Changers,Repair and replace tires.,Active Listening|Speaking|Critical Thinking|Reading Comprehension|Monitoring|Active Learning|Writing|Mathematics|Learning Strategies|Science,2.88|2.75|2.62|2.5|2.5|2.12|2.0|2.0|2.0|1.0,Project estimation software|Microsoft Word|Microsoft Outlook|Recordkeeping software|Microsoft Excel,Y|Y|Y|N|N
49-9011.00,Mechanical Door Repairers,"Install, service, or repair automatic door mechanisms and hydraulic doors. Includes garage door mechanics.",Critical Thinking|Active Listening|Reading Comprehension|Speaking|Active Learning|Monitoring|Writing|Mathematics|Learning Strategies|Science,3.25|3.12|3.0|3.0|3.0|3.0|2.62|2.5|2.25|1.0,Facebook|Microsoft Outlook|Microsoft Windows|Microsoft Office software|Route mapping software|Web browser software|Microsoft Excel|Work order software|Microsoft PowerPoint,Y|Y|Y|Y|Y|Y|N|N|N
49-9012.00,"Control and Valve Installers and Repairers, Except Mechanical Door","Install, repair, and maintain mechanical regulating and controlling devices, such as electric meters, gas regulators, thermostats, safety and flow valves, and other mechanical governors.",Critical Thinking|Active Listening|Speaking|Monitoring|Reading Comprehension|Writing|Active Learning|Learning Strategies|Mathematics|Science,3.38|3.12|3.12|3.12|3.0|3.0|2.88|2.5|2.12|1.75,Microsoft Outlook|Microsoft Office software|Supervisory control and data acquisition SCADA software|Microsoft Access|Autodesk AutoCAD|IBM Maximo Asset Management|Ladder Logic|SAP software|Microsoft Visio|Oracle Primavera Enterprise Project Portfolio Management|Programmable logic controller PLC software|Microsoft Windows|Wonderware software|Microsoft SharePoint|Maintenance record software,Y|N|N|N|N|N|Y|Y|Y|Y|Y|Y|Y|Y|Y
49-9021.00,"Heating, Air Conditioning, and Refrigeration Mechanics and Installers","Install or repair heating, central air conditioning, HVAC, or refrigeration systems, including oil burners, hot-air furnaces, and heating stoves.",Critical Thinking|Reading Comprehension|Active Listening|Speaking|Active Learning|Monitoring|Writing|Mathematics|Learning Strategies|Science,3.62|3.25|3.0|3.0|3.0|3.0|2.88|2.62|2.38|1.88,Microsoft Outlook|Graphics software|Microsoft Office software|Alerton Ascent Compass|Database software|Facility energy management software|IBM Notes|Computerized maintenance management system CMMS|Autodesk AutoCAD|Building automation software|IBM Maximo Asset Management|SAP software|Contact management systems|Cworks CMMS|Data logging software,Y|N|N|Y|N|N|N|N|N|N|N|N|N|N|N
49-9031.00,Home Appliance Repairers,"Repair, adjust, or install all types of electric or gas household appliances, such as refrigerators, washers, dryers, and ovens.",Critical Thinking|Speaking|Active Listening|Reading Comprehension|Active Learning|Monitoring|Writing|Mathematics|Learning Strategies|Science,3.75|3.5|3.38|3.12|2.88|2.88|2.75|2.12|2.12|1.75,Intac International Wintac|Microsoft Windows|Microsoft Outlook|Microsoft Word|Parts database software|RazorSync|Microsoft Office software|Route mapping software|dESCO ESC|Microsoft Excel|Web browser software|ServiceMax,N|N|Y|Y|Y|Y|Y|N|N|N|N|N
49-9041.00,Industrial Machinery Mechanics,"Repair, install, adjust, or maintain industrial production and processing machinery or refinery and pipeline distribution systems. May also install, dismantle, or move machinery and heavy equipment according to plans.",Critical Thinking|Active Listening|Active Learning|Monitoring|Speaking|Reading Comprehension|Writing|Learning Strategies|Mathematics|Science,3.62|3.12|3.12|3.12|3.0|2.88|2.75|2.62|2.38|1.75,Programmable logic controller PLC software|BIT Corp ProMACS PLC|Microsoft Outlook|Microsoft Word|Inventory tracking software|KEYENCE PLC Ladder Logic|SAP software|Microsoft Office software|Maintenance management software|Extranet Machine Tools Suite|Supervisory control and data acquisition SCADA software|Web browser software|Microsoft Excel|Microsoft PowerPoint|Maintenance planning and control software,N|N|N|N|N|N|Y|Y|Y|Y|Y|N|Y|N|N
49-9043.00,"Maintenance Workers, Machinery","Lubricate machinery, change parts, or perform other routine machinery maintenance.",Reading Comprehension|Active Listening|Critical Thinking|Speaking|Active Learning|Monitoring|Writing|Learning Strategies|Mathematics|Science,3.0|3.0|3.0|2.88|2.75|2.75|2.38|2.12|2.0|1.75,Microsoft Word|Microsoft Outlook|Management information systems MIS|SAP software|Microsoft Office software|Computerized maintenance management system software CMMS|Scheduling software|Web browser software|Microsoft Excel|Database software|Microsoft PowerPoint,N|N|N|Y|Y|Y|Y|Y|Y|N|N
49-9044.00,Millwrights,"Install, dismantle, or move machinery and heavy equipment according to layout plans, blueprints, or other drawings.",Critical Thinking|Active Listening|Monitoring|Reading Comprehension|Speaking|Learning Strategies|Writing|Active Learning|Mathematics|Science,3.62|3.12|3.12|3.0|3.0|2.88|2.75|2.75|2.62|1.75,Microsoft Word|Microsoft Outlook|Autodesk AutoCAD|SAP software|Microsoft Office software|Microsoft Excel|Dassault Systemes SolidWorks,Y|Y|Y|Y|Y|Y|Y
49-9045.00,"Refractory Materials Repairers, Except Brickmasons","Build or repair equipment such as furnaces, kilns, cupolas, boilers, converters, ladles, soaking pits, and ovens, using refractory materials.",Active Listening|Reading Comprehension|Critical Thinking|Speaking|Monitoring|Writing|Active Learning|Learning Strategies|Mathematics|Science,3.0|2.88|2.88|2.75|2.75|2.5|2.38|2.25|2.0|1.0,Microsoft Word|Microsoft Outlook|Time tracking software|Microsoft Access|Maintenance management software|Microsoft Excel|Microsoft PowerPoint,N|Y|Y|Y|Y|Y|N
49-9051.00,Electrical Power-Line Installers and Repairers,Install or repair cables or wires used in electrical power or distribution systems. May erect poles and light or heavy duty transmission towers.,Active Listening|Monitoring|Critical Thinking|Reading Comprehension|Active Learning|Speaking|Learning Strategies|Writing|Mathematics|Science,3.38|3.25|3.12|3.0|3.0|2.88|2.75|2.5|2.0|1.75,Microsoft Word|Microsoft Outlook|Global positioning system GPS software|Bentley MicroStation|Microsoft Office software|Geographic information system GIS systems|Computer aided design and drafting CADD software|Email software|Microsoft Excel|Zoom,Y|N|N|N|N|Y|Y|Y|Y|Y
49-9052.00,Telecommunications Line Installers and Repairers,"Install and repair telecommunications cable, including fiber optics.",Speaking|Critical Thinking|Monitoring|Reading Comprehension|Active Listening|Active Learning|Writing|Mathematics|Learning Strategies|Science,3.12|3.12|3.12|3.0|3.0|2.62|2.5|2.12|2.0|1.38,Microsoft Word|Microsoft Outlook|Autodesk AutoCAD|Voice over internet protocol VoIP system software|Microsoft Office software|Ping tools|Workforce management system software|Email software|Microsoft Excel|Mapcom systems M4|Web browser software|Slack|Cisco IOS,Y|N|N|N|Y|Y|Y|Y|N|Y|N|N|N
49-9061.00,Camera and Photographic Equipment Repairers,"Repair and adjust cameras and photographic equipment, including commercial video and motion picture camera equipment.",Critical Thinking|Reading Comprehension|Active Listening|Speaking|Active Learning|Monitoring|Writing|Learning Strategies|Mathematics|Science,3.5|3.12|3.12|3.0|3.0|2.88|2.62|2.62|2.38|2.12,Microsoft Word|Microsoft Office software|Statistical process control SPC software|Email software|Microsoft Excel|RepairTRAX,N|Y|Y|Y|N|N
49-9062.00,Medical Equipment Repairers,"Test, adjust, or repair biomedical or electromedical equipment.",Reading Comprehension|Critical Thinking|Active Listening|Active Learning|Speaking|Mathematics|Monitoring|Writing|Learning Strategies|Science,3.12|3.12|3.0|3.0|2.88|2.88|2.88|2.75|2.62|2.12,Microsoft Word|Microsoft Outlook|Computerized maintenance management system CMMS|Inventory control system software|SAP software|Microsoft Office software|Web browser software|Microsoft Excel|Salesforce software|Microsoft PowerPoint|FaceTime|Medical equipment diagnostic software,N|N|N|N|Y|Y|Y|Y|Y|Y|Y|N
49-9063.00,Musical Instrument Repairers and Tuners,"Repair percussion, stringed, reed, or wind instruments. May specialize in one area, such as piano tuning.",Critical Thinking|Reading Comprehension|Active Listening|Speaking|Monitoring|Writing|Active Learning|Learning Strategies|Mathematics|Science,3.62|3.0|3.0|3.0|2.88|2.75|2.75|2.38|2.0|1.62,Reyburn CyberTuner|Tunable Instrument Tuner|Mensurix Audio|TuneLab|Tunic OnlyPure|Katsura Shareware KS Strobe Tuner|Veritune Verituner|TonalEnergy Tuner & Metronome|Katsura Shareware ProLevel|Katsura Shareware SoundFrames,N|N|N|N|N|N|N|N|N|N
49-9064.00,Watch and Clock Repairers,"Repair, clean, and adjust mechanisms of timing instruments, such as watches and clocks. Includes watchmakers, watch technicians, and mechanical timepiece repairers.",Critical Thinking|Active Listening|Speaking|Reading Comprehension|Monitoring|Writing|Active Learning|Mathematics|Learning Strategies|Science,3.12|3.0|3.0|2.88|2.62|2.25|2.25|2.0|2.0|1.75,Microsoft Word|WatchWare Repair Shop|Intuit QuickBooks|SAP software|Microsoft Office software|Upland Consulting Group Repair Traq|IBM Lotus Notes|Microsoft Excel|Sage Software Sage50|GrenSoft WorkTracer,N|N|Y|Y|Y|Y|N|Y|N|N
49-9069.00,"Precision Instrument and Equipment Repairers, All Other",All precision instrument and equipment repairers not listed separately.,,,,
49-9071.00,"Maintenance and Repair Workers, General","Perform work involving the skills of two or more maintenance or craft occupations to keep machines, mechanical equipment, or the structure of a building in repair. Duties may involve pipe fitting; HVAC maintenance; insulating; welding; machining; carpentry; repairing electrical or mechanical equipment; installing, aligning, and balancing new equipment; and repairing buildings, floors, or stairs.",Critical Thinking|Active Learning|Monitoring|Reading Comprehension|Active Listening|Speaking|Writing|Mathematics|Learning Strategies|Science,3.25|3.12|3.12|3.0|3.0|3.0|2.88|2.38|2.25|1.88,Microsoft Outlook|Microsoft Office software|Dropbox|Supervisory control and data acquisition SCADA software|Database software|Apple macOS|Microsoft Project|Loom|Facebook|IBM Notes|Computerized maintenance management system CMMS|Computer aided design and drafting software CADD|Autodesk AutoCAD|PTC Creo Parametric|SAP software,Y|Y|N|N|N|N|N|N|N|N|N|Y|N|Y|N
49-9081.00,Wind Turbine Service Technicians,"Inspect, diagnose, adjust, or repair wind turbines. Perform maintenance on wind turbine equipment including resolving electrical, mechanical, and hydraulic malfunctions.",Critical Thinking|Reading Comprehension|Monitoring|Active Listening|Speaking|Active Learning|Learning Strategies|Writing|Mathematics|Science,3.5|3.25|3.25|3.12|3.12|3.12|3.0|2.88|2.12|2.0,Programmable logic controller PLC software|Microsoft Word|Microsoft Outlook|Computerized maintenance management system CMMS|Computerized diagnostic software|Microsoft PowerPoint|IBM Maximo Asset Management|Vestas Wind Systems A/S Vestas Remote Panel|SAP software|Microsoft Office software|Industrial control systems software|Structured query language SQL|Microsoft Excel|Supervisory control and data acquisition SCADA software|Microsoft Access,N|N|N|N|Y|Y|Y|Y|Y|Y|Y|N|Y|Y|N
49-9091.00,"Coin, Vending, and Amusement Machine Servicers and Repairers","Install, service, adjust, or repair coin, vending, or amusement machines including video games, juke boxes, pinball machines, or slot machines.",Reading Comprehension|Active Listening|Speaking|Critical Thinking|Monitoring|Writing|Active Learning|Mathematics|Learning Strategies|Science,2.88|2.88|2.88|2.88|2.88|2.62|2.62|2.0|1.88|1.62,Microsoft Word|Microsoft Outlook|Inventory tracking software|Email software|Microsoft Excel|Web browser software|Microsoft PowerPoint,N|N|Y|Y|Y|Y|N
49-9092.00,Commercial Divers,"Work below surface of water, using surface-supplied air or scuba equipment to inspect, repair, remove, or install equipment and structures. May use a variety of power and hand tools, such as drills, sledgehammers, torches, and welding equipment. May conduct tests or experiments, rig explosives, or photograph structures or marine life.",Active Listening|Critical Thinking|Speaking|Reading Comprehension|Writing|Active Learning|Monitoring|Learning Strategies|Science|Mathematics,3.62|3.62|3.5|3.12|3.0|3.0|3.0|2.88|2.5|2.0,Diving table software|Dynamic positioning DP software|Diving logbook software|Web browser software|Remote operated vehicle ROV dive log software,N|N|N|N|N
49-9094.00,Locksmiths and Safe Repairers,"Repair and open locks, make keys, change locks and safe combinations, and install and repair safes.",Critical Thinking|Active Listening|Speaking|Reading Comprehension|Writing|Mathematics|Active Learning|Monitoring|Learning Strategies|Science,3.38|3.12|3.12|3.0|2.75|2.62|2.62|2.62|2.38|1.0,Mapping software|Microsoft Outlook|Microsoft Word|Intuit QuickBooks|Inventory tracking software|WH Software MasterKey|Microsoft Office software|Scheduling software|WH Software InstaCode|dESCO ESC|Marathon Data Systems ServiceCEO|Microsoft Excel|Microsoft PowerPoint,N|Y|N|N|N|Y|Y|Y|Y|Y|N|N|N
49-9095.00,Manufactured Building and Mobile Home Installers,Move or install mobile homes or prefabricated buildings.,Critical Thinking|Monitoring|Active Listening|Speaking|Active Learning|Learning Strategies|Reading Comprehension|Writing|Mathematics|Science,3.75|3.5|3.38|3.38|3.38|3.38|3.12|2.62|2.62|1.62,Web browser software|Email software|Microsoft Excel,N|Y|N
49-9096.00,Riggers,"Set up or repair rigging for construction projects, manufacturing plants, logging yards, ships and shipyards, or for the entertainment industry.",Reading Comprehension|Active Listening|Critical Thinking|Monitoring|Speaking|Active Learning|Writing|Mathematics|Learning Strategies|Science,3.12|3.12|3.12|3.12|3.0|2.62|2.38|1.62|1.62|1.38,Microsoft Word|Microsoft Outlook|Autodesk AutoCAD|Autodesk Maya|Microsoft Excel,Y|N|Y|Y|Y
49-9097.00,Signal and Track Switch Repairers,"Install, inspect, test, maintain, or repair electric gate crossings, signals, signal equipment, track switches, section lines, or intercommunications systems within a railroad system.",Critical Thinking|Active Listening|Reading Comprehension|Writing|Speaking|Active Learning|Monitoring|Learning Strategies|Mathematics|Science,3.75|3.0|2.88|2.88|2.88|2.88|2.88|2.62|2.5|1.75,Microsoft Word|Microsoft Outlook|Microsoft Office software|Maintenance management software|Supervisory control and data acquisition SCADA software|Web browser software|Microsoft Excel|Microsoft PowerPoint,N|Y|Y|Y|Y|Y|N|N
49-9098.00,"Helpers--Installation, Maintenance, and Repair Workers","Help installation, maintenance, and repair workers in maintenance, parts replacement, and repair of vehicles, industrial machinery, and electrical and electronic equipment. Perform duties such as furnishing tools, materials, and supplies to other workers; cleaning work area, machines, and tools; and holding materials or tools for other workers.",Active Listening|Critical Thinking|Monitoring|Speaking|Reading Comprehension|Active Learning|Learning Strategies|Writing|Mathematics|Science,3.12|3.12|3.12|3.0|2.62|2.62|2.5|2.12|2.0|1.12,Data logging software|Microsoft Outlook|Microsoft Windows|Microsoft Word|Building automation software|Atlas Construction Business Forms|Microsoft Office software|SAP software|HVAC tools software|Microsoft Excel|Microsoft PowerPoint|Facility energy management software,N|N|N|N|N|Y|Y|Y|Y|Y|Y|Y
49-9099.00,"Installation, Maintenance, and Repair Workers, All Other","All installation, maintenance, and repair workers not listed separately.",,,,
49-9099.01,Geothermal Technicians,"Perform technical activities at power plants or individual installations necessary for the generation of power from geothermal energy sources. Monitor and control operating activities at geothermal power generation facilities and perform maintenance and repairs as necessary. Install, test, and maintain residential and commercial geothermal heat pumps.",Monitoring|Reading Comprehension|Critical Thinking|Active Learning|Active Listening|Writing|Speaking|Mathematics|Science|Learning Strategies,3.75|3.25|3.25|3.12|3.0|3.0|3.0|2.75|2.12|2.12,Microsoft Word|Microsoft Outlook|WaterFurnace International Ground Loop Design PREMIER|Autodesk AutoCAD|SAP software|Microsoft Office software|Geographic information system GIS systems|Thermal Dynamics Ground Loop Design GLD|Email software|Geothermal Properties Measurement Tool|ClimateMaster GeoDesigner|Microsoft Excel|Distributed control system DCS,Y|N|N|N|N|N|Y|Y|Y|Y|Y|N|N
51-1011.00,First-Line Supervisors of Production and Operating Workers,"Directly supervise and coordinate the activities of production and operating workers, such as inspectors, precision workers, machine setters and operators, assemblers, fabricators, and plant and system operators. Excludes team or work leaders.",Active Listening|Speaking|Critical Thinking|Monitoring|Reading Comprehension|Writing|Active Learning|Learning Strategies|Mathematics|Science,3.88|3.88|3.75|3.75|3.5|3.12|3.12|3.12|2.38|1.5,Capterra Enterprise Resource Planning|Microsoft Outlook|Bowen & Groves M1 ERP|Retain Resource Planning|Giraffe Production Systems Giraffe Schedule System|Microsoft Total Quality Control Management|Operational databases|Microsoft Office software|Supervisory control and data acquisition SCADA software|Database software|Microsoft Access|Microsoft Project|Timekeeping software|IBM Notes|Mozilla Firefox,N|Y|N|Y|N|N|N|N|N|N|N|N|N|Y|N
51-2011.00,"Aircraft Structure, Surfaces, Rigging, and Systems Assemblers","Assemble, fit, fasten, and install parts of airplanes, space vehicles, or missiles, such as tails, wings, fuselage, bulkheads, stabilizers, landing gear, rigging and control equipment, or heating and ventilating systems.",Active Listening|Critical Thinking|Monitoring|Reading Comprehension|Speaking|Active Learning|Writing|Learning Strategies|Mathematics|Science,3.12|3.12|3.12|3.0|3.0|2.88|2.75|2.62|2.5|1.75,Microsoft Word|Microsoft Outlook|SAP software|Microsoft Office software|Microsoft Excel|Electrical power management system software,N|Y|Y|Y|Y|Y
51-2021.00,"Coil Winders, Tapers, and Finishers","Wind wire coils used in electrical components, such as resistors and transformers, and in electrical equipment and instruments, such as field cores, bobbins, armature cores, electrical motors, generators, and control equipment.",Monitoring|Active Listening|Reading Comprehension|Speaking|Critical Thinking|Active Learning|Writing|Learning Strategies|Mathematics|Science,3.12|3.0|2.88|2.88|2.88|2.25|2.12|2.0|1.75|1.0,Electronic Systems of Wisconsin Motor Test System software|Blueprint display software|Machine Control Specialists CoilPro,N|N|N
51-2022.00,Electrical and Electronic Equipment Assemblers,"Assemble or modify electrical or electronic equipment, such as computers, test equipment telemetering systems, electric motors, and batteries.",Reading Comprehension|Critical Thinking|Active Listening|Monitoring|Speaking|Active Learning|Writing|Mathematics|Learning Strategies|Science,3.12|3.0|2.88|2.88|2.62|2.62|2.38|2.0|2.0|1.62,Microsoft Word|Microsoft Outlook|National Instruments LabVIEW|Calibration software|SAP software|Microsoft Office software|Terminal emulation software|Production control software|Rasmussen Software Anzio|Microsoft Excel|Sage 100 ERP,N|Y|Y|Y|Y|N|N|N|N|Y|N
51-2023.00,Electromechanical Equipment Assemblers,"Assemble or modify electromechanical equipment or devices, such as servomechanisms, gyros, dynamometers, magnetic drums, tape drives, brakes, control linkage, actuators, and appliances.",Reading Comprehension|Speaking|Critical Thinking|Active Listening|Monitoring|Writing|Active Learning|Mathematics|Science|Learning Strategies,3.0|3.0|3.0|2.88|2.88|2.5|2.38|2.0|2.0|1.88,Timekeeping software|Microsoft Word|Blueprint display software|Autodesk AutoCAD|SAP software|Microsoft Office software|Microsoft Excel,Y|N|Y|Y|Y|Y|N
51-2031.00,Engine and Other Machine Assemblers,"Construct, assemble, or rebuild machines, such as engines, turbines, and similar equipment used in such industries as construction, extraction, textiles, and paper manufacturing.",Reading Comprehension|Active Listening|Speaking|Critical Thinking|Monitoring|Active Learning|Writing|Mathematics|Learning Strategies|Science,3.12|3.0|3.0|3.0|3.0|2.38|2.25|2.0|2.0|1.88,Microsoft Word|SAP software|Microsoft Office software|Computer aided design and drafting CADD software|Microsoft Excel|Dassault Systemes SolidWorks,N|Y|Y|Y|Y|Y
51-2041.00,Structural Metal Fabricators and Fitters,"Fabricate, position, align, and fit parts of structural metal products.",Reading Comprehension|Active Listening|Speaking|Critical Thinking|Monitoring|Writing|Active Learning|Mathematics|Science|Learning Strategies,3.0|3.0|3.0|3.0|2.88|2.25|2.25|2.12|1.75|1.75,Microsoft Word|Microsoft Outlook|Dassault Systemes CATIA|Tekla software|Microsoft Office software|Computer aided design and drafting CADD software|Microsoft Excel|Three-dimensional modeling software,N|N|Y|Y|Y|Y|N|N
51-2051.00,Fiberglass Laminators and Fabricators,"Laminate layers of fiberglass on molds to form boat decks and hulls, bodies for golf carts, automobiles, or other products.",Monitoring|Reading Comprehension|Active Listening|Speaking|Writing|Critical Thinking|Active Learning|Learning Strategies|Mathematics|Science,3.12|3.0|3.0|3.0|2.88|2.88|2.88|2.62|2.38|1.75,Microsoft Word|Microsoft Excel,Y|Y
51-2061.00,Timing Device Assemblers and Adjusters,"Perform precision assembling or adjusting, within narrow tolerances, of timing devices such as digital clocks or timing devices with electrical or electronic components.",Active Listening|Critical Thinking|Monitoring|Reading Comprehension|Speaking|Writing|Active Learning|Learning Strategies|Mathematics|Science,2.88|2.88|2.88|2.75|2.75|2.5|2.12|2.12|2.0|2.0,Microsoft Office software|Retail sales software|Maplesoft Maple|Web browser software|Inventory control software|At Your Service Software At Your Service Repair,N|N|N|Y|N|N
51-2092.00,Team Assemblers,"Work as part of a team having responsibility for assembling an entire product or component of a product. Team assemblers can perform all tasks conducted by the team in the assembly process and rotate through all or most of them, rather than being assigned to a specific task on a permanent basis. May participate in making management decisions affecting the work. Includes team leaders who work as part of the team.",Active Listening|Monitoring|Reading Comprehension|Speaking|Critical Thinking|Writing|Learning Strategies|Active Learning|Mathematics|Science,3.12|3.12|3.0|3.0|3.0|2.75|2.38|2.25|2.0|1.0,Microsoft Word|Microsoft Outlook|Autodesk AutoCAD|SAP software|Microsoft Office software|Microsoft Excel|Microsoft PowerPoint,Y|Y|Y|Y|Y|Y|Y
51-2099.00,"Assemblers and Fabricators, All Other",All assemblers and fabricators not listed separately.,,,,
51-3011.00,Bakers,"Mix and bake ingredients to produce breads, rolls, cookies, cakes, pies, pastries, or other baked goods.",Active Listening|Reading Comprehension|Speaking|Critical Thinking|Monitoring|Active Learning|Mathematics|Writing|Learning Strategies|Science,3.0|2.88|2.88|2.88|2.88|2.62|2.12|2.0|2.0|1.62,Culinary Software Services ChefTec|Microsoft Office software|Axxya Systems Nutritionist Pro|Barrington Software CookenPro|SoftCafe MenuPro|TwinPeaks Software Visual Z-Bake|SweetWARE SmallPICS|ADP Enterprise eTIME|EGS CALCMENU|At Your Service Software CostGuard|iPro|Masters Software CakeBoss|Afcom Datasafe Computer Services FlexiBake|SweetWARE stockCoster|SweetWARE nutraCoster Professional,N|N|N|N|N|N|N|N|N|N|N|N|Y|Y|Y
51-3021.00,Butchers and Meat Cutters,"Cut, trim, or prepare consumer-sized portions of meat for use or sale in retail establishments.",Active Listening|Reading Comprehension|Speaking|Critical Thinking|Monitoring|Active Learning|Mathematics|Writing|Learning Strategies|Science,3.12|3.0|3.0|3.0|3.0|2.5|2.38|2.25|2.25|1.25,Microsoft Word|Microsoft Outlook|Microsoft Office software|Web browser software|Microsoft Excel|Financial accounting software,N|Y|Y|Y|Y|N
51-3022.00,"Meat, Poultry, and Fish Cutters and Trimmers","Use hands or hand tools to perform routine cutting and trimming of meat, poultry, and seafood.",Active Listening|Speaking|Critical Thinking|Monitoring|Reading Comprehension|Active Learning|Mathematics|Learning Strategies|Writing|Science,3.12|3.0|3.0|3.0|2.38|2.38|2.25|2.25|2.12|1.0,Sales software|Web browser software|Microsoft Excel|Meat inventory software,N|Y|N|N
51-3023.00,Slaughterers and Meat Packers,"Perform nonroutine or precision functions involving the preparation of large portions of meat. Work may include specialized slaughtering tasks, cutting standard or premium cuts of meat for marketing, making sausage, or wrapping meats. Work typically occurs in slaughtering, meat packing, or wholesale establishments.",Speaking|Active Listening|Critical Thinking|Monitoring|Active Learning|Learning Strategies|Reading Comprehension|Writing|Mathematics|Science,2.75|2.62|2.38|2.25|2.0|2.0|1.88|1.75|1.75|1.0,RFID software|Integrated Management Systems Food Connex Cloud|Traceability software|AccountMate Software AccountMate|Microsoft Office software|AgInfoLink Meat Inventory Tracking System MITS|Microsoft Excel|Second Foundation NaviMeat,N|N|N|Y|Y|N|N|N
51-3091.00,"Food and Tobacco Roasting, Baking, and Drying Machine Operators and Tenders","Operate or tend food or tobacco roasting, baking, or drying equipment, including hearth ovens, kiln driers, roasters, char kilns, and vacuum drying equipment.",Monitoring|Reading Comprehension|Active Listening|Critical Thinking|Speaking|Writing|Active Learning|Learning Strategies|Science|Mathematics,3.5|3.12|3.12|3.12|3.0|2.88|2.5|2.5|1.75|1.5,Email software|Microsoft Excel,N|Y
51-3092.00,Food Batchmakers,Set up and operate equipment that mixes or blends ingredients used in the manufacturing of food products. Includes candy makers and cheese makers.,Reading Comprehension|Critical Thinking|Active Listening|Speaking|Writing|Monitoring|Mathematics|Active Learning|Learning Strategies|Science,3.12|3.12|3.0|3.0|2.88|2.88|2.75|2.75|2.12|2.0,Edible Software|Plex Systems Plex Manufacturing Cloud|Microsoft Office software,N|Y|N
51-3093.00,Food Cooking Machine Operators and Tenders,"Operate or tend cooking equipment, such as steam cooking vats, deep fry cookers, pressure cookers, kettles, and boilers, to prepare food products.",Reading Comprehension|Monitoring|Active Listening|Critical Thinking|Writing|Speaking|Active Learning|Learning Strategies|Mathematics|Science,3.12|3.12|3.0|3.0|2.75|2.62|2.62|2.12|2.0|1.88,Database software,N
51-3099.00,"Food Processing Workers, All Other",All food processing workers not listed separately.,,,,
51-4021.00,"Extruding and Drawing Machine Setters, Operators, and Tenders, Metal and Plastic","Set up, operate, or tend machines to extrude or draw thermoplastic or metal materials into tubes, rods, hoses, wire, bars, or structural shapes.",Monitoring|Speaking|Critical Thinking|Active Listening|Reading Comprehension|Active Learning|Writing|Mathematics|Learning Strategies|Science,3.25|3.0|3.0|2.88|2.75|2.62|2.25|2.25|2.12|1.38,Microsoft Word|Microsoft Outlook|Enterprise application integration EAI software|Operational databases|SAP software|Microsoft Office software|Microsoft Excel|Microsoft PowerPoint,N|Y|Y|Y|Y|Y|N|Y
51-4022.00,"Forging Machine Setters, Operators, and Tenders, Metal and Plastic","Set up, operate, or tend forging machines to taper, shape, or form metal or plastic parts.",Monitoring|Reading Comprehension|Active Listening|Speaking|Critical Thinking|Writing|Mathematics|Active Learning|Learning Strategies|Science,3.12|2.88|2.88|2.88|2.88|2.38|2.12|2.0|1.88|1.25,Machine control software|Email software|Inventory tracking software,N|N|N
51-4023.00,"Rolling Machine Setters, Operators, and Tenders, Metal and Plastic","Set up, operate, or tend machines to roll steel or plastic forming bends, beads, knurls, rolls, or plate, or to flatten, temper, or reduce gauge of material.",Monitoring|Speaking|Active Listening|Critical Thinking|Reading Comprehension|Active Learning|Learning Strategies|Writing|Mathematics|Science,3.5|3.25|3.12|3.12|3.0|3.0|2.88|2.62|2.38|1.38,Web browser software|Email software,N|N
51-4031.00,"Cutting, Punching, and Press Machine Setters, Operators, and Tenders, Metal and Plastic","Set up, operate, or tend machines to saw, cut, shear, slit, punch, crimp, notch, bend, or straighten metal or plastic material.",Active Listening|Speaking|Critical Thinking|Monitoring|Reading Comprehension|Active Learning|Writing|Mathematics|Learning Strategies|Science,3.0|3.0|3.0|3.0|2.75|2.75|2.5|2.0|2.0|1.5,Microsoft Word|Computerized numerical control CNC software|Microsoft Outlook|Autodesk AutoCAD|Operational databases|Automated inventory software|SAP software|Microsoft Office software|Striker Systems SS-Punch|Microsoft Excel,Y|N|N|Y|Y|Y|Y|N|Y|N
51-4032.00,"Drilling and Boring Machine Tool Setters, Operators, and Tenders, Metal and Plastic","Set up, operate, or tend drilling machines to drill, bore, ream, mill, or countersink metal or plastic work pieces.",Reading Comprehension|Monitoring|Active Listening|Speaking|Critical Thinking|Active Learning|Mathematics|Writing|Learning Strategies|Science,3.12|3.12|3.0|3.0|3.0|2.75|2.5|2.25|2.12|1.75,Microsoft Word|Computerized numerical control CNC software|Automated inventory software|SAP software|Microsoft Office software|Microsoft Excel,N|N|Y|Y|Y|Y
51-4033.00,"Grinding, Lapping, Polishing, and Buffing Machine Tool Setters, Operators, and Tenders, Metal and Plastic","Set up, operate, or tend grinding and related tools that remove excess material or burrs from surfaces, sharpen edges or corners, or buff, hone, or polish metal or plastic work pieces.",Reading Comprehension|Critical Thinking|Monitoring|Active Listening|Speaking|Active Learning|Mathematics|Writing|Learning Strategies|Science,3.0|2.88|2.88|2.75|2.75|2.5|2.38|2.25|2.0|1.5,Microsoft Windows|Autodesk AutoCAD|SAP software|Microsoft Office software|Microsoft Excel|Manufacturing reporting system|Mazak Mazatrol SMART CNC,Y|N|N|Y|Y|Y|Y
51-4034.00,"Lathe and Turning Machine Tool Setters, Operators, and Tenders, Metal and Plastic","Set up, operate, or tend lathe and turning machines to turn, bore, thread, form, or face metal or plastic materials, such as wire, rod, or bar stock.",Reading Comprehension|Active Listening|Monitoring|Speaking|Critical Thinking|Writing|Mathematics|Active Learning|Learning Strategies|Science,3.0|3.0|3.0|2.75|2.62|2.25|2.12|2.0|2.0|1.75,Autodesk HSMWorks|Inventory tracking software|Computer numerical control CNC editor software|G-code|M-code,N|N|N|N|N
51-4035.00,"Milling and Planing Machine Setters, Operators, and Tenders, Metal and Plastic","Set up, operate, or tend milling or planing machines to mill, plane, shape, groove, or profile metal or plastic work pieces.",Critical Thinking|Monitoring|Active Listening|Reading Comprehension|Speaking|Writing|Mathematics|Active Learning|Learning Strategies|Science,3.12|3.12|3.0|2.88|2.88|2.62|2.62|2.62|2.12|1.38,Kentech machine shop software|Microsoft Word|EditCNC|Autodesk AutoCAD|Vero Software Edgecam|Microsoft Office software|G-code|Extensible markup language XML|M-code|Mastercam computer-aided design and manufacturing software|Microsoft Excel|Siemens Solid Edge|Microsoft PowerPoint|SWIVEL Software|Vero Software ALPHACAM,Y|N|Y|N|N|N|N|Y|Y|Y|Y|N|N|N|N
51-4041.00,Machinists,"Set up and operate a variety of machine tools to produce precision parts and instruments out of metal. Includes precision instrument makers who fabricate, modify, or repair mechanical instruments. May also fabricate and modify parts to make or repair machine tools or maintain industrial machines, applying knowledge of mechanics, mathematics, metal properties, layout, and machining procedures.",Critical Thinking|Monitoring|Active Listening|Speaking|Reading Comprehension|Mathematics|Active Learning|Writing|Learning Strategies|Science,3.12|3.12|3.0|3.0|2.88|2.88|2.75|2.5|2.12|1.5,Microsoft Outlook|Kentech Kipware Studio|Microsoft Office software|Hexagon Metrology PC-DMIS|ERP software|Siemens NX|Vero Software SURFCAM|JETCAM|Autodesk HSMWorks|EditCNC|PTC Creo Parametric|Autodesk AutoCAD|SAP software|Armchair Machinist software|CNC Consulting Machinists' Calculator,N|N|Y|N|N|N|N|N|Y|N|N|N|N|N|N
51-4051.00,Metal-Refining Furnace Operators and Tenders,"Operate or tend furnaces, such as gas, oil, coal, electric-arc or electric induction, open-hearth, or oxygen furnaces, to melt and refine metal before casting or to produce specified types of steel.",Monitoring|Reading Comprehension|Active Listening|Speaking|Critical Thinking|Active Learning|Writing|Mathematics|Learning Strategies|Science,3.62|3.0|3.0|3.0|3.0|2.88|2.75|2.5|2.25|2.0,Process control software|Microsoft Office software|Process safety management software|Microsoft Excel|Production tracking system software,Y|Y|N|N|N
51-4052.00,"Pourers and Casters, Metal",Operate hand-controlled mechanisms to pour and regulate the flow of molten metal into molds to produce castings or ingots.,Active Listening|Critical Thinking|Monitoring|Reading Comprehension|Speaking|Active Learning|Learning Strategies|Writing|Mathematics|Science,3.0|3.0|3.0|2.75|2.75|2.25|2.25|2.0|2.0|1.88,Microsoft Word|Microsoft Outlook|Microsoft Excel|Microsoft PowerPoint|Husky Injection Molding Systems Shotscope NX,N|Y|Y|Y|Y
51-4061.00,"Model Makers, Metal and Plastic","Set up and operate machines, such as lathes, milling and engraving machines, and jig borers to make working models of metal or plastic objects. Includes template makers.",Critical Thinking|Monitoring|Reading Comprehension|Active Listening|Speaking|Mathematics|Active Learning|Writing|Learning Strategies|Science,3.25|3.12|2.88|2.75|2.62|2.62|2.5|2.38|2.0|1.62,Microsoft Word|PTC Creo Parametric|Microsoft Office software|CNC Software Mastercam|Microsoft Excel,N|Y|Y|Y|N
51-4062.00,"Patternmakers, Metal and Plastic","Lay out, machine, fit, and assemble castings and parts to metal or plastic foundry patterns, core boxes, or match plates.",Reading Comprehension|Critical Thinking|Active Listening|Speaking|Monitoring|Active Learning|Mathematics|Writing|Learning Strategies|Science,3.12|3.12|3.0|3.0|3.0|2.62|2.25|2.12|2.0|1.62,Microsoft Outlook|3D Systems Geomagic Design X|Autodesk AutoCAD|Delcam PowerMILL|Mastercam computer-aided design and manufacturing software|Microsoft Excel,N|Y|N|N|Y|Y
51-4071.00,Foundry Mold and Coremakers,Make or form wax or sand cores or molds used in the production of metal castings in foundries.,Monitoring|Active Listening|Critical Thinking|Speaking|Active Learning|Reading Comprehension|Writing|Mathematics|Learning Strategies|Science,3.0|2.88|2.88|2.62|2.38|2.25|2.0|2.0|2.0|1.25,Machine control software|Inventory tracking software|PTC Creo Parametric|Autodesk AutoCAD|CNC Software Mastercam|Dassault Systemes SolidWorks,Y|N|Y|N|N|N
51-4072.00,"Molding, Coremaking, and Casting Machine Setters, Operators, and Tenders, Metal and Plastic","Set up, operate, or tend metal or plastic molding, casting, or coremaking machines to mold or cast metal or thermoplastic parts or products.",Active Listening|Reading Comprehension|Monitoring|Speaking|Critical Thinking|Active Learning|Writing|Mathematics|Learning Strategies|Science,3.25|3.12|3.12|3.0|3.0|2.88|2.62|2.25|2.25|1.12,Microsoft Word|Microsoft Outlook|HotFlo! Die-Shot Monitor|Intera Systems Hawk-i|RobotWare DieCast|SAP software|Microsoft Office software|Visi-Trak True-Trak 20/20|Microsoft Excel|FANUC Robotics iRVision,N|N|N|Y|Y|Y|Y|N|Y|N
51-4081.00,"Multiple Machine Tool Setters, Operators, and Tenders, Metal and Plastic","Set up, operate, or tend more than one type of cutting or forming machine tool or robot.",Monitoring|Reading Comprehension|Active Listening|Speaking|Critical Thinking|Active Learning|Writing|Learning Strategies|Mathematics|Science,3.12|3.0|3.0|3.0|3.0|2.88|2.75|2.38|2.25|1.25,Microsoft Windows|Microsoft Outlook|Microsoft Word|Autodesk AutoCAD|SAP software|Microsoft Office software|Email software|Microsoft Excel,Y|N|Y|Y|Y|Y|Y|Y
51-4111.00,Tool and Die Makers,"Analyze specifications, lay out metal stock, set up and operate machine tools, and fit and assemble parts to make and repair dies, cutting tools, jigs, fixtures, gauges, and machinists' hand tools.",Critical Thinking|Monitoring|Active Listening|Active Learning|Reading Comprehension|Speaking|Mathematics|Writing|Learning Strategies|Science,3.12|3.12|3.0|3.0|2.88|2.88|2.75|2.25|2.12|1.75,Autodesk Inventor|Microsoft Outlook|OPEN MIND Technologies hyperMILL|JobPack MES Scheduler|Virtual Gibbs CADD/CAM|Cimatron CimatronE Master|MAKER CAD/CAM Services DIEMAKER|Microsoft Office software|Kubotek USA KeyCreator|Microsoft Project|Striker Systems SS-Die Design|PTC Creo Parametric|Autodesk AutoCAD|DP Technology ESPRIT|NC verification software,N|Y|N|Y|N|N|N|Y|N|N|N|N|N|N|N
51-4121.00,"Welders, Cutters, Solderers, and Brazers","Use hand-welding, flame-cutting, hand-soldering, or brazing equipment to weld or join metal components or to fill holes, indentations, or seams of fabricated metal products.",Monitoring|Critical Thinking|Active Listening|Speaking|Reading Comprehension|Active Learning|Mathematics|Learning Strategies|Writing|Science,3.0|2.88|2.62|2.62|2.5|2.25|2.12|2.0|1.75|1.62,IBM Notes|Microsoft Outlook|Microsoft Windows|OmniFleet Equipment Maintenance Management|Recordkeeping software|Microsoft Office software|Oracle Database|Value Analysis|Scientific Software Group Filter Drain FD|Microsoft Excel|EZ Pipe|Fred's Tip Cartridge Picker,N|N|N|Y|Y|Y|Y|N|Y|N|N|N
51-4122.00,"Welding, Soldering, and Brazing Machine Setters, Operators, and Tenders","Set up, operate, or tend welding, soldering, or brazing machines or robots that weld, braze, solder, or heat treat metal products, components, or assemblies. Includes workers who operate laser cutters or laser-beam machines.",Reading Comprehension|Active Listening|Speaking|Critical Thinking|Monitoring|Active Learning|Writing|Mathematics|Learning Strategies|Science,3.0|3.0|3.0|3.0|3.0|2.62|2.25|2.12|2.0|1.75,Microsoft Windows|Microsoft Outlook|Microsoft Word|Linux|SAP software|Microsoft Office software|Tool center point TCP setting software|Email software|Microsoft Excel|Microsoft PowerPoint,N|Y|Y|Y|Y|Y|Y|Y|Y|N
51-4191.00,"Heat Treating Equipment Setters, Operators, and Tenders, Metal and Plastic","Set up, operate, or tend heating equipment, such as heat-treating furnaces, flame-hardening machines, induction machines, soaking pits, or vacuum equipment to temper, harden, anneal, or heat treat metal or plastic objects.",Active Listening|Speaking|Monitoring|Critical Thinking|Reading Comprehension|Writing|Mathematics|Active Learning|Learning Strategies|Science,3.12|3.12|3.12|3.0|2.88|2.88|2.88|2.75|2.62|2.0,Microsoft Word|Microsoft Outlook|SAP software|Microsoft Office software|Microsoft Excel,Y|Y|Y|Y|Y
51-4192.00,"Layout Workers, Metal and Plastic","Lay out reference points and dimensions on metal or plastic stock or workpieces, such as sheets, plates, tubes, structural shapes, castings, or machine parts, for further processing. Includes shipfitters.",Mathematics|Reading Comprehension|Critical Thinking|Monitoring|Active Listening|Speaking|Active Learning|Writing|Learning Strategies|Science,3.12|3.0|3.0|3.0|2.88|2.88|2.75|2.5|2.12|1.25,Microsoft Word|Inventory tracking software|Optical Gaging Products Measure-X|Autodesk AutoCAD|Microsoft Office software|Hexagon Metrology PC-DMIS|Microsoft Excel|Microsoft PowerPoint,Y|N|N|Y|Y|Y|Y|N
51-4193.00,"Plating Machine Setters, Operators, and Tenders, Metal and Plastic","Set up, operate, or tend plating machines to coat metal or plastic products with chromium, zinc, copper, cadmium, nickel, or other metal to protect or decorate surfaces. Typically, the product being coated is immersed in molten metal or an electrolytic solution.",Reading Comprehension|Active Listening|Monitoring|Speaking|Critical Thinking|Writing|Learning Strategies|Active Learning|Mathematics|Science,3.12|3.12|3.12|3.0|3.0|2.75|2.25|2.12|2.0|2.0,Microsoft Word|Microsoft Outlook|Autodesk AutoCAD|Oracle Advanced Procurement|Hazardous materials management HMS software|Microsoft Excel,Y|N|Y|Y|Y|N
51-4194.00,"Tool Grinders, Filers, and Sharpeners","Perform precision smoothing, sharpening, polishing, or grinding of metal objects.",Monitoring|Critical Thinking|Active Listening|Speaking|Reading Comprehension|Mathematics|Active Learning|Writing|Learning Strategies|Science,3.12|3.0|2.88|2.88|2.75|2.75|2.5|2.38|2.12|1.38,ANCA ToolRoom|Vero Software Edgecam|IBM Lotus Notes|Microsoft Excel|Dassault Systemes SolidWorks|Zoller,N|Y|N|Y|N|N
51-4199.00,"Metal Workers and Plastic Workers, All Other",All metal workers and plastic workers not listed separately.,,,,
51-5111.00,Prepress Technicians and Workers,Format and proof text and images submitted by designers and clients into finished pages that can be printed. Includes digital and photo typesetting. May produce printing plates.,Active Listening|Speaking|Critical Thinking|Monitoring|Reading Comprehension|Writing|Active Learning|Learning Strategies|Mathematics|Science,3.12|3.12|3.12|3.12|3.0|2.88|2.88|2.38|2.0|1.62,ProjectSend|Microsoft Outlook|LaserSoft Imaging SilverFast Ai Studio|Microsoft Office software|File transfer protocol FTP software|Global Graphics Software Harlequin|Adobe InDesign|Adobe LifeCycle Enterprise Suite|Adobe Photoshop|Adobe Director|Corel CorelDraw Graphics Suite|QuarkXPress|Adobe FrameMaker|Adobe FreeHand MX|Adobe Illustrator,Y|Y|N|N|N|Y|Y|N|N|Y|N|N|N|N|N
51-5112.00,Printing Press Operators,"Set up and operate digital, letterpress, lithographic, flexographic, gravure, or other printing machines. Includes short-run offset printing presses.",Monitoring|Reading Comprehension|Active Listening|Speaking|Critical Thinking|Active Learning|Writing|Mathematics|Learning Strategies|Science,3.25|3.12|3.12|3.12|3.12|2.88|2.38|2.12|2.12|1.0,Microsoft Outlook|Graphics software|Job tracking software|Microsoft Office software|Adobe LifeCycle Production Print ES3|Electronics for Imaging EFI Monarch|Xerox FreeFlow Print Server|Xerox ProfitQuick|Inventory tracking software|Adobe InDesign|Printing management system software|Adobe Photoshop|Job scheduling software|AABACH Graphic Systems DIGRA|SAP software,N|Y|Y|Y|N|N|Y|N|N|N|N|N|N|N|N
51-5113.00,Print Binding and Finishing Workers,Bind books and other publications or finish printed products by hand or machine. May set up binding and finishing machines.,Critical Thinking|Reading Comprehension|Monitoring|Speaking|Active Listening|Writing|Active Learning|Learning Strategies|Mathematics|Science,3.25|3.12|3.12|3.0|2.88|2.75|2.5|2.5|2.12|1.12,Microsoft Word|Microsoft Outlook|Houchen Bindery Library Automated Retrieval System LARS|Trade Bindery Software Bindery Management System|Microsoft Publisher|Label printing software|Microsoft Office software|Trade Bindery Software Bindery Estimating System|Email software|Microsoft Excel|Web browser software,N|N|N|Y|Y|Y|N|Y|N|N|N
51-6011.00,Laundry and Dry-Cleaning Workers,"Operate or tend washing or dry-cleaning machines to wash or dry-clean industrial or household articles, such as cloth garments, suede, leather, furs, blankets, draperies, linens, rugs, and carpets. Includes spotters and dyers of these articles.",Active Listening|Monitoring|Critical Thinking|Speaking|Reading Comprehension|Active Learning|Writing|Learning Strategies|Mathematics|Science,2.88|2.88|2.75|2.62|2.5|2.25|2.0|1.88|1.62|1.0,Microsoft Windows|Microsoft Word|Wash-Dry-Fold POS|Microsoft Office software|Curbside Laundries Wash and Fold POS Software|Email software|Microsoft Excel|Web browser software|Property management system PMS software|Cents|Sales processing software,N|N|N|Y|Y|Y|Y|N|N|N|N
51-6021.00,"Pressers, Textile, Garment, and Related Materials",Press or shape articles by hand or machine.,Critical Thinking|Monitoring|Speaking|Active Learning|Reading Comprehension|Active Listening|Writing|Learning Strategies|Mathematics|Science,2.5|2.38|2.12|2.12|2.0|2.0|1.75|1.75|1.62|1.0,Microsoft Word|Email software|Microsoft Excel,N|Y|Y
51-6031.00,Sewing Machine Operators,"Operate or tend sewing machines to join, reinforce, decorate, or perform related sewing operations in the manufacture of garment or nongarment products.",Monitoring|Active Listening|Critical Thinking|Reading Comprehension|Speaking|Active Learning|Learning Strategies|Writing|Mathematics|Science,3.12|2.75|2.75|2.62|2.12|2.12|2.12|2.0|2.0|1.0,Microsoft Word|Microsoft Outlook|Microsoft Office software|Email software|Microsoft Excel|Web browser software,N|Y|Y|Y|Y|N
51-6041.00,Shoe and Leather Workers and Repairers,"Construct, decorate, or repair leather and leather-like products, such as luggage, shoes, and saddles. May use hand tools.",Active Listening|Speaking|Critical Thinking|Monitoring|Reading Comprehension|Active Learning|Writing|Mathematics|Learning Strategies|Science,3.0|3.0|3.0|3.0|2.88|2.38|2.12|1.88|1.62|1.0,Inventory tracking software|Microsoft Excel|Financial accounting software|Bookkeeping software|Sale processing software,N|N|N|Y|N
51-6042.00,Shoe Machine Operators and Tenders,"Operate or tend a variety of machines to join, decorate, reinforce, or finish shoes and shoe parts.",Reading Comprehension|Active Listening|Critical Thinking|Monitoring|Speaking|Writing|Active Learning|Learning Strategies|Mathematics|Science,3.12|3.0|3.0|3.0|2.75|2.12|2.12|2.12|2.0|1.12,Microsoft Word|Microsoft Outlook|Inventory tracking software|Microsoft Office software|Adobe Acrobat|Production control software|Microsoft Excel|Microsoft PowerPoint,Y|N|Y|Y|Y|Y|Y|N
51-6051.00,"Sewers, Hand","Sew, join, reinforce, or finish, usually with needle and thread, a variety of manufactured items. Includes weavers and stitchers.",Active Listening|Speaking|Monitoring|Reading Comprehension|Critical Thinking|Active Learning|Mathematics|Learning Strategies|Writing|Science,2.62|2.62|2.62|2.5|2.5|2.38|2.0|2.0|1.88|1.0,Embroidery design software|Graphics digitizing software|Template design software|Adobe Photoshop|Microsoft Office software|Adobe FreeHand MX|Microsoft Excel|Microsoft PowerPoint|Drawing software|Adobe Illustrator|Corel CorelDraw Graphics Suite,N|Y|Y|N|N|N|N|Y|Y|Y|N
51-6052.00,"Tailors, Dressmakers, and Custom Sewers","Design, make, alter, repair, or fit garments.",Active Listening|Speaking|Critical Thinking|Monitoring|Reading Comprehension|Active Learning|Writing|Learning Strategies|Mathematics|Science,3.0|3.0|3.0|2.75|2.62|2.62|2.5|2.0|1.88|1.0,Microsoft Word|Inventory tracking software|Garment design software|Google Docs|Microsoft Office software|ArbelSoft TailorMax|Microsoft Excel|Tailor Master|Bookkeeping software,N|N|N|Y|N|Y|Y|Y|N
51-6061.00,Textile Bleaching and Dyeing Machine Operators and Tenders,"Operate or tend machines to bleach, shrink, wash, dye, or finish textiles or synthetic or glass fibers.",Active Listening|Monitoring|Reading Comprehension|Speaking|Critical Thinking|Writing|Mathematics|Active Learning|Learning Strategies|Science,3.0|3.0|2.88|2.88|2.88|2.5|2.5|2.12|2.0|1.62,Microsoft Word|Microsoft Outlook|Linux|Hewlett-Packard HP OpenVMS|SAP software|Microsoft Office software|Microsoft Excel|Microsoft PowerPoint,N|Y|Y|Y|Y|Y|Y|Y
51-6062.00,"Textile Cutting Machine Setters, Operators, and Tenders","Set up, operate, or tend machines that cut textiles.",Monitoring|Active Listening|Speaking|Critical Thinking|Reading Comprehension|Writing|Active Learning|Mathematics|Learning Strategies|Science,3.12|3.0|3.0|2.88|2.75|2.62|2.5|2.12|2.0|1.0,Microsoft Windows|Microsoft Outlook|Microsoft Word|HAISEN SoftWare System|Autodesk AutoCAD|SAP software|Microsoft Office software|Microsoft Excel,Y|N|Y|Y|Y|Y|Y|Y
51-6063.00,"Textile Knitting and Weaving Machine Setters, Operators, and Tenders","Set up, operate, or tend machines that knit, loop, weave, or draw in textiles.",Monitoring|Active Listening|Speaking|Critical Thinking|Reading Comprehension|Writing|Learning Strategies|Active Learning|Mathematics|Science,3.12|3.0|2.88|2.88|2.75|2.38|2.12|2.0|1.88|1.12,Microsoft Word|Microsoft Outlook|Microsoft Office software|Microsoft Excel|Microsoft PowerPoint,Y|Y|Y|Y|Y
51-6064.00,"Textile Winding, Twisting, and Drawing Out Machine Setters, Operators, and Tenders","Set up, operate, or tend machines that wind or twist textiles; or draw out and combine sliver, such as wool, hemp, or synthetic fibers. Includes slubber machine and drawing frame operators.",Speaking|Active Listening|Critical Thinking|Monitoring|Reading Comprehension|Writing|Active Learning|Learning Strategies|Mathematics|Science,3.12|3.0|3.0|3.0|2.5|2.38|2.38|2.38|2.0|1.0,Microsoft Word|Microsoft Office software|Microsoft Excel|Microsoft Outlook,Y|Y|Y|Y
51-6091.00,"Extruding and Forming Machine Setters, Operators, and Tenders, Synthetic and Glass Fibers","Set up, operate, or tend machines that extrude and form continuous filaments from synthetic materials, such as liquid polymer, rayon, and fiberglass.",Monitoring|Active Listening|Speaking|Reading Comprehension|Critical Thinking|Active Learning|Writing|Learning Strategies|Mathematics|Science,3.5|3.0|3.0|2.88|2.88|2.75|2.62|2.25|2.0|1.25,Camstar Manufacturing Execution System MES|Microsoft Outlook|Microsoft Word|Operational databases|SAP software|Microsoft Office software|Statistical process control SPC software|Microsoft Excel|Apache Hadoop YARN,N|N|Y|Y|Y|Y|N|Y|N
51-6092.00,Fabric and Apparel Patternmakers,Draw and construct sets of precision master fabric patterns or layouts. May also mark and cut fabrics and apparel.,Critical Thinking|Active Listening|Reading Comprehension|Speaking|Mathematics|Active Learning|Monitoring|Writing|Learning Strategies|Science,3.75|3.38|3.12|3.12|3.12|3.12|3.12|3.0|3.0|1.12,Microsoft Word|Microsoft Outlook|Adobe InDesign|Autodesk AutoCAD|Adobe Photoshop|Microsoft Office software|PatternMaker|Microsoft Excel|Adobe Illustrator|Adobe Creative Cloud software|Gerber Technology AccuMark,Y|Y|Y|Y|Y|N|Y|Y|Y|Y|N
51-6093.00,Upholsterers,"Make, repair, or replace upholstery for household furniture or transportation vehicles.",Critical Thinking|Reading Comprehension|Active Listening|Speaking|Active Learning|Monitoring|Learning Strategies|Writing|Mathematics|Science,3.5|3.12|3.0|3.0|3.0|3.0|2.75|2.62|2.5|1.25,Microsoft Windows|LibreOffice Draw|Microsoft Word|Intuit QuickBooks|Autodesk AutoCAD|Microsoft Office software|Microsoft Excel|Microsoft PowerPoint,Y|Y|N|Y|Y|Y|Y|Y
51-6099.00,"Textile, Apparel, and Furnishings Workers, All Other","All textile, apparel, and furnishings workers not listed separately.",,,,
51-7011.00,Cabinetmakers and Bench Carpenters,"Cut, shape, and assemble wooden articles or set up and operate a variety of woodworking machines, such as power saws, jointers, and mortisers to surface, cut, or shape lumber or to fabricate parts for wood products.",Monitoring|Reading Comprehension|Speaking|Active Listening|Mathematics|Critical Thinking|Active Learning|Writing|Learning Strategies|Science,3.0|2.88|2.88|2.75|2.75|2.75|2.62|2.38|2.0|1.0,Microsoft Windows|Microsoft Outlook|Computerized maintenance management system CMMS|Computer estimation software|Autodesk AutoCAD|Microsoft Excel,Y|N|N|Y|Y|Y
51-7021.00,Furniture Finishers,"Shape, finish, and refinish damaged, worn, or used furniture or new high-grade furniture to specified color or finish.",Active Listening|Critical Thinking|Monitoring|Speaking|Reading Comprehension|Active Learning|Learning Strategies|Writing|Mathematics|Science,3.12|3.12|3.12|3.0|2.75|2.75|2.5|2.38|2.0|1.12,Intuit QuickBooks|Microsoft Office software|DuPont ColorNet|Web browser software|DuPont Spies Hecker Wizard,N|N|Y|Y|N
51-7031.00,"Model Makers, Wood",Construct full-size and scale wooden precision models of products. Includes wood jig builders and loft workers.,Monitoring|Reading Comprehension|Speaking|Critical Thinking|Active Listening|Active Learning|Writing|Mathematics|Learning Strategies|Science,3.12|3.0|3.0|3.0|2.88|2.75|2.62|2.38|2.25|1.62,Microsoft Word|Microsoft Outlook|Dassault Systemes CATIA|Microsoft Excel|Microsoft PowerPoint|Siemens NX,N|Y|Y|Y|Y|N
51-7032.00,"Patternmakers, Wood","Plan, lay out, and construct wooden unit or sectional patterns used in forming sand molds for castings.",Reading Comprehension|Monitoring|Active Listening|Mathematics|Critical Thinking|Speaking|Active Learning|Writing|Learning Strategies|Science,3.12|3.12|3.0|3.0|3.0|2.88|2.75|2.62|2.12|1.75,Microsoft Outlook|3D Systems Geomagic Design X|Autodesk AutoCAD|Microsoft Office software|Delcam PowerMILL|Mastercam computer-aided design and manufacturing software|Microsoft Excel,N|Y|N|N|Y|Y|Y
51-7041.00,"Sawing Machine Setters, Operators, and Tenders, Wood","Set up, operate, or tend wood sawing machines. May operate computer numerically controlled (CNC) equipment. Includes lead sawyers.",Critical Thinking|Monitoring|Active Listening|Speaking|Reading Comprehension|Active Learning|Mathematics|Learning Strategies|Writing|Science,3.0|3.0|2.75|2.62|2.38|2.12|2.0|2.0|1.75|1.25,Microsoft Word|Computerized numerical control CNC software|Automated inventory software|Microsoft Office software|Adobe Acrobat|Microsoft Excel|Microsoft PowerPoint,Y|N|N|Y|Y|Y|Y
51-7042.00,"Woodworking Machine Setters, Operators, and Tenders, Except Sawing","Set up, operate, or tend woodworking machines, such as drill presses, lathes, shapers, routers, sanders, planers, and wood nailing machines. May operate computer numerically controlled (CNC) equipment.",Monitoring|Speaking|Critical Thinking|Active Listening|Reading Comprehension|Active Learning|Mathematics|Learning Strategies|Writing|Science,3.12|3.0|3.0|2.88|2.75|2.5|2.38|2.25|1.88|1.5,Microsoft Outlook|Microsoft Office software|Apple macOS|Vero Software ALPHACAM|Timekeeping software|Adobe InDesign|Autodesk AutoCAD|Adobe Photoshop|Dassault Systemes SolidWorks|Microsoft Windows|Inventory control software|Adobe Illustrator|Adobe Creative Cloud software|Microsoft Word|Computerized numerical control CNC software,Y|Y|Y|Y|Y|Y|N|Y|N|N|N|Y|N|Y|Y
51-7099.00,"Woodworkers, All Other",All woodworkers not listed separately.,,,,
51-8011.00,Nuclear Power Reactor Operators,"Operate or control nuclear reactors. Move control rods, start and stop equipment, monitor and adjust controls, and record data in logs. Implement emergency procedures when needed. May respond to abnormalities, determine cause, and recommend corrective action.",Reading Comprehension|Active Listening|Critical Thinking|Monitoring|Writing|Speaking|Active Learning|Learning Strategies|Mathematics|Science,4.0|3.88|3.88|3.88|3.5|3.25|3.12|3.0|2.75|2.75,Data logging software|Microsoft SharePoint|Microsoft PowerPoint|Microsoft Office software|Outage management system OMS|Microsoft Power BI|Structured query language SQL|Microsoft Excel|Microsoft Azure software|Microsoft Access|Microsoft Power Automate|Plant information data entry software,N|Y|Y|Y|Y|Y|Y|Y|Y|N|N|Y
51-8012.00,Power Distributors and Dispatchers,"Coordinate, regulate, or distribute electricity or steam.",Reading Comprehension|Active Listening|Critical Thinking|Monitoring|Speaking|Writing|Active Learning|Mathematics|Learning Strategies|Science,3.62|3.62|3.62|3.62|3.5|3.12|3.0|2.75|2.75|1.88,Microsoft Outlook|Siemens Energy and Automation|Geographic information system GIS software|OSI monarch/SGP|Wide area monitoring system WAMS software|Microsoft Office software|Supervisory control and data acquisition SCADA software|Microsoft Access|Distribution automation system software|Substation automation system software|Siemens Spectrum PowerCC Distribution Management|Energy management system EMS|SAP software|ABB MicroSCADA Pro DMS|Siemens Spectrum Power TG,N|N|N|N|N|N|N|N|Y|Y|Y|Y|Y|Y|N
51-8013.00,Power Plant Operators,"Control, operate, or maintain machinery to generate electric power. Includes auxiliary equipment operators.",Critical Thinking|Speaking|Active Listening|Monitoring|Reading Comprehension|Writing|Active Learning|Learning Strategies|Mathematics|Science,3.75|3.38|3.25|3.25|3.12|3.0|2.88|2.38|2.0|2.0,Microsoft Outlook|Siemens Power Plant Automation SPPA|Microsoft Office software|General Electric Mark VI Integrated Control System ICS|Supervisory control and data acquisition SCADA software|Microsoft Access|Continuous emissions monitoring systems CEMS|Emerson Ovation|Computerized maintenance management system CMMS|SAP software|Distributed control system DCS|General Electric Mark VI Distributed Control System DCS|Gas field monitoring system software|Yokogawa FAST/TOOLS|Interlock shutdown systems,N|N|N|N|N|N|N|N|N|N|N|Y|Y|Y|Y
51-8013.03,Biomass Plant Technicians,Control and monitor biomass plant activities and perform maintenance as needed.,Monitoring|Critical Thinking|Reading Comprehension|Active Listening|Writing|Speaking|Active Learning|Learning Strategies|Mathematics|Science,3.38|3.12|3.0|3.0|3.0|3.0|3.0|3.0|2.75|2.25,Microsoft Word|Microsoft Outlook|National Instruments LabVIEW|Microsoft Office software|Inventory control software|Microsoft Excel|Distributed control system DCS|Energy analysis software,N|N|N|Y|Y|Y|Y|N
51-8013.04,Hydroelectric Plant Technicians,"Monitor and control activities associated with hydropower generation. Operate plant equipment, such as turbines, pumps, valves, gates, fans, electric control boards, and battery banks. Monitor equipment operation and performance and make necessary adjustments to ensure optimal performance. Perform equipment maintenance and repair as necessary.",Critical Thinking|Monitoring|Reading Comprehension|Active Listening|Speaking|Writing|Mathematics|Active Learning|Learning Strategies|Science,3.88|3.62|3.25|3.12|3.12|3.0|3.0|3.0|2.62|2.38,Microsoft Word|Microsoft Outlook|Computerized maintenance management system CMMS|Microsoft Office software|Supervisory control and data acquisition SCADA software|IBM Lotus Notes|Microsoft Excel|Web browser software|Distributed control system DCS,N|N|N|Y|Y|Y|Y|N|N
51-8021.00,Stationary Engineers and Boiler Operators,"Operate or maintain stationary engines, boilers, or other mechanical equipment to provide utilities for buildings or industrial processes. Operate equipment such as steam engines, generators, motors, turbines, and steam boilers.",Active Listening|Critical Thinking|Reading Comprehension|Active Learning|Monitoring|Speaking|Writing|Science|Mathematics|Learning Strategies,3.25|3.25|3.12|3.12|3.12|3.0|2.88|2.25|2.12|2.12,Microsoft Word|Microsoft Outlook|Graphics software|Computerized maintenance management system CMMS|Microsoft PowerPoint|Operational Data Store ODS software|SAP software|Microsoft Office software|Email software|Database software|Building management system software|Microsoft Active Server Pages ASP|Microsoft Excel|Statistical software|Web browser software,N|N|N|N|N|Y|Y|Y|Y|Y|Y|N|Y|N|N
51-8031.00,Water and Wastewater Treatment Plant and System Operators,"Operate or control an entire process or system of machines, often through the use of control boards, to transfer or treat water or wastewater.",Monitoring|Active Listening|Speaking|Reading Comprehension|Critical Thinking|Mathematics|Writing|Active Learning|Learning Strategies|Science,3.62|3.12|3.12|3.0|3.0|2.88|2.75|2.75|2.75|2.62,Timekeeping software|Data logging software|Human machine interface HMI software|Microsoft Outlook|Microsoft Word|Operational Data Store ODS software|Records management software|Microsoft Office software|Material safety data sheet MSDS software|Geographic information system GIS systems|Supervisory control and data acquisition SCADA software|Wastewater expert control systems|Database software|Microsoft Excel|Microsoft PowerPoint,N|N|N|N|N|Y|Y|Y|Y|Y|N|N|N|N|N
51-8091.00,Chemical Plant and System Operators,Control or operate entire chemical processes or system of machines.,Monitoring|Critical Thinking|Reading Comprehension|Active Listening|Speaking|Writing|Active Learning|Mathematics|Learning Strategies|Science,3.75|3.62|3.12|3.12|3.12|3.0|3.0|2.75|2.75|2.62,Microsoft Word|Alarm management system software|Interlock shutdown systems|Microsoft Office software|Coordinated incident management system CIMS software|Microsoft Excel|Distributed control system DCS,N|N|N|N|Y|Y|Y
51-8092.00,Gas Plant Operators,Distribute or process gas for utility companies and others by controlling compressors to maintain specified pressures on main pipelines.,Monitoring|Critical Thinking|Reading Comprehension|Active Listening|Writing|Speaking|Mathematics|Active Learning|Learning Strategies|Science,3.62|3.5|3.12|3.0|3.0|3.0|2.88|2.88|2.75|2.0,Google Android|Microsoft Word|Microsoft Outlook|Quorum PGAS|Microsoft PowerPoint|SAP software|Microsoft Office software|Work scheduling software|Supervisory control and data acquisition SCADA software|Microsoft Excel|AspenTech HYSYS|Operating log software,N|Y|Y|Y|Y|Y|Y|N|N|Y|N|N
51-8093.00,"Petroleum Pump System Operators, Refinery Operators, and Gaugers","Operate or control petroleum refining or processing units. May specialize in controlling manifold and pumping systems, gauging or testing oil in storage tanks, or regulating the flow of oil into pipelines.",Monitoring|Reading Comprehension|Speaking|Active Listening|Writing|Critical Thinking|Active Learning|Learning Strategies|Mathematics|Science,3.62|3.5|3.12|3.0|3.0|3.0|3.0|2.88|2.62|2.0,Programmable logic controller PLC software|Microsoft Word|Microsoft Outlook|Inventory tracking software|Supervisory control and data acquisition SCADA software|Email software|Microsoft Excel,N|N|Y|Y|Y|N|N
51-8099.00,"Plant and System Operators, All Other",All plant and system operators not listed separately.,,,,
51-8099.01,Biofuels Processing Technicians,"Calculate, measure, load, mix, and process refined feedstock with additives in fermentation or reaction process vessels and monitor production process. Perform, and keep records of, plant maintenance, repairs, and safety inspections.",Reading Comprehension|Monitoring|Active Listening|Speaking|Writing|Critical Thinking|Mathematics|Science|Active Learning|Learning Strategies,3.5|3.38|3.25|3.25|3.12|3.12|2.88|2.88|2.88|2.5,Data visualization software|Digital control systems DCS|Human machine interface HMI software|Microsoft Word|Computerized maintenance management system CMMS|Python|Tableau|SAS|Inventory control software|Microsoft Excel|R,N|N|N|N|N|Y|Y|Y|Y|Y|Y
51-9011.00,Chemical Equipment Operators and Tenders,"Operate or tend equipment to control chemical changes or reactions in the processing of industrial or consumer products. Equipment used includes devulcanizers, steam-jacketed kettles, and reactor vessels.",Monitoring|Reading Comprehension|Active Listening|Writing|Critical Thinking|Speaking|Active Learning|Mathematics|Learning Strategies|Science,3.62|3.12|3.0|3.0|3.0|2.88|2.88|2.62|2.62|2.5,IBM Notes|Microsoft Outlook|Microsoft Word|Operational databases|SAP software|Microsoft Office software|Microsoft Excel|Microsoft PowerPoint,N|Y|Y|Y|Y|Y|N|Y
51-9012.00,"Separating, Filtering, Clarifying, Precipitating, and Still Machine Setters, Operators, and Tenders","Set up, operate, or tend continuous flow or vat-type equipment; filter presses; shaker screens; centrifuges; condenser tubes; precipitating, fermenting, or evaporating tanks; scrubbing towers; or batch stills. These machines extract, sort, or separate liquids, gases, or solids from other materials to recover a refined product. Includes dairy processing equipment operators.",Critical Thinking|Monitoring|Reading Comprehension|Active Listening|Writing|Speaking|Active Learning|Learning Strategies|Mathematics|Science,3.12|3.12|3.0|3.0|2.88|2.88|2.88|2.75|2.62|2.5,Microsoft Word|Microsoft Outlook|SAP software|Microsoft Office software|Email software|Microsoft Excel|Microsoft PowerPoint,N|Y|Y|Y|Y|Y|Y
51-9021.00,"Crushing, Grinding, and Polishing Machine Setters, Operators, and Tenders","Set up, operate, or tend machines to crush, grind, or polish materials, such as coal, glass, grain, stone, food, or rubber.",Monitoring|Reading Comprehension|Active Listening|Speaking|Writing|Critical Thinking|Active Learning|Learning Strategies|Mathematics|Science,3.12|3.0|3.0|3.0|2.88|2.88|2.75|2.5|2.38|1.88,Microsoft Word|SAP software|Microsoft Office software|Email software|Microsoft Excel,N|Y|Y|Y|Y
51-9022.00,"Grinding and Polishing Workers, Hand","Grind, sand, or polish, using hand tools or hand-held power tools, a variety of metal, wood, stone, clay, plastic, or glass objects. Includes chippers, buffers, and finishers.",Active Listening|Speaking|Critical Thinking|Reading Comprehension|Monitoring|Writing|Active Learning|Mathematics|Learning Strategies|Science,2.88|2.88|2.88|2.75|2.75|2.38|2.38|2.12|2.12|1.12,Microsoft Word|Microsoft Excel,Y|Y
51-9023.00,"Mixing and Blending Machine Setters, Operators, and Tenders","Set up, operate, or tend machines to mix or blend materials, such as chemicals, tobacco, liquids, color pigments, or explosive ingredients.",Reading Comprehension|Critical Thinking|Monitoring|Speaking|Active Listening|Writing|Active Learning|Learning Strategies|Mathematics|Science,3.12|3.12|3.12|3.0|2.88|2.75|2.75|2.62|2.38|1.88,Microsoft Windows|Microsoft Outlook|Microsoft Word|Operational databases|SAP software|Microsoft Office software|Email software|Microsoft Excel,N|Y|Y|Y|Y|Y|N|Y
51-9031.00,"Cutters and Trimmers, Hand","Use hand tools or hand-held power tools to cut and trim a variety of manufactured items, such as carpet, fabric, stone, glass, or rubber.",Active Listening|Speaking|Reading Comprehension|Monitoring|Critical Thinking|Writing|Active Learning|Mathematics|Learning Strategies|Science,2.88|2.88|2.75|2.75|2.62|2.12|2.12|2.0|2.0|1.0,Microsoft Word|Microsoft Outlook|Microsoft Excel,Y|Y|Y
51-9032.00,"Cutting and Slicing Machine Setters, Operators, and Tenders","Set up, operate, or tend machines that cut or slice materials, such as glass, stone, cork, rubber, tobacco, food, paper, or insulating material.",Reading Comprehension|Monitoring|Active Listening|Critical Thinking|Speaking|Active Learning|Mathematics|Writing|Learning Strategies|Science,3.12|3.12|2.88|2.88|2.75|2.5|2.38|2.25|2.0|1.5,Microsoft Word|Microsoft Outlook|SAP software|Microsoft Excel,Y|Y|Y|Y
51-9041.00,"Extruding, Forming, Pressing, and Compacting Machine Setters, Operators, and Tenders","Set up, operate, or tend machines, such as glass-forming machines, plodder machines, and tuber machines, to shape and form products such as glassware, food, rubber, soap, brick, tile, clay, wax, tobacco, or cosmetics.",Monitoring|Speaking|Reading Comprehension|Active Listening|Critical Thinking|Writing|Active Learning|Mathematics|Learning Strategies|Science,3.38|3.12|3.0|3.0|3.0|2.75|2.62|2.12|2.12|1.75,Microsoft Word|Microsoft Outlook|Operational databases|SAP software|Microsoft Office software|Production scheduling software|Microsoft Excel,Y|Y|Y|Y|N|N|Y
51-9051.00,"Furnace, Kiln, Oven, Drier, and Kettle Operators and Tenders","Operate or tend heating equipment other than basic metal, plastic, or food processing equipment. Includes activities such as annealing glass, drying lumber, curing rubber, removing moisture from materials, or boiling soap.",Reading Comprehension|Active Listening|Speaking|Critical Thinking|Monitoring|Writing|Active Learning|Mathematics|Learning Strategies|Science,3.12|3.12|3.12|3.12|3.12|2.62|2.38|2.25|2.12|1.88,Microsoft Word|Inventory tracking software|Machine operation software|Microsoft Excel,N|N|Y|Y
51-9061.00,"Inspectors, Testers, Sorters, Samplers, and Weighers","Inspect, test, sort, sample, or weigh nonagricultural raw materials or processed, machined, fabricated, or assembled parts or products for defects, wear, and deviations from specifications. May use precision measuring instruments and complex test equipment.",Writing|Critical Thinking|Reading Comprehension|Active Listening|Speaking|Monitoring|Mathematics|Active Learning|Learning Strategies|Science,3.25|3.25|3.12|3.12|3.12|3.0|2.62|2.38|2.0|1.62,Microsoft Outlook|Computer assisted design software|Label inspection systems|Medical condition coding software|Microsoft Office software|Inspection marking systems|Database software|Selenium|Microsoft Access|The MathWorks MATLAB|Data analysis software|IBM Notes|Apache Hive|Coordinate measuring machine software|Mastercam Design,Y|N|Y|Y|N|N|N|N|N|Y|N|N|N|N|Y
51-9071.00,Jewelers and Precious Stone and Metal Workers,"Design, fabricate, adjust, repair, or appraise jewelry, gold, silver, other precious metals, or gems.",Active Listening|Speaking|Critical Thinking|Reading Comprehension|Monitoring|Writing|Active Learning|Learning Strategies|Mathematics|Science,3.12|3.0|3.0|2.75|2.75|2.5|2.38|2.25|2.0|1.25,Microsoft Word|Microsoft Outlook|Intuit QuickBooks|Inventory tracking software|Adobe Photoshop|Retail management software|Jewelry store point of sale POS software|Web browser software|Microsoft Excel|Metal designing software|Adobe Illustrator|Customer information databases|Computer assisted jewelry design CAD software,Y|Y|N|N|Y|N|N|N|Y|Y|Y|N|N
51-9071.06,Gem and Diamond Workers,"Fabricate, finish, or evaluate the quality of gems and diamonds used in jewelry or industrial tools.",Critical Thinking|Monitoring|Reading Comprehension|Active Listening|Speaking|Writing|Mathematics|Active Learning|Learning Strategies|Science,3.12|3.12|3.0|3.0|3.0|2.88|2.75|2.75|2.12|1.5,GemCad|Inventory tracking software|Spectrophotometer analysis software|Jewelry design software|Business accounting software|Gem identification databases|Web browser software,N|N|N|N|N|N|N
51-9081.00,Dental Laboratory Technicians,Construct and repair full or partial dentures or dental appliances.,Reading Comprehension|Critical Thinking|Active Listening|Speaking|Active Learning|Monitoring|Writing|Learning Strategies|Science|Mathematics,3.38|3.25|3.0|3.0|3.0|3.0|2.88|2.88|2.12|2.0,Microsoft Outlook|Graphics software|Microsoft Office software|Scheduling software|Mainstreet Systems & Software DentaLab/PC II|Laboratory Systems Group Lab Manager|Dental product manufacturing software|Bookkeeping software|Jenmar International DL-Plus|LabMagic|Computer imaging software|Microsoft Windows|Easy Solutions Easy Lab|Dental product design software|Inventrix Labtrac,N|N|N|N|N|N|N|N|N|Y|N|N|N|N|N
51-9082.00,Medical Appliance Technicians,"Construct, maintain, or repair medical supportive devices such as braces, orthotics and prosthetic devices, joints, arch supports, and other surgical and medical appliances.",Critical Thinking|Reading Comprehension|Active Listening|Speaking|Monitoring|Active Learning|Writing|Learning Strategies|Mathematics|Science,3.75|3.62|3.62|3.62|3.25|3.12|2.88|2.75|2.62|1.75,Microsoft Word|Microsoft Outlook|Footmaxx Metascan software|Autodesk AutoCAD|Ohio Willow Wood OMEGA Tracer System|Microsoft Office software|Vorum Research Corporation CANFIT-PLUS|Orthotic fabrication software|Microsoft Excel|Seattle Systems Shapemaker|SoftSource CADview|Gait analysis software,Y|N|N|Y|Y|Y|Y|N|N|N|N|N
51-9083.00,Ophthalmic Laboratory Technicians,"Cut, grind, and polish eyeglasses, contact lenses, or other precision optical elements. Assemble and mount lenses into frames or process other optical elements. Includes precision lens polishers or grinders, centerer-edgers, and lens mounters.",Reading Comprehension|Critical Thinking|Monitoring|Active Listening|Speaking|Writing|Active Learning|Learning Strategies|Mathematics|Science,3.0|3.0|3.0|2.88|2.88|2.75|2.75|2.5|2.12|1.75,Microsoft Word|Microsoft Outlook|Eyeglass design software|SAP software|Microsoft Office software|Microsoft Excel|Microsoft PowerPoint|Electronic medical record EMR software,N|N|Y|Y|Y|Y|Y|Y
51-9111.00,Packaging and Filling Machine Operators and Tenders,Operate or tend machines to prepare industrial or consumer products for storage or shipment. Includes cannery workers who pack food products.,Monitoring|Active Listening|Reading Comprehension|Critical Thinking|Speaking|Writing|Active Learning|Mathematics|Learning Strategies|Science,3.12|3.0|2.88|2.88|2.75|2.62|2.38|2.12|2.12|1.0,Microsoft Word|Microsoft Outlook|Label printing software|SAP software|Microsoft Office software|Email software|Microsoft Excel|Microsoft PowerPoint,N|N|Y|Y|Y|Y|Y|Y
51-9123.00,"Painting, Coating, and Decorating Workers","Paint, coat, or decorate articles, such as furniture, glass, plateware, pottery, jewelry, toys, books, or leather.",Active Listening|Monitoring|Reading Comprehension|Speaking|Critical Thinking|Writing|Active Learning|Learning Strategies|Mathematics|Science,2.88|2.88|2.75|2.75|2.75|2.25|2.12|2.0|1.88|1.0,Corel WordPerfect Office Suite|Adobe Photoshop|Adobe FreeHand MX|Microsoft Excel|Adobe Illustrator,N|Y|Y|N|Y
51-9124.00,"Coating, Painting, and Spraying Machine Setters, Operators, and Tenders","Set up, operate, or tend spraying or rolling machines to coat or paint any of a wide variety of products, including glassware, cloth, ceramics, metal, plastic, paper, or wood, with lacquer, silver, copper, rubber, varnish, glaze, enamel, oil, or rust-proofing materials. Includes painters of transportation vehicles such as painters in auto body repair facilities.",Monitoring|Critical Thinking|Reading Comprehension|Active Listening|Speaking|Learning Strategies|Active Learning|Writing|Mathematics|Science,3.12|2.75|2.62|2.62|2.62|2.62|2.5|2.25|2.0|1.12,Microsoft Word|Microsoft Outlook|Time recording software|Microsoft Office software|Scheduling software|Maintenance management software|Materials requirement planning MRP software|Microsoft Excel|Inventory control software|Inventory management systems|Robotic painting software,N|N|N|N|Y|Y|Y|Y|N|N|N
51-9141.00,Semiconductor Processing Technicians,"Perform any or all of the following functions in the manufacture of electronic semiconductors: load semiconductor material into furnace; saw formed ingots into segments; load individual segment into crystal growing chamber and monitor controls; locate crystal axis in ingot using x-ray equipment and saw ingots into wafers; and clean, polish, and load wafers into series of special purpose furnaces, chemical baths, and equipment used to form circuitry and change conductive properties.",Reading Comprehension|Critical Thinking|Active Listening|Monitoring|Speaking|Writing|Active Learning|Learning Strategies|Mathematics|Science,3.38|3.38|3.25|3.25|2.88|2.75|2.5|2.25|1.88|1.88,National Instruments TestStand|Microsoft Word|yieldWerx|Python|Eyelit Manufacturing|SAP software|Microsoft Office software|Camstar Systems Camstar Semiconductor Suite|Microsoft Excel|Database software|Microsoft PowerPoint,N|N|N|Y|Y|Y|Y|N|Y|Y|N
51-9151.00,Photographic Process Workers and Processing Machine Operators,Perform work involved in developing and processing photographic images from film or digital media. May perform precision tasks such as editing photographic negatives and prints.,Active Listening|Reading Comprehension|Speaking|Critical Thinking|Monitoring|Active Learning|Writing|Learning Strategies|Mathematics|Science,3.38|3.25|3.25|3.12|3.12|2.88|2.75|2.5|2.0|1.62,Microsoft Outlook|Git|MySQL|MongoDB|Camera Bits Photo Mechanic|Microsoft Office software|Cascading style sheets CSS|RESTful API|Microsoft Access|Docker|ExpressDigital Labtricity|Adobe InDesign|Microsoft Publisher|Adobe Photoshop|SAP software,Y|Y|Y|Y|Y|N|Y|Y|N|Y|N|Y|Y|Y|Y
51-9161.00,Computer Numerically Controlled Tool Operators,"Operate computer-controlled tools, machines, or robots to machine or process parts, tools, or other work pieces made of metal, plastic, wood, stone, or other materials. May also set up and maintain equipment.",Critical Thinking|Monitoring|Active Listening|Speaking|Reading Comprehension|Active Learning|Mathematics|Writing|Learning Strategies|Science,3.62|3.62|3.12|3.0|2.88|2.88|2.75|2.62|2.62|1.62,Kentech machine shop software|Microsoft Outlook|Kentech Kipware Studio|Virtual Gibbs CADD/CAM|Microsoft Office software|PartMaker SwissCAM|Supervisory control and data acquisition SCADA software|ERP software|Microsoft Project|Cadem NCnet|Vero Software SURFCAM|JETCAM|Predator DNC|EditCNC|MUMPS M,N|Y|N|N|N|N|N|N|N|N|N|Y|N|N|N
51-9162.00,Computer Numerically Controlled Tool Programmers,"Develop programs to control machining or processing of materials by automatic machine tools, equipment, or systems. May also set up, operate, or maintain equipment.",Monitoring|Mathematics|Reading Comprehension|Active Listening|Speaking|Critical Thinking|Writing|Active Learning|Learning Strategies|Science,3.5|3.12|3.0|3.0|3.0|3.0|2.88|2.88|2.62|1.88,MecSoft Corporation VisualTURN|Siemens NX|Hypertherm ProNest|DP Technology ESPRIT|SAP software|Vero Software SMIRTsoftware|Technos Astra R-Nesting|Intelitek spectraCAM Turning|MecSoft Corporation RhinoCAM|Autodesk PowerShape|Autodesk Fusion 360|Missler Software TopSolid|Cimatron CimatronE|MachineWorks Ltd. MachineWorks|Microsoft Excel,N|N|N|Y|N|N|N|N|N|N|N|N|N|Y|N
51-9191.00,Adhesive Bonding Machine Operators and Tenders,"Operate or tend bonding machines that use adhesives to join items for further processing or to form a completed product. Processes include joining veneer sheets into plywood; gluing paper; or joining rubber and rubberized fabric parts, plastic, simulated leather, or other materials.",Active Listening|Speaking|Monitoring|Reading Comprehension|Critical Thinking|Writing|Active Learning|Mathematics|Learning Strategies|Science,3.12|3.12|3.12|3.0|2.88|2.75|2.62|2.5|2.25|1.5,Microsoft Word|SAP software|Microsoft Office software|Microsoft Excel|Microsoft PowerPoint,Y|Y|Y|Y|Y
51-9192.00,"Cleaning, Washing, and Metal Pickling Equipment Operators and Tenders","Operate or tend machines to wash or clean products, such as barrels or kegs, glass items, tin plate, food, pulp, coal, plastic, or rubber, to remove impurities.",Active Listening|Speaking|Critical Thinking|Monitoring|Reading Comprehension|Writing|Learning Strategies|Active Learning|Mathematics|Science,2.88|2.88|2.88|2.88|2.75|2.25|2.25|2.12|2.0|1.5,Microsoft Word|Microsoft Excel,Y|Y
51-9193.00,Cooling and Freezing Equipment Operators and Tenders,"Operate or tend equipment such as cooling and freezing units, refrigerators, batch freezers, and freezing tunnels, to cool or freeze products, food, blood plasma, and chemicals.",Critical Thinking|Monitoring|Speaking|Reading Comprehension|Active Listening|Active Learning|Writing|Learning Strategies|Mathematics|Science,3.62|3.5|3.12|3.0|3.0|3.0|2.88|2.5|2.38|1.75,Microsoft Word|Google Gmail|Microsoft Office software|Microsoft Excel|Microsoft PowerPoint,N|Y|Y|Y|Y
51-9194.00,Etchers and Engravers,"Engrave or etch metal, wood, rubber, or other materials. Includes such workers as etcher-circuit processors, pantograph engravers, and silk screen etchers.",Reading Comprehension|Monitoring|Active Listening|Speaking|Critical Thinking|Active Learning|Writing|Learning Strategies|Mathematics|Science,3.12|3.12|3.0|3.0|3.0|2.38|2.25|2.25|2.0|1.12,Microsoft Windows|Computer aided design and computer aided manufacturing CAD/CAM engraving software|Gravograph GravoStyle|Delcam ArtCAM Express|Microsoft Office software|Western Engravers Supply Vision EXPERT|Adobe Illustrator|Corel CorelDraw Graphics Suite,Y|N|N|N|N|Y|Y|N
51-9195.00,"Molders, Shapers, and Casters, Except Metal and Plastic","Mold, shape, form, cast, or carve products such as food products, figurines, tile, pipes, and candles consisting of clay, glass, plaster, concrete, stone, or combinations of materials.",Reading Comprehension|Active Listening|Speaking|Monitoring|Writing|Critical Thinking|Active Learning|Learning Strategies|Mathematics|Science,2.88|2.88|2.75|2.75|2.62|2.62|2.25|2.12|2.0|1.0,Timekeeping software|Microsoft Word|Microsoft Outlook|Microsoft Office software|Mastercam computer-aided design and manufacturing software|Inventory control software|Microsoft Excel|Dassault Systemes SolidWorks,Y|N|N|Y|Y|Y|Y|N
51-9195.03,"Stone Cutters and Carvers, Manufacturing",Cut or carve stone according to diagrams and patterns.,Active Listening|Critical Thinking|Reading Comprehension|Speaking|Monitoring|Active Learning|Writing|Mathematics|Learning Strategies|Science,3.0|3.0|2.88|2.88|2.88|2.5|2.25|2.25|2.25|1.38,Timekeeping software|Microsoft Word|Corel Paint Shop Pro|Inventory control software|Microsoft Excel,N|N|Y|Y|N
51-9195.04,"Glass Blowers, Molders, Benders, and Finishers",Shape molten glass according to patterns.,Monitoring|Active Listening|Speaking|Critical Thinking|Reading Comprehension|Writing|Mathematics|Active Learning|Learning Strategies|Science,3.12|3.0|3.0|3.0|2.88|2.88|2.5|2.5|2.5|1.75,Billing software|Microsoft Outlook|Microsoft Excel|Inventory control software,N|N|Y|Y
51-9195.05,"Potters, Manufacturing","Operate production machines such as pug mill, jigger machine, or potter's wheel to process clay in manufacture of ceramic, pottery and stoneware products.",Active Listening|Critical Thinking|Monitoring|Speaking|Reading Comprehension|Writing|Mathematics|Active Learning|Learning Strategies|Science,3.0|3.0|3.0|2.88|2.75|2.38|2.12|2.0|1.75|1.5,Microsoft Outlook|Microsoft Excel|Inventory control software,N|Y|Y
51-9196.00,"Paper Goods Machine Setters, Operators, and Tenders","Set up, operate, or tend paper goods machines that perform a variety of functions, such as converting, sawing, corrugating, banding, wrapping, boxing, stitching, forming, or sealing paper or paperboard sheets into products.",Active Listening|Speaking|Critical Thinking|Monitoring|Active Learning|Reading Comprehension|Writing|Mathematics|Learning Strategies|Science,3.0|3.0|3.0|3.0|2.88|2.75|2.25|2.12|2.0|1.0,Microsoft Word|Adobe InDesign|Adobe Photoshop|Microsoft Office software|Adobe Acrobat|Microsoft Excel|Quark enterprise publishing software|Adobe Illustrator|Objectif Lune PrintShop Mail|Virtual Systems Mail-Shop,Y|Y|Y|Y|Y|Y|Y|N|N|N
51-9197.00,Tire Builders,Operate machines to build tires.,Active Listening|Critical Thinking|Monitoring|Speaking|Reading Comprehension|Writing|Active Learning|Learning Strategies|Mathematics|Science,3.0|3.0|3.0|2.62|2.25|2.0|2.0|2.0|1.88|1.0,Programmable logic controller PLC software|Microsoft Word|Microsoft Outlook|SAP software|Microsoft Office software|IBM Lotus Notes|Microsoft Excel|Web browser software|Microsoft PowerPoint|Microsoft Project,N|Y|Y|Y|Y|Y|Y|N|Y|N
51-9198.00,Helpers--Production Workers,"Help production workers by performing duties requiring less skill. Duties include supplying or holding materials or tools, and cleaning work area and equipment.",Active Listening|Monitoring|Reading Comprehension|Speaking|Critical Thinking|Active Learning|Writing|Mathematics|Learning Strategies|Science,2.75|2.75|2.62|2.62|2.62|2.12|2.0|2.0|2.0|1.0,Microsoft Word|Microsoft Outlook|Adobe InDesign|Autodesk AutoCAD|Operational databases|Adobe Photoshop|Microsoft Office software|SAP software|Adobe Acrobat|Microsoft Excel|Microsoft PowerPoint,Y|Y|Y|Y|Y|Y|Y|Y|Y|N|Y
51-9199.00,"Production Workers, All Other",All production workers not listed separately.,,,,
53-1041.00,Aircraft Cargo Handling Supervisors,"Supervise and coordinate the activities of ground crew in the loading, unloading, securing, and staging of aircraft cargo or baggage. May determine the quantity and orientation of cargo and compute aircraft center of gravity. May accompany aircraft as member of flight crew and monitor and handle cargo in flight, and assist and brief passengers on safety and emergency procedures. Includes loadmasters.",Critical Thinking|Active Listening|Speaking|Monitoring|Learning Strategies|Reading Comprehension|Writing|Mathematics|Active Learning|Science,3.75|3.62|3.62|3.62|3.5|3.25|3.12|3.0|3.0|1.5,Facebook|Microsoft Outlook|Microsoft Word|Corel WordPerfect Office Suite|Warehouse management system WMS|Microsoft Office software|Cargo tracking system software|Microsoft Excel,N|N|Y|Y|Y|Y|Y|N
53-1042.00,"First-Line Supervisors of Helpers, Laborers, and Material Movers, Hand","Directly supervise and coordinate the activities of helpers, laborers, or material movers, hand.",Speaking|Active Listening|Critical Thinking|Monitoring|Reading Comprehension|Writing|Learning Strategies|Active Learning|Mathematics|Science,3.62|3.5|3.38|3.38|3.12|3.12|3.0|2.75|2.25|1.38,Microsoft Word|Microsoft Outlook|Corel WordPerfect Office Suite|Microsoft PowerPoint|Warehouse management system WMS|SAP software|Microsoft Office software|Oracle Database|Employee scheduling software|Inventory control software|Microsoft Excel|Microsoft Access|Inventory management systems|Sage ERP Accpac|Time and attendance software,N|N|N|N|Y|Y|Y|Y|Y|Y|Y|N|Y|N|N
53-1042.01,Recycling Coordinators,Supervise curbside and drop-off recycling programs for municipal governments or private firms.,Speaking|Active Listening|Critical Thinking|Reading Comprehension|Monitoring|Writing|Active Learning|Learning Strategies|Mathematics|Science,3.88|3.62|3.62|3.5|3.5|3.12|3.12|3.0|2.5|1.25,Microsoft Word|Microsoft Outlook|Microsoft PowerPoint|Operational databases|SAP software|Microsoft Office software|Work scheduling software|Email software|Microsoft Excel|Web browser software|Microsoft Access,N|Y|Y|Y|Y|Y|Y|N|Y|N|N
53-1043.00,First-Line Supervisors of Material-Moving Machine and Vehicle Operators,Directly supervise and coordinate activities of material-moving machine and vehicle operators and helpers.,Active Listening|Speaking|Reading Comprehension|Critical Thinking|Monitoring|Writing|Active Learning|Learning Strategies|Mathematics|Science,4.0|3.88|3.62|3.62|3.5|3.38|3.12|3.12|2.75|1.25,Microsoft Outlook|Starre Enterprises Star Bill of Lading|General ledger software|@Road GeoManager|Microsoft Office software|Coptimal Logics AutoLoad Pro|Fleet management systems|Scheduling software|Creative Systems Corporation Freight-Link System|Barcode software|Microsoft Access|Softtruck CargoWiz|MagicLogic Optimization Cube-IQ|Mapping software|SAP software,N|N|N|N|N|N|N|N|N|N|N|N|N|N|N
53-1044.00,First-Line Supervisors of Passenger Attendants,Supervise and coordinate activities of passenger attendants.,Active Listening|Speaking|Reading Comprehension|Critical Thinking|Active Learning|Monitoring|Writing|Learning Strategies|Mathematics|Science,3.88|3.88|3.62|3.62|3.5|3.5|3.38|3.25|2.5|1.12,Timekeeping software|Microsoft Word|Microsoft Outlook|Accellos Real Dispatch|Microsoft PowerPoint|General ledger software|SAP software|Microsoft Office software|Scheduling software|Work scheduling software|Web browser software|Microsoft Excel|Microsoft Access|Inventory management systems|Commercial vehicle operations CVO software,N|N|N|N|Y|Y|Y|Y|Y|Y|Y|N|N|N|N
53-1049.00,"First-Line Supervisors of Transportation Workers, All Other",All first-line supervisors of transportation workers not listed separately.,,,,
53-2011.00,"Airline Pilots, Copilots, and Flight Engineers","Pilot and navigate the flight of fixed-wing aircraft, usually on scheduled air carrier routes, for the transport of passengers and cargo. Requires Federal Air Transport certificate and rating for specific aircraft type used. Includes regional, national, and international airline pilots and flight instructors of airline pilots.",Active Listening|Critical Thinking|Monitoring|Reading Comprehension|Speaking|Active Learning|Writing|Mathematics|Learning Strategies|Science,4.12|4.12|4.12|3.88|3.75|3.75|3.12|3.12|3.0|2.75,Microsoft Outlook|Skylog Services Skylog Pro|Microsoft Office software|Polaris Microsystems CharterLog|Pilot Navigator Software Load Balance|Navzilla|Notam Development Group Airport Insight|Microsoft Visio|Nimblefeet Technologies Captain's Keeper|AeroPlanner|IFT-Pro|MJICCS PilotLog|Document Object Model DOM Scripting|doXstor Flight Level Logbook|Electronic aircraft information databases,N|N|N|N|N|N|N|N|Y|Y|Y|Y|Y|Y|N
53-2012.00,Commercial Pilots,"Pilot and navigate the flight of fixed-wing aircraft on nonscheduled air carrier routes, or helicopters. Requires Commercial Pilot certificate. Includes charter pilots with similar certification, and air ambulance and air tour pilots. Excludes regional, national, and international airline pilots.",Monitoring|Critical Thinking|Active Listening|Reading Comprehension|Speaking|Active Learning|Learning Strategies|Writing|Mathematics|Science,4.12|4.0|3.88|3.75|3.75|3.62|3.12|3.0|2.75|2.62,Airdata|Skylog Services Skylog Pro|Pix4D Pix4Dcapture|Microsoft Office software|Polaris Microsystems CharterLog|Pilot Navigator Software Load Balance|Navzilla|Notam Development Group Airport Insight|UgCS|Aeronautical charts|FLIR Thermal Studio Suite|AeroPlanner|Nimblefeet Technologies Captain's Keeper|ArduPilot Mission Planner|ESRI Site Scan for ArcGIS,Y|N|N|N|N|N|N|N|N|N|N|N|N|N|N
53-2021.00,Air Traffic Controllers,"Control air traffic on and within vicinity of airport, and movement of air traffic between altitude sectors and control centers, according to established procedures and policies. Authorize, regulate, and control commercial airline flights according to government or company regulations to expedite and ensure flight safety.",Active Listening|Speaking|Critical Thinking|Monitoring|Reading Comprehension|Active Learning|Writing|Learning Strategies|Mathematics|Science,4.38|4.25|4.12|4.0|3.75|3.75|3.12|3.12|2.88|1.75,Microsoft Outlook|Multi-center traffic management advisor McTMA|Traffic management advisor TMA software|Microsoft Office software|Microsoft Access|Direct-to-tool software|SAP software|Really Simple Syndication RSS|Automated radar terminal systems ARTS|Center TRACON automation systems CTAS|Advanced technologies and oceanic procedures ATOP|Flight simulation software|Expedite departure path EDP software|Microsoft Word|Adobe Acrobat,Y|N|N|N|N|N|N|N|N|Y|Y|Y|Y|Y|Y
53-2022.00,Airfield Operations Specialists,"Ensure the safe takeoff and landing of commercial and military aircraft. Duties include coordination between air-traffic control and maintenance personnel, dispatching, using airfield landing and navigational aids, implementing airfield safety procedures, monitoring and maintaining flight records, and applying knowledge of weather information.",Active Listening|Monitoring|Reading Comprehension|Speaking|Critical Thinking|Writing|Active Learning|Learning Strategies|Mathematics|Science,4.0|4.0|3.75|3.75|3.75|3.38|3.25|3.0|2.12|1.62,Microsoft Outlook|Apache HTTP Server|Microsoft Office software|Internet Protocol Television Systems|Decision Support Technologies Propworks|Microsoft Access|Parking access revenue control system|TRMI Airport AVI|Operations scheduling software|Adobe Photoshop|SAP software|Microsoft Windows|Linux|Microsoft SharePoint|Extensible markup language XML,Y|N|N|N|Y|N|N|N|Y|Y|Y|Y|Y|Y|Y
53-2031.00,Flight Attendants,"Monitor safety of the aircraft cabin. Provide services to airline passengers, explain safety information, serve food and beverages, and respond to emergency incidents.",Speaking|Active Listening|Monitoring|Reading Comprehension|Critical Thinking|Active Learning|Writing|Learning Strategies|Mathematics|Science,4.12|3.88|3.88|3.12|3.12|3.12|3.0|2.75|2.0|1.38,Microsoft Windows|Microsoft Outlook|Microsoft Word|IBM Lotus LearningSpace|ValtamTech Flight Crew Log|Microsoft Office software|Bid Assistant|Microsoft Excel|SBS International Maestro Suite|Microsoft PowerPoint|Arkitektia Flight Itinerary|AD OPT Altitude,N|N|N|N|Y|Y|Y|Y|Y|Y|N|N
53-3011.00,"Ambulance Drivers and Attendants, Except Emergency Medical Technicians","Drive ambulance or assist ambulance driver in transporting sick, injured, or convalescent persons. Assist in lifting patients.",Active Listening|Critical Thinking|Speaking|Reading Comprehension|Active Learning|Monitoring|Writing|Learning Strategies|Mathematics|Science,3.5|3.5|3.38|3.25|3.12|3.0|2.75|2.5|2.0|1.62,Mapping software|Microsoft Outlook|Microsoft Word|Microsoft Office software|Computer aided dispatch software|Microsoft Excel,N|N|Y|Y|Y|Y
53-3031.00,Driver/Sales Workers,"Drive truck or other vehicle over established routes or within an established territory and sell or deliver goods, such as food products, including restaurant take-out items, or pick up or deliver items such as commercial laundry. May also take orders, collect payment, or stock merchandise at point of delivery.",Active Listening|Speaking|Critical Thinking|Reading Comprehension|Monitoring|Writing|Active Learning|Mathematics|Learning Strategies|Science,3.75|3.62|3.12|3.0|2.88|2.75|2.75|2.62|2.0|1.0,bMobile Technology Route Manager|GEOCOMtms A.Maze Planning|MobiTech Systems Route Sales Trakker|IBM Domino|Regulussoft Route Accounting|Microsoft Office software|Computer Directions Route Sales Tracker|Soft Essentials Vending Essentials|Microsoft Excel|Route planning software|bMobile Technology Sales,N|N|N|N|N|Y|Y|N|N|N|N
53-3032.00,Heavy and Tractor-Trailer Truck Drivers,"Drive a tractor-trailer combination or a truck with a capacity of at least 26,001 pounds Gross Vehicle Weight (GVW). May be required to unload truck. Requires commercial drivers' license. Includes tow truck drivers.",Monitoring|Reading Comprehension|Speaking|Critical Thinking|Active Listening|Writing|Active Learning|Mathematics|Learning Strategies|Science,3.12|3.0|3.0|3.0|2.88|2.75|2.5|2.0|2.0|1.0,Microsoft Outlook|ddlsoftware.com drivers daily log program DDL|Microsoft Office software|PeopleNet|Evernote|Inventory tracking software|TruckersHelper|SAP software|Fog Line Software Truckn Pro|ALK Technologies PC*Miler|Microsoft Windows|Computerized inventory tracking software|3M Post-it App|Microsoft Word|Omnitracs Performance Monitoring,N|N|N|N|N|N|N|N|N|N|Y|Y|Y|Y|Y
53-3033.00,Light Truck Drivers,"Drive a light vehicle, such as a truck or van, with a capacity of less than 26,001 pounds Gross Vehicle Weight (GVW), primarily to pick up merchandise or packages from a distribution center and deliver. May load and unload vehicle.",Reading Comprehension|Active Listening|Speaking|Monitoring|Critical Thinking|Writing|Mathematics|Active Learning|Learning Strategies|Science,3.12|3.12|3.12|3.12|3.0|2.75|2.25|2.12|2.0|1.12,Microsoft Windows|Microsoft Outlook|IBM Domino|Recordkeeping software|Automatic routing software|Computerized inventory tracking software|Microsoft Office software|FreightDATA|Package location and tracking software|Eko|Vehicle location and tracking software|Microsoft Excel|Inventory management systems,N|N|N|N|N|N|Y|Y|Y|Y|N|N|N
53-3051.00,"Bus Drivers, School",Drive a school bus to transport students. Ensure adherence to safety rules. May assist students in boarding or exiting.,Active Listening|Critical Thinking|Monitoring|Speaking|Reading Comprehension|Writing|Active Learning|Learning Strategies|Mathematics|Science,3.38|3.38|3.38|3.12|3.0|2.62|2.5|2.38|1.75|1.0,Microsoft Windows|AOL MapQuest|Web browser software,N|Y|N
53-3052.00,"Bus Drivers, Transit and Intercity","Drive bus or motor coach, including regular route operations, charters, and private carriage. May assist passengers with baggage. May collect fares or tickets.",Active Listening|Critical Thinking|Speaking|Monitoring|Reading Comprehension|Active Learning|Writing|Learning Strategies|Mathematics|Science,3.12|3.12|3.0|3.0|2.75|2.62|2.5|2.12|2.0|1.0,Microsoft Windows|AOL MapQuest|Web browser software|Microsoft MapPoint,N|N|Y|N
53-3053.00,Shuttle Drivers and Chauffeurs,Drive a motor vehicle to transport passengers on a planned or scheduled basis. May collect a fare. Includes nonemergency medical transporters and hearse drivers.,Active Listening|Critical Thinking|Monitoring|Speaking|Reading Comprehension|Active Learning|Writing|Learning Strategies|Mathematics|Science,3.38|3.25|3.25|3.12|2.88|2.62|2.5|2.25|1.88|1.0,Actsoft Comet Tracker|AOL MapQuest|Facebook|Microsoft Windows|GPC Autocab|EventHelix WebTaxi|Global positioning system GPS software|Microsoft Office software|Mobile Knowledge Cabmate|PC Dispatch|TSS Wireless Fleet Management Suite|Penchant Software dispatchOffice|Web browser software|Easy Dispatch|Microsoft Excel,N|N|N|N|N|Y|N|N|Y|Y|Y|N|N|N|N
53-3054.00,Taxi Drivers,"Drive a motor vehicle to transport passengers on an unplanned basis and charge a fare, usually based on a meter.",,,Actsoft Comet Tracker|Facebook|Microsoft Windows|GPC Autocab|EventHelix WebTaxi|Microsoft Office software|Mobile Knowledge Cabmate|PC Dispatch|TSS Wireless Fleet Management Suite|Penchant Software dispatchOffice|Easy Dispatch|Microsoft Excel|Digital Dispatch|Piccolo Software PiccoloTaxi|TranWare Enterprise Suite,N|N|N|N|Y|N|Y|Y|Y|N|N|N|N|N|N
53-3099.00,"Motor Vehicle Operators, All Other",All motor vehicle operators not listed separately.,,,,
53-4011.00,Locomotive Engineers,"Drive electric, diesel-electric, steam, or gas-turbine-electric locomotives to transport passengers or freight. Interpret train orders, electronic or manual signals, and railroad rules and regulations.",Monitoring|Critical Thinking|Active Listening|Speaking|Reading Comprehension|Active Learning|Writing|Learning Strategies|Mathematics|Science,3.88|3.62|3.5|3.38|3.12|3.0|2.88|2.62|2.5|1.12,Microsoft Word|Time tracking software|Route mapping software|Microsoft Excel|Electronic train management systems ETMS,N|Y|Y|N|N
53-4013.00,"Rail Yard Engineers, Dinkey Operators, and Hostlers","Drive switching or other locomotive or dinkey engines within railroad yard, industrial plant, quarry, construction project, or similar location.",Monitoring|Speaking|Active Listening|Critical Thinking|Reading Comprehension|Active Learning|Writing|Learning Strategies|Mathematics|Science,3.62|3.5|3.38|3.25|3.12|3.0|2.88|2.75|2.38|1.5,Railyard management software RMS|Railyard inventory software|Softrail AEI Rail & Road Manager|Web browser software|Softrail AEI Automatic Yard Tracking System|Railcar inspection management software|Positive train control PTC systems|RailComm DocYard,N|N|N|N|N|N|N|N
53-4022.00,"Railroad Brake, Signal, and Switch Operators and Locomotive Firers","Operate or monitor railroad track switches or locomotive instruments. May couple or uncouple rolling stock to make up or break up trains. Watch for and relay traffic signals. May inspect couplings, air hoses, journal boxes, and hand brakes. May watch for dragging equipment or obstacles on rights-of-way.",Monitoring|Active Listening|Speaking|Critical Thinking|Reading Comprehension|Writing|Active Learning|Learning Strategies|Mathematics|Science,3.38|3.0|3.0|3.0|2.88|2.38|2.38|2.25|1.75|1.0,Google Android|Microsoft Outlook|Time tracking software|Electronic train management system software|Microsoft Office software|Route mapping software|Microsoft Excel|Electronic train management systems ETMS,N|N|Y|Y|Y|Y|N|N
53-4031.00,Railroad Conductors and Yardmasters,"Coordinate activities of switch-engine crew within railroad yard, industrial plant, or similar location. Conductors coordinate activities of train crew on passenger or freight trains. Yardmasters review train schedules and switching orders and coordinate activities of workers engaged in railroad traffic operations, such as the makeup or breakup of trains and yard switching.",Speaking|Monitoring|Critical Thinking|Active Listening|Reading Comprehension|Writing|Active Learning|Learning Strategies|Mathematics|Science,3.75|3.75|3.62|3.5|3.12|3.0|3.0|2.75|2.25|1.5,Microsoft Word|Bourque Data Systems YardMaster|Microsoft Outlook|Inventory tracking software|Softrail AEI Rail & Road Manager|Microsoft Office software|Freight reservation software|Microsoft Excel|Microsoft PowerPoint|Softrail AEI Automatic Yard Tracking System|SAIC government services and IT support software|Positive train control PTC systems|RailComm DocYard|Automated equipment identification AEI software,N|N|N|N|Y|Y|Y|Y|Y|N|N|N|N|N
53-4041.00,Subway and Streetcar Operators,"Operate subway or elevated suburban trains with no separate locomotive, or electric-powered streetcar, to transport passengers. May handle fares.",Active Listening|Speaking|Monitoring|Reading Comprehension|Critical Thinking|Active Learning|Writing|Learning Strategies|Mathematics|Science,3.62|3.38|3.25|3.12|3.0|3.0|2.75|2.62|2.38|1.0,Microsoft Office software,Y
53-4099.00,"Rail Transportation Workers, All Other",All rail transportation workers not listed separately.,,,,
53-5011.00,Sailors and Marine Oilers,"Stand watch to look for obstructions in path of vessel, measure water depth, turn wheel on bridge, or use emergency equipment as directed by captain, mate, or pilot. Break out, rig, overhaul, and store cargo-handling gear, stationary rigging, and running gear. Perform a variety of maintenance tasks to preserve the painted surface of the ship and to maintain line and ship equipment. Must hold government-issued certification and tankerman certification when working aboard liquid-carrying vessels. Includes able seamen and ordinary seamen.",Monitoring|Reading Comprehension|Active Listening|Speaking|Critical Thinking|Active Learning|Writing|Learning Strategies|Mathematics|Science,3.5|3.0|3.0|3.0|3.0|3.0|2.5|2.38|2.25|1.62,Kongsberg Maritime K-Log Deck Logbook|Microsoft Windows|Microsoft Outlook|Microsoft Word|Computerized maintenance management system CMMS|Log book software|Microsoft Office software|Microsoft Excel|Microsoft PowerPoint|KNMI TurboWin,N|N|N|N|Y|Y|Y|Y|Y|Y
53-5021.00,"Captains, Mates, and Pilots of Water Vessels","Command or supervise operations of ships and water vessels, such as tugboats and ferryboats. Required to hold license issued by U.S. Coast Guard.",Speaking|Monitoring|Active Listening|Critical Thinking|Reading Comprehension|Writing|Active Learning|Learning Strategies|Mathematics|Science,3.5|3.5|3.38|3.38|3.25|3.12|3.12|2.88|2.38|1.88,Microsoft Word|Microsoft Outlook|Computerized maintenance management system CMMS|Navigational chart software|Log book software|Microsoft Office software|SHIPNEXT|Autodesk Revit|JRC navigation software|Maptech The CAPN|Microsoft Office Outlook|Microsoft Excel|Microsoft PowerPoint|Groundwater modeling system GMS|Jeppesen Marine Nobeltec Admiral,Y|Y|N|N|N|N|N|N|N|N|Y|N|Y|Y|Y
53-5022.00,Motorboat Operators,Operate small motor-driven boats. May assist in navigational activities.,Speaking|Monitoring|Active Listening|Critical Thinking|Reading Comprehension|Active Learning|Writing|Learning Strategies|Mathematics|Science,3.38|3.38|3.12|3.12|2.88|2.75|2.5|2.38|2.25|1.5,Cartography software|Radar software|Roam Devices Roam Marine Monitor Hub|SEA.AI Offshore ONE|Global positioning system GPS software|Echo sounder software|Web browser software|Autopilot software,N|N|N|N|N|N|N|N
53-5031.00,Ship Engineers,"Supervise and coordinate activities of crew engaged in operating and maintaining engines, boilers, deck machinery, and electrical, sanitary, and refrigeration equipment aboard ship.",Critical Thinking|Active Listening|Monitoring|Speaking|Active Learning|Reading Comprehension|Writing|Learning Strategies|Mathematics|Science,3.88|3.62|3.62|3.5|3.25|3.12|3.0|2.75|2.38|1.88,Microsoft Outlook|Microsoft Office software|Kongsberg Maritime K-LOG Electronic Logbooks|Microsoft Access|Microsoft Project|Apple macOS|Electronic data interchange EDI software|Computerized maintenance management system CMMS|SAP software|Salesforce software|Wonderware software|Oracle Database|Marine Software Marine Planned Maintenance|Microsoft Word|Marine Software Marine Safety Manager,Y|N|N|N|N|N|N|N|Y|Y|Y|Y|Y|Y|Y
53-6011.00,Bridge and Lock Tenders,"Operate and tend bridges, canal locks, and lighthouses to permit marine passage on inland waterways, near shores, and at danger points in waterway passages. May supervise such operations. Includes drawbridge operators, lock operators, and slip bridge operators.",Monitoring|Active Listening|Speaking|Critical Thinking|Reading Comprehension|Writing|Learning Strategies|Active Learning|Mathematics|Science,3.25|3.0|3.0|3.0|2.88|2.88|2.5|2.38|2.0|1.12,Microsoft Word|Microsoft Outlook|SAP software|Microsoft Office software|Email software|Microsoft Excel|Virtual private networking VPN software|Oracle PeopleSoft,N|Y|Y|Y|Y|Y|Y|N
53-6021.00,Parking Attendants,Park vehicles or issue tickets for customers in a parking lot or garage. May park or tend vehicles in environments such as a car dealership or rental car facility. May collect fee.,Speaking|Active Listening|Critical Thinking|Writing|Mathematics|Monitoring|Reading Comprehension|Active Learning|Learning Strategies|Science,3.5|3.25|2.88|2.75|2.75|2.75|2.5|2.25|2.12|1.0,Microsoft Word|Microsoft Outlook|Payment processing software|Microsoft Office software|SMS Valet|Email software|Microsoft Excel|CorePark Valet,N|N|Y|Y|Y|Y|N|N
53-6031.00,Automotive and Watercraft Service Attendants,"Service automobiles, buses, trucks, boats, and other automotive or marine vehicles with fuel, lubricants, and accessories. Collect payment for services and supplies. May lubricate vehicle, change motor oil, refill antifreeze, or replace lights or other accessories, such as windshield wiper blades or fan belts. May repair or replace tires.",Active Listening|Speaking|Critical Thinking|Reading Comprehension|Monitoring|Writing|Active Learning|Mathematics|Learning Strategies|Science,3.12|3.12|3.0|2.75|2.75|2.62|2.5|2.38|2.25|1.38,Timekeeping software|Microsoft Windows|Microsoft Outlook|Mozilla Firefox|Microsoft Edge|Software libraries|Web browser software|Microsoft Excel|Inventory management systems|Apple Safari,Y|N|Y|Y|Y|Y|Y|N|N|N
53-6032.00,Aircraft Service Attendants,"Service aircraft with fuel. May de-ice aircraft, refill water and cooling agents, empty sewage tanks, service air and oxygen systems, or clean and polish exterior.",Active Listening|Monitoring|Reading Comprehension|Speaking|Critical Thinking|Writing|Active Learning|Learning Strategies|Mathematics|Science,3.25|3.25|3.0|3.0|3.0|2.75|2.75|2.5|2.0|1.38,Microsoft Windows|Microsoft Word|Maintenance information databases|Maintenance record software|Access Software AIRPAX|Microsoft Office software|Computerized aircraft log manager CALM|Supply system software|Technical manual database software|Engine analysis software|Microsoft Excel|Maintenance planning software,N|N|N|N|N|N|Y|Y|Y|Y|N|N
53-6041.00,Traffic Technicians,"Conduct field studies to determine traffic volume, speed, effectiveness of signals, adequacy of lighting, and other factors influencing traffic conditions, under direction of traffic engineer.",Active Listening|Reading Comprehension|Speaking|Critical Thinking|Writing|Monitoring|Active Learning|Mathematics|Science|Learning Strategies,3.62|3.25|3.25|3.25|3.12|3.12|3.0|2.88|2.75|2.62,Microsoft Outlook|Python|Tableau|Microsoft Office software|Trafficware SimTraffic|Microsoft Access|Structure query language SQL|Traffic control software|The MathWorks MATLAB|JAMAR Technologies PETRAPro|Computer aided design and drafting software CADD|Autodesk AutoCAD|SAS|Salesforce software|C++,Y|Y|Y|N|N|Y|N|N|N|Y|Y|Y|Y|Y|Y
53-6051.00,Transportation Inspectors,"Inspect equipment or goods in connection with the safe transport of cargo or people. Includes rail transportation inspectors, such as freight inspectors, rail inspectors, and other inspectors of transportation vehicles not elsewhere classified.",Reading Comprehension|Writing|Speaking|Critical Thinking|Active Listening|Monitoring|Active Learning|Mathematics|Learning Strategies|Science,3.62|3.62|3.62|3.62|3.5|3.38|2.75|2.62|2.62|1.38,Google Android|Microsoft Word|Microsoft Outlook|Microsoft Office software|Adobe Acrobat|Email software|Microsoft Excel|Web browser software,Y|N|Y|Y|Y|Y|Y|N
53-6051.01,Aviation Inspectors,"Inspect aircraft, maintenance procedures, air navigational aids, air traffic controls, and communications equipment to ensure conformance with Federal safety regulations.",Critical Thinking|Reading Comprehension|Active Listening|Speaking|Writing|Monitoring|Active Learning|Science|Learning Strategies|Mathematics,4.0|3.88|3.88|3.88|3.62|3.38|3.12|2.88|2.88|2.25,Microsoft Word|Microsoft Outlook|Robotic workstation software|Dassault Systemes CATIA|Adobe InDesign|Microsoft PowerPoint|SAS|Adobe Photoshop|Microsoft Office software|SAP software|IBM WebSphere MQ|Technical Data Management System TDMS|Microsoft Active Server Pages ASP|Microsoft Excel|Microsoft Access,Y|Y|N|N|Y|Y|Y|Y|Y|Y|Y|Y|N|Y|Y
53-6051.07,"Transportation Vehicle, Equipment and Systems Inspectors, Except Aviation","Inspect and monitor transportation equipment, vehicles, or systems to ensure compliance with regulations and safety standards.",Active Listening|Reading Comprehension|Speaking|Critical Thinking|Monitoring|Active Learning|Writing|Science|Mathematics|Learning Strategies,3.12|3.0|3.0|3.0|2.88|2.75|2.62|2.38|2.0|2.0,Diagnostic scanner software|Microsoft Outlook|Microsoft Word|Microsoft Office software|ASPEN|Structured query language SQL|Microsoft Excel|Past Inspection Query PIQ|Microsoft PowerPoint|Vehicle inspection databases|Vehicle identification number VIN database|Inspection Selection System ISS|Law enforcement database software|Commercial driver's license information system CDLIS,N|N|N|N|N|Y|Y|Y|Y|Y|N|Y|N|N
53-6061.00,Passenger Attendants,"Provide services to ensure the safety of passengers aboard ships, buses, trains, or within the station or terminal. Perform duties such as explaining the use of safety equipment, serving meals or beverages, or answering questions related to travel.",Active Listening|Speaking|Monitoring|Critical Thinking|Reading Comprehension|Active Learning|Writing|Learning Strategies|Mathematics|Science,3.75|3.75|3.25|3.0|2.88|2.88|2.62|2.12|2.0|1.0,Microsoft Windows|Microsoft Word|Time tracking software|Appointment scheduling software|Microsoft Office software|Email software,N|N|Y|Y|Y|N
53-6099.00,"Transportation Workers, All Other",All transportation workers not listed separately.,,,,
53-7011.00,Conveyor Operators and Tenders,"Control or tend conveyors or conveyor systems that move materials or products to and from stockpiles, processing stations, departments, or vehicles. May control speed and routing of materials or products.",Monitoring|Active Listening|Speaking|Critical Thinking|Reading Comprehension|Writing|Active Learning|Learning Strategies|Mathematics|Science,3.38|3.12|3.0|3.0|2.88|2.75|2.75|2.12|2.0|1.75,Microsoft Windows|SAP software|Sortation software|Microsoft Excel|Intelligrated InControlWare|Control system software|Conveyor control software,N|N|N|Y|Y|Y|N
53-7021.00,Crane and Tower Operators,"Operate mechanical boom and cable or tower and cable equipment to lift and move materials, machines, or products in many directions.",Critical Thinking|Active Listening|Monitoring|Reading Comprehension|Speaking|Active Learning|Writing|Mathematics|Learning Strategies|Science,3.25|3.12|3.12|3.0|3.0|2.88|2.62|2.62|2.25|1.12,Microsoft Windows|Microsoft Outlook|Inventory tracking software|Microsoft Office software|Crane operation control software|Microsoft Excel,N|N|Y|Y|Y|Y
53-7031.00,Dredge Operators,"Operate dredge to remove sand, gravel, or other materials in order to excavate and maintain navigable channels in waterways.",Critical Thinking|Active Listening|Speaking|Monitoring|Reading Comprehension|Active Learning|Learning Strategies|Writing|Mathematics|Science,3.0|2.88|2.88|2.88|2.5|2.5|2.38|2.12|2.0|1.25,Programmable logic controller PLC software|Global positioning system GPS software|HYPACK DREDGEPACK|Teledyne Odom Hydrographic ODOM eChart|Trimble HYDROpro|Web browser software,N|N|N|N|N|N
53-7041.00,Hoist and Winch Operators,Operate or tend hoists or winches to lift and pull loads using power-operated cable equipment.,Critical Thinking|Monitoring|Active Listening|Speaking|Active Learning|Reading Comprehension|Mathematics|Learning Strategies|Writing|Science,3.75|3.62|3.38|3.12|2.88|2.75|2.62|2.5|2.25|1.25,Microsoft Word|Microsoft Excel,Y|Y
53-7051.00,Industrial Truck and Tractor Operators,"Operate industrial trucks or tractors equipped to move materials around a warehouse, storage yard, factory, construction site, or similar location.",Reading Comprehension|Active Listening|Speaking|Critical Thinking|Monitoring|Writing|Mathematics|Active Learning|Learning Strategies|Science,2.88|2.88|2.75|2.75|2.75|2.5|2.12|2.12|2.12|1.25,Microsoft Word|Microsoft Outlook|RedPrairie DLx Warehouse|Symphony GOLD|Autodesk AutoCAD|Warehouse management system WMS|IntelliTrack Warehouse Management System (WMS)|ATMS StockTrack PLUS|SAP software|Microsoft Office software|Motek Priya|Lilly Software Associates VISUAL DCMS|Microsoft Excel|Inventory management systems|Argos Software ABECAS Insight WMS,N|N|Y|N|N|N|N|Y|Y|Y|Y|N|N|Y|N
53-7061.00,Cleaners of Vehicles and Equipment,"Wash or otherwise clean vehicles, machinery, and other equipment. Use such materials as water, cleaning agents, brushes, cloths, and hoses.",Monitoring|Speaking|Active Listening|Reading Comprehension|Critical Thinking|Active Learning|Writing|Learning Strategies|Mathematics|Science,2.75|2.62|2.5|2.25|2.25|2.0|1.88|1.88|1.62|1.25,Microsoft Windows|Inventory tracking software|Green Cloud KleanTRAC|Bella FSM Auto Detailing Service Software|BookFresh|Thoughtful Systems Scheduling Manager for Auto Detailing,N|N|N|N|Y|N
53-7062.00,"Laborers and Freight, Stock, and Material Movers, Hand","Manually move freight, stock, luggage, or other materials, or perform other general labor. Includes all manual laborers not elsewhere classified.",Active Listening|Reading Comprehension|Speaking|Monitoring|Critical Thinking|Writing|Learning Strategies|Mathematics|Active Learning|Science,2.88|2.75|2.75|2.75|2.5|2.25|2.12|2.0|2.0|1.0,Machine control software|Microsoft Outlook|Microsoft Office software|Microsoft Edge|IBM Notes|Inventory tracking software|Mozilla Firefox|Microsoft Publisher|Autodesk AutoCAD|SAP software|Data entry software|Handheld computer device software|Apple Safari|Oracle Database|Microsoft Word,Y|Y|N|N|Y|N|N|N|N|N|Y|Y|Y|Y|N
53-7062.04,Recycling and Reclamation Workers,Prepare and sort materials or products for recycling. Identify and remove hazardous substances. Dismantle components of products such as appliances.,Active Listening|Monitoring|Speaking|Critical Thinking|Reading Comprehension|Active Learning|Writing|Learning Strategies|Mathematics|Science,3.12|3.12|2.75|2.75|2.62|2.5|2.38|2.0|1.88|1.12,Microsoft Word|Microsoft Office software|Work scheduling software|Microsoft Excel,Y|Y|Y|N
53-7063.00,Machine Feeders and Offbearers,Feed materials into or remove materials from machines or equipment that is automatic or tended by other workers.,Monitoring|Reading Comprehension|Active Listening|Speaking|Critical Thinking|Writing|Mathematics|Active Learning|Learning Strategies|Science,3.0|2.75|2.75|2.75|2.5|2.38|2.12|2.0|2.0|1.25,Microsoft Outlook|Machine operation software|Microsoft Office software|Work time tracking software|Microsoft Excel,N|Y|Y|Y|N
53-7064.00,"Packers and Packagers, Hand",Pack or package by hand a wide variety of products and materials.,Monitoring|Active Listening|Critical Thinking|Reading Comprehension|Speaking|Active Learning|Writing|Mathematics|Learning Strategies|Science,3.0|2.75|2.75|2.62|2.62|2.12|2.0|2.0|2.0|1.0,Microsoft Word|Inventory tracking software|Autodesk AutoCAD|SAP software|Microsoft Office software|Microsoft Excel,Y|N|Y|Y|Y|Y
53-7065.00,Stockers and Order Fillers,"Receive, store, and issue merchandise, materials, equipment, and other items from stockroom, warehouse, or storage yard to fill shelves, racks, tables, or customers' orders. May operate power equipment to fill orders. May mark prices on merchandise and set up sales displays.",Active Listening|Reading Comprehension|Speaking|Critical Thinking|Writing|Monitoring|Active Learning|Mathematics|Learning Strategies|Science,3.12|3.0|2.75|2.75|2.62|2.62|2.12|2.0|2.0|1.0,Microsoft Outlook|Microsoft Office software|Microsoft Edge|Microsoft Access|Inventory tracking software|Mozilla Firefox|Voice picking software|SAP software|Data entry software|Handheld computer device software|Ordering software|Apple Safari|Microsoft Windows|Oracle JD Edwards EnterpriseOne|Microsoft Word,Y|N|N|N|Y|N|N|N|Y|N|Y|Y|Y|Y|Y
53-7071.00,Gas Compressor and Gas Pumping Station Operators,"Operate steam-, gas-, electric motor-, or internal combustion-engine driven compressors. Transmit, compress, or recover gases, such as butane, nitrogen, hydrogen, and natural gas.",Critical Thinking|Reading Comprehension|Active Listening|Monitoring|Writing|Speaking|Active Learning|Mathematics|Learning Strategies|Science,3.62|3.12|3.12|3.12|3.0|3.0|2.88|2.25|2.25|1.88,Programmable logic controller PLC software|Microsoft Word|Microsoft Outlook|Computerized maintenance management system CMMS|Microsoft Office software|Microsoft Excel,N|Y|Y|Y|Y|N
53-7072.00,"Pump Operators, Except Wellhead Pumpers","Tend, control, or operate power-driven, stationary, or portable pumps and manifold systems to transfer gases, oil, other liquids, slurries, or powdered materials to and from various vessels and processes.",Monitoring|Reading Comprehension|Active Listening|Speaking|Critical Thinking|Writing|Active Learning|Mathematics|Learning Strategies|Science,3.5|3.12|3.12|3.12|3.12|2.88|2.88|2.38|2.12|2.0,Microsoft Word|Microsoft Outlook|Computerized maintenance management system CMMS|Operational databases|Microsoft Office software|Supervisory control and data acquisition SCADA software|Microsoft Excel,N|Y|Y|Y|Y|N|N
53-7073.00,Wellhead Pumpers,Operate power pumps and auxiliary equipment to produce flow of oil or gas from wells in oil field.,Critical Thinking|Monitoring|Speaking|Active Listening|Reading Comprehension|Writing|Active Learning|Mathematics|Learning Strategies|Science,3.12|3.12|3.0|2.88|2.75|2.62|2.38|2.25|1.88|1.12,Microsoft Word|Microsoft Outlook|Operational databases|SAP software|Microsoft Office software|Supervisory control and data acquisition SCADA software|Microsoft Excel|Moxa software,Y|Y|Y|Y|N|N|Y|N
53-7081.00,Refuse and Recyclable Material Collectors,Collect and dump refuse or recyclable materials from containers into truck. May drive truck.,Active Listening|Speaking|Critical Thinking|Reading Comprehension|Writing|Monitoring|Active Learning|Learning Strategies|Mathematics|Science,2.88|2.88|2.75|2.62|2.5|2.5|2.25|1.38|1.0|1.0,Fleet management software|Computerized maintenance management system CMMS|WAM software|Payroll software|Global positioning system GPS software|AMCS Platform|Mileage logging software|Dossier software|Routeware software|Squeegee,N|N|N|N|N|N|N|N|N|N
53-7121.00,"Tank Car, Truck, and Ship Loaders","Load and unload chemicals and bulk solids, such as coal, sand, and grain, into or from tank cars, trucks, or ships, using material moving equipment. May perform a variety of other tasks relating to shipment of products. May gauge or sample shipping tanks and test them for leaks.",Reading Comprehension|Active Listening|Writing|Speaking|Critical Thinking|Monitoring|Active Learning|Mathematics|Learning Strategies|Science,3.25|3.0|3.0|3.0|3.0|3.0|2.75|2.5|2.5|1.5,CompuWeigh GMS|Linux|Warehouse management system WMS|SAP software|Microsoft Office software|Microsoft Excel|Distributed control system DCS,N|N|Y|Y|Y|Y|N
53-7199.00,"Material Moving Workers, All Other",All material moving workers not listed separately.,,,,
55-1011.00,Air Crew Officers,"Perform and direct in-flight duties to ensure the successful completion of combat, reconnaissance, transport, and search and rescue missions. Duties include operating aircraft communications and radar equipment, such as establishing satellite linkages and jamming enemy communications capabilities; operating aircraft weapons and defensive systems; conducting preflight, in-flight, and postflight inspections of onboard equipment; and directing cargo and personnel drops.",,,,
55-1012.00,Aircraft Launch and Recovery Officers,"Plan and direct the operation and maintenance of catapults, arresting gear, and associated mechanical, hydraulic, and control systems involved primarily in aircraft carrier takeoff and landing operations. Duties include supervision of readiness and safety of arresting gear, launching equipment, barricades, and visual landing aid systems; planning and coordinating the design, development, and testing of launch and recovery systems; preparing specifications for catapult and arresting gear installations; evaluating design proposals; determining handling equipment needed for new aircraft; preparing technical data and instructions for operation of landing aids; and training personnel in carrier takeoff and landing procedures.",,,,
55-1013.00,Armored Assault Vehicle Officers,"Direct the operation of tanks, light armor, and amphibious assault vehicle units during combat situations on land or in aquatic environments. Duties include directing crew members in the operation of targeting and firing systems; coordinating the operation of advanced onboard communications and navigation equipment; directing the transport of personnel and equipment during combat; formulating and implementing battle plans, including the tactical employment of armored vehicle units; and coordinating with infantry, artillery, and air support units.",,,,
55-1014.00,Artillery and Missile Officers,"Manage personnel and weapons operations to destroy enemy positions, aircraft, and vessels. Duties include planning, targeting, and coordinating the tactical deployment of field artillery and air defense artillery missile systems units; directing the establishment and operation of fire control communications systems; targeting and launching intercontinental ballistic missiles; directing the storage and handling of nuclear munitions and components; overseeing security of weapons storage and launch facilities; and managing maintenance of weapons systems.",,,,
55-1015.00,Command and Control Center Officers,"Manage the operation of communications, detection, and weapons systems essential for controlling air, ground, and naval operations. Duties include managing critical communication links between air, naval, and ground forces; formulating and implementing emergency plans for natural and wartime disasters; coordinating emergency response teams and agencies; evaluating command center information and need for high-level military and government reporting; managing the operation of surveillance and detection systems; providing technical information and advice on capabilities and operational readiness; and directing operation of weapons targeting, firing, and launch computer systems.",,,,
55-1016.00,Infantry Officers,"Direct, train, and lead infantry units in ground combat operations. Duties include directing deployment of infantry weapons, vehicles, and equipment; directing location, construction, and camouflage of infantry positions and equipment; managing field communications operations; coordinating with armor, artillery, and air support units; performing strategic and tactical planning, including battle plan development; and leading basic reconnaissance operations.",,,,
55-1017.00,Special Forces Officers,"Lead elite teams that implement unconventional operations by air, land, or sea during combat or peacetime. These activities include offensive raids, demolitions, reconnaissance, search and rescue, and counterterrorism. In addition to their combat training, special forces officers often have specialized training in swimming, diving, parachuting, survival, emergency medicine, and foreign languages. Duties include directing advanced reconnaissance operations and evaluating intelligence information; recruiting, training, and equipping friendly forces; leading raids and invasions on enemy territories; training personnel to implement individual missions and contingency plans; performing strategic and tactical planning for politically sensitive missions; and operating sophisticated communications equipment.",,,,
55-1019.00,"Military Officer Special and Tactical Operations Leaders, All Other",All military officer special and tactical operations leaders not listed separately.,,,,
55-2011.00,First-Line Supervisors of Air Crew Members,Supervise and coordinate the activities of air crew members. Supervisors may also perform the same activities as the workers they supervise.,,,,
55-2012.00,First-Line Supervisors of Weapons Specialists/Crew Members,Supervise and coordinate the activities of weapons specialists/crew members. Supervisors may also perform the same activities as the workers they supervise.,,,,
55-2013.00,First-Line Supervisors of All Other Tactical Operations Specialists,Supervise and coordinate the activities of all other tactical operations specialists not classified separately above. Supervisors may also perform the same activities as the workers they supervise.,,,,
55-3011.00,Air Crew Members,"Perform in-flight duties to ensure the successful completion of combat, reconnaissance, transport, and search and rescue missions. Duties include operating aircraft communications and detection equipment, including establishing satellite linkages and jamming enemy communications capabilities; conducting preflight, in-flight, and postflight inspections of onboard equipment; operating and maintaining aircraft weapons and defensive systems; operating and maintaining aircraft in-flight refueling systems; executing aircraft safety and emergency procedures; computing and verifying passenger, cargo, fuel, and emergency and special equipment weight and balance data; and conducting cargo and personnel drops.",,,,
55-3012.00,Aircraft Launch and Recovery Specialists,"Operate and maintain catapults, arresting gear, and associated mechanical, hydraulic, and control systems involved primarily in aircraft carrier takeoff and landing operations. Duties include installing and maintaining visual landing aids; testing and maintaining launch and recovery equipment using electric and mechanical test equipment and hand tools; activating airfield arresting systems, such as crash barriers and cables, during emergency landing situations; directing aircraft launch and recovery operations using hand or light signals; and maintaining logs of airplane launches, recoveries, and equipment maintenance.",,,,
55-3013.00,Armored Assault Vehicle Crew Members,"Operate tanks, light armor, and amphibious assault vehicles during combat situations on land or in aquatic environments. Duties include driving armored vehicles that require specialized training; operating and maintaining targeting and firing systems; operating and maintaining advanced onboard communications and navigation equipment; transporting personnel and equipment in a combat environment; and operating and maintaining auxiliary weapons, including machine guns and grenade launchers.",,,,
55-3014.00,Artillery and Missile Crew Members,"Target, fire, and maintain weapons used to destroy enemy positions, aircraft, and vessels. Field artillery crew members predominantly use guns, cannons, and howitzers in ground combat operations, while air defense artillery crew members predominantly use missiles and rockets. Naval artillery crew members predominantly use torpedoes and missiles launched from a ship or submarine. Duties include testing, inspecting, and storing ammunition, missiles, and torpedoes; conducting preventive and routine maintenance on weapons and related equipment; establishing and maintaining radio and wire communications; and operating weapons targeting, firing, and launch computer systems.",,,,
55-3015.00,Command and Control Center Specialists,"Operate and monitor communications, detection, and weapons systems essential for controlling air, ground, and naval operations. Duties include maintaining and relaying critical communications between air, naval, and ground forces; implementing emergency plans for natural and wartime disasters; relaying command center information to high-level military and government decisionmakers; monitoring surveillance and detection systems, such as air defense; interpreting and evaluating tactical situations and making recommendations to superiors; and operating weapons targeting, firing, and launch computer systems.",,,,
55-3016.00,Infantry,"Operate weapons and equipment in ground combat operations. Duties include operating and maintaining weapons, such as rifles, machine guns, mortars, and hand grenades; locating, constructing, and camouflaging infantry positions and equipment; evaluating terrain and recording topographical information; operating and maintaining field communications equipment; assessing need for and directing supporting fire; placing explosives and performing minesweeping activities on land; and participating in basic reconnaissance operations.",,,,
55-3018.00,Special Forces,"Implement unconventional operations by air, land, or sea during combat or peacetime as members of elite teams. These activities include offensive raids, demolitions, reconnaissance, search and rescue, and counterterrorism. In addition to their combat training, special forces members often have specialized training in swimming, diving, parachuting, survival, emergency medicine, and foreign languages. Duties include conducting advanced reconnaissance operations and collecting intelligence information; recruiting, training, and equipping friendly forces; conducting raids and invasions on enemy territories; laying and detonating explosives for demolition targets; locating, identifying, defusing, and disposing of ordnance; and operating and maintaining sophisticated communications equipment.",,,,
55-3019.00,"Military Enlisted Tactical Operations and Air/Weapons Specialists and Crew Members, All Other",All military enlisted tactical operations and air/weapons specialists and crewmembers not listed separately.,,,,
